employee_id,institution_id,period_year,period_quarter,performance_score,relational_score,divergence_score,self_count,manager_count,peer_count,sub_count,self_overall,manager_overall,peer_overall,sub_overall,pdi_institution,is_high_perf,is_high_rel,alignment,alignment_score
E001,I01,b'\xe8\x07\x00\x00\x00\x00\x00\x00',b'\x01\x00\x00\x00\x00\x00\x00\x00',1.9444444444444444,2.222222222222222,0.0,1,0,2,3,,,,,0.16291561975888486,False,False,Aligned,1
E001,I01,b'\xe8\x07\x00\x00\x00\x00\x00\x00',b'\x02\x00\x00\x00\x00\x00\x00\x00',2.2444444444444445,2.4166666666666665,0.0,1,0,2,3,,,,,0.16291561975888486,False,False,Aligned,1
E002,I01,b'\xe8\x07\x00\x00\x00\x00\x00\x00',b'\x01\x00\x00\x00\x00\x00\x00\x00',4.599999999999999,5.0,0.0,1,1,2,0,,,,,0.16291561975888486,True,True,Aligned,1
E002,I01,b'\xe8\x07\x00\x00\x00\x00\x00\x00',b'\x02\x00\x00\x00\x00\x00\x00\x00',4.666666666666666,5.0,0.0,1,1,2,0,,,,,0.16291561975888486,True,True,Aligned,1
E003,I01,b'\xe8\x07\x00\x00\x00\x00\x00\x00',b'\x01\x00\x00\x00\x00\x00\x00\x00',3.033333333333333,2.4166666666666665,0.0,1,2,2,0,,,,,0.16291561975888486,False,False,Aligned,1
E003,I01,b'\xe8\x07\x00\x00\x00\x00\x00\x00',b'\x02\x00\x00\x00\x00\x00\x00\x00',3.1666666666666665,2.75,0.0,1,2,2,0,,,,,0.16291561975888486,False,False,Aligned,1
E004,I01,b'\xe8\x07\x00\x00\x00\x00\x00\x00',b'\x01\x00\x00\x00\x00\x00\x00\x00',3.6999999999999997,3.8333333333333335,0.0,1,2,2,0,,,,,0.16291561975888486,False,True,Anti-Aligned,0
E004,I01,b'\xe8\x07\x00\x00\x00\x00\x00\x00',b'\x02\x00\x00\x00\x00\x00\x00\x00',3.8666666666666663,3.75,0.0,1,2,2,0,,,,,0.16291561975888486,True,False,Anti-Aligned,0
E005,I01,b'\xe8\x07\x00\x00\x00\x00\x00\x00',b'\x01\x00\x00\x00\x00\x00\x00\x00',3.6999999999999997,4.0,0.0,1,1,2,0,,,,,0.16291561975888486,False,True,Anti-Aligned,0
E005,I01,b'\xe8\x07\x00\x00\x00\x00\x00\x00',b'\x02\x00\x00\x00\x00\x00\x00\x00',3.7333333333333334,4.0,0.0,1,1,2,0,,,,,0.16291561975888486,False,True,Anti-Aligned,0
E006,I01,b'\xe8\x07\x00\x00\x00\x00\x00\x00',b'\x01\x00\x00\x00\x00\x00\x00\x00',3.4999999999999996,3.5833333333333335,0.0,1,2,2,0,,,,,0.16291561975888486,False,False,Aligned,1
E006,I01,b'\xe8\x07\x00\x00\x00\x00\x00\x00',b'\x02\x00\x00\x00\x00\x00\x00\x00',3.6666666666666665,3.9166666666666665,0.0,1,2,2,0,,,,,0.16291561975888486,False,True,Anti-Aligned,0
E007,I01,b'\xe8\x07\x00\x00\x00\x00\x00\x00',b'\x01\x00\x00\x00\x00\x00\x00\x00',3.3000000000000003,3.5,0.0,1,2,2,0,,,,,0.16291561975888486,False,False,Aligned,1
E007,I01,b'\xe8\x07\x00\x00\x00\x00\x00\x00',b'\x02\x00\x00\x00\x00\x00\x00\x00',3.4000000000000004,3.6666666666666665,0.0,1,2,2,0,,,,,0.16291561975888486,False,False,Aligned,1
E008,I01,b'\xe8\x07\x00\x00\x00\x00\x00\x00',b'\x01\x00\x00\x00\x00\x00\x00\x00',4.566666666666666,4.5,0.0,1,1,2,0,,,,,0.16291561975888486,True,True,Aligned,1
E008,I01,b'\xe8\x07\x00\x00\x00\x00\x00\x00',b'\x02\x00\x00\x00\x00\x00\x00\x00',4.699999999999999,4.75,0.0,1,1,2,0,,,,,0.16291561975888486,True,True,Aligned,1
E009,I01,b'\xe8\x07\x00\x00\x00\x00\x00\x00',b'\x01\x00\x00\x00\x00\x00\x00\x00',2.7,3.5,0.0,1,2,2,0,,,,,0.16291561975888486,False,False,Aligned,1
E009,I01,b'\xe8\x07\x00\x00\x00\x00\x00\x00',b'\x02\x00\x00\x00\x00\x00\x00\x00',2.7666666666666666,3.8333333333333335,0.0,1,2,2,0,,,,,0.16291561975888486,False,True,Anti-Aligned,0
E010,I01,b'\xe8\x07\x00\x00\x00\x00\x00\x00',b'\x01\x00\x00\x00\x00\x00\x00\x00',3.2333333333333334,3.9166666666666665,0.0,1,2,2,0,,,,,0.16291561975888486,False,True,Anti-Aligned,0
E010,I01,b'\xe8\x07\x00\x00\x00\x00\x00\x00',b'\x02\x00\x00\x00\x00\x00\x00\x00',3.433333333333333,4.166666666666667,0.0,1,2,2,0,,,,,0.16291561975888486,False,True,Anti-Aligned,0
E011,I01,b'\xe8\x07\x00\x00\x00\x00\x00\x00',b'\x01\x00\x00\x00\x00\x00\x00\x00',3.333333333333334,2.6666666666666665,0.0,1,0,2,3,,,,,0.16291561975888486,False,False,Aligned,1
E011,I01,b'\xe8\x07\x00\x00\x00\x00\x00\x00',b'\x02\x00\x00\x00\x00\x00\x00\x00',3.5999999999999996,2.9722222222222228,0.0,1,0,2,3,,,,,0.16291561975888486,False,False,Aligned,1
E012,I01,b'\xe8\x07\x00\x00\x00\x00\x00\x00',b'\x01\x00\x00\x00\x00\x00\x00\x00',3.566666666666667,3.4166666666666665,0.0,1,2,2,0,,,,,0.16291561975888486,False,False,Aligned,1
E012,I01,b'\xe8\x07\x00\x00\x00\x00\x00\x00',b'\x02\x00\x00\x00\x00\x00\x00\x00',3.6999999999999997,3.6666666666666665,0.0,1,2,2,0,,,,,0.16291561975888486,False,False,Aligned,1
E013,I01,b'\xe8\x07\x00\x00\x00\x00\x00\x00',b'\x01\x00\x00\x00\x00\x00\x00\x00',1.7999999999999998,2.0833333333333335,0.0,1,2,2,0,,,,,0.16291561975888486,False,False,Aligned,1
E013,I01,b'\xe8\x07\x00\x00\x00\x00\x00\x00',b'\x02\x00\x00\x00\x00\x00\x00\x00',2.1666666666666665,2.3333333333333335,0.0,1,2,2,0,,,,,0.16291561975888486,False,False,Aligned,1
E014,I01,b'\xe8\x07\x00\x00\x00\x00\x00\x00',b'\x01\x00\x00\x00\x00\x00\x00\x00',3.0999999999999996,2.75,0.0,1,1,2,0,,,,,0.16291561975888486,False,False,Aligned,1
E014,I01,b'\xe8\x07\x00\x00\x00\x00\x00\x00',b'\x02\x00\x00\x00\x00\x00\x00\x00',3.1333333333333337,2.5,0.0,1,1,2,0,,,,,0.16291561975888486,False,False,Aligned,1
E015,I01,b'\xe8\x07\x00\x00\x00\x00\x00\x00',b'\x01\x00\x00\x00\x00\x00\x00\x00',4.400000000000001,4.5,0.0,1,2,2,0,,,,,0.16291561975888486,True,True,Aligned,1
E015,I01,b'\xe8\x07\x00\x00\x00\x00\x00\x00',b'\x02\x00\x00\x00\x00\x00\x00\x00',4.533333333333334,4.666666666666667,0.0,1,2,2,0,,,,,0.16291561975888486,True,True,Aligned,1
E016,I01,b'\xe8\x07\x00\x00\x00\x00\x00\x00',b'\x01\x00\x00\x00\x00\x00\x00\x00',4.433333333333334,4.583333333333333,0.0,1,2,2,0,,,,,0.16291561975888486,True,True,Aligned,1
E016,I01,b'\xe8\x07\x00\x00\x00\x00\x00\x00',b'\x02\x00\x00\x00\x00\x00\x00\x00',4.533333333333334,4.666666666666667,0.0,1,2,2,0,,,,,0.16291561975888486,True,True,Aligned,1
E017,I01,b'\xe8\x07\x00\x00\x00\x00\x00\x00',b'\x01\x00\x00\x00\x00\x00\x00\x00',4.400000000000001,4.0,0.0,1,1,2,0,,,,,0.16291561975888486,True,True,Aligned,1
E017,I01,b'\xe8\x07\x00\x00\x00\x00\x00\x00',b'\x02\x00\x00\x00\x00\x00\x00\x00',4.566666666666666,4.25,0.0,1,1,2,0,,,,,0.16291561975888486,True,True,Aligned,1
E018,I01,b'\xe8\x07\x00\x00\x00\x00\x00\x00',b'\x01\x00\x00\x00\x00\x00\x00\x00',4.8,5.0,0.0,1,0,2,3,,,,,0.16291561975888486,True,True,Aligned,1
E018,I01,b'\xe8\x07\x00\x00\x00\x00\x00\x00',b'\x02\x00\x00\x00\x00\x00\x00\x00',4.822222222222221,5.0,0.0,1,0,2,3,,,,,0.16291561975888486,True,True,Aligned,1
E019,I02,b'\xe8\x07\x00\x00\x00\x00\x00\x00',b'\x01\x00\x00\x00\x00\x00\x00\x00',4.599999999999999,5.0,0.0,1,1,2,0,,,,,0.08660254037844395,True,True,Aligned,1
E019,I02,b'\xe8\x07\x00\x00\x00\x00\x00\x00',b'\x02\x00\x00\x00\x00\x00\x00\x00',4.766666666666667,5.0,0.0,1,1,2,0,,,,,0.08660254037844395,True,True,Aligned,1
E020,I02,b'\xe8\x07\x00\x00\x00\x00\x00\x00',b'\x01\x00\x00\x00\x00\x00\x00\x00',4.0,4.0,0.0,1,1,2,0,,,,,0.08660254037844395,True,True,Aligned,1
E020,I02,b'\xe8\x07\x00\x00\x00\x00\x00\x00',b'\x02\x00\x00\x00\x00\x00\x00\x00',4.133333333333334,4.333333333333333,0.0,1,1,2,0,,,,,0.08660254037844395,True,True,Aligned,1
E021,I02,b'\xe8\x07\x00\x00\x00\x00\x00\x00',b'\x01\x00\x00\x00\x00\x00\x00\x00',2.6,2.5,0.0,1,1,2,0,,,,,0.08660254037844395,False,False,Aligned,1
E021,I02,b'\xe8\x07\x00\x00\x00\x00\x00\x00',b'\x02\x00\x00\x00\x00\x00\x00\x00',2.8333333333333335,2.6666666666666665,0.0,1,1,2,0,,,,,0.08660254037844395,False,False,Aligned,1
E022,I02,b'\xe8\x07\x00\x00\x00\x00\x00\x00',b'\x01\x00\x00\x00\x00\x00\x00\x00',3.966666666666667,3.9166666666666665,0.0,1,1,2,0,,,,,0.08660254037844395,True,True,Aligned,1
E022,I02,b'\xe8\x07\x00\x00\x00\x00\x00\x00',b'\x02\x00\x00\x00\x00\x00\x00\x00',4.333333333333333,4.416666666666667,0.0,1,1,2,0,,,,,0.08660254037844395,True,True,Aligned,1
E023,I02,b'\xe8\x07\x00\x00\x00\x00\x00\x00',b'\x01\x00\x00\x00\x00\x00\x00\x00',3.711111111111111,3.055555555555556,0.0,1,0,2,3,,,,,0.08660254037844395,False,False,Aligned,1
E023,I02,b'\xe8\x07\x00\x00\x00\x00\x00\x00',b'\x02\x00\x00\x00\x00\x00\x00\x00',3.822222222222222,3.2777777777777772,0.0,1,0,2,3,,,,,0.08660254037844395,True,False,Anti-Aligned,0
E024,I02,b'\xe8\x07\x00\x00\x00\x00\x00\x00',b'\x01\x00\x00\x00\x00\x00\x00\x00',3.6333333333333337,3.9166666666666665,0.0,1,1,2,0,,,,,0.08660254037844395,False,True,Anti-Aligned,0
E024,I02,b'\xe8\x07\x00\x00\x00\x00\x00\x00',b'\x02\x00\x00\x00\x00\x00\x00\x00',3.6666666666666665,4.166666666666667,0.0,1,1,2,0,,,,,0.08660254037844395,False,True,Anti-Aligned,0
E025,I02,b'\xe8\x07\x00\x00\x00\x00\x00\x00',b'\x01\x00\x00\x00\x00\x00\x00\x00',3.066666666666667,3.0,0.0,1,1,2,0,,,,,0.08660254037844395,False,False,Aligned,1
E025,I02,b'\xe8\x07\x00\x00\x00\x00\x00\x00',b'\x02\x00\x00\x00\x00\x00\x00\x00',3.1,3.0,0.0,1,1,2,0,,,,,0.08660254037844395,False,False,Aligned,1
E026,I02,b'\xe8\x07\x00\x00\x00\x00\x00\x00',b'\x01\x00\x00\x00\x00\x00\x00\x00',3.8666666666666663,4.0,0.0,1,1,2,0,,,,,0.08660254037844395,True,True,Aligned,1
E026,I02,b'\xe8\x07\x00\x00\x00\x00\x00\x00',b'\x02\x00\x00\x00\x00\x00\x00\x00',3.8333333333333335,4.083333333333333,0.0,1,1,2,0,,,,,0.08660254037844395,True,True,Aligned,1
E027,I02,b'\xe8\x07\x00\x00\x00\x00\x00\x00',b'\x01\x00\x00\x00\x00\x00\x00\x00',4.7333333333333325,4.916666666666667,0.0,1,1,2,0,,,,,0.08660254037844395,True,True,Aligned,1
E027,I02,b'\xe8\x07\x00\x00\x00\x00\x00\x00',b'\x02\x00\x00\x00\x00\x00\x00\x00',4.866666666666666,5.0,0.0,1,1,2,0,,,,,0.08660254037844395,True,True,Aligned,1
E028,I02,b'\xe8\x07\x00\x00\x00\x00\x00\x00',b'\x01\x00\x00\x00\x00\x00\x00\x00',4.766666666666667,4.916666666666667,0.0,1,1,2,0,,,,,0.08660254037844395,True,True,Aligned,1
E028,I02,b'\xe8\x07\x00\x00\x00\x00\x00\x00',b'\x02\x00\x00\x00\x00\x00\x00\x00',4.866666666666666,5.0,0.0,1,1,2,0,,,,,0.08660254037844395,True,True,Aligned,1
E029,I02,b'\xe8\x07\x00\x00\x00\x00\x00\x00',b'\x01\x00\x00\x00\x00\x00\x00\x00',4.366666666666667,4.5,0.0,1,1,2,0,,,,,0.08660254037844395,True,True,Aligned,1
E029,I02,b'\xe8\x07\x00\x00\x00\x00\x00\x00',b'\x02\x00\x00\x00\x00\x00\x00\x00',4.466666666666667,4.666666666666667,0.0,1,1,2,0,,,,,0.08660254037844395,True,True,Aligned,1
E030,I02,b'\xe8\x07\x00\x00\x00\x00\x00\x00',b'\x01\x00\x00\x00\x00\x00\x00\x00',4.233333333333333,4.0,0.0,1,1,2,0,,,,,0.08660254037844395,True,True,Aligned,1
E030,I02,b'\xe8\x07\x00\x00\x00\x00\x00\x00',b'\x02\x00\x00\x00\x00\x00\x00\x00',4.300000000000001,4.25,0.0,1,1,2,0,,,,,0.08660254037844395,True,True,Aligned,1
E031,I02,b'\xe8\x07\x00\x00\x00\x00\x00\x00',b'\x01\x00\x00\x00\x00\x00\x00\x00',3.566666666666666,3.8333333333333335,0.0,1,0,2,3,,,,,0.08660254037844395,False,True,Anti-Aligned,0
E031,I02,b'\xe8\x07\x00\x00\x00\x00\x00\x00',b'\x02\x00\x00\x00\x00\x00\x00\x00',3.888888888888888,3.9166666666666665,0.0,1,0,2,3,,,,,0.08660254037844395,True,True,Aligned,1
E032,I02,b'\xe8\x07\x00\x00\x00\x00\x00\x00',b'\x01\x00\x00\x00\x00\x00\x00\x00',4.766666666666667,4.416666666666667,0.0,1,1,2,0,,,,,0.08660254037844395,True,True,Aligned,1
E032,I02,b'\xe8\x07\x00\x00\x00\x00\x00\x00',b'\x02\x00\x00\x00\x00\x00\x00\x00',4.866666666666666,4.666666666666667,0.0,1,1,2,0,,,,,0.08660254037844395,True,True,Aligned,1
E033,I02,b'\xe8\x07\x00\x00\x00\x00\x00\x00',b'\x01\x00\x00\x00\x00\x00\x00\x00',4.2666666666666675,4.0,0.0,1,1,2,0,,,,,0.08660254037844395,True,True,Aligned,1
E033,I02,b'\xe8\x07\x00\x00\x00\x00\x00\x00',b'\x02\x00\x00\x00\x00\x00\x00\x00',4.4,4.333333333333333,0.0,1,1,2,0,,,,,0.08660254037844395,True,True,Aligned,1
E034,I02,b'\xe8\x07\x00\x00\x00\x00\x00\x00',b'\x01\x00\x00\x00\x00\x00\x00\x00',4.366666666666667,4.416666666666667,0.0,1,1,2,0,,,,,0.08660254037844395,True,True,Aligned,1
E034,I02,b'\xe8\x07\x00\x00\x00\x00\x00\x00',b'\x02\x00\x00\x00\x00\x00\x00\x00',4.533333333333333,4.666666666666667,0.0,1,1,2,0,,,,,0.08660254037844395,True,True,Aligned,1
E035,I03,b'\xe8\x07\x00\x00\x00\x00\x00\x00',b'\x01\x00\x00\x00\x00\x00\x00\x00',4.466666666666667,4.5,0.0,1,1,2,0,,,,,0.16583123951776998,True,True,Aligned,1
E035,I03,b'\xe8\x07\x00\x00\x00\x00\x00\x00',b'\x02\x00\x00\x00\x00\x00\x00\x00',4.566666666666666,4.583333333333333,0.0,1,1,2,0,,,,,0.16583123951776998,True,True,Aligned,1
E036,I03,b'\xe8\x07\x00\x00\x00\x00\x00\x00',b'\x01\x00\x00\x00\x00\x00\x00\x00',3.1666666666666665,3.25,0.0,1,1,2,0,,,,,0.16583123951776998,False,False,Aligned,1
E036,I03,b'\xe8\x07\x00\x00\x00\x00\x00\x00',b'\x02\x00\x00\x00\x00\x00\x00\x00',3.2,3.3333333333333335,0.0,1,1,2,0,,,,,0.16583123951776998,False,False,Aligned,1
E037,I03,b'\xe8\x07\x00\x00\x00\x00\x00\x00',b'\x01\x00\x00\x00\x00\x00\x00\x00',4.422222222222222,4.5,0.0,1,0,2,3,,,,,0.16583123951776998,True,True,Aligned,1
E037,I03,b'\xe8\x07\x00\x00\x00\x00\x00\x00',b'\x02\x00\x00\x00\x00\x00\x00\x00',4.533333333333334,4.611111111111112,0.0,1,0,2,3,,,,,0.16583123951776998,True,True,Aligned,1
E038,I03,b'\xe8\x07\x00\x00\x00\x00\x00\x00',b'\x01\x00\x00\x00\x00\x00\x00\x00',3.1666666666666665,2.6666666666666665,0.0,1,1,2,0,,,,,0.16583123951776998,False,False,Aligned,1
E038,I03,b'\xe8\x07\x00\x00\x00\x00\x00\x00',b'\x02\x00\x00\x00\x00\x00\x00\x00',3.0,2.5,0.0,1,1,2,0,,,,,0.16583123951776998,False,False,Aligned,1
E039,I03,b'\xe8\x07\x00\x00\x00\x00\x00\x00',b'\x01\x00\x00\x00\x00\x00\x00\x00',4.866666666666666,5.0,0.0,1,1,2,0,,,,,0.16583123951776998,True,True,Aligned,1
E039,I03,b'\xe8\x07\x00\x00\x00\x00\x00\x00',b'\x02\x00\x00\x00\x00\x00\x00\x00',4.866666666666666,5.0,0.0,1,1,2,0,,,,,0.16583123951776998,True,True,Aligned,1
E040,I03,b'\xe8\x07\x00\x00\x00\x00\x00\x00',b'\x01\x00\x00\x00\x00\x00\x00\x00',3.2333333333333334,3.5833333333333335,0.0,1,1,2,0,,,,,0.16583123951776998,False,False,Aligned,1
E040,I03,b'\xe8\x07\x00\x00\x00\x00\x00\x00',b'\x02\x00\x00\x00\x00\x00\x00\x00',3.333333333333334,3.6666666666666665,0.0,1,1,2,0,,,,,0.16583123951776998,False,False,Aligned,1
E041,I03,b'\xe8\x07\x00\x00\x00\x00\x00\x00',b'\x01\x00\x00\x00\x00\x00\x00\x00',4.166666666666667,4.5,0.0,1,1,2,0,,,,,0.16583123951776998,True,True,Aligned,1
E041,I03,b'\xe8\x07\x00\x00\x00\x00\x00\x00',b'\x02\x00\x00\x00\x00\x00\x00\x00',4.333333333333334,4.75,0.0,1,1,2,0,,,,,0.16583123951776998,True,True,Aligned,1
E042,I03,b'\xe8\x07\x00\x00\x00\x00\x00\x00',b'\x01\x00\x00\x00\x00\x00\x00\x00',2.733333333333333,3.0,0.0,1,1,2,0,,,,,0.16583123951776998,False,False,Aligned,1
E042,I03,b'\xe8\x07\x00\x00\x00\x00\x00\x00',b'\x02\x00\x00\x00\x00\x00\x00\x00',3.0,3.0833333333333335,0.0,1,1,2,0,,,,,0.16583123951776998,False,False,Aligned,1
E043,I03,b'\xe8\x07\x00\x00\x00\x00\x00\x00',b'\x01\x00\x00\x00\x00\x00\x00\x00',2.8333333333333335,3.4166666666666665,0.0,1,1,2,0,,,,,0.16583123951776998,False,False,Aligned,1
E043,I03,b'\xe8\x07\x00\x00\x00\x00\x00\x00',b'\x02\x00\x00\x00\x00\x00\x00\x00',2.966666666666667,3.75,0.0,1,1,2,0,,,,,0.16583123951776998,False,False,Aligned,1
E044,I03,b'\xe8\x07\x00\x00\x00\x00\x00\x00',b'\x01\x00\x00\x00\x00\x00\x00\x00',3.4,3.5,0.0,1,1,2,0,,,,,0.16583123951776998,False,False,Aligned,1
E044,I03,b'\xe8\x07\x00\x00\x00\x00\x00\x00',b'\x02\x00\x00\x00\x00\x00\x00\x00',3.7666666666666666,4.25,0.0,1,1,2,0,,,,,0.16583123951776998,False,True,Anti-Aligned,0
E045,I03,b'\xe8\x07\x00\x00\x00\x00\x00\x00',b'\x01\x00\x00\x00\x00\x00\x00\x00',3.3,3.694444444444444,0.0,1,0,2,3,,,,,0.16583123951776998,False,False,Aligned,1
E045,I03,b'\xe8\x07\x00\x00\x00\x00\x00\x00',b'\x02\x00\x00\x00\x00\x00\x00\x00',3.611111111111111,4.083333333333333,0.0,1,0,2,3,,,,,0.16583123951776998,False,True,Anti-Aligned,0
E046,I03,b'\xe8\x07\x00\x00\x00\x00\x00\x00',b'\x01\x00\x00\x00\x00\x00\x00\x00',4.466666666666667,4.5,0.0,1,1,2,0,,,,,0.16583123951776998,True,True,Aligned,1
E046,I03,b'\xe8\x07\x00\x00\x00\x00\x00\x00',b'\x02\x00\x00\x00\x00\x00\x00\x00',4.566666666666666,4.75,0.0,1,1,2,0,,,,,0.16583123951776998,True,True,Aligned,1
E047,I03,b'\xe8\x07\x00\x00\x00\x00\x00\x00',b'\x01\x00\x00\x00\x00\x00\x00\x00',4.0,4.5,0.0,1,1,2,0,,,,,0.16583123951776998,True,True,Aligned,1
E047,I03,b'\xe8\x07\x00\x00\x00\x00\x00\x00',b'\x02\x00\x00\x00\x00\x00\x00\x00',4.2,4.583333333333333,0.0,1,1,2,0,,,,,0.16583123951776998,True,True,Aligned,1
E048,I03,b'\xe8\x07\x00\x00\x00\x00\x00\x00',b'\x01\x00\x00\x00\x00\x00\x00\x00',3.2333333333333334,2.5833333333333335,0.0,1,1,2,0,,,,,0.16583123951776998,False,False,Aligned,1
E048,I03,b'\xe8\x07\x00\x00\x00\x00\x00\x00',b'\x02\x00\x00\x00\x00\x00\x00\x00',3.433333333333333,2.9166666666666665,0.0,1,1,2,0,,,,,0.16583123951776998,False,False,Aligned,1
E049,I03,b'\xe8\x07\x00\x00\x00\x00\x00\x00',b'\x01\x00\x00\x00\x00\x00\x00\x00',2.7666666666666666,2.4166666666666665,0.0,1,1,2,0,,,,,0.16583123951776998,False,False,Aligned,1
E049,I03,b'\xe8\x07\x00\x00\x00\x00\x00\x00',b'\x02\x00\x00\x00\x00\x00\x00\x00',3.2,2.8333333333333335,0.0,1,1,2,0,,,,,0.16583123951776998,False,False,Aligned,1
E050,I03,b'\xe8\x07\x00\x00\x00\x00\x00\x00',b'\x01\x00\x00\x00\x00\x00\x00\x00',3.4999999999999996,3.5833333333333335,0.0,1,1,2,0,,,,,0.16583123951776998,False,False,Aligned,1
E050,I03,b'\xe8\x07\x00\x00\x00\x00\x00\x00',b'\x02\x00\x00\x00\x00\x00\x00\x00',3.5999999999999996,3.6666666666666665,0.0,1,1,2,0,,,,,0.16583123951776998,False,False,Aligned,1
E051,I03,b'\xe8\x07\x00\x00\x00\x00\x00\x00',b'\x01\x00\x00\x00\x00\x00\x00\x00',2.3666666666666663,2.0,0.0,1,1,2,0,,,,,0.16583123951776998,False,False,Aligned,1
E051,I03,b'\xe8\x07\x00\x00\x00\x00\x00\x00',b'\x02\x00\x00\x00\x00\x00\x00\x00',2.5999999999999996,2.1666666666666665,0.0,1,1,2,0,,,,,0.16583123951776998,False,False,Aligned,1
E052,I03,b'\xe8\x07\x00\x00\x00\x00\x00\x00',b'\x01\x00\x00\x00\x00\x00\x00\x00',4.4,4.5,0.0,1,1,2,0,,,,,0.16583123951776998,True,True,Aligned,1
E052,I03,b'\xe8\x07\x00\x00\x00\x00\x00\x00',b'\x02\x00\x00\x00\x00\x00\x00\x00',4.6000000000000005,4.666666666666667,0.0,1,1,2,0,,,,,0.16583123951776998,True,True,Aligned,1
E053,I03,b'\xe8\x07\x00\x00\x00\x00\x00\x00',b'\x01\x00\x00\x00\x00\x00\x00\x00',3.966666666666667,3.9166666666666665,0.0,1,1,2,0,,,,,0.16583123951776998,True,True,Aligned,1
E053,I03,b'\xe8\x07\x00\x00\x00\x00\x00\x00',b'\x02\x00\x00\x00\x00\x00\x00\x00',4.2,4.166666666666667,0.0,1,1,2,0,,,,,0.16583123951776998,True,True,Aligned,1
E054,I03,b'\xe8\x07\x00\x00\x00\x00\x00\x00',b'\x01\x00\x00\x00\x00\x00\x00\x00',2.9000000000000004,2.5,0.0,1,1,2,0,,,,,0.16583123951776998,False,False,Aligned,1
E054,I03,b'\xe8\x07\x00\x00\x00\x00\x00\x00',b'\x02\x00\x00\x00\x00\x00\x00\x00',3.3,2.8333333333333335,0.0,1,1,2,0,,,,,0.16583123951776998,False,False,Aligned,1
E055,I03,b'\xe8\x07\x00\x00\x00\x00\x00\x00',b'\x01\x00\x00\x00\x00\x00\x00\x00',3.3333333333333335,3.3333333333333335,0.0,1,1,2,0,,,,,0.16583123951776998,False,False,Aligned,1
E055,I03,b'\xe8\x07\x00\x00\x00\x00\x00\x00',b'\x02\x00\x00\x00\x00\x00\x00\x00',3.566666666666666,3.6666666666666665,0.0,1,1,2,0,,,,,0.16583123951776998,False,False,Aligned,1
E056,I04,b'\xe8\x07\x00\x00\x00\x00\x00\x00',b'\x01\x00\x00\x00\x00\x00\x00\x00',1.8666666666666667,2.0,0.0,1,2,2,0,,,,,0.09797958971132721,False,False,Aligned,1
E056,I04,b'\xe8\x07\x00\x00\x00\x00\x00\x00',b'\x02\x00\x00\x00\x00\x00\x00\x00',2.1999999999999997,2.3333333333333335,0.0,1,2,2,0,,,,,0.09797958971132721,False,False,Aligned,1
E057,I04,b'\xe8\x07\x00\x00\x00\x00\x00\x00',b'\x01\x00\x00\x00\x00\x00\x00\x00',2.466666666666667,3.1666666666666665,0.0,1,2,2,0,,,,,0.09797958971132721,False,False,Aligned,1
E057,I04,b'\xe8\x07\x00\x00\x00\x00\x00\x00',b'\x02\x00\x00\x00\x00\x00\x00\x00',2.6666666666666665,3.5,0.0,1,2,2,0,,,,,0.09797958971132721,False,False,Aligned,1
E058,I04,b'\xe8\x07\x00\x00\x00\x00\x00\x00',b'\x01\x00\x00\x00\x00\x00\x00\x00',2.466666666666667,2.1666666666666665,0.0,1,2,2,0,,,,,0.09797958971132721,False,False,Aligned,1
E058,I04,b'\xe8\x07\x00\x00\x00\x00\x00\x00',b'\x02\x00\x00\x00\x00\x00\x00\x00',2.566666666666667,2.25,0.0,1,2,2,0,,,,,0.09797958971132721,False,False,Aligned,1
E059,I04,b'\xe8\x07\x00\x00\x00\x00\x00\x00',b'\x01\x00\x00\x00\x00\x00\x00\x00',5.0,5.0,0.0,1,2,2,0,,,,,0.09797958971132721,True,True,Aligned,1
E059,I04,b'\xe8\x07\x00\x00\x00\x00\x00\x00',b'\x02\x00\x00\x00\x00\x00\x00\x00',5.0,5.0,0.0,1,2,2,0,,,,,0.09797958971132721,True,True,Aligned,1
E060,I04,b'\xe8\x07\x00\x00\x00\x00\x00\x00',b'\x01\x00\x00\x00\x00\x00\x00\x00',4.533333333333333,4.416666666666667,0.0,1,2,2,0,,,,,0.09797958971132721,True,True,Aligned,1
E060,I04,b'\xe8\x07\x00\x00\x00\x00\x00\x00',b'\x02\x00\x00\x00\x00\x00\x00\x00',4.699999999999999,4.5,0.0,1,2,2,0,,,,,0.09797958971132721,True,True,Aligned,1
E061,I04,b'\xe8\x07\x00\x00\x00\x00\x00\x00',b'\x01\x00\x00\x00\x00\x00\x00\x00',3.466666666666667,3.0,0.0,1,2,2,0,,,,,0.09797958971132721,False,False,Aligned,1
E061,I04,b'\xe8\x07\x00\x00\x00\x00\x00\x00',b'\x02\x00\x00\x00\x00\x00\x00\x00',3.5999999999999996,3.1666666666666665,0.0,1,2,2,0,,,,,0.09797958971132721,False,False,Aligned,1
E062,I04,b'\xe8\x07\x00\x00\x00\x00\x00\x00',b'\x01\x00\x00\x00\x00\x00\x00\x00',4.466666666666667,5.0,0.0,1,2,2,0,,,,,0.09797958971132721,True,True,Aligned,1
E062,I04,b'\xe8\x07\x00\x00\x00\x00\x00\x00',b'\x02\x00\x00\x00\x00\x00\x00\x00',4.533333333333333,5.0,0.0,1,2,2,0,,,,,0.09797958971132721,True,True,Aligned,1
E063,I04,b'\xe8\x07\x00\x00\x00\x00\x00\x00',b'\x01\x00\x00\x00\x00\x00\x00\x00',4.2,3.5,0.0,1,2,2,0,,,,,0.09797958971132721,True,False,Anti-Aligned,0
E063,I04,b'\xe8\x07\x00\x00\x00\x00\x00\x00',b'\x02\x00\x00\x00\x00\x00\x00\x00',4.333333333333333,3.5833333333333335,0.0,1,2,2,0,,,,,0.09797958971132721,True,False,Anti-Aligned,0
E064,I04,b'\xe8\x07\x00\x00\x00\x00\x00\x00',b'\x01\x00\x00\x00\x00\x00\x00\x00',4.2,4.0,0.0,1,2,2,0,,,,,0.09797958971132721,True,True,Aligned,1
E064,I04,b'\xe8\x07\x00\x00\x00\x00\x00\x00',b'\x02\x00\x00\x00\x00\x00\x00\x00',4.333333333333333,4.166666666666667,0.0,1,2,2,0,,,,,0.09797958971132721,True,True,Aligned,1
E065,I04,b'\xe8\x07\x00\x00\x00\x00\x00\x00',b'\x01\x00\x00\x00\x00\x00\x00\x00',3.5999999999999996,3.0,0.0,1,2,2,0,,,,,0.09797958971132721,False,False,Aligned,1
E065,I04,b'\xe8\x07\x00\x00\x00\x00\x00\x00',b'\x02\x00\x00\x00\x00\x00\x00\x00',3.7333333333333334,3.1666666666666665,0.0,1,2,2,0,,,,,0.09797958971132721,False,False,Aligned,1
E066,I04,b'\xe8\x07\x00\x00\x00\x00\x00\x00',b'\x01\x00\x00\x00\x00\x00\x00\x00',4.833333333333333,4.583333333333333,0.0,1,2,2,0,,,,,0.09797958971132721,True,True,Aligned,1
E066,I04,b'\xe8\x07\x00\x00\x00\x00\x00\x00',b'\x02\x00\x00\x00\x00\x00\x00\x00',4.9,4.75,0.0,1,2,2,0,,,,,0.09797958971132721,True,True,Aligned,1
E067,I04,b'\xe8\x07\x00\x00\x00\x00\x00\x00',b'\x01\x00\x00\x00\x00\x00\x00\x00',3.7999999999999994,3.9166666666666665,0.0,1,2,2,0,,,,,0.09797958971132721,True,True,Aligned,1
E067,I04,b'\xe8\x07\x00\x00\x00\x00\x00\x00',b'\x02\x00\x00\x00\x00\x00\x00\x00',3.933333333333333,4.166666666666667,0.0,1,2,2,0,,,,,0.09797958971132721,True,True,Aligned,1
E068,I04,b'\xe8\x07\x00\x00\x00\x00\x00\x00',b'\x01\x00\x00\x00\x00\x00\x00\x00',4.2666666666666675,5.0,0.0,1,2,2,0,,,,,0.09797958971132721,True,True,Aligned,1
E068,I04,b'\xe8\x07\x00\x00\x00\x00\x00\x00',b'\x02\x00\x00\x00\x00\x00\x00\x00',4.2666666666666675,5.0,0.0,1,2,2,0,,,,,0.09797958971132721,True,True,Aligned,1
E069,I04,b'\xe8\x07\x00\x00\x00\x00\x00\x00',b'\x01\x00\x00\x00\x00\x00\x00\x00',3.1333333333333333,4.166666666666667,0.0,1,2,2,0,,,,,0.09797958971132721,False,True,Anti-Aligned,0
E069,I04,b'\xe8\x07\x00\x00\x00\x00\x00\x00',b'\x02\x00\x00\x00\x00\x00\x00\x00',3.266666666666667,4.083333333333333,0.0,1,2,2,0,,,,,0.09797958971132721,False,True,Anti-Aligned,0
E070,I04,b'\xe8\x07\x00\x00\x00\x00\x00\x00',b'\x01\x00\x00\x00\x00\x00\x00\x00',2.5444444444444443,3.277777777777778,0.0,1,0,2,3,,,,,0.09797958971132721,False,False,Aligned,1
E070,I04,b'\xe8\x07\x00\x00\x00\x00\x00\x00',b'\x02\x00\x00\x00\x00\x00\x00\x00',2.9444444444444446,3.6666666666666665,0.0,1,0,2,3,,,,,0.09797958971132721,False,False,Aligned,1
E071,I04,b'\xe8\x07\x00\x00\x00\x00\x00\x00',b'\x01\x00\x00\x00\x00\x00\x00\x00',4.400000000000001,4.5,0.0,1,2,2,0,,,,,0.09797958971132721,True,True,Aligned,1
E071,I04,b'\xe8\x07\x00\x00\x00\x00\x00\x00',b'\x02\x00\x00\x00\x00\x00\x00\x00',4.533333333333333,4.75,0.0,1,2,2,0,,,,,0.09797958971132721,True,True,Aligned,1
E072,I04,b'\xe8\x07\x00\x00\x00\x00\x00\x00',b'\x01\x00\x00\x00\x00\x00\x00\x00',2.7666666666666666,2.5,0.0,1,2,2,0,,,,,0.09797958971132721,False,False,Aligned,1
E072,I04,b'\xe8\x07\x00\x00\x00\x00\x00\x00',b'\x02\x00\x00\x00\x00\x00\x00\x00',3.1333333333333333,2.8333333333333335,0.0,1,2,2,0,,,,,0.09797958971132721,False,False,Aligned,1
E073,I04,b'\xe8\x07\x00\x00\x00\x00\x00\x00',b'\x01\x00\x00\x00\x00\x00\x00\x00',4.566666666666666,5.0,0.0,1,2,2,0,,,,,0.09797958971132721,True,True,Aligned,1
E073,I04,b'\xe8\x07\x00\x00\x00\x00\x00\x00',b'\x02\x00\x00\x00\x00\x00\x00\x00',4.666666666666666,5.0,0.0,1,2,2,0,,,,,0.09797958971132721,True,True,Aligned,1
E074,I04,b'\xe8\x07\x00\x00\x00\x00\x00\x00',b'\x01\x00\x00\x00\x00\x00\x00\x00',4.0,4.5,0.0,1,2,2,0,,,,,0.09797958971132721,True,True,Aligned,1
E074,I04,b'\xe8\x07\x00\x00\x00\x00\x00\x00',b'\x02\x00\x00\x00\x00\x00\x00\x00',4.199999999999999,4.583333333333333,0.0,1,2,2,0,,,,,0.09797958971132721,True,True,Aligned,1
E075,I04,b'\xe8\x07\x00\x00\x00\x00\x00\x00',b'\x01\x00\x00\x00\x00\x00\x00\x00',4.366666666666667,4.5,0.0,1,2,2,0,,,,,0.09797958971132721,True,True,Aligned,1
E075,I04,b'\xe8\x07\x00\x00\x00\x00\x00\x00',b'\x02\x00\x00\x00\x00\x00\x00\x00',4.5,4.666666666666667,0.0,1,2,2,0,,,,,0.09797958971132721,True,True,Aligned,1
E076,I04,b'\xe8\x07\x00\x00\x00\x00\x00\x00',b'\x01\x00\x00\x00\x00\x00\x00\x00',2.4,1.5,0.0,1,2,2,0,,,,,0.09797958971132721,False,False,Aligned,1
E076,I04,b'\xe8\x07\x00\x00\x00\x00\x00\x00',b'\x02\x00\x00\x00\x00\x00\x00\x00',2.6333333333333333,1.5,0.0,1,2,2,0,,,,,0.09797958971132721,False,False,Aligned,1
E077,I04,b'\xe8\x07\x00\x00\x00\x00\x00\x00',b'\x01\x00\x00\x00\x00\x00\x00\x00',4.466666666666666,4.333333333333333,0.0,1,2,2,0,,,,,0.09797958971132721,True,True,Aligned,1
E077,I04,b'\xe8\x07\x00\x00\x00\x00\x00\x00',b'\x02\x00\x00\x00\x00\x00\x00\x00',4.633333333333333,4.583333333333333,0.0,1,2,2,0,,,,,0.09797958971132721,True,True,Aligned,1
E078,I04,b'\xe8\x07\x00\x00\x00\x00\x00\x00',b'\x01\x00\x00\x00\x00\x00\x00\x00',3.8333333333333335,3.4166666666666665,0.0,1,2,2,0,,,,,0.09797958971132721,True,False,Anti-Aligned,0
E078,I04,b'\xe8\x07\x00\x00\x00\x00\x00\x00',b'\x02\x00\x00\x00\x00\x00\x00\x00',4.066666666666666,3.9166666666666665,0.0,1,2,2,0,,,,,0.09797958971132721,True,True,Aligned,1
E079,I04,b'\xe8\x07\x00\x00\x00\x00\x00\x00',b'\x01\x00\x00\x00\x00\x00\x00\x00',3.3666666666666663,2.4166666666666665,0.0,1,2,2,0,,,,,0.09797958971132721,False,False,Aligned,1
E079,I04,b'\xe8\x07\x00\x00\x00\x00\x00\x00',b'\x02\x00\x00\x00\x00\x00\x00\x00',3.633333333333333,2.6666666666666665,0.0,1,2,2,0,,,,,0.09797958971132721,False,False,Aligned,1
E080,I04,b'\xe8\x07\x00\x00\x00\x00\x00\x00',b'\x01\x00\x00\x00\x00\x00\x00\x00',3.8666666666666663,4.0,0.0,1,2,2,0,,,,,0.09797958971132721,True,True,Aligned,1
E080,I04,b'\xe8\x07\x00\x00\x00\x00\x00\x00',b'\x02\x00\x00\x00\x00\x00\x00\x00',3.9000000000000004,4.25,0.0,1,2,2,0,,,,,0.09797958971132721,True,True,Aligned,1
E081,I04,b'\xe8\x07\x00\x00\x00\x00\x00\x00',b'\x01\x00\x00\x00\x00\x00\x00\x00',3.966666666666667,4.0,0.0,1,2,2,0,,,,,0.09797958971132721,True,True,Aligned,1
E081,I04,b'\xe8\x07\x00\x00\x00\x00\x00\x00',b'\x02\x00\x00\x00\x00\x00\x00\x00',4.133333333333334,4.0,0.0,1,2,2,0,,,,,0.09797958971132721,True,True,Aligned,1
E082,I04,b'\xe8\x07\x00\x00\x00\x00\x00\x00',b'\x01\x00\x00\x00\x00\x00\x00\x00',2.166666666666667,1.0,0.0,1,2,2,0,,,,,0.09797958971132721,False,False,Aligned,1
E082,I04,b'\xe8\x07\x00\x00\x00\x00\x00\x00',b'\x02\x00\x00\x00\x00\x00\x00\x00',2.433333333333333,1.3333333333333333,0.0,1,2,2,0,,,,,0.09797958971132721,False,False,Aligned,1
E083,I04,b'\xe8\x07\x00\x00\x00\x00\x00\x00',b'\x01\x00\x00\x00\x00\x00\x00\x00',4.166666666666667,3.9166666666666665,0.0,1,2,2,0,,,,,0.09797958971132721,True,True,Aligned,1
E083,I04,b'\xe8\x07\x00\x00\x00\x00\x00\x00',b'\x02\x00\x00\x00\x00\x00\x00\x00',4.2666666666666675,4.0,0.0,1,2,2,0,,,,,0.09797958971132721,True,True,Aligned,1
E084,I04,b'\xe8\x07\x00\x00\x00\x00\x00\x00',b'\x01\x00\x00\x00\x00\x00\x00\x00',4.8,4.833333333333333,0.0,1,2,2,0,,,,,0.09797958971132721,True,True,Aligned,1
E084,I04,b'\xe8\x07\x00\x00\x00\x00\x00\x00',b'\x02\x00\x00\x00\x00\x00\x00\x00',4.8,5.0,0.0,1,2,2,0,,,,,0.09797958971132721,True,True,Aligned,1
E085,I04,b'\xe8\x07\x00\x00\x00\x00\x00\x00',b'\x01\x00\x00\x00\x00\x00\x00\x00',2.766666666666667,2.0,0.0,1,2,2,0,,,,,0.09797958971132721,False,False,Aligned,1
E085,I04,b'\xe8\x07\x00\x00\x00\x00\x00\x00',b'\x02\x00\x00\x00\x00\x00\x00\x00',2.9000000000000004,2.1666666666666665,0.0,1,2,2,0,,,,,0.09797958971132721,False,False,Aligned,1
E086,I04,b'\xe8\x07\x00\x00\x00\x00\x00\x00',b'\x01\x00\x00\x00\x00\x00\x00\x00',3.7999999999999994,3.5833333333333335,0.0,1,2,2,0,,,,,0.09797958971132721,True,False,Anti-Aligned,0
E086,I04,b'\xe8\x07\x00\x00\x00\x00\x00\x00',b'\x02\x00\x00\x00\x00\x00\x00\x00',3.966666666666667,3.75,0.0,1,2,2,0,,,,,0.09797958971132721,True,False,Anti-Aligned,0
E087,I04,b'\xe8\x07\x00\x00\x00\x00\x00\x00',b'\x01\x00\x00\x00\x00\x00\x00\x00',4.233333333333333,4.083333333333333,0.0,1,2,2,0,,,,,0.09797958971132721,True,True,Aligned,1
E087,I04,b'\xe8\x07\x00\x00\x00\x00\x00\x00',b'\x02\x00\x00\x00\x00\x00\x00\x00',4.3999999999999995,4.416666666666667,0.0,1,2,2,0,,,,,0.09797958971132721,True,True,Aligned,1
E088,I04,b'\xe8\x07\x00\x00\x00\x00\x00\x00',b'\x01\x00\x00\x00\x00\x00\x00\x00',4.633333333333333,5.0,0.0,1,2,2,0,,,,,0.09797958971132721,True,True,Aligned,1
E088,I04,b'\xe8\x07\x00\x00\x00\x00\x00\x00',b'\x02\x00\x00\x00\x00\x00\x00\x00',4.699999999999999,5.0,0.0,1,2,2,0,,,,,0.09797958971132721,True,True,Aligned,1
E089,I04,b'\xe8\x07\x00\x00\x00\x00\x00\x00',b'\x01\x00\x00\x00\x00\x00\x00\x00',2.4,3.0,0.0,1,2,2,0,,,,,0.09797958971132721,False,False,Aligned,1
E089,I04,b'\xe8\x07\x00\x00\x00\x00\x00\x00',b'\x02\x00\x00\x00\x00\x00\x00\x00',2.7333333333333334,3.4166666666666665,0.0,1,2,2,0,,,,,0.09797958971132721,False,False,Aligned,1
E090,I04,b'\xe8\x07\x00\x00\x00\x00\x00\x00',b'\x01\x00\x00\x00\x00\x00\x00\x00',3.7666666666666666,3.1111111111111107,0.0,1,0,2,3,,,,,0.09797958971132721,False,False,Aligned,1
E090,I04,b'\xe8\x07\x00\x00\x00\x00\x00\x00',b'\x02\x00\x00\x00\x00\x00\x00\x00',4.122222222222223,3.694444444444444,0.0,1,0,2,3,,,,,0.09797958971132721,True,False,Anti-Aligned,0
E091,I04,b'\xe8\x07\x00\x00\x00\x00\x00\x00',b'\x01\x00\x00\x00\x00\x00\x00\x00',2.466666666666667,2.1666666666666665,0.0,1,2,2,0,,,,,0.09797958971132721,False,False,Aligned,1
E091,I04,b'\xe8\x07\x00\x00\x00\x00\x00\x00',b'\x02\x00\x00\x00\x00\x00\x00\x00',2.7333333333333334,2.4166666666666665,0.0,1,2,2,0,,,,,0.09797958971132721,False,False,Aligned,1
E092,I04,b'\xe8\x07\x00\x00\x00\x00\x00\x00',b'\x01\x00\x00\x00\x00\x00\x00\x00',4.366666666666667,4.416666666666667,0.0,1,2,2,0,,,,,0.09797958971132721,True,True,Aligned,1
E092,I04,b'\xe8\x07\x00\x00\x00\x00\x00\x00',b'\x02\x00\x00\x00\x00\x00\x00\x00',4.400000000000001,4.5,0.0,1,2,2,0,,,,,0.09797958971132721,True,True,Aligned,1
E093,I04,b'\xe8\x07\x00\x00\x00\x00\x00\x00',b'\x01\x00\x00\x00\x00\x00\x00\x00',3.066666666666667,3.6666666666666665,0.0,1,2,2,0,,,,,0.09797958971132721,False,False,Aligned,1
E093,I04,b'\xe8\x07\x00\x00\x00\x00\x00\x00',b'\x02\x00\x00\x00\x00\x00\x00\x00',3.1333333333333337,3.6666666666666665,0.0,1,2,2,0,,,,,0.09797958971132721,False,False,Aligned,1
E094,I04,b'\xe8\x07\x00\x00\x00\x00\x00\x00',b'\x01\x00\x00\x00\x00\x00\x00\x00',2.3666666666666663,1.4166666666666667,0.0,1,2,2,0,,,,,0.09797958971132721,False,False,Aligned,1
E094,I04,b'\xe8\x07\x00\x00\x00\x00\x00\x00',b'\x02\x00\x00\x00\x00\x00\x00\x00',2.566666666666667,1.5833333333333333,0.0,1,2,2,0,,,,,0.09797958971132721,False,False,Aligned,1
E095,I04,b'\xe8\x07\x00\x00\x00\x00\x00\x00',b'\x01\x00\x00\x00\x00\x00\x00\x00',3.3000000000000003,3.5833333333333335,0.0,1,2,2,0,,,,,0.09797958971132721,False,False,Aligned,1
E095,I04,b'\xe8\x07\x00\x00\x00\x00\x00\x00',b'\x02\x00\x00\x00\x00\x00\x00\x00',3.3666666666666667,3.6666666666666665,0.0,1,2,2,0,,,,,0.09797958971132721,False,False,Aligned,1
E096,I04,b'\xe8\x07\x00\x00\x00\x00\x00\x00',b'\x01\x00\x00\x00\x00\x00\x00\x00',4.766666666666667,4.916666666666667,0.0,1,2,2,0,,,,,0.09797958971132721,True,True,Aligned,1
E096,I04,b'\xe8\x07\x00\x00\x00\x00\x00\x00',b'\x02\x00\x00\x00\x00\x00\x00\x00',4.833333333333333,5.0,0.0,1,2,2,0,,,,,0.09797958971132721,True,True,Aligned,1
E097,I04,b'\xe8\x07\x00\x00\x00\x00\x00\x00',b'\x01\x00\x00\x00\x00\x00\x00\x00',4.966666666666667,5.0,0.0,1,2,2,0,,,,,0.09797958971132721,True,True,Aligned,1
E097,I04,b'\xe8\x07\x00\x00\x00\x00\x00\x00',b'\x02\x00\x00\x00\x00\x00\x00\x00',5.0,5.0,0.0,1,2,2,0,,,,,0.09797958971132721,True,True,Aligned,1
E098,I05,b'\xe8\x07\x00\x00\x00\x00\x00\x00',b'\x01\x00\x00\x00\x00\x00\x00\x00',2.9111111111111114,2.1666666666666665,0.0,1,0,2,3,,,,,0.09229106504488557,False,False,Aligned,1
E098,I05,b'\xe8\x07\x00\x00\x00\x00\x00\x00',b'\x02\x00\x00\x00\x00\x00\x00\x00',3.2,2.388888888888889,0.0,1,0,2,3,,,,,0.09229106504488557,False,False,Aligned,1
E099,I05,b'\xe8\x07\x00\x00\x00\x00\x00\x00',b'\x01\x00\x00\x00\x00\x00\x00\x00',4.833333333333333,5.0,0.0,1,0,2,2,,,,,0.09229106504488557,True,True,Aligned,1
E099,I05,b'\xe8\x07\x00\x00\x00\x00\x00\x00',b'\x02\x00\x00\x00\x00\x00\x00\x00',4.933333333333334,5.0,0.0,1,0,2,2,,,,,0.09229106504488557,True,True,Aligned,1
E100,I05,b'\xe8\x07\x00\x00\x00\x00\x00\x00',b'\x01\x00\x00\x00\x00\x00\x00\x00',4.0,4.0,0.0,1,1,2,0,,,,,0.09229106504488557,True,True,Aligned,1
E100,I05,b'\xe8\x07\x00\x00\x00\x00\x00\x00',b'\x02\x00\x00\x00\x00\x00\x00\x00',4.033333333333333,4.083333333333333,0.0,1,1,2,0,,,,,0.09229106504488557,True,True,Aligned,1
E101,I05,b'\xe8\x07\x00\x00\x00\x00\x00\x00',b'\x01\x00\x00\x00\x00\x00\x00\x00',3.6333333333333337,3.5833333333333335,0.0,1,1,2,0,,,,,0.09229106504488557,False,False,Aligned,1
E101,I05,b'\xe8\x07\x00\x00\x00\x00\x00\x00',b'\x02\x00\x00\x00\x00\x00\x00\x00',3.7333333333333334,3.6666666666666665,0.0,1,1,2,0,,,,,0.09229106504488557,False,False,Aligned,1
E102,I05,b'\xe8\x07\x00\x00\x00\x00\x00\x00',b'\x01\x00\x00\x00\x00\x00\x00\x00',3.933333333333333,3.8333333333333335,0.0,1,1,2,0,,,,,0.09229106504488557,True,True,Aligned,1
E102,I05,b'\xe8\x07\x00\x00\x00\x00\x00\x00',b'\x02\x00\x00\x00\x00\x00\x00\x00',4.066666666666666,4.166666666666667,0.0,1,1,2,0,,,,,0.09229106504488557,True,True,Aligned,1
E103,I05,b'\xe8\x07\x00\x00\x00\x00\x00\x00',b'\x01\x00\x00\x00\x00\x00\x00\x00',3.0999999999999996,3.0,0.0,1,1,2,0,,,,,0.09229106504488557,False,False,Aligned,1
E103,I05,b'\xe8\x07\x00\x00\x00\x00\x00\x00',b'\x02\x00\x00\x00\x00\x00\x00\x00',3.266666666666667,3.1666666666666665,0.0,1,1,2,0,,,,,0.09229106504488557,False,False,Aligned,1
E104,I05,b'\xe8\x07\x00\x00\x00\x00\x00\x00',b'\x01\x00\x00\x00\x00\x00\x00\x00',4.400000000000001,4.5,0.0,1,1,2,0,,,,,0.09229106504488557,True,True,Aligned,1
E104,I05,b'\xe8\x07\x00\x00\x00\x00\x00\x00',b'\x02\x00\x00\x00\x00\x00\x00\x00',4.400000000000001,4.5,0.0,1,1,2,0,,,,,0.09229106504488557,True,True,Aligned,1
E105,I05,b'\xe8\x07\x00\x00\x00\x00\x00\x00',b'\x01\x00\x00\x00\x00\x00\x00\x00',4.766666666666667,5.0,0.0,1,1,2,0,,,,,0.09229106504488557,True,True,Aligned,1
E105,I05,b'\xe8\x07\x00\x00\x00\x00\x00\x00',b'\x02\x00\x00\x00\x00\x00\x00\x00',4.9,5.0,0.0,1,1,2,0,,,,,0.09229106504488557,True,True,Aligned,1
E106,I05,b'\xe8\x07\x00\x00\x00\x00\x00\x00',b'\x01\x00\x00\x00\x00\x00\x00\x00',2.8666666666666667,2.8333333333333335,0.0,1,0,2,2,,,,,0.09229106504488557,False,False,Aligned,1
E106,I05,b'\xe8\x07\x00\x00\x00\x00\x00\x00',b'\x02\x00\x00\x00\x00\x00\x00\x00',2.966666666666667,3.0833333333333335,0.0,1,0,2,2,,,,,0.09229106504488557,False,False,Aligned,1
E107,I05,b'\xe8\x07\x00\x00\x00\x00\x00\x00',b'\x01\x00\x00\x00\x00\x00\x00\x00',4.366666666666667,5.0,0.0,1,1,2,0,,,,,0.09229106504488557,True,True,Aligned,1
E107,I05,b'\xe8\x07\x00\x00\x00\x00\x00\x00',b'\x02\x00\x00\x00\x00\x00\x00\x00',4.400000000000001,5.0,0.0,1,1,2,0,,,,,0.09229106504488557,True,True,Aligned,1
E108,I06,b'\xe8\x07\x00\x00\x00\x00\x00\x00',b'\x01\x00\x00\x00\x00\x00\x00\x00',2.7999999999999994,2.5,0.0,1,2,2,0,,,,,0.09999999999999998,False,False,Aligned,1
E108,I06,b'\xe8\x07\x00\x00\x00\x00\x00\x00',b'\x02\x00\x00\x00\x00\x00\x00\x00',3.033333333333333,2.6666666666666665,0.0,1,2,2,0,,,,,0.09999999999999998,False,False,Aligned,1
E109,I06,b'\xe8\x07\x00\x00\x00\x00\x00\x00',b'\x01\x00\x00\x00\x00\x00\x00\x00',4.766666666666667,5.0,0.0,1,3,2,0,,,,,0.09999999999999998,True,True,Aligned,1
E109,I06,b'\xe8\x07\x00\x00\x00\x00\x00\x00',b'\x02\x00\x00\x00\x00\x00\x00\x00',4.8,5.0,0.0,1,3,2,0,,,,,0.09999999999999998,True,True,Aligned,1
E110,I06,b'\xe8\x07\x00\x00\x00\x00\x00\x00',b'\x01\x00\x00\x00\x00\x00\x00\x00',3.9777777777777774,4.055555555555556,0.0,1,0,2,3,,,,,0.09999999999999998,True,True,Aligned,1
E110,I06,b'\xe8\x07\x00\x00\x00\x00\x00\x00',b'\x02\x00\x00\x00\x00\x00\x00\x00',4.066666666666666,4.194444444444444,0.0,1,0,2,3,,,,,0.09999999999999998,True,True,Aligned,1
E111,I06,b'\xe8\x07\x00\x00\x00\x00\x00\x00',b'\x01\x00\x00\x00\x00\x00\x00\x00',4.2666666666666675,3.6666666666666665,0.0,1,1,2,0,,,,,0.09999999999999998,True,False,Anti-Aligned,0
E111,I06,b'\xe8\x07\x00\x00\x00\x00\x00\x00',b'\x02\x00\x00\x00\x00\x00\x00\x00',4.366666666666666,3.8333333333333335,0.0,1,1,2,0,,,,,0.09999999999999998,True,True,Aligned,1
E112,I06,b'\xe8\x07\x00\x00\x00\x00\x00\x00',b'\x01\x00\x00\x00\x00\x00\x00\x00',2.7333333333333334,2.1666666666666665,0.0,1,2,2,0,,,,,0.09999999999999998,False,False,Aligned,1
E112,I06,b'\xe8\x07\x00\x00\x00\x00\x00\x00',b'\x02\x00\x00\x00\x00\x00\x00\x00',2.833333333333334,2.0,0.0,1,2,2,0,,,,,0.09999999999999998,False,False,Aligned,1
E113,I06,b'\xe8\x07\x00\x00\x00\x00\x00\x00',b'\x01\x00\x00\x00\x00\x00\x00\x00',4.466666666666667,4.166666666666667,0.0,1,3,2,0,,,,,0.09999999999999998,True,True,Aligned,1
E113,I06,b'\xe8\x07\x00\x00\x00\x00\x00\x00',b'\x02\x00\x00\x00\x00\x00\x00\x00',4.400000000000001,4.0,0.0,1,3,2,0,,,,,0.09999999999999998,True,True,Aligned,1
E114,I06,b'\xe8\x07\x00\x00\x00\x00\x00\x00',b'\x01\x00\x00\x00\x00\x00\x00\x00',3.8333333333333335,4.416666666666667,0.0,1,3,2,0,,,,,0.09999999999999998,True,True,Aligned,1
E114,I06,b'\xe8\x07\x00\x00\x00\x00\x00\x00',b'\x02\x00\x00\x00\x00\x00\x00\x00',4.033333333333333,4.75,0.0,1,3,2,0,,,,,0.09999999999999998,True,True,Aligned,1
E115,I06,b'\xe8\x07\x00\x00\x00\x00\x00\x00',b'\x01\x00\x00\x00\x00\x00\x00\x00',3.9777777777777774,4.388888888888889,0.0,1,0,2,3,,,,,0.09999999999999998,True,True,Aligned,1
E115,I06,b'\xe8\x07\x00\x00\x00\x00\x00\x00',b'\x02\x00\x00\x00\x00\x00\x00\x00',4.177777777777777,4.555555555555555,0.0,1,0,2,3,,,,,0.09999999999999998,True,True,Aligned,1
E116,I06,b'\xe8\x07\x00\x00\x00\x00\x00\x00',b'\x01\x00\x00\x00\x00\x00\x00\x00',3.2000000000000006,4.5,0.0,1,2,2,0,,,,,0.09999999999999998,False,True,Anti-Aligned,0
E116,I06,b'\xe8\x07\x00\x00\x00\x00\x00\x00',b'\x02\x00\x00\x00\x00\x00\x00\x00',3.5,4.666666666666667,0.0,1,2,2,0,,,,,0.09999999999999998,False,True,Anti-Aligned,0
E117,I06,b'\xe8\x07\x00\x00\x00\x00\x00\x00',b'\x01\x00\x00\x00\x00\x00\x00\x00',2.9555555555555557,3.7222222222222228,0.0,1,0,2,3,,,,,0.09999999999999998,False,False,Aligned,1
E117,I06,b'\xe8\x07\x00\x00\x00\x00\x00\x00',b'\x02\x00\x00\x00\x00\x00\x00\x00',3.211111111111111,3.8888888888888893,0.0,1,0,2,3,,,,,0.09999999999999998,False,True,Anti-Aligned,0
E118,I06,b'\xe8\x07\x00\x00\x00\x00\x00\x00',b'\x01\x00\x00\x00\x00\x00\x00\x00',3.166666666666667,2.5,0.0,1,3,2,0,,,,,0.09999999999999998,False,False,Aligned,1
E118,I06,b'\xe8\x07\x00\x00\x00\x00\x00\x00',b'\x02\x00\x00\x00\x00\x00\x00\x00',3.3111111111111113,2.555555555555556,0.0,1,3,2,0,,,,,0.09999999999999998,False,False,Aligned,1
E119,I06,b'\xe8\x07\x00\x00\x00\x00\x00\x00',b'\x01\x00\x00\x00\x00\x00\x00\x00',2.766666666666667,3.25,0.0,1,1,2,0,,,,,0.09999999999999998,False,False,Aligned,1
E119,I06,b'\xe8\x07\x00\x00\x00\x00\x00\x00',b'\x02\x00\x00\x00\x00\x00\x00\x00',2.8,3.0,0.0,1,1,2,0,,,,,0.09999999999999998,False,False,Aligned,1
E120,I06,b'\xe8\x07\x00\x00\x00\x00\x00\x00',b'\x01\x00\x00\x00\x00\x00\x00\x00',2.066666666666667,1.1666666666666667,0.0,1,2,2,0,,,,,0.09999999999999998,False,False,Aligned,1
E120,I06,b'\xe8\x07\x00\x00\x00\x00\x00\x00',b'\x02\x00\x00\x00\x00\x00\x00\x00',2.2333333333333334,1.1666666666666667,0.0,1,2,2,0,,,,,0.09999999999999998,False,False,Aligned,1
E121,I06,b'\xe8\x07\x00\x00\x00\x00\x00\x00',b'\x01\x00\x00\x00\x00\x00\x00\x00',2.3000000000000003,3.3333333333333335,0.0,1,3,2,0,,,,,0.09999999999999998,False,False,Aligned,1
E121,I06,b'\xe8\x07\x00\x00\x00\x00\x00\x00',b'\x02\x00\x00\x00\x00\x00\x00\x00',2.333333333333334,3.1666666666666665,0.0,1,3,2,0,,,,,0.09999999999999998,False,False,Aligned,1
E122,I06,b'\xe8\x07\x00\x00\x00\x00\x00\x00',b'\x01\x00\x00\x00\x00\x00\x00\x00',5.0,5.0,0.0,1,3,2,0,,,,,0.09999999999999998,True,True,Aligned,1
E122,I06,b'\xe8\x07\x00\x00\x00\x00\x00\x00',b'\x02\x00\x00\x00\x00\x00\x00\x00',5.0,5.0,0.0,1,3,2,0,,,,,0.09999999999999998,True,True,Aligned,1
E123,I06,b'\xe8\x07\x00\x00\x00\x00\x00\x00',b'\x01\x00\x00\x00\x00\x00\x00\x00',4.1000000000000005,3.8333333333333335,0.0,1,1,2,0,,,,,0.09999999999999998,True,True,Aligned,1
E123,I06,b'\xe8\x07\x00\x00\x00\x00\x00\x00',b'\x02\x00\x00\x00\x00\x00\x00\x00',4.2,4.0,0.0,1,1,2,0,,,,,0.09999999999999998,True,True,Aligned,1
E124,I06,b'\xe8\x07\x00\x00\x00\x00\x00\x00',b'\x01\x00\x00\x00\x00\x00\x00\x00',2.966666666666667,3.1111111111111107,0.0,1,0,2,3,,,,,0.09999999999999998,False,False,Aligned,1
E124,I06,b'\xe8\x07\x00\x00\x00\x00\x00\x00',b'\x02\x00\x00\x00\x00\x00\x00\x00',3.244444444444445,3.472222222222222,0.0,1,0,2,3,,,,,0.09999999999999998,False,False,Aligned,1
E125,I06,b'\xe8\x07\x00\x00\x00\x00\x00\x00',b'\x01\x00\x00\x00\x00\x00\x00\x00',5.0,5.0,0.0,1,3,2,0,,,,,0.09999999999999998,True,True,Aligned,1
E125,I06,b'\xe8\x07\x00\x00\x00\x00\x00\x00',b'\x02\x00\x00\x00\x00\x00\x00\x00',5.0,5.0,0.0,1,3,2,0,,,,,0.09999999999999998,True,True,Aligned,1
E126,I06,b'\xe8\x07\x00\x00\x00\x00\x00\x00',b'\x01\x00\x00\x00\x00\x00\x00\x00',4.166666666666667,4.5,0.0,1,3,2,0,,,,,0.09999999999999998,True,True,Aligned,1
E126,I06,b'\xe8\x07\x00\x00\x00\x00\x00\x00',b'\x02\x00\x00\x00\x00\x00\x00\x00',4.288888888888889,4.666666666666667,0.0,1,3,2,0,,,,,0.09999999999999998,True,True,Aligned,1
E127,I06,b'\xe8\x07\x00\x00\x00\x00\x00\x00',b'\x01\x00\x00\x00\x00\x00\x00\x00',4.8,5.0,0.0,1,1,2,0,,,,,0.09999999999999998,True,True,Aligned,1
E127,I06,b'\xe8\x07\x00\x00\x00\x00\x00\x00',b'\x02\x00\x00\x00\x00\x00\x00\x00',4.866666666666666,5.0,0.0,1,1,2,0,,,,,0.09999999999999998,True,True,Aligned,1
E128,I06,b'\xe8\x07\x00\x00\x00\x00\x00\x00',b'\x01\x00\x00\x00\x00\x00\x00\x00',2.533333333333333,2.1666666666666665,0.0,1,2,2,0,,,,,0.09999999999999998,False,False,Aligned,1
E128,I06,b'\xe8\x07\x00\x00\x00\x00\x00\x00',b'\x02\x00\x00\x00\x00\x00\x00\x00',2.6666666666666665,2.3333333333333335,0.0,1,2,2,0,,,,,0.09999999999999998,False,False,Aligned,1
E129,I06,b'\xe8\x07\x00\x00\x00\x00\x00\x00',b'\x01\x00\x00\x00\x00\x00\x00\x00',3.4999999999999996,3.0833333333333335,0.0,1,3,2,0,,,,,0.09999999999999998,False,False,Aligned,1
E129,I06,b'\xe8\x07\x00\x00\x00\x00\x00\x00',b'\x02\x00\x00\x00\x00\x00\x00\x00',3.6666666666666665,3.4166666666666665,0.0,1,3,2,0,,,,,0.09999999999999998,False,False,Aligned,1
E130,I06,b'\xe8\x07\x00\x00\x00\x00\x00\x00',b'\x01\x00\x00\x00\x00\x00\x00\x00',3.411111111111111,2.527777777777778,0.0,1,0,2,3,,,,,0.09999999999999998,False,False,Aligned,1
E130,I06,b'\xe8\x07\x00\x00\x00\x00\x00\x00',b'\x02\x00\x00\x00\x00\x00\x00\x00',3.7333333333333334,3.0833333333333335,0.0,1,0,2,3,,,,,0.09999999999999998,False,False,Aligned,1
E131,I06,b'\xe8\x07\x00\x00\x00\x00\x00\x00',b'\x01\x00\x00\x00\x00\x00\x00\x00',3.7999999999999994,3.6666666666666665,0.0,1,1,2,0,,,,,0.09999999999999998,True,False,Anti-Aligned,0
E131,I06,b'\xe8\x07\x00\x00\x00\x00\x00\x00',b'\x02\x00\x00\x00\x00\x00\x00\x00',3.9000000000000004,3.6666666666666665,0.0,1,1,2,0,,,,,0.09999999999999998,True,False,Anti-Aligned,0
E132,I06,b'\xe8\x07\x00\x00\x00\x00\x00\x00',b'\x01\x00\x00\x00\x00\x00\x00\x00',3.611111111111111,3.1666666666666665,0.0,1,0,2,3,,,,,0.09999999999999998,False,False,Aligned,1
E132,I06,b'\xe8\x07\x00\x00\x00\x00\x00\x00',b'\x02\x00\x00\x00\x00\x00\x00\x00',3.8333333333333335,3.4166666666666665,0.0,1,0,2,3,,,,,0.09999999999999998,True,False,Anti-Aligned,0
E133,I06,b'\xe8\x07\x00\x00\x00\x00\x00\x00',b'\x01\x00\x00\x00\x00\x00\x00\x00',3.966666666666667,3.9166666666666665,0.0,1,3,2,0,,,,,0.09999999999999998,True,True,Aligned,1
E133,I06,b'\xe8\x07\x00\x00\x00\x00\x00\x00',b'\x02\x00\x00\x00\x00\x00\x00\x00',4.166666666666667,4.0,0.0,1,3,2,0,,,,,0.09999999999999998,True,True,Aligned,1
E134,I06,b'\xe8\x07\x00\x00\x00\x00\x00\x00',b'\x01\x00\x00\x00\x00\x00\x00\x00',2.266666666666667,2.0,0.0,1,3,2,0,,,,,0.09999999999999998,False,False,Aligned,1
E134,I06,b'\xe8\x07\x00\x00\x00\x00\x00\x00',b'\x02\x00\x00\x00\x00\x00\x00\x00',2.5,2.1666666666666665,0.0,1,3,2,0,,,,,0.09999999999999998,False,False,Aligned,1
E135,I06,b'\xe8\x07\x00\x00\x00\x00\x00\x00',b'\x01\x00\x00\x00\x00\x00\x00\x00',3.966666666666667,4.0,0.0,1,1,2,0,,,,,0.09999999999999998,True,True,Aligned,1
E135,I06,b'\xe8\x07\x00\x00\x00\x00\x00\x00',b'\x02\x00\x00\x00\x00\x00\x00\x00',4.066666666666666,4.0,0.0,1,1,2,0,,,,,0.09999999999999998,True,True,Aligned,1
E136,I06,b'\xe8\x07\x00\x00\x00\x00\x00\x00',b'\x01\x00\x00\x00\x00\x00\x00\x00',3.166666666666667,3.4166666666666665,0.0,1,2,2,0,,,,,0.09999999999999998,False,False,Aligned,1
E136,I06,b'\xe8\x07\x00\x00\x00\x00\x00\x00',b'\x02\x00\x00\x00\x00\x00\x00\x00',3.4000000000000004,3.8333333333333335,0.0,1,2,2,0,,,,,0.09999999999999998,False,True,Anti-Aligned,0
E137,I06,b'\xe8\x07\x00\x00\x00\x00\x00\x00',b'\x01\x00\x00\x00\x00\x00\x00\x00',2.1333333333333333,2.0,0.0,1,3,2,0,,,,,0.09999999999999998,False,False,Aligned,1
E137,I06,b'\xe8\x07\x00\x00\x00\x00\x00\x00',b'\x02\x00\x00\x00\x00\x00\x00\x00',2.155555555555556,2.1666666666666665,0.0,1,3,2,0,,,,,0.09999999999999998,False,False,Aligned,1
E138,I06,b'\xe8\x07\x00\x00\x00\x00\x00\x00',b'\x01\x00\x00\x00\x00\x00\x00\x00',4.766666666666667,4.916666666666667,0.0,1,3,2,0,,,,,0.09999999999999998,True,True,Aligned,1
E138,I06,b'\xe8\x07\x00\x00\x00\x00\x00\x00',b'\x02\x00\x00\x00\x00\x00\x00\x00',4.9,5.0,0.0,1,3,2,0,,,,,0.09999999999999998,True,True,Aligned,1
E139,I06,b'\xe8\x07\x00\x00\x00\x00\x00\x00',b'\x01\x00\x00\x00\x00\x00\x00\x00',3.566666666666667,4.416666666666667,0.0,1,1,2,0,,,,,0.09999999999999998,False,True,Anti-Aligned,0
E139,I06,b'\xe8\x07\x00\x00\x00\x00\x00\x00',b'\x02\x00\x00\x00\x00\x00\x00\x00',3.8666666666666663,4.666666666666667,0.0,1,1,2,0,,,,,0.09999999999999998,True,True,Aligned,1
E140,I06,b'\xe8\x07\x00\x00\x00\x00\x00\x00',b'\x01\x00\x00\x00\x00\x00\x00\x00',4.166666666666668,4.916666666666667,0.0,1,2,2,0,,,,,0.09999999999999998,True,True,Aligned,1
E140,I06,b'\xe8\x07\x00\x00\x00\x00\x00\x00',b'\x02\x00\x00\x00\x00\x00\x00\x00',4.300000000000001,5.0,0.0,1,2,2,0,,,,,0.09999999999999998,True,True,Aligned,1
E141,I06,b'\xe8\x07\x00\x00\x00\x00\x00\x00',b'\x01\x00\x00\x00\x00\x00\x00\x00',4.966666666666667,5.0,0.0,1,3,2,0,,,,,0.09999999999999998,True,True,Aligned,1
E141,I06,b'\xe8\x07\x00\x00\x00\x00\x00\x00',b'\x02\x00\x00\x00\x00\x00\x00\x00',5.0,5.0,0.0,1,3,2,0,,,,,0.09999999999999998,True,True,Aligned,1
E142,I06,b'\xe8\x07\x00\x00\x00\x00\x00\x00',b'\x01\x00\x00\x00\x00\x00\x00\x00',4.966666666666667,4.916666666666667,0.0,1,3,2,0,,,,,0.09999999999999998,True,True,Aligned,1
E142,I06,b'\xe8\x07\x00\x00\x00\x00\x00\x00',b'\x02\x00\x00\x00\x00\x00\x00\x00',5.0,5.0,0.0,1,3,2,0,,,,,0.09999999999999998,True,True,Aligned,1
E143,I06,b'\xe8\x07\x00\x00\x00\x00\x00\x00',b'\x01\x00\x00\x00\x00\x00\x00\x00',4.066666666666666,4.5,0.0,1,1,2,0,,,,,0.09999999999999998,True,True,Aligned,1
E143,I06,b'\xe8\x07\x00\x00\x00\x00\x00\x00',b'\x02\x00\x00\x00\x00\x00\x00\x00',4.166666666666667,4.583333333333333,0.0,1,1,2,0,,,,,0.09999999999999998,True,True,Aligned,1
E144,I06,b'\xe8\x07\x00\x00\x00\x00\x00\x00',b'\x01\x00\x00\x00\x00\x00\x00\x00',4.400000000000001,4.0,0.0,1,2,2,0,,,,,0.09999999999999998,True,True,Aligned,1
E144,I06,b'\xe8\x07\x00\x00\x00\x00\x00\x00',b'\x02\x00\x00\x00\x00\x00\x00\x00',4.566666666666666,4.25,0.0,1,2,2,0,,,,,0.09999999999999998,True,True,Aligned,1
E145,I06,b'\xe8\x07\x00\x00\x00\x00\x00\x00',b'\x01\x00\x00\x00\x00\x00\x00\x00',4.766666666666667,4.5,0.0,1,3,2,0,,,,,0.09999999999999998,True,True,Aligned,1
E145,I06,b'\xe8\x07\x00\x00\x00\x00\x00\x00',b'\x02\x00\x00\x00\x00\x00\x00\x00',4.866666666666666,4.666666666666667,0.0,1,3,2,0,,,,,0.09999999999999998,True,True,Aligned,1
E146,I06,b'\xe8\x07\x00\x00\x00\x00\x00\x00',b'\x01\x00\x00\x00\x00\x00\x00\x00',4.966666666666667,4.916666666666667,0.0,1,3,2,0,,,,,0.09999999999999998,True,True,Aligned,1
E146,I06,b'\xe8\x07\x00\x00\x00\x00\x00\x00',b'\x02\x00\x00\x00\x00\x00\x00\x00',5.0,5.0,0.0,1,3,2,0,,,,,0.09999999999999998,True,True,Aligned,1
E147,I06,b'\xe8\x07\x00\x00\x00\x00\x00\x00',b'\x01\x00\x00\x00\x00\x00\x00\x00',3.2333333333333334,4.5,0.0,1,1,2,0,,,,,0.09999999999999998,False,True,Anti-Aligned,0
E147,I06,b'\xe8\x07\x00\x00\x00\x00\x00\x00',b'\x02\x00\x00\x00\x00\x00\x00\x00',3.4000000000000004,4.666666666666667,0.0,1,1,2,0,,,,,0.09999999999999998,False,True,Anti-Aligned,0
E148,I06,b'\xe8\x07\x00\x00\x00\x00\x00\x00',b'\x01\x00\x00\x00\x00\x00\x00\x00',4.766666666666667,4.5,0.0,1,2,2,0,,,,,0.09999999999999998,True,True,Aligned,1
E148,I06,b'\xe8\x07\x00\x00\x00\x00\x00\x00',b'\x02\x00\x00\x00\x00\x00\x00\x00',4.9,4.75,0.0,1,2,2,0,,,,,0.09999999999999998,True,True,Aligned,1
E149,I06,b'\xe8\x07\x00\x00\x00\x00\x00\x00',b'\x01\x00\x00\x00\x00\x00\x00\x00',4.8,5.0,0.0,1,3,2,0,,,,,0.09999999999999998,True,True,Aligned,1
E149,I06,b'\xe8\x07\x00\x00\x00\x00\x00\x00',b'\x02\x00\x00\x00\x00\x00\x00\x00',4.866666666666666,5.0,0.0,1,3,2,0,,,,,0.09999999999999998,True,True,Aligned,1
E150,I06,b'\xe8\x07\x00\x00\x00\x00\x00\x00',b'\x01\x00\x00\x00\x00\x00\x00\x00',4.400000000000001,5.0,0.0,1,3,2,0,,,,,0.09999999999999998,True,True,Aligned,1
E150,I06,b'\xe8\x07\x00\x00\x00\x00\x00\x00',b'\x02\x00\x00\x00\x00\x00\x00\x00',4.566666666666666,5.0,0.0,1,3,2,0,,,,,0.09999999999999998,True,True,Aligned,1
E151,I06,b'\xe8\x07\x00\x00\x00\x00\x00\x00',b'\x01\x00\x00\x00\x00\x00\x00\x00',4.599999999999999,4.5,0.0,1,1,2,0,,,,,0.09999999999999998,True,True,Aligned,1
E151,I06,b'\xe8\x07\x00\x00\x00\x00\x00\x00',b'\x02\x00\x00\x00\x00\x00\x00\x00',4.699999999999999,4.75,0.0,1,1,2,0,,,,,0.09999999999999998,True,True,Aligned,1
E152,I06,b'\xe8\x07\x00\x00\x00\x00\x00\x00',b'\x01\x00\x00\x00\x00\x00\x00\x00',4.566666666666666,4.5,0.0,1,2,2,0,,,,,0.09999999999999998,True,True,Aligned,1
E152,I06,b'\xe8\x07\x00\x00\x00\x00\x00\x00',b'\x02\x00\x00\x00\x00\x00\x00\x00',4.699999999999999,4.666666666666667,0.0,1,2,2,0,,,,,0.09999999999999998,True,True,Aligned,1
E153,I06,b'\xe8\x07\x00\x00\x00\x00\x00\x00',b'\x01\x00\x00\x00\x00\x00\x00\x00',4.599999999999999,5.0,0.0,1,3,2,0,,,,,0.09999999999999998,True,True,Aligned,1
E153,I06,b'\xe8\x07\x00\x00\x00\x00\x00\x00',b'\x02\x00\x00\x00\x00\x00\x00\x00',4.688888888888888,5.0,0.0,1,3,2,0,,,,,0.09999999999999998,True,True,Aligned,1
E154,I06,b'\xe8\x07\x00\x00\x00\x00\x00\x00',b'\x01\x00\x00\x00\x00\x00\x00\x00',4.499999999999999,4.916666666666667,0.0,1,3,2,0,,,,,0.09999999999999998,True,True,Aligned,1
E154,I06,b'\xe8\x07\x00\x00\x00\x00\x00\x00',b'\x02\x00\x00\x00\x00\x00\x00\x00',4.666666666666666,5.0,0.0,1,3,2,0,,,,,0.09999999999999998,True,True,Aligned,1
E155,I06,b'\xe8\x07\x00\x00\x00\x00\x00\x00',b'\x01\x00\x00\x00\x00\x00\x00\x00',3.933333333333333,3.9166666666666665,0.0,1,1,2,0,,,,,0.09999999999999998,True,True,Aligned,1
E155,I06,b'\xe8\x07\x00\x00\x00\x00\x00\x00',b'\x02\x00\x00\x00\x00\x00\x00\x00',4.266666666666667,4.166666666666667,0.0,1,1,2,0,,,,,0.09999999999999998,True,True,Aligned,1
E156,I06,b'\xe8\x07\x00\x00\x00\x00\x00\x00',b'\x01\x00\x00\x00\x00\x00\x00\x00',4.766666666666667,5.0,0.0,1,2,2,0,,,,,0.09999999999999998,True,True,Aligned,1
E156,I06,b'\xe8\x07\x00\x00\x00\x00\x00\x00',b'\x02\x00\x00\x00\x00\x00\x00\x00',4.8,5.0,0.0,1,2,2,0,,,,,0.09999999999999998,True,True,Aligned,1
E157,I06,b'\xe8\x07\x00\x00\x00\x00\x00\x00',b'\x01\x00\x00\x00\x00\x00\x00\x00',4.166666666666667,4.416666666666667,0.0,1,3,2,0,,,,,0.09999999999999998,True,True,Aligned,1
E157,I06,b'\xe8\x07\x00\x00\x00\x00\x00\x00',b'\x02\x00\x00\x00\x00\x00\x00\x00',4.2666666666666675,4.666666666666667,0.0,1,3,2,0,,,,,0.09999999999999998,True,True,Aligned,1
E158,I06,b'\xe8\x07\x00\x00\x00\x00\x00\x00',b'\x01\x00\x00\x00\x00\x00\x00\x00',4.166666666666667,3.9166666666666665,0.0,1,3,2,0,,,,,0.09999999999999998,True,True,Aligned,1
E158,I06,b'\xe8\x07\x00\x00\x00\x00\x00\x00',b'\x02\x00\x00\x00\x00\x00\x00\x00',4.355555555555556,4.388888888888888,0.0,1,3,2,0,,,,,0.09999999999999998,True,True,Aligned,1
E159,I06,b'\xe8\x07\x00\x00\x00\x00\x00\x00',b'\x01\x00\x00\x00\x00\x00\x00\x00',3.3666666666666667,4.083333333333333,0.0,1,1,2,0,,,,,0.09999999999999998,False,True,Anti-Aligned,0
E159,I06,b'\xe8\x07\x00\x00\x00\x00\x00\x00',b'\x02\x00\x00\x00\x00\x00\x00\x00',3.4999999999999996,4.166666666666667,0.0,1,1,2,0,,,,,0.09999999999999998,False,True,Anti-Aligned,0
E160,I06,b'\xe8\x07\x00\x00\x00\x00\x00\x00',b'\x01\x00\x00\x00\x00\x00\x00\x00',2.6333333333333333,3.75,0.0,1,2,2,0,,,,,0.09999999999999998,False,False,Aligned,1
E160,I06,b'\xe8\x07\x00\x00\x00\x00\x00\x00',b'\x02\x00\x00\x00\x00\x00\x00\x00',2.833333333333334,3.75,0.0,1,2,2,0,,,,,0.09999999999999998,False,False,Aligned,1
E161,I06,b'\xe8\x07\x00\x00\x00\x00\x00\x00',b'\x01\x00\x00\x00\x00\x00\x00\x00',2.533333333333333,2.75,0.0,1,3,2,0,,,,,0.09999999999999998,False,False,Aligned,1
E161,I06,b'\xe8\x07\x00\x00\x00\x00\x00\x00',b'\x02\x00\x00\x00\x00\x00\x00\x00',2.6777777777777776,2.9166666666666665,0.0,1,3,2,0,,,,,0.09999999999999998,False,False,Aligned,1
E162,I07,b'\xe8\x07\x00\x00\x00\x00\x00\x00',b'\x01\x00\x00\x00\x00\x00\x00\x00',2.8666666666666663,4.0,0.0,1,2,2,0,,,,,0.1122353480590311,False,True,Anti-Aligned,0
E162,I07,b'\xe8\x07\x00\x00\x00\x00\x00\x00',b'\x02\x00\x00\x00\x00\x00\x00\x00',3.0666666666666664,4.25,0.0,1,2,2,0,,,,,0.1122353480590311,False,True,Anti-Aligned,0
E163,I07,b'\xe8\x07\x00\x00\x00\x00\x00\x00',b'\x01\x00\x00\x00\x00\x00\x00\x00',3.166666666666667,3.4166666666666665,0.0,1,2,2,0,,,,,0.1122353480590311,False,False,Aligned,1
E163,I07,b'\xe8\x07\x00\x00\x00\x00\x00\x00',b'\x02\x00\x00\x00\x00\x00\x00\x00',3.3,3.5,0.0,1,2,2,0,,,,,0.1122353480590311,False,False,Aligned,1
E164,I07,b'\xe8\x07\x00\x00\x00\x00\x00\x00',b'\x01\x00\x00\x00\x00\x00\x00\x00',4.466666666666667,4.666666666666667,0.0,1,2,2,0,,,,,0.1122353480590311,True,True,Aligned,1
E164,I07,b'\xe8\x07\x00\x00\x00\x00\x00\x00',b'\x02\x00\x00\x00\x00\x00\x00\x00',4.400000000000001,4.5,0.0,1,2,2,0,,,,,0.1122353480590311,True,True,Aligned,1
E165,I07,b'\xe8\x07\x00\x00\x00\x00\x00\x00',b'\x01\x00\x00\x00\x00\x00\x00\x00',4.166666666666667,5.0,0.0,1,2,2,0,,,,,0.1122353480590311,True,True,Aligned,1
E165,I07,b'\xe8\x07\x00\x00\x00\x00\x00\x00',b'\x02\x00\x00\x00\x00\x00\x00\x00',4.366666666666666,5.0,0.0,1,2,2,0,,,,,0.1122353480590311,True,True,Aligned,1
E166,I07,b'\xe8\x07\x00\x00\x00\x00\x00\x00',b'\x01\x00\x00\x00\x00\x00\x00\x00',2.533333333333333,2.1666666666666665,0.0,1,2,2,0,,,,,0.1122353480590311,False,False,Aligned,1
E166,I07,b'\xe8\x07\x00\x00\x00\x00\x00\x00',b'\x02\x00\x00\x00\x00\x00\x00\x00',2.5666666666666664,2.25,0.0,1,2,2,0,,,,,0.1122353480590311,False,False,Aligned,1
E167,I07,b'\xe8\x07\x00\x00\x00\x00\x00\x00',b'\x01\x00\x00\x00\x00\x00\x00\x00',4.433333333333334,4.916666666666667,0.0,1,2,2,0,,,,,0.1122353480590311,True,True,Aligned,1
E167,I07,b'\xe8\x07\x00\x00\x00\x00\x00\x00',b'\x02\x00\x00\x00\x00\x00\x00\x00',4.433333333333334,5.0,0.0,1,2,2,0,,,,,0.1122353480590311,True,True,Aligned,1
E168,I07,b'\xe8\x07\x00\x00\x00\x00\x00\x00',b'\x01\x00\x00\x00\x00\x00\x00\x00',2.533333333333333,2.4166666666666665,0.0,1,2,2,0,,,,,0.1122353480590311,False,False,Aligned,1
E168,I07,b'\xe8\x07\x00\x00\x00\x00\x00\x00',b'\x02\x00\x00\x00\x00\x00\x00\x00',2.9000000000000004,2.9166666666666665,0.0,1,2,2,0,,,,,0.1122353480590311,False,False,Aligned,1
E169,I07,b'\xe8\x07\x00\x00\x00\x00\x00\x00',b'\x01\x00\x00\x00\x00\x00\x00\x00',4.0,4.5,0.0,1,2,2,0,,,,,0.1122353480590311,True,True,Aligned,1
E169,I07,b'\xe8\x07\x00\x00\x00\x00\x00\x00',b'\x02\x00\x00\x00\x00\x00\x00\x00',4.2,4.75,0.0,1,2,2,0,,,,,0.1122353480590311,True,True,Aligned,1
E170,I07,b'\xe8\x07\x00\x00\x00\x00\x00\x00',b'\x01\x00\x00\x00\x00\x00\x00\x00',4.066666666666666,4.083333333333333,0.0,1,2,2,0,,,,,0.1122353480590311,True,True,Aligned,1
E170,I07,b'\xe8\x07\x00\x00\x00\x00\x00\x00',b'\x02\x00\x00\x00\x00\x00\x00\x00',4.1,4.166666666666667,0.0,1,2,2,0,,,,,0.1122353480590311,True,True,Aligned,1
E171,I07,b'\xe8\x07\x00\x00\x00\x00\x00\x00',b'\x01\x00\x00\x00\x00\x00\x00\x00',2.8333333333333335,2.4166666666666665,0.0,1,2,2,0,,,,,0.1122353480590311,False,False,Aligned,1
E171,I07,b'\xe8\x07\x00\x00\x00\x00\x00\x00',b'\x02\x00\x00\x00\x00\x00\x00\x00',3.0,2.75,0.0,1,2,2,0,,,,,0.1122353480590311,False,False,Aligned,1
E172,I07,b'\xe8\x07\x00\x00\x00\x00\x00\x00',b'\x01\x00\x00\x00\x00\x00\x00\x00',4.766666666666667,4.916666666666667,0.0,1,2,2,0,,,,,0.1122353480590311,True,True,Aligned,1
E172,I07,b'\xe8\x07\x00\x00\x00\x00\x00\x00',b'\x02\x00\x00\x00\x00\x00\x00\x00',4.866666666666666,5.0,0.0,1,2,2,0,,,,,0.1122353480590311,True,True,Aligned,1
E173,I07,b'\xe8\x07\x00\x00\x00\x00\x00\x00',b'\x01\x00\x00\x00\x00\x00\x00\x00',3.033333333333333,2.3333333333333335,0.0,1,2,2,0,,,,,0.1122353480590311,False,False,Aligned,1
E173,I07,b'\xe8\x07\x00\x00\x00\x00\x00\x00',b'\x02\x00\x00\x00\x00\x00\x00\x00',3.033333333333333,2.4166666666666665,0.0,1,2,2,0,,,,,0.1122353480590311,False,False,Aligned,1
E174,I07,b'\xe8\x07\x00\x00\x00\x00\x00\x00',b'\x01\x00\x00\x00\x00\x00\x00\x00',2.2000000000000006,2.0,0.0,1,2,2,0,,,,,0.1122353480590311,False,False,Aligned,1
E174,I07,b'\xe8\x07\x00\x00\x00\x00\x00\x00',b'\x02\x00\x00\x00\x00\x00\x00\x00',2.333333333333334,2.1666666666666665,0.0,1,2,2,0,,,,,0.1122353480590311,False,False,Aligned,1
E175,I07,b'\xe8\x07\x00\x00\x00\x00\x00\x00',b'\x01\x00\x00\x00\x00\x00\x00\x00',3.2333333333333334,3.4166666666666665,0.0,1,2,2,0,,,,,0.1122353480590311,False,False,Aligned,1
E175,I07,b'\xe8\x07\x00\x00\x00\x00\x00\x00',b'\x02\x00\x00\x00\x00\x00\x00\x00',3.4000000000000004,3.6666666666666665,0.0,1,2,2,0,,,,,0.1122353480590311,False,False,Aligned,1
E176,I07,b'\xe8\x07\x00\x00\x00\x00\x00\x00',b'\x01\x00\x00\x00\x00\x00\x00\x00',4.599999999999999,5.0,0.0,1,2,2,0,,,,,0.1122353480590311,True,True,Aligned,1
E176,I07,b'\xe8\x07\x00\x00\x00\x00\x00\x00',b'\x02\x00\x00\x00\x00\x00\x00\x00',4.666666666666666,5.0,0.0,1,2,2,0,,,,,0.1122353480590311,True,True,Aligned,1
E177,I07,b'\xe8\x07\x00\x00\x00\x00\x00\x00',b'\x01\x00\x00\x00\x00\x00\x00\x00',3.0,4.0,0.0,1,2,2,0,,,,,0.1122353480590311,False,True,Anti-Aligned,0
E177,I07,b'\xe8\x07\x00\x00\x00\x00\x00\x00',b'\x02\x00\x00\x00\x00\x00\x00\x00',3.2,4.333333333333333,0.0,1,2,2,0,,,,,0.1122353480590311,False,True,Anti-Aligned,0
E178,I07,b'\xe8\x07\x00\x00\x00\x00\x00\x00',b'\x01\x00\x00\x00\x00\x00\x00\x00',4.400000000000001,4.5,0.0,1,2,2,0,,,,,0.1122353480590311,True,True,Aligned,1
E178,I07,b'\xe8\x07\x00\x00\x00\x00\x00\x00',b'\x02\x00\x00\x00\x00\x00\x00\x00',4.5,4.5,0.0,1,2,2,0,,,,,0.1122353480590311,True,True,Aligned,1
E179,I07,b'\xe8\x07\x00\x00\x00\x00\x00\x00',b'\x01\x00\x00\x00\x00\x00\x00\x00',3.2000000000000006,3.5,0.0,1,2,2,0,,,,,0.1122353480590311,False,False,Aligned,1
E179,I07,b'\xe8\x07\x00\x00\x00\x00\x00\x00',b'\x02\x00\x00\x00\x00\x00\x00\x00',3.466666666666667,3.75,0.0,1,2,2,0,,,,,0.1122353480590311,False,False,Aligned,1
E180,I07,b'\xe8\x07\x00\x00\x00\x00\x00\x00',b'\x01\x00\x00\x00\x00\x00\x00\x00',5.0,5.0,0.0,1,0,2,3,,,,,0.1122353480590311,True,True,Aligned,1
E180,I07,b'\xe8\x07\x00\x00\x00\x00\x00\x00',b'\x02\x00\x00\x00\x00\x00\x00\x00',5.0,5.0,0.0,1,0,2,3,,,,,0.1122353480590311,True,True,Aligned,1
E181,I07,b'\xe8\x07\x00\x00\x00\x00\x00\x00',b'\x01\x00\x00\x00\x00\x00\x00\x00',4.0,4.0,0.0,1,2,2,0,,,,,0.1122353480590311,True,True,Aligned,1
E181,I07,b'\xe8\x07\x00\x00\x00\x00\x00\x00',b'\x02\x00\x00\x00\x00\x00\x00\x00',4.166666666666667,4.25,0.0,1,2,2,0,,,,,0.1122353480590311,True,True,Aligned,1
E182,I07,b'\xe8\x07\x00\x00\x00\x00\x00\x00',b'\x01\x00\x00\x00\x00\x00\x00\x00',2.5999999999999996,1.8333333333333333,0.0,1,2,2,0,,,,,0.1122353480590311,False,False,Aligned,1
E182,I07,b'\xe8\x07\x00\x00\x00\x00\x00\x00',b'\x02\x00\x00\x00\x00\x00\x00\x00',2.9000000000000004,2.4166666666666665,0.0,1,2,2,0,,,,,0.1122353480590311,False,False,Aligned,1
E183,I07,b'\xe8\x07\x00\x00\x00\x00\x00\x00',b'\x01\x00\x00\x00\x00\x00\x00\x00',3.166666666666667,3.0,0.0,1,2,2,0,,,,,0.1122353480590311,False,False,Aligned,1
E183,I07,b'\xe8\x07\x00\x00\x00\x00\x00\x00',b'\x02\x00\x00\x00\x00\x00\x00\x00',3.3000000000000003,3.1666666666666665,0.0,1,2,2,0,,,,,0.1122353480590311,False,False,Aligned,1
E184,I07,b'\xe8\x07\x00\x00\x00\x00\x00\x00',b'\x01\x00\x00\x00\x00\x00\x00\x00',4.844444444444445,5.0,0.0,1,0,2,3,,,,,0.1122353480590311,True,True,Aligned,1
E184,I07,b'\xe8\x07\x00\x00\x00\x00\x00\x00',b'\x02\x00\x00\x00\x00\x00\x00\x00',4.933333333333334,5.0,0.0,1,0,2,3,,,,,0.1122353480590311,True,True,Aligned,1
E185,I07,b'\xe8\x07\x00\x00\x00\x00\x00\x00',b'\x01\x00\x00\x00\x00\x00\x00\x00',4.366666666666667,4.5,0.0,1,2,2,0,,,,,0.1122353480590311,True,True,Aligned,1
E185,I07,b'\xe8\x07\x00\x00\x00\x00\x00\x00',b'\x02\x00\x00\x00\x00\x00\x00\x00',4.633333333333333,4.916666666666667,0.0,1,2,2,0,,,,,0.1122353480590311,True,True,Aligned,1
E186,I07,b'\xe8\x07\x00\x00\x00\x00\x00\x00',b'\x01\x00\x00\x00\x00\x00\x00\x00',2.466666666666667,2.6666666666666665,0.0,1,2,2,0,,,,,0.1122353480590311,False,False,Aligned,1
E186,I07,b'\xe8\x07\x00\x00\x00\x00\x00\x00',b'\x02\x00\x00\x00\x00\x00\x00\x00',2.7,2.6666666666666665,0.0,1,2,2,0,,,,,0.1122353480590311,False,False,Aligned,1
E187,I07,b'\xe8\x07\x00\x00\x00\x00\x00\x00',b'\x01\x00\x00\x00\x00\x00\x00\x00',3.4,3.0,0.0,1,2,2,0,,,,,0.1122353480590311,False,False,Aligned,1
E187,I07,b'\xe8\x07\x00\x00\x00\x00\x00\x00',b'\x02\x00\x00\x00\x00\x00\x00\x00',3.466666666666667,3.1666666666666665,0.0,1,2,2,0,,,,,0.1122353480590311,False,False,Aligned,1
E188,I07,b'\xe8\x07\x00\x00\x00\x00\x00\x00',b'\x01\x00\x00\x00\x00\x00\x00\x00',2.1333333333333337,1.9166666666666667,0.0,1,2,2,0,,,,,0.1122353480590311,False,False,Aligned,1
E188,I07,b'\xe8\x07\x00\x00\x00\x00\x00\x00',b'\x02\x00\x00\x00\x00\x00\x00\x00',2.3666666666666667,2.1666666666666665,0.0,1,2,2,0,,,,,0.1122353480590311,False,False,Aligned,1
E189,I07,b'\xe8\x07\x00\x00\x00\x00\x00\x00',b'\x01\x00\x00\x00\x00\x00\x00\x00',5.0,5.0,0.0,1,2,2,0,,,,,0.1122353480590311,True,True,Aligned,1
E189,I07,b'\xe8\x07\x00\x00\x00\x00\x00\x00',b'\x02\x00\x00\x00\x00\x00\x00\x00',5.0,5.0,0.0,1,2,2,0,,,,,0.1122353480590311,True,True,Aligned,1
E190,I07,b'\xe8\x07\x00\x00\x00\x00\x00\x00',b'\x01\x00\x00\x00\x00\x00\x00\x00',4.566666666666666,5.0,0.0,1,2,2,0,,,,,0.1122353480590311,True,True,Aligned,1
E190,I07,b'\xe8\x07\x00\x00\x00\x00\x00\x00',b'\x02\x00\x00\x00\x00\x00\x00\x00',4.699999999999999,5.0,0.0,1,2,2,0,,,,,0.1122353480590311,True,True,Aligned,1
E191,I07,b'\xe8\x07\x00\x00\x00\x00\x00\x00',b'\x01\x00\x00\x00\x00\x00\x00\x00',4.533333333333334,5.0,0.0,1,2,2,0,,,,,0.1122353480590311,True,True,Aligned,1
E191,I07,b'\xe8\x07\x00\x00\x00\x00\x00\x00',b'\x02\x00\x00\x00\x00\x00\x00\x00',4.5,5.0,0.0,1,2,2,0,,,,,0.1122353480590311,True,True,Aligned,1
E192,I07,b'\xe8\x07\x00\x00\x00\x00\x00\x00',b'\x01\x00\x00\x00\x00\x00\x00\x00',3.466666666666667,3.1666666666666665,0.0,1,2,2,0,,,,,0.1122353480590311,False,False,Aligned,1
E192,I07,b'\xe8\x07\x00\x00\x00\x00\x00\x00',b'\x02\x00\x00\x00\x00\x00\x00\x00',3.6999999999999997,3.3333333333333335,0.0,1,2,2,0,,,,,0.1122353480590311,False,False,Aligned,1
E193,I07,b'\xe8\x07\x00\x00\x00\x00\x00\x00',b'\x01\x00\x00\x00\x00\x00\x00\x00',3.9000000000000004,3.9166666666666665,0.0,1,2,2,0,,,,,0.1122353480590311,True,True,Aligned,1
E193,I07,b'\xe8\x07\x00\x00\x00\x00\x00\x00',b'\x02\x00\x00\x00\x00\x00\x00\x00',4.133333333333334,4.0,0.0,1,2,2,0,,,,,0.1122353480590311,True,True,Aligned,1
E194,I07,b'\xe8\x07\x00\x00\x00\x00\x00\x00',b'\x01\x00\x00\x00\x00\x00\x00\x00',2.4,2.0,0.0,1,2,2,0,,,,,0.1122353480590311,False,False,Aligned,1
E194,I07,b'\xe8\x07\x00\x00\x00\x00\x00\x00',b'\x02\x00\x00\x00\x00\x00\x00\x00',2.6666666666666665,2.0833333333333335,0.0,1,2,2,0,,,,,0.1122353480590311,False,False,Aligned,1
E195,I07,b'\xe8\x07\x00\x00\x00\x00\x00\x00',b'\x01\x00\x00\x00\x00\x00\x00\x00',4.4,4.666666666666667,0.0,1,2,2,0,,,,,0.1122353480590311,True,True,Aligned,1
E195,I07,b'\xe8\x07\x00\x00\x00\x00\x00\x00',b'\x02\x00\x00\x00\x00\x00\x00\x00',4.366666666666666,4.5,0.0,1,2,2,0,,,,,0.1122353480590311,True,True,Aligned,1
E196,I07,b'\xe8\x07\x00\x00\x00\x00\x00\x00',b'\x01\x00\x00\x00\x00\x00\x00\x00',2.7,2.6666666666666665,0.0,1,2,2,0,,,,,0.1122353480590311,False,False,Aligned,1
E196,I07,b'\xe8\x07\x00\x00\x00\x00\x00\x00',b'\x02\x00\x00\x00\x00\x00\x00\x00',2.6666666666666665,2.5833333333333335,0.0,1,2,2,0,,,,,0.1122353480590311,False,False,Aligned,1
E197,I07,b'\xe8\x07\x00\x00\x00\x00\x00\x00',b'\x01\x00\x00\x00\x00\x00\x00\x00',4.666666666666666,5.0,0.0,1,2,2,0,,,,,0.1122353480590311,True,True,Aligned,1
E197,I07,b'\xe8\x07\x00\x00\x00\x00\x00\x00',b'\x02\x00\x00\x00\x00\x00\x00\x00',4.599999999999999,5.0,0.0,1,2,2,0,,,,,0.1122353480590311,True,True,Aligned,1
E198,I07,b'\xe8\x07\x00\x00\x00\x00\x00\x00',b'\x01\x00\x00\x00\x00\x00\x00\x00',4.2,4.5,0.0,1,2,2,0,,,,,0.1122353480590311,True,True,Aligned,1
E198,I07,b'\xe8\x07\x00\x00\x00\x00\x00\x00',b'\x02\x00\x00\x00\x00\x00\x00\x00',4.3999999999999995,4.583333333333333,0.0,1,2,2,0,,,,,0.1122353480590311,True,True,Aligned,1
E199,I07,b'\xe8\x07\x00\x00\x00\x00\x00\x00',b'\x01\x00\x00\x00\x00\x00\x00\x00',5.0,5.0,0.0,1,2,2,0,,,,,0.1122353480590311,True,True,Aligned,1
E199,I07,b'\xe8\x07\x00\x00\x00\x00\x00\x00',b'\x02\x00\x00\x00\x00\x00\x00\x00',5.0,5.0,0.0,1,2,2,0,,,,,0.1122353480590311,True,True,Aligned,1
E200,I07,b'\xe8\x07\x00\x00\x00\x00\x00\x00',b'\x01\x00\x00\x00\x00\x00\x00\x00',3.9000000000000004,4.166666666666667,0.0,1,2,2,0,,,,,0.1122353480590311,True,True,Aligned,1
E200,I07,b'\xe8\x07\x00\x00\x00\x00\x00\x00',b'\x02\x00\x00\x00\x00\x00\x00\x00',4.0,4.166666666666667,0.0,1,2,2,0,,,,,0.1122353480590311,True,True,Aligned,1
E201,I07,b'\xe8\x07\x00\x00\x00\x00\x00\x00',b'\x01\x00\x00\x00\x00\x00\x00\x00',2.933333333333333,2.0833333333333335,0.0,1,2,2,0,,,,,0.1122353480590311,False,False,Aligned,1
E201,I07,b'\xe8\x07\x00\x00\x00\x00\x00\x00',b'\x02\x00\x00\x00\x00\x00\x00\x00',2.933333333333333,2.1666666666666665,0.0,1,2,2,0,,,,,0.1122353480590311,False,False,Aligned,1
E202,I07,b'\xe8\x07\x00\x00\x00\x00\x00\x00',b'\x01\x00\x00\x00\x00\x00\x00\x00',4.933333333333334,4.916666666666667,0.0,1,2,2,0,,,,,0.1122353480590311,True,True,Aligned,1
E202,I07,b'\xe8\x07\x00\x00\x00\x00\x00\x00',b'\x02\x00\x00\x00\x00\x00\x00\x00',5.0,5.0,0.0,1,2,2,0,,,,,0.1122353480590311,True,True,Aligned,1
E203,I07,b'\xe8\x07\x00\x00\x00\x00\x00\x00',b'\x01\x00\x00\x00\x00\x00\x00\x00',3.0999999999999996,3.1666666666666665,0.0,1,2,2,0,,,,,0.1122353480590311,False,False,Aligned,1
E203,I07,b'\xe8\x07\x00\x00\x00\x00\x00\x00',b'\x02\x00\x00\x00\x00\x00\x00\x00',3.433333333333333,3.4166666666666665,0.0,1,2,2,0,,,,,0.1122353480590311,False,False,Aligned,1
E204,I07,b'\xe8\x07\x00\x00\x00\x00\x00\x00',b'\x01\x00\x00\x00\x00\x00\x00\x00',3.033333333333333,2.4166666666666665,0.0,1,2,2,0,,,,,0.1122353480590311,False,False,Aligned,1
E204,I07,b'\xe8\x07\x00\x00\x00\x00\x00\x00',b'\x02\x00\x00\x00\x00\x00\x00\x00',3.266666666666667,3.0,0.0,1,2,2,0,,,,,0.1122353480590311,False,False,Aligned,1
E205,I07,b'\xe8\x07\x00\x00\x00\x00\x00\x00',b'\x01\x00\x00\x00\x00\x00\x00\x00',2.6,2.0,0.0,1,2,2,0,,,,,0.1122353480590311,False,False,Aligned,1
E205,I07,b'\xe8\x07\x00\x00\x00\x00\x00\x00',b'\x02\x00\x00\x00\x00\x00\x00\x00',2.7333333333333334,2.25,0.0,1,2,2,0,,,,,0.1122353480590311,False,False,Aligned,1
E206,I07,b'\xe8\x07\x00\x00\x00\x00\x00\x00',b'\x01\x00\x00\x00\x00\x00\x00\x00',4.400000000000001,5.0,0.0,1,2,2,0,,,,,0.1122353480590311,True,True,Aligned,1
E206,I07,b'\xe8\x07\x00\x00\x00\x00\x00\x00',b'\x02\x00\x00\x00\x00\x00\x00\x00',4.466666666666667,5.0,0.0,1,2,2,0,,,,,0.1122353480590311,True,True,Aligned,1
E207,I07,b'\xe8\x07\x00\x00\x00\x00\x00\x00',b'\x01\x00\x00\x00\x00\x00\x00\x00',1.666666666666667,1.1666666666666667,0.0,1,2,2,0,,,,,0.1122353480590311,False,False,Aligned,1
E207,I07,b'\xe8\x07\x00\x00\x00\x00\x00\x00',b'\x02\x00\x00\x00\x00\x00\x00\x00',1.8666666666666667,1.25,0.0,1,2,2,0,,,,,0.1122353480590311,False,False,Aligned,1
E208,I08,b'\xe8\x07\x00\x00\x00\x00\x00\x00',b'\x01\x00\x00\x00\x00\x00\x00\x00',4.366666666666667,4.5,0.0,1,1,2,0,,,,,0.12649110640673514,True,True,Aligned,1
E208,I08,b'\xe8\x07\x00\x00\x00\x00\x00\x00',b'\x02\x00\x00\x00\x00\x00\x00\x00',4.466666666666667,4.5,0.0,1,1,2,0,,,,,0.12649110640673514,True,True,Aligned,1
E209,I08,b'\xe8\x07\x00\x00\x00\x00\x00\x00',b'\x01\x00\x00\x00\x00\x00\x00\x00',4.533333333333333,4.916666666666667,0.0,1,2,2,0,,,,,0.12649110640673514,True,True,Aligned,1
E209,I08,b'\xe8\x07\x00\x00\x00\x00\x00\x00',b'\x02\x00\x00\x00\x00\x00\x00\x00',4.666666666666666,5.0,0.0,1,2,2,0,,,,,0.12649110640673514,True,True,Aligned,1
E210,I08,b'\xe8\x07\x00\x00\x00\x00\x00\x00',b'\x01\x00\x00\x00\x00\x00\x00\x00',2.8333333333333335,3.0,0.0,1,2,2,0,,,,,0.12649110640673514,False,False,Aligned,1
E210,I08,b'\xe8\x07\x00\x00\x00\x00\x00\x00',b'\x02\x00\x00\x00\x00\x00\x00\x00',3.0666666666666664,3.25,0.0,1,2,2,0,,,,,0.12649110640673514,False,False,Aligned,1
E211,I08,b'\xe8\x07\x00\x00\x00\x00\x00\x00',b'\x01\x00\x00\x00\x00\x00\x00\x00',2.0,1.5,0.0,1,1,2,0,,,,,0.12649110640673514,False,False,Aligned,1
E211,I08,b'\xe8\x07\x00\x00\x00\x00\x00\x00',b'\x02\x00\x00\x00\x00\x00\x00\x00',2.2333333333333334,1.9166666666666667,0.0,1,1,2,0,,,,,0.12649110640673514,False,False,Aligned,1
E212,I08,b'\xe8\x07\x00\x00\x00\x00\x00\x00',b'\x01\x00\x00\x00\x00\x00\x00\x00',3.966666666666667,5.0,0.0,1,2,2,0,,,,,0.12649110640673514,True,True,Aligned,1
E212,I08,b'\xe8\x07\x00\x00\x00\x00\x00\x00',b'\x02\x00\x00\x00\x00\x00\x00\x00',4.166666666666667,5.0,0.0,1,2,2,0,,,,,0.12649110640673514,True,True,Aligned,1
E213,I08,b'\xe8\x07\x00\x00\x00\x00\x00\x00',b'\x01\x00\x00\x00\x00\x00\x00\x00',3.2333333333333334,3.5,0.0,1,2,2,0,,,,,0.12649110640673514,False,False,Aligned,1
E213,I08,b'\xe8\x07\x00\x00\x00\x00\x00\x00',b'\x02\x00\x00\x00\x00\x00\x00\x00',3.566666666666666,4.083333333333333,0.0,1,2,2,0,,,,,0.12649110640673514,False,True,Anti-Aligned,0
E214,I08,b'\xe8\x07\x00\x00\x00\x00\x00\x00',b'\x01\x00\x00\x00\x00\x00\x00\x00',3.4,4.0,0.0,1,1,2,0,,,,,0.12649110640673514,False,True,Anti-Aligned,0
E214,I08,b'\xe8\x07\x00\x00\x00\x00\x00\x00',b'\x02\x00\x00\x00\x00\x00\x00\x00',3.6999999999999997,4.25,0.0,1,1,2,0,,,,,0.12649110640673514,False,True,Anti-Aligned,0
E215,I08,b'\xe8\x07\x00\x00\x00\x00\x00\x00',b'\x01\x00\x00\x00\x00\x00\x00\x00',4.766666666666667,4.5,0.0,1,0,2,3,,,,,0.12649110640673514,True,True,Aligned,1
E215,I08,b'\xe8\x07\x00\x00\x00\x00\x00\x00',b'\x02\x00\x00\x00\x00\x00\x00\x00',4.9,4.75,0.0,1,0,2,3,,,,,0.12649110640673514,True,True,Aligned,1
E216,I08,b'\xe8\x07\x00\x00\x00\x00\x00\x00',b'\x01\x00\x00\x00\x00\x00\x00\x00',3.0,3.0,0.0,1,2,2,0,,,,,0.12649110640673514,False,False,Aligned,1
E216,I08,b'\xe8\x07\x00\x00\x00\x00\x00\x00',b'\x02\x00\x00\x00\x00\x00\x00\x00',3.333333333333334,3.5,0.0,1,2,2,0,,,,,0.12649110640673514,False,False,Aligned,1
E217,I08,b'\xe8\x07\x00\x00\x00\x00\x00\x00',b'\x01\x00\x00\x00\x00\x00\x00\x00',3.266666666666667,2.1666666666666665,0.0,1,1,2,0,,,,,0.12649110640673514,False,False,Aligned,1
E217,I08,b'\xe8\x07\x00\x00\x00\x00\x00\x00',b'\x02\x00\x00\x00\x00\x00\x00\x00',3.3666666666666667,2.25,0.0,1,1,2,0,,,,,0.12649110640673514,False,False,Aligned,1
E218,I08,b'\xe8\x07\x00\x00\x00\x00\x00\x00',b'\x01\x00\x00\x00\x00\x00\x00\x00',4.133333333333334,4.0,0.0,1,2,2,0,,,,,0.12649110640673514,True,True,Aligned,1
E218,I08,b'\xe8\x07\x00\x00\x00\x00\x00\x00',b'\x02\x00\x00\x00\x00\x00\x00\x00',4.300000000000001,4.083333333333333,0.0,1,2,2,0,,,,,0.12649110640673514,True,True,Aligned,1
E219,I08,b'\xe8\x07\x00\x00\x00\x00\x00\x00',b'\x01\x00\x00\x00\x00\x00\x00\x00',4.477777777777778,4.166666666666667,0.0,1,0,2,3,,,,,0.12649110640673514,True,True,Aligned,1
E219,I08,b'\xe8\x07\x00\x00\x00\x00\x00\x00',b'\x02\x00\x00\x00\x00\x00\x00\x00',4.711111111111112,4.5,0.0,1,0,2,3,,,,,0.12649110640673514,True,True,Aligned,1
E220,I08,b'\xe8\x07\x00\x00\x00\x00\x00\x00',b'\x01\x00\x00\x00\x00\x00\x00\x00',2.1777777777777785,1.722222222222222,0.0,1,0,2,3,,,,,0.12649110640673514,False,False,Aligned,1
E220,I08,b'\xe8\x07\x00\x00\x00\x00\x00\x00',b'\x02\x00\x00\x00\x00\x00\x00\x00',2.4777777777777774,2.0,0.0,1,0,2,3,,,,,0.12649110640673514,False,False,Aligned,1
E221,I09,b'\xe8\x07\x00\x00\x00\x00\x00\x00',b'\x01\x00\x00\x00\x00\x00\x00\x00',4.0,4.0,0.0,1,1,2,0,,,,,0.10000000000000009,True,True,Aligned,1
E221,I09,b'\xe8\x07\x00\x00\x00\x00\x00\x00',b'\x02\x00\x00\x00\x00\x00\x00\x00',4.333333333333333,4.333333333333333,0.0,1,1,2,0,,,,,0.10000000000000009,True,True,Aligned,1
E222,I09,b'\xe8\x07\x00\x00\x00\x00\x00\x00',b'\x01\x00\x00\x00\x00\x00\x00\x00',2.333333333333334,2.111111111111111,0.0,1,0,2,3,,,,,0.10000000000000009,False,False,Aligned,1
E222,I09,b'\xe8\x07\x00\x00\x00\x00\x00\x00',b'\x02\x00\x00\x00\x00\x00\x00\x00',2.8,2.611111111111111,0.0,1,0,2,3,,,,,0.10000000000000009,False,False,Aligned,1
E223,I09,b'\xe8\x07\x00\x00\x00\x00\x00\x00',b'\x01\x00\x00\x00\x00\x00\x00\x00',4.966666666666667,5.0,0.0,1,1,2,0,,,,,0.10000000000000009,True,True,Aligned,1
E223,I09,b'\xe8\x07\x00\x00\x00\x00\x00\x00',b'\x02\x00\x00\x00\x00\x00\x00\x00',5.0,5.0,0.0,1,1,2,0,,,,,0.10000000000000009,True,True,Aligned,1
E224,I09,b'\xe8\x07\x00\x00\x00\x00\x00\x00',b'\x01\x00\x00\x00\x00\x00\x00\x00',4.699999999999999,4.833333333333333,0.0,1,0,2,3,,,,,0.10000000000000009,True,True,Aligned,1
E224,I09,b'\xe8\x07\x00\x00\x00\x00\x00\x00',b'\x02\x00\x00\x00\x00\x00\x00\x00',4.933333333333334,5.0,0.0,1,0,2,3,,,,,0.10000000000000009,True,True,Aligned,1
E225,I09,b'\xe8\x07\x00\x00\x00\x00\x00\x00',b'\x01\x00\x00\x00\x00\x00\x00\x00',4.400000000000001,5.0,0.0,1,1,2,0,,,,,0.10000000000000009,True,True,Aligned,1
E225,I09,b'\xe8\x07\x00\x00\x00\x00\x00\x00',b'\x02\x00\x00\x00\x00\x00\x00\x00',4.400000000000001,5.0,0.0,1,1,2,0,,,,,0.10000000000000009,True,True,Aligned,1
E226,I09,b'\xe8\x07\x00\x00\x00\x00\x00\x00',b'\x01\x00\x00\x00\x00\x00\x00\x00',1.6,1.9166666666666667,0.0,1,1,2,0,,,,,0.10000000000000009,False,False,Aligned,1
E226,I09,b'\xe8\x07\x00\x00\x00\x00\x00\x00',b'\x02\x00\x00\x00\x00\x00\x00\x00',1.8333333333333333,2.1666666666666665,0.0,1,1,2,0,,,,,0.10000000000000009,False,False,Aligned,1
E227,I09,b'\xe8\x07\x00\x00\x00\x00\x00\x00',b'\x01\x00\x00\x00\x00\x00\x00\x00',2.155555555555556,2.1666666666666665,0.0,1,0,2,3,,,,,0.10000000000000009,False,False,Aligned,1
E227,I09,b'\xe8\x07\x00\x00\x00\x00\x00\x00',b'\x02\x00\x00\x00\x00\x00\x00\x00',2.511111111111111,2.6666666666666665,0.0,1,0,2,3,,,,,0.10000000000000009,False,False,Aligned,1
E228,I09,b'\xe8\x07\x00\x00\x00\x00\x00\x00',b'\x01\x00\x00\x00\x00\x00\x00\x00',4.433333333333334,4.416666666666667,0.0,1,1,2,0,,,,,0.10000000000000009,True,True,Aligned,1
E228,I09,b'\xe8\x07\x00\x00\x00\x00\x00\x00',b'\x02\x00\x00\x00\x00\x00\x00\x00',4.6,4.75,0.0,1,1,2,0,,,,,0.10000000000000009,True,True,Aligned,1
E229,I09,b'\xe8\x07\x00\x00\x00\x00\x00\x00',b'\x01\x00\x00\x00\x00\x00\x00\x00',4.133333333333334,4.416666666666667,0.0,1,1,2,0,,,,,0.10000000000000009,True,True,Aligned,1
E229,I09,b'\xe8\x07\x00\x00\x00\x00\x00\x00',b'\x02\x00\x00\x00\x00\x00\x00\x00',4.2666666666666675,4.583333333333333,0.0,1,1,2,0,,,,,0.10000000000000009,True,True,Aligned,1
E230,I09,b'\xe8\x07\x00\x00\x00\x00\x00\x00',b'\x01\x00\x00\x00\x00\x00\x00\x00',3.8666666666666663,4.0,0.0,1,1,2,0,,,,,0.10000000000000009,True,True,Aligned,1
E230,I09,b'\xe8\x07\x00\x00\x00\x00\x00\x00',b'\x02\x00\x00\x00\x00\x00\x00\x00',4.033333333333334,4.333333333333333,0.0,1,1,2,0,,,,,0.10000000000000009,True,True,Aligned,1
E231,I09,b'\xe8\x07\x00\x00\x00\x00\x00\x00',b'\x01\x00\x00\x00\x00\x00\x00\x00',4.333333333333334,4.333333333333333,0.0,1,1,2,0,,,,,0.10000000000000009,True,True,Aligned,1
E231,I09,b'\xe8\x07\x00\x00\x00\x00\x00\x00',b'\x02\x00\x00\x00\x00\x00\x00\x00',4.5,4.75,0.0,1,1,2,0,,,,,0.10000000000000009,True,True,Aligned,1
E232,I09,b'\xe8\x07\x00\x00\x00\x00\x00\x00',b'\x01\x00\x00\x00\x00\x00\x00\x00',3.933333333333333,4.0,0.0,1,1,2,0,,,,,0.10000000000000009,True,True,Aligned,1
E232,I09,b'\xe8\x07\x00\x00\x00\x00\x00\x00',b'\x02\x00\x00\x00\x00\x00\x00\x00',4.2333333333333325,4.25,0.0,1,1,2,0,,,,,0.10000000000000009,True,True,Aligned,1
E233,I09,b'\xe8\x07\x00\x00\x00\x00\x00\x00',b'\x01\x00\x00\x00\x00\x00\x00\x00',4.400000000000001,4.5,0.0,1,1,2,0,,,,,0.10000000000000009,True,True,Aligned,1
E233,I09,b'\xe8\x07\x00\x00\x00\x00\x00\x00',b'\x02\x00\x00\x00\x00\x00\x00\x00',4.433333333333334,4.583333333333333,0.0,1,1,2,0,,,,,0.10000000000000009,True,True,Aligned,1
E234,I09,b'\xe8\x07\x00\x00\x00\x00\x00\x00',b'\x01\x00\x00\x00\x00\x00\x00\x00',4.566666666666666,5.0,0.0,1,1,2,0,,,,,0.10000000000000009,True,True,Aligned,1
E234,I09,b'\xe8\x07\x00\x00\x00\x00\x00\x00',b'\x02\x00\x00\x00\x00\x00\x00\x00',4.7333333333333325,5.0,0.0,1,1,2,0,,,,,0.10000000000000009,True,True,Aligned,1
E235,I09,b'\xe8\x07\x00\x00\x00\x00\x00\x00',b'\x01\x00\x00\x00\x00\x00\x00\x00',4.566666666666666,4.916666666666667,0.0,1,1,2,0,,,,,0.10000000000000009,True,True,Aligned,1
E235,I09,b'\xe8\x07\x00\x00\x00\x00\x00\x00',b'\x02\x00\x00\x00\x00\x00\x00\x00',4.699999999999999,5.0,0.0,1,1,2,0,,,,,0.10000000000000009,True,True,Aligned,1
E236,I09,b'\xe8\x07\x00\x00\x00\x00\x00\x00',b'\x01\x00\x00\x00\x00\x00\x00\x00',3.8333333333333335,4.5,0.0,1,1,2,0,,,,,0.10000000000000009,True,True,Aligned,1
E236,I09,b'\xe8\x07\x00\x00\x00\x00\x00\x00',b'\x02\x00\x00\x00\x00\x00\x00\x00',4.0,4.666666666666667,0.0,1,1,2,0,,,,,0.10000000000000009,True,True,Aligned,1
E237,I09,b'\xe8\x07\x00\x00\x00\x00\x00\x00',b'\x01\x00\x00\x00\x00\x00\x00\x00',3.6666666666666665,3.1666666666666665,0.0,1,1,2,0,,,,,0.10000000000000009,False,False,Aligned,1
E237,I09,b'\xe8\x07\x00\x00\x00\x00\x00\x00',b'\x02\x00\x00\x00\x00\x00\x00\x00',3.7666666666666666,3.25,0.0,1,1,2,0,,,,,0.10000000000000009,False,False,Aligned,1
E238,I09,b'\xe8\x07\x00\x00\x00\x00\x00\x00',b'\x01\x00\x00\x00\x00\x00\x00\x00',3.4000000000000004,3.5833333333333335,0.0,1,1,2,0,,,,,0.10000000000000009,False,False,Aligned,1
E238,I09,b'\xe8\x07\x00\x00\x00\x00\x00\x00',b'\x02\x00\x00\x00\x00\x00\x00\x00',3.6999999999999997,3.6666666666666665,0.0,1,1,2,0,,,,,0.10000000000000009,False,False,Aligned,1
E239,I09,b'\xe8\x07\x00\x00\x00\x00\x00\x00',b'\x01\x00\x00\x00\x00\x00\x00\x00',2.6666666666666665,2.6666666666666665,0.0,1,1,2,0,,,,,0.10000000000000009,False,False,Aligned,1
E239,I09,b'\xe8\x07\x00\x00\x00\x00\x00\x00',b'\x02\x00\x00\x00\x00\x00\x00\x00',2.8,3.0,0.0,1,1,2,0,,,,,0.10000000000000009,False,False,Aligned,1
E240,I09,b'\xe8\x07\x00\x00\x00\x00\x00\x00',b'\x01\x00\x00\x00\x00\x00\x00\x00',2.5999999999999996,3.5833333333333335,0.0,1,1,2,0,,,,,0.10000000000000009,False,False,Aligned,1
E240,I09,b'\xe8\x07\x00\x00\x00\x00\x00\x00',b'\x02\x00\x00\x00\x00\x00\x00\x00',2.8666666666666663,3.9166666666666665,0.0,1,1,2,0,,,,,0.10000000000000009,False,True,Anti-Aligned,0
E241,I09,b'\xe8\x07\x00\x00\x00\x00\x00\x00',b'\x01\x00\x00\x00\x00\x00\x00\x00',3.6666666666666665,3.0833333333333335,0.0,1,1,2,0,,,,,0.10000000000000009,False,False,Aligned,1
E241,I09,b'\xe8\x07\x00\x00\x00\x00\x00\x00',b'\x02\x00\x00\x00\x00\x00\x00\x00',3.7333333333333334,3.3333333333333335,0.0,1,1,2,0,,,,,0.10000000000000009,False,False,Aligned,1
E242,I09,b'\xe8\x07\x00\x00\x00\x00\x00\x00',b'\x01\x00\x00\x00\x00\x00\x00\x00',5.0,5.0,0.0,1,1,2,0,,,,,0.10000000000000009,True,True,Aligned,1
E242,I09,b'\xe8\x07\x00\x00\x00\x00\x00\x00',b'\x02\x00\x00\x00\x00\x00\x00\x00',5.0,5.0,0.0,1,1,2,0,,,,,0.10000000000000009,True,True,Aligned,1
E243,I09,b'\xe8\x07\x00\x00\x00\x00\x00\x00',b'\x01\x00\x00\x00\x00\x00\x00\x00',3.166666666666667,4.5,0.0,1,1,2,0,,,,,0.10000000000000009,False,True,Anti-Aligned,0
E243,I09,b'\xe8\x07\x00\x00\x00\x00\x00\x00',b'\x02\x00\x00\x00\x00\x00\x00\x00',3.3333333333333335,4.583333333333333,0.0,1,1,2,0,,,,,0.10000000000000009,False,True,Anti-Aligned,0
E244,I09,b'\xe8\x07\x00\x00\x00\x00\x00\x00',b'\x01\x00\x00\x00\x00\x00\x00\x00',4.566666666666666,5.0,0.0,1,1,2,0,,,,,0.10000000000000009,True,True,Aligned,1
E244,I09,b'\xe8\x07\x00\x00\x00\x00\x00\x00',b'\x02\x00\x00\x00\x00\x00\x00\x00',4.599999999999999,5.0,0.0,1,1,2,0,,,,,0.10000000000000009,True,True,Aligned,1
E245,I09,b'\xe8\x07\x00\x00\x00\x00\x00\x00',b'\x01\x00\x00\x00\x00\x00\x00\x00',3.933333333333333,3.9166666666666665,0.0,1,1,2,0,,,,,0.10000000000000009,True,True,Aligned,1
E245,I09,b'\xe8\x07\x00\x00\x00\x00\x00\x00',b'\x02\x00\x00\x00\x00\x00\x00\x00',4.233333333333333,4.166666666666667,0.0,1,1,2,0,,,,,0.10000000000000009,True,True,Aligned,1
E246,I09,b'\xe8\x07\x00\x00\x00\x00\x00\x00',b'\x01\x00\x00\x00\x00\x00\x00\x00',4.566666666666666,4.916666666666667,0.0,1,1,2,0,,,,,0.10000000000000009,True,True,Aligned,1
E246,I09,b'\xe8\x07\x00\x00\x00\x00\x00\x00',b'\x02\x00\x00\x00\x00\x00\x00\x00',4.666666666666666,5.0,0.0,1,1,2,0,,,,,0.10000000000000009,True,True,Aligned,1
E247,I09,b'\xe8\x07\x00\x00\x00\x00\x00\x00',b'\x01\x00\x00\x00\x00\x00\x00\x00',4.5,4.583333333333333,0.0,1,1,2,0,,,,,0.10000000000000009,True,True,Aligned,1
E247,I09,b'\xe8\x07\x00\x00\x00\x00\x00\x00',b'\x02\x00\x00\x00\x00\x00\x00\x00',4.566666666666666,4.666666666666667,0.0,1,1,2,0,,,,,0.10000000000000009,True,True,Aligned,1
E248,I09,b'\xe8\x07\x00\x00\x00\x00\x00\x00',b'\x01\x00\x00\x00\x00\x00\x00\x00',4.400000000000001,4.5,0.0,1,1,2,0,,,,,0.10000000000000009,True,True,Aligned,1
E248,I09,b'\xe8\x07\x00\x00\x00\x00\x00\x00',b'\x02\x00\x00\x00\x00\x00\x00\x00',4.6,4.5,0.0,1,1,2,0,,,,,0.10000000000000009,True,True,Aligned,1
E249,I09,b'\xe8\x07\x00\x00\x00\x00\x00\x00',b'\x01\x00\x00\x00\x00\x00\x00\x00',4.7333333333333325,4.416666666666667,0.0,1,1,2,0,,,,,0.10000000000000009,True,True,Aligned,1
E249,I09,b'\xe8\x07\x00\x00\x00\x00\x00\x00',b'\x02\x00\x00\x00\x00\x00\x00\x00',4.8,4.5,0.0,1,1,2,0,,,,,0.10000000000000009,True,True,Aligned,1
E250,I09,b'\xe8\x07\x00\x00\x00\x00\x00\x00',b'\x01\x00\x00\x00\x00\x00\x00\x00',4.2666666666666675,4.166666666666667,0.0,1,1,2,0,,,,,0.10000000000000009,True,True,Aligned,1
E250,I09,b'\xe8\x07\x00\x00\x00\x00\x00\x00',b'\x02\x00\x00\x00\x00\x00\x00\x00',4.300000000000001,4.25,0.0,1,1,2,0,,,,,0.10000000000000009,True,True,Aligned,1
E251,I09,b'\xe8\x07\x00\x00\x00\x00\x00\x00',b'\x01\x00\x00\x00\x00\x00\x00\x00',2.433333333333333,1.9166666666666667,0.0,1,1,2,0,,,,,0.10000000000000009,False,False,Aligned,1
E251,I09,b'\xe8\x07\x00\x00\x00\x00\x00\x00',b'\x02\x00\x00\x00\x00\x00\x00\x00',2.6333333333333333,2.1666666666666665,0.0,1,1,2,0,,,,,0.10000000000000009,False,False,Aligned,1
E252,I09,b'\xe8\x07\x00\x00\x00\x00\x00\x00',b'\x01\x00\x00\x00\x00\x00\x00\x00',2.733333333333333,2.4166666666666665,0.0,1,1,2,0,,,,,0.10000000000000009,False,False,Aligned,1
E252,I09,b'\xe8\x07\x00\x00\x00\x00\x00\x00',b'\x02\x00\x00\x00\x00\x00\x00\x00',3.2,2.9166666666666665,0.0,1,1,2,0,,,,,0.10000000000000009,False,False,Aligned,1
E253,I09,b'\xe8\x07\x00\x00\x00\x00\x00\x00',b'\x01\x00\x00\x00\x00\x00\x00\x00',4.566666666666666,4.5,0.0,1,1,2,0,,,,,0.10000000000000009,True,True,Aligned,1
E253,I09,b'\xe8\x07\x00\x00\x00\x00\x00\x00',b'\x02\x00\x00\x00\x00\x00\x00\x00',4.666666666666666,4.5,0.0,1,1,2,0,,,,,0.10000000000000009,True,True,Aligned,1
E254,I09,b'\xe8\x07\x00\x00\x00\x00\x00\x00',b'\x01\x00\x00\x00\x00\x00\x00\x00',2.266666666666667,2.1666666666666665,0.0,1,1,2,0,,,,,0.10000000000000009,False,False,Aligned,1
E254,I09,b'\xe8\x07\x00\x00\x00\x00\x00\x00',b'\x02\x00\x00\x00\x00\x00\x00\x00',2.3,2.25,0.0,1,1,2,0,,,,,0.10000000000000009,False,False,Aligned,1
E255,I09,b'\xe8\x07\x00\x00\x00\x00\x00\x00',b'\x01\x00\x00\x00\x00\x00\x00\x00',4.599999999999999,4.5,0.0,1,1,2,0,,,,,0.10000000000000009,True,True,Aligned,1
E255,I09,b'\xe8\x07\x00\x00\x00\x00\x00\x00',b'\x02\x00\x00\x00\x00\x00\x00\x00',4.766666666666667,4.666666666666667,0.0,1,1,2,0,,,,,0.10000000000000009,True,True,Aligned,1
E256,I09,b'\xe8\x07\x00\x00\x00\x00\x00\x00',b'\x01\x00\x00\x00\x00\x00\x00\x00',4.433333333333334,4.666666666666667,0.0,1,1,2,0,,,,,0.10000000000000009,True,True,Aligned,1
E256,I09,b'\xe8\x07\x00\x00\x00\x00\x00\x00',b'\x02\x00\x00\x00\x00\x00\x00\x00',4.5,4.666666666666667,0.0,1,1,2,0,,,,,0.10000000000000009,True,True,Aligned,1
E257,I09,b'\xe8\x07\x00\x00\x00\x00\x00\x00',b'\x01\x00\x00\x00\x00\x00\x00\x00',4.566666666666666,5.0,0.0,1,1,2,0,,,,,0.10000000000000009,True,True,Aligned,1
E257,I09,b'\xe8\x07\x00\x00\x00\x00\x00\x00',b'\x02\x00\x00\x00\x00\x00\x00\x00',4.666666666666666,5.0,0.0,1,1,2,0,,,,,0.10000000000000009,True,True,Aligned,1
E258,I09,b'\xe8\x07\x00\x00\x00\x00\x00\x00',b'\x01\x00\x00\x00\x00\x00\x00\x00',3.7666666666666666,3.9166666666666665,0.0,1,1,2,0,,,,,0.10000000000000009,False,True,Anti-Aligned,0
E258,I09,b'\xe8\x07\x00\x00\x00\x00\x00\x00',b'\x02\x00\x00\x00\x00\x00\x00\x00',3.8666666666666663,4.083333333333333,0.0,1,1,2,0,,,,,0.10000000000000009,True,True,Aligned,1
E259,I10,b'\xe8\x07\x00\x00\x00\x00\x00\x00',b'\x01\x00\x00\x00\x00\x00\x00\x00',4.433333333333334,4.0,0.0,1,1,2,0,,,,,0.10000000000000009,True,True,Aligned,1
E259,I10,b'\xe8\x07\x00\x00\x00\x00\x00\x00',b'\x02\x00\x00\x00\x00\x00\x00\x00',4.400000000000001,4.0,0.0,1,1,2,0,,,,,0.10000000000000009,True,True,Aligned,1
E260,I10,b'\xe8\x07\x00\x00\x00\x00\x00\x00',b'\x01\x00\x00\x00\x00\x00\x00\x00',3.5777777777777775,5.0,0.0,1,0,2,3,,,,,0.10000000000000009,False,True,Anti-Aligned,0
E260,I10,b'\xe8\x07\x00\x00\x00\x00\x00\x00',b'\x02\x00\x00\x00\x00\x00\x00\x00',3.8000000000000003,5.0,0.0,1,0,2,3,,,,,0.10000000000000009,True,True,Aligned,1
E261,I10,b'\xe8\x07\x00\x00\x00\x00\x00\x00',b'\x01\x00\x00\x00\x00\x00\x00\x00',2.0,1.5,0.0,1,1,2,0,,,,,0.10000000000000009,False,False,Aligned,1
E261,I10,b'\xe8\x07\x00\x00\x00\x00\x00\x00',b'\x02\x00\x00\x00\x00\x00\x00\x00',2.2666666666666666,1.8333333333333333,0.0,1,1,2,0,,,,,0.10000000000000009,False,False,Aligned,1
E262,I10,b'\xe8\x07\x00\x00\x00\x00\x00\x00',b'\x01\x00\x00\x00\x00\x00\x00\x00',3.3666666666666663,4.0,0.0,1,1,2,0,,,,,0.10000000000000009,False,True,Anti-Aligned,0
E262,I10,b'\xe8\x07\x00\x00\x00\x00\x00\x00',b'\x02\x00\x00\x00\x00\x00\x00\x00',3.6666666666666665,4.333333333333333,0.0,1,1,2,0,,,,,0.10000000000000009,False,True,Anti-Aligned,0
E263,I10,b'\xe8\x07\x00\x00\x00\x00\x00\x00',b'\x01\x00\x00\x00\x00\x00\x00\x00',3.966666666666667,4.0,0.0,1,1,2,0,,,,,0.10000000000000009,True,True,Aligned,1
E263,I10,b'\xe8\x07\x00\x00\x00\x00\x00\x00',b'\x02\x00\x00\x00\x00\x00\x00\x00',4.2333333333333325,4.166666666666667,0.0,1,1,2,0,,,,,0.10000000000000009,True,True,Aligned,1
E264,I10,b'\xe8\x07\x00\x00\x00\x00\x00\x00',b'\x01\x00\x00\x00\x00\x00\x00\x00',2.033333333333333,2.5,0.0,1,1,2,0,,,,,0.10000000000000009,False,False,Aligned,1
E264,I10,b'\xe8\x07\x00\x00\x00\x00\x00\x00',b'\x02\x00\x00\x00\x00\x00\x00\x00',2.2333333333333334,2.6666666666666665,0.0,1,1,2,0,,,,,0.10000000000000009,False,False,Aligned,1
E265,I10,b'\xe8\x07\x00\x00\x00\x00\x00\x00',b'\x01\x00\x00\x00\x00\x00\x00\x00',4.8,5.0,0.0,1,1,2,0,,,,,0.10000000000000009,True,True,Aligned,1
E265,I10,b'\xe8\x07\x00\x00\x00\x00\x00\x00',b'\x02\x00\x00\x00\x00\x00\x00\x00',4.9,5.0,0.0,1,1,2,0,,,,,0.10000000000000009,True,True,Aligned,1
E266,I10,b'\xe8\x07\x00\x00\x00\x00\x00\x00',b'\x01\x00\x00\x00\x00\x00\x00\x00',4.633333333333333,5.0,0.0,1,1,2,0,,,,,0.10000000000000009,True,True,Aligned,1
E266,I10,b'\xe8\x07\x00\x00\x00\x00\x00\x00',b'\x02\x00\x00\x00\x00\x00\x00\x00',4.666666666666666,5.0,0.0,1,1,2,0,,,,,0.10000000000000009,True,True,Aligned,1
E267,I10,b'\xe8\x07\x00\x00\x00\x00\x00\x00',b'\x01\x00\x00\x00\x00\x00\x00\x00',3.4000000000000004,2.6666666666666665,0.0,1,1,2,0,,,,,0.10000000000000009,False,False,Aligned,1
E267,I10,b'\xe8\x07\x00\x00\x00\x00\x00\x00',b'\x02\x00\x00\x00\x00\x00\x00\x00',3.533333333333333,2.6666666666666665,0.0,1,1,2,0,,,,,0.10000000000000009,False,False,Aligned,1
E268,I10,b'\xe8\x07\x00\x00\x00\x00\x00\x00',b'\x01\x00\x00\x00\x00\x00\x00\x00',4.8,4.5,0.0,1,1,2,0,,,,,0.10000000000000009,True,True,Aligned,1
E268,I10,b'\xe8\x07\x00\x00\x00\x00\x00\x00',b'\x02\x00\x00\x00\x00\x00\x00\x00',4.9,4.75,0.0,1,1,2,0,,,,,0.10000000000000009,True,True,Aligned,1
E269,I10,b'\xe8\x07\x00\x00\x00\x00\x00\x00',b'\x01\x00\x00\x00\x00\x00\x00\x00',1.9666666666666666,2.0,0.0,1,1,2,0,,,,,0.10000000000000009,False,False,Aligned,1
E269,I10,b'\xe8\x07\x00\x00\x00\x00\x00\x00',b'\x02\x00\x00\x00\x00\x00\x00\x00',2.1333333333333333,2.0,0.0,1,1,2,0,,,,,0.10000000000000009,False,False,Aligned,1
E270,I10,b'\xe8\x07\x00\x00\x00\x00\x00\x00',b'\x01\x00\x00\x00\x00\x00\x00\x00',4.533333333333333,5.0,0.0,1,1,2,0,,,,,0.10000000000000009,True,True,Aligned,1
E270,I10,b'\xe8\x07\x00\x00\x00\x00\x00\x00',b'\x02\x00\x00\x00\x00\x00\x00\x00',4.599999999999999,5.0,0.0,1,1,2,0,,,,,0.10000000000000009,True,True,Aligned,1
E271,I10,b'\xe8\x07\x00\x00\x00\x00\x00\x00',b'\x01\x00\x00\x00\x00\x00\x00\x00',4.822222222222221,5.0,0.0,1,0,2,3,,,,,0.10000000000000009,True,True,Aligned,1
E271,I10,b'\xe8\x07\x00\x00\x00\x00\x00\x00',b'\x02\x00\x00\x00\x00\x00\x00\x00',4.888888888888888,5.0,0.0,1,0,2,3,,,,,0.10000000000000009,True,True,Aligned,1
E272,I10,b'\xe8\x07\x00\x00\x00\x00\x00\x00',b'\x01\x00\x00\x00\x00\x00\x00\x00',3.533333333333333,3.6666666666666665,0.0,1,1,2,0,,,,,0.10000000000000009,False,False,Aligned,1
E272,I10,b'\xe8\x07\x00\x00\x00\x00\x00\x00',b'\x02\x00\x00\x00\x00\x00\x00\x00',3.566666666666666,3.5833333333333335,0.0,1,1,2,0,,,,,0.10000000000000009,False,False,Aligned,1
E273,I10,b'\xe8\x07\x00\x00\x00\x00\x00\x00',b'\x01\x00\x00\x00\x00\x00\x00\x00',5.0,5.0,0.0,1,1,2,0,,,,,0.10000000000000009,True,True,Aligned,1
E273,I10,b'\xe8\x07\x00\x00\x00\x00\x00\x00',b'\x02\x00\x00\x00\x00\x00\x00\x00',5.0,5.0,0.0,1,1,2,0,,,,,0.10000000000000009,True,True,Aligned,1
E274,I10,b'\xe8\x07\x00\x00\x00\x00\x00\x00',b'\x01\x00\x00\x00\x00\x00\x00\x00',4.666666666666666,4.666666666666667,0.0,1,1,2,0,,,,,0.10000000000000009,True,True,Aligned,1
E274,I10,b'\xe8\x07\x00\x00\x00\x00\x00\x00',b'\x02\x00\x00\x00\x00\x00\x00\x00',4.766666666666667,4.666666666666667,0.0,1,1,2,0,,,,,0.10000000000000009,True,True,Aligned,1
E275,I10,b'\xe8\x07\x00\x00\x00\x00\x00\x00',b'\x01\x00\x00\x00\x00\x00\x00\x00',3.2333333333333334,3.0,0.0,1,1,2,0,,,,,0.10000000000000009,False,False,Aligned,1
E275,I10,b'\xe8\x07\x00\x00\x00\x00\x00\x00',b'\x02\x00\x00\x00\x00\x00\x00\x00',3.3666666666666667,3.0833333333333335,0.0,1,1,2,0,,,,,0.10000000000000009,False,False,Aligned,1
E276,I10,b'\xe8\x07\x00\x00\x00\x00\x00\x00',b'\x01\x00\x00\x00\x00\x00\x00\x00',4.666666666666666,5.0,0.0,1,1,2,0,,,,,0.10000000000000009,True,True,Aligned,1
E276,I10,b'\xe8\x07\x00\x00\x00\x00\x00\x00',b'\x02\x00\x00\x00\x00\x00\x00\x00',4.599999999999999,5.0,0.0,1,1,2,0,,,,,0.10000000000000009,True,True,Aligned,1
E277,I11,b'\xe8\x07\x00\x00\x00\x00\x00\x00',b'\x01\x00\x00\x00\x00\x00\x00\x00',4.633333333333333,4.666666666666667,0.0,1,1,2,0,,,,,0.14524627736864773,True,True,Aligned,1
E277,I11,b'\xe8\x07\x00\x00\x00\x00\x00\x00',b'\x02\x00\x00\x00\x00\x00\x00\x00',4.699999999999999,4.5,0.0,1,1,2,0,,,,,0.14524627736864773,True,True,Aligned,1
E278,I11,b'\xe8\x07\x00\x00\x00\x00\x00\x00',b'\x01\x00\x00\x00\x00\x00\x00\x00',4.066666666666666,4.0,0.0,1,1,2,0,,,,,0.14524627736864773,True,True,Aligned,1
E278,I11,b'\xe8\x07\x00\x00\x00\x00\x00\x00',b'\x02\x00\x00\x00\x00\x00\x00\x00',4.133333333333334,4.0,0.0,1,1,2,0,,,,,0.14524627736864773,True,True,Aligned,1
E279,I11,b'\xe8\x07\x00\x00\x00\x00\x00\x00',b'\x01\x00\x00\x00\x00\x00\x00\x00',3.811111111111112,3.0277777777777772,0.0,1,0,2,3,,,,,0.14524627736864773,True,False,Anti-Aligned,0
E279,I11,b'\xe8\x07\x00\x00\x00\x00\x00\x00',b'\x02\x00\x00\x00\x00\x00\x00\x00',3.9777777777777774,3.3333333333333335,0.0,1,0,2,3,,,,,0.14524627736864773,True,False,Anti-Aligned,0
E280,I11,b'\xe8\x07\x00\x00\x00\x00\x00\x00',b'\x01\x00\x00\x00\x00\x00\x00\x00',1.6000000000000003,1.5,0.0,1,1,2,0,,,,,0.14524627736864773,False,False,Aligned,1
E280,I11,b'\xe8\x07\x00\x00\x00\x00\x00\x00',b'\x02\x00\x00\x00\x00\x00\x00\x00',1.8999999999999997,1.9166666666666667,0.0,1,1,2,0,,,,,0.14524627736864773,False,False,Aligned,1
E281,I11,b'\xe8\x07\x00\x00\x00\x00\x00\x00',b'\x01\x00\x00\x00\x00\x00\x00\x00',2.8333333333333335,2.5,0.0,1,1,2,0,,,,,0.14524627736864773,False,False,Aligned,1
E281,I11,b'\xe8\x07\x00\x00\x00\x00\x00\x00',b'\x02\x00\x00\x00\x00\x00\x00\x00',3.033333333333333,2.6666666666666665,0.0,1,1,2,0,,,,,0.14524627736864773,False,False,Aligned,1
E282,I11,b'\xe8\x07\x00\x00\x00\x00\x00\x00',b'\x01\x00\x00\x00\x00\x00\x00\x00',2.3333333333333335,1.5833333333333333,0.0,1,1,2,0,,,,,0.14524627736864773,False,False,Aligned,1
E282,I11,b'\xe8\x07\x00\x00\x00\x00\x00\x00',b'\x02\x00\x00\x00\x00\x00\x00\x00',2.6333333333333333,1.8333333333333333,0.0,1,1,2,0,,,,,0.14524627736864773,False,False,Aligned,1
E283,I11,b'\xe8\x07\x00\x00\x00\x00\x00\x00',b'\x01\x00\x00\x00\x00\x00\x00\x00',5.0,5.0,0.0,1,1,2,0,,,,,0.14524627736864773,True,True,Aligned,1
E283,I11,b'\xe8\x07\x00\x00\x00\x00\x00\x00',b'\x02\x00\x00\x00\x00\x00\x00\x00',5.0,5.0,0.0,1,1,2,0,,,,,0.14524627736864773,True,True,Aligned,1
E284,I11,b'\xe8\x07\x00\x00\x00\x00\x00\x00',b'\x01\x00\x00\x00\x00\x00\x00\x00',4.599999999999999,4.5,0.0,1,1,2,0,,,,,0.14524627736864773,True,True,Aligned,1
E284,I11,b'\xe8\x07\x00\x00\x00\x00\x00\x00',b'\x02\x00\x00\x00\x00\x00\x00\x00',4.7333333333333325,4.666666666666667,0.0,1,1,2,0,,,,,0.14524627736864773,True,True,Aligned,1
E285,I11,b'\xe8\x07\x00\x00\x00\x00\x00\x00',b'\x01\x00\x00\x00\x00\x00\x00\x00',3.8333333333333335,4.083333333333333,0.0,1,1,2,0,,,,,0.14524627736864773,True,True,Aligned,1
E285,I11,b'\xe8\x07\x00\x00\x00\x00\x00\x00',b'\x02\x00\x00\x00\x00\x00\x00\x00',3.9000000000000004,4.083333333333333,0.0,1,1,2,0,,,,,0.14524627736864773,True,True,Aligned,1
E286,I11,b'\xe8\x07\x00\x00\x00\x00\x00\x00',b'\x01\x00\x00\x00\x00\x00\x00\x00',2.088888888888889,2.611111111111111,0.0,1,0,2,3,,,,,0.14524627736864773,False,False,Aligned,1
E286,I11,b'\xe8\x07\x00\x00\x00\x00\x00\x00',b'\x02\x00\x00\x00\x00\x00\x00\x00',2.466666666666667,3.0,0.0,1,0,2,3,,,,,0.14524627736864773,False,False,Aligned,1
E287,I11,b'\xe8\x07\x00\x00\x00\x00\x00\x00',b'\x01\x00\x00\x00\x00\x00\x00\x00',4.666666666666666,4.666666666666667,0.0,1,1,2,0,,,,,0.14524627736864773,True,True,Aligned,1
E287,I11,b'\xe8\x07\x00\x00\x00\x00\x00\x00',b'\x02\x00\x00\x00\x00\x00\x00\x00',4.7333333333333325,4.666666666666667,0.0,1,1,2,0,,,,,0.14524627736864773,True,True,Aligned,1
E288,I11,b'\xe8\x07\x00\x00\x00\x00\x00\x00',b'\x01\x00\x00\x00\x00\x00\x00\x00',3.566666666666667,3.3333333333333335,0.0,1,1,2,0,,,,,0.14524627736864773,False,False,Aligned,1
E288,I11,b'\xe8\x07\x00\x00\x00\x00\x00\x00',b'\x02\x00\x00\x00\x00\x00\x00\x00',3.7333333333333334,3.0,0.0,1,1,2,0,,,,,0.14524627736864773,False,False,Aligned,1
E289,I11,b'\xe8\x07\x00\x00\x00\x00\x00\x00',b'\x01\x00\x00\x00\x00\x00\x00\x00',4.6,4.083333333333333,0.0,1,1,2,0,,,,,0.14524627736864773,True,True,Aligned,1
E289,I11,b'\xe8\x07\x00\x00\x00\x00\x00\x00',b'\x02\x00\x00\x00\x00\x00\x00\x00',4.7333333333333325,4.333333333333333,0.0,1,1,2,0,,,,,0.14524627736864773,True,True,Aligned,1
E290,I11,b'\xe8\x07\x00\x00\x00\x00\x00\x00',b'\x01\x00\x00\x00\x00\x00\x00\x00',4.933333333333334,4.833333333333333,0.0,1,1,2,0,,,,,0.14524627736864773,True,True,Aligned,1
E290,I11,b'\xe8\x07\x00\x00\x00\x00\x00\x00',b'\x02\x00\x00\x00\x00\x00\x00\x00',5.0,5.0,0.0,1,1,2,0,,,,,0.14524627736864773,True,True,Aligned,1
E291,I11,b'\xe8\x07\x00\x00\x00\x00\x00\x00',b'\x01\x00\x00\x00\x00\x00\x00\x00',2.5999999999999996,2.5833333333333335,0.0,1,1,2,0,,,,,0.14524627736864773,False,False,Aligned,1
E291,I11,b'\xe8\x07\x00\x00\x00\x00\x00\x00',b'\x02\x00\x00\x00\x00\x00\x00\x00',2.933333333333333,2.9166666666666665,0.0,1,1,2,0,,,,,0.14524627736864773,False,False,Aligned,1
E292,I12,b'\xe8\x07\x00\x00\x00\x00\x00\x00',b'\x01\x00\x00\x00\x00\x00\x00\x00',2.533333333333333,3.5,0.0,1,5,2,0,,,,,0.1322875655532294,False,False,Aligned,1
E292,I12,b'\xe8\x07\x00\x00\x00\x00\x00\x00',b'\x02\x00\x00\x00\x00\x00\x00\x00',2.56,3.6666666666666665,0.0,1,5,2,0,,,,,0.1322875655532294,False,False,Aligned,1
E293,I12,b'\xe8\x07\x00\x00\x00\x00\x00\x00',b'\x01\x00\x00\x00\x00\x00\x00\x00',2.9444444444444446,3.1666666666666665,0.0,1,0,2,3,,,,,0.1322875655532294,False,False,Aligned,1
E293,I12,b'\xe8\x07\x00\x00\x00\x00\x00\x00',b'\x02\x00\x00\x00\x00\x00\x00\x00',3.344444444444444,3.5833333333333335,0.0,1,0,2,3,,,,,0.1322875655532294,False,False,Aligned,1
E294,I12,b'\xe8\x07\x00\x00\x00\x00\x00\x00',b'\x01\x00\x00\x00\x00\x00\x00\x00',4.533333333333333,3.9166666666666665,0.0,1,5,2,0,,,,,0.1322875655532294,True,True,Aligned,1
E294,I12,b'\xe8\x07\x00\x00\x00\x00\x00\x00',b'\x02\x00\x00\x00\x00\x00\x00\x00',4.599999999999999,4.0,0.0,1,5,2,0,,,,,0.1322875655532294,True,True,Aligned,1
E295,I12,b'\xe8\x07\x00\x00\x00\x00\x00\x00',b'\x01\x00\x00\x00\x00\x00\x00\x00',2.6333333333333333,3.4166666666666665,0.0,1,5,2,0,,,,,0.1322875655532294,False,False,Aligned,1
E295,I12,b'\xe8\x07\x00\x00\x00\x00\x00\x00',b'\x02\x00\x00\x00\x00\x00\x00\x00',2.8133333333333335,3.6666666666666665,0.0,1,5,2,0,,,,,0.1322875655532294,False,False,Aligned,1
E296,I12,b'\xe8\x07\x00\x00\x00\x00\x00\x00',b'\x01\x00\x00\x00\x00\x00\x00\x00',4.633333333333333,4.416666666666667,0.0,1,5,2,0,,,,,0.1322875655532294,True,True,Aligned,1
E296,I12,b'\xe8\x07\x00\x00\x00\x00\x00\x00',b'\x02\x00\x00\x00\x00\x00\x00\x00',4.599999999999999,4.5,0.0,1,5,2,0,,,,,0.1322875655532294,True,True,Aligned,1
E297,I12,b'\xe8\x07\x00\x00\x00\x00\x00\x00',b'\x01\x00\x00\x00\x00\x00\x00\x00',2.533333333333333,2.8333333333333335,0.0,1,0,2,3,,,,,0.1322875655532294,False,False,Aligned,1
E297,I12,b'\xe8\x07\x00\x00\x00\x00\x00\x00',b'\x02\x00\x00\x00\x00\x00\x00\x00',2.888888888888889,3.055555555555556,0.0,1,0,2,3,,,,,0.1322875655532294,False,False,Aligned,1
E298,I12,b'\xe8\x07\x00\x00\x00\x00\x00\x00',b'\x01\x00\x00\x00\x00\x00\x00\x00',5.0,5.0,0.0,1,5,2,0,,,,,0.1322875655532294,True,True,Aligned,1
E298,I12,b'\xe8\x07\x00\x00\x00\x00\x00\x00',b'\x02\x00\x00\x00\x00\x00\x00\x00',5.0,5.0,0.0,1,5,2,0,,,,,0.1322875655532294,True,True,Aligned,1
E299,I12,b'\xe8\x07\x00\x00\x00\x00\x00\x00',b'\x01\x00\x00\x00\x00\x00\x00\x00',4.599999999999999,5.0,0.0,1,5,2,0,,,,,0.1322875655532294,True,True,Aligned,1
E299,I12,b'\xe8\x07\x00\x00\x00\x00\x00\x00',b'\x02\x00\x00\x00\x00\x00\x00\x00',4.666666666666666,5.0,0.0,1,5,2,0,,,,,0.1322875655532294,True,True,Aligned,1
E300,I12,b'\xe8\x07\x00\x00\x00\x00\x00\x00',b'\x01\x00\x00\x00\x00\x00\x00\x00',3.5999999999999996,4.0,0.0,1,5,2,0,,,,,0.1322875655532294,False,True,Anti-Aligned,0
E300,I12,b'\xe8\x07\x00\x00\x00\x00\x00\x00',b'\x02\x00\x00\x00\x00\x00\x00\x00',3.7733333333333334,4.2,0.0,1,5,2,0,,,,,0.1322875655532294,False,True,Anti-Aligned,0
E301,I12,b'\xe8\x07\x00\x00\x00\x00\x00\x00',b'\x01\x00\x00\x00\x00\x00\x00\x00',4.866666666666666,4.666666666666667,0.0,1,5,2,0,,,,,0.1322875655532294,True,True,Aligned,1
E301,I12,b'\xe8\x07\x00\x00\x00\x00\x00\x00',b'\x02\x00\x00\x00\x00\x00\x00\x00',4.8,4.5,0.0,1,5,2,0,,,,,0.1322875655532294,True,True,Aligned,1
E302,I12,b'\xe8\x07\x00\x00\x00\x00\x00\x00',b'\x01\x00\x00\x00\x00\x00\x00\x00',3.033333333333333,2.388888888888889,0.0,1,0,2,3,,,,,0.1322875655532294,False,False,Aligned,1
E302,I12,b'\xe8\x07\x00\x00\x00\x00\x00\x00',b'\x02\x00\x00\x00\x00\x00\x00\x00',3.022222222222222,2.055555555555556,0.0,1,0,2,3,,,,,0.1322875655532294,False,False,Aligned,1
E303,I12,b'\xe8\x07\x00\x00\x00\x00\x00\x00',b'\x01\x00\x00\x00\x00\x00\x00\x00',2.7,3.0,0.0,1,5,2,0,,,,,0.1322875655532294,False,False,Aligned,1
E303,I12,b'\xe8\x07\x00\x00\x00\x00\x00\x00',b'\x02\x00\x00\x00\x00\x00\x00\x00',2.7800000000000002,3.0,0.0,1,5,2,0,,,,,0.1322875655532294,False,False,Aligned,1
E304,I12,b'\xe8\x07\x00\x00\x00\x00\x00\x00',b'\x01\x00\x00\x00\x00\x00\x00\x00',4.2,4.0,0.0,1,5,2,0,,,,,0.1322875655532294,True,True,Aligned,1
E304,I12,b'\xe8\x07\x00\x00\x00\x00\x00\x00',b'\x02\x00\x00\x00\x00\x00\x00\x00',4.38,4.2,0.0,1,5,2,0,,,,,0.1322875655532294,True,True,Aligned,1
E305,I12,b'\xe8\x07\x00\x00\x00\x00\x00\x00',b'\x01\x00\x00\x00\x00\x00\x00\x00',2.3333333333333335,3.0,0.0,1,5,2,0,,,,,0.1322875655532294,False,False,Aligned,1
E305,I12,b'\xe8\x07\x00\x00\x00\x00\x00\x00',b'\x02\x00\x00\x00\x00\x00\x00\x00',2.6466666666666665,3.1999999999999997,0.0,1,5,2,0,,,,,0.1322875655532294,False,False,Aligned,1
E306,I12,b'\xe8\x07\x00\x00\x00\x00\x00\x00',b'\x01\x00\x00\x00\x00\x00\x00\x00',2.266666666666667,2.0833333333333335,0.0,1,5,2,0,,,,,0.1322875655532294,False,False,Aligned,1
E306,I12,b'\xe8\x07\x00\x00\x00\x00\x00\x00',b'\x02\x00\x00\x00\x00\x00\x00\x00',2.3666666666666667,2.3333333333333335,0.0,1,5,2,0,,,,,0.1322875655532294,False,False,Aligned,1
E307,I12,b'\xe8\x07\x00\x00\x00\x00\x00\x00',b'\x01\x00\x00\x00\x00\x00\x00\x00',4.366666666666667,4.416666666666667,0.0,1,5,2,0,,,,,0.1322875655532294,True,True,Aligned,1
E307,I12,b'\xe8\x07\x00\x00\x00\x00\x00\x00',b'\x02\x00\x00\x00\x00\x00\x00\x00',4.546666666666667,4.7,0.0,1,5,2,0,,,,,0.1322875655532294,True,True,Aligned,1
E308,I12,b'\xe8\x07\x00\x00\x00\x00\x00\x00',b'\x01\x00\x00\x00\x00\x00\x00\x00',4.933333333333334,4.916666666666667,0.0,1,5,2,0,,,,,0.1322875655532294,True,True,Aligned,1
E308,I12,b'\xe8\x07\x00\x00\x00\x00\x00\x00',b'\x02\x00\x00\x00\x00\x00\x00\x00',5.0,5.0,0.0,1,5,2,0,,,,,0.1322875655532294,True,True,Aligned,1
E309,I12,b'\xe8\x07\x00\x00\x00\x00\x00\x00',b'\x01\x00\x00\x00\x00\x00\x00\x00',1.7999999999999998,1.0,0.0,1,5,2,0,,,,,0.1322875655532294,False,False,Aligned,1
E309,I12,b'\xe8\x07\x00\x00\x00\x00\x00\x00',b'\x02\x00\x00\x00\x00\x00\x00\x00',2.1466666666666665,1.4166666666666667,0.0,1,5,2,0,,,,,0.1322875655532294,False,False,Aligned,1
E310,I12,b'\xe8\x07\x00\x00\x00\x00\x00\x00',b'\x01\x00\x00\x00\x00\x00\x00\x00',1.9000000000000001,2.5833333333333335,0.0,1,5,2,0,,,,,0.1322875655532294,False,False,Aligned,1
E310,I12,b'\xe8\x07\x00\x00\x00\x00\x00\x00',b'\x02\x00\x00\x00\x00\x00\x00\x00',1.9799999999999995,2.6666666666666665,0.0,1,5,2,0,,,,,0.1322875655532294,False,False,Aligned,1
E311,I12,b'\xe8\x07\x00\x00\x00\x00\x00\x00',b'\x01\x00\x00\x00\x00\x00\x00\x00',3.433333333333333,4.0,0.0,1,5,2,0,,,,,0.1322875655532294,False,True,Anti-Aligned,0
E311,I12,b'\xe8\x07\x00\x00\x00\x00\x00\x00',b'\x02\x00\x00\x00\x00\x00\x00\x00',3.6333333333333337,4.0,0.0,1,5,2,0,,,,,0.1322875655532294,False,True,Anti-Aligned,0
E312,I12,b'\xe8\x07\x00\x00\x00\x00\x00\x00',b'\x01\x00\x00\x00\x00\x00\x00\x00',4.066666666666666,4.5,0.0,1,5,2,0,,,,,0.1322875655532294,True,True,Aligned,1
E312,I12,b'\xe8\x07\x00\x00\x00\x00\x00\x00',b'\x02\x00\x00\x00\x00\x00\x00\x00',4.166666666666667,4.5,0.0,1,5,2,0,,,,,0.1322875655532294,True,True,Aligned,1
E313,I12,b'\xe8\x07\x00\x00\x00\x00\x00\x00',b'\x01\x00\x00\x00\x00\x00\x00\x00',2.0999999999999996,1.6666666666666667,0.0,1,5,2,0,,,,,0.1322875655532294,False,False,Aligned,1
E313,I12,b'\xe8\x07\x00\x00\x00\x00\x00\x00',b'\x02\x00\x00\x00\x00\x00\x00\x00',2.1466666666666665,1.5,0.0,1,5,2,0,,,,,0.1322875655532294,False,False,Aligned,1
E314,I12,b'\xe8\x07\x00\x00\x00\x00\x00\x00',b'\x01\x00\x00\x00\x00\x00\x00\x00',2.0,2.0,0.0,1,5,2,0,,,,,0.1322875655532294,False,False,Aligned,1
E314,I12,b'\xe8\x07\x00\x00\x00\x00\x00\x00',b'\x02\x00\x00\x00\x00\x00\x00\x00',2.18,2.033333333333333,0.0,1,5,2,0,,,,,0.1322875655532294,False,False,Aligned,1
E315,I12,b'\xe8\x07\x00\x00\x00\x00\x00\x00',b'\x01\x00\x00\x00\x00\x00\x00\x00',4.0,3.5,0.0,1,5,2,0,,,,,0.1322875655532294,True,False,Anti-Aligned,0
E315,I12,b'\xe8\x07\x00\x00\x00\x00\x00\x00',b'\x02\x00\x00\x00\x00\x00\x00\x00',4.126666666666666,3.6999999999999997,0.0,1,5,2,0,,,,,0.1322875655532294,True,False,Anti-Aligned,0
E316,I12,b'\xe8\x07\x00\x00\x00\x00\x00\x00',b'\x01\x00\x00\x00\x00\x00\x00\x00',3.2333333333333334,4.5,0.0,1,5,2,0,,,,,0.1322875655532294,False,True,Anti-Aligned,0
E316,I12,b'\xe8\x07\x00\x00\x00\x00\x00\x00',b'\x02\x00\x00\x00\x00\x00\x00\x00',3.3466666666666667,4.7,0.0,1,5,2,0,,,,,0.1322875655532294,False,True,Anti-Aligned,0
E317,I12,b'\xe8\x07\x00\x00\x00\x00\x00\x00',b'\x01\x00\x00\x00\x00\x00\x00\x00',3.533333333333333,4.555555555555555,0.0,1,0,2,3,,,,,0.1322875655532294,False,True,Anti-Aligned,0
E317,I12,b'\xe8\x07\x00\x00\x00\x00\x00\x00',b'\x02\x00\x00\x00\x00\x00\x00\x00',3.644444444444444,4.611111111111112,0.0,1,0,2,3,,,,,0.1322875655532294,False,True,Anti-Aligned,0
E318,I12,b'\xe8\x07\x00\x00\x00\x00\x00\x00',b'\x01\x00\x00\x00\x00\x00\x00\x00',4.0,3.6111111111111107,0.0,1,0,2,3,,,,,0.1322875655532294,True,False,Anti-Aligned,0
E318,I12,b'\xe8\x07\x00\x00\x00\x00\x00\x00',b'\x02\x00\x00\x00\x00\x00\x00\x00',4.166666666666667,4.027777777777778,0.0,1,0,2,3,,,,,0.1322875655532294,True,True,Aligned,1
E319,I12,b'\xe8\x07\x00\x00\x00\x00\x00\x00',b'\x01\x00\x00\x00\x00\x00\x00\x00',4.433333333333334,4.083333333333333,0.0,1,5,2,0,,,,,0.1322875655532294,True,True,Aligned,1
E319,I12,b'\xe8\x07\x00\x00\x00\x00\x00\x00',b'\x02\x00\x00\x00\x00\x00\x00\x00',4.493333333333334,4.2,0.0,1,5,2,0,,,,,0.1322875655532294,True,True,Aligned,1
E320,I12,b'\xe8\x07\x00\x00\x00\x00\x00\x00',b'\x01\x00\x00\x00\x00\x00\x00\x00',3.1333333333333337,4.916666666666667,0.0,1,5,2,0,,,,,0.1322875655532294,False,True,Anti-Aligned,0
E320,I12,b'\xe8\x07\x00\x00\x00\x00\x00\x00',b'\x02\x00\x00\x00\x00\x00\x00\x00',3.4333333333333336,5.0,0.0,1,5,2,0,,,,,0.1322875655532294,False,True,Anti-Aligned,0
E321,I12,b'\xe8\x07\x00\x00\x00\x00\x00\x00',b'\x01\x00\x00\x00\x00\x00\x00\x00',3.5999999999999996,3.5,0.0,1,5,2,0,,,,,0.1322875655532294,False,False,Aligned,1
E321,I12,b'\xe8\x07\x00\x00\x00\x00\x00\x00',b'\x02\x00\x00\x00\x00\x00\x00\x00',3.6666666666666665,3.6666666666666665,0.0,1,5,2,0,,,,,0.1322875655532294,False,False,Aligned,1
E322,I12,b'\xe8\x07\x00\x00\x00\x00\x00\x00',b'\x01\x00\x00\x00\x00\x00\x00\x00',2.8333333333333335,2.9166666666666665,0.0,1,5,2,0,,,,,0.1322875655532294,False,False,Aligned,1
E322,I12,b'\xe8\x07\x00\x00\x00\x00\x00\x00',b'\x02\x00\x00\x00\x00\x00\x00\x00',2.9999999999999996,3.1666666666666665,0.0,1,5,2,0,,,,,0.1322875655532294,False,False,Aligned,1
E323,I12,b'\xe8\x07\x00\x00\x00\x00\x00\x00',b'\x01\x00\x00\x00\x00\x00\x00\x00',3.266666666666667,3.5,0.0,1,5,2,0,,,,,0.1322875655532294,False,False,Aligned,1
E323,I12,b'\xe8\x07\x00\x00\x00\x00\x00\x00',b'\x02\x00\x00\x00\x00\x00\x00\x00',3.466666666666667,3.9166666666666665,0.0,1,5,2,0,,,,,0.1322875655532294,False,True,Anti-Aligned,0
E324,I12,b'\xe8\x07\x00\x00\x00\x00\x00\x00',b'\x01\x00\x00\x00\x00\x00\x00\x00',4.533333333333333,4.833333333333333,0.0,1,5,2,0,,,,,0.1322875655532294,True,True,Aligned,1
E324,I12,b'\xe8\x07\x00\x00\x00\x00\x00\x00',b'\x02\x00\x00\x00\x00\x00\x00\x00',4.599999999999999,5.0,0.0,1,5,2,0,,,,,0.1322875655532294,True,True,Aligned,1
E325,I12,b'\xe8\x07\x00\x00\x00\x00\x00\x00',b'\x01\x00\x00\x00\x00\x00\x00\x00',4.833333333333333,5.0,0.0,1,5,2,0,,,,,0.1322875655532294,True,True,Aligned,1
E325,I12,b'\xe8\x07\x00\x00\x00\x00\x00\x00',b'\x02\x00\x00\x00\x00\x00\x00\x00',4.8,5.0,0.0,1,5,2,0,,,,,0.1322875655532294,True,True,Aligned,1
E326,I12,b'\xe8\x07\x00\x00\x00\x00\x00\x00',b'\x01\x00\x00\x00\x00\x00\x00\x00',4.566666666666666,5.0,0.0,1,5,2,0,,,,,0.1322875655532294,True,True,Aligned,1
E326,I12,b'\xe8\x07\x00\x00\x00\x00\x00\x00',b'\x02\x00\x00\x00\x00\x00\x00\x00',4.633333333333333,5.0,0.0,1,5,2,0,,,,,0.1322875655532294,True,True,Aligned,1
E327,I12,b'\xe8\x07\x00\x00\x00\x00\x00\x00',b'\x01\x00\x00\x00\x00\x00\x00\x00',3.0,3.5,0.0,1,5,2,0,,,,,0.1322875655532294,False,False,Aligned,1
E327,I12,b'\xe8\x07\x00\x00\x00\x00\x00\x00',b'\x02\x00\x00\x00\x00\x00\x00\x00',3.1599999999999997,3.5,0.0,1,5,2,0,,,,,0.1322875655532294,False,False,Aligned,1
E328,I12,b'\xe8\x07\x00\x00\x00\x00\x00\x00',b'\x01\x00\x00\x00\x00\x00\x00\x00',2.466666666666667,1.5,0.0,1,5,2,0,,,,,0.1322875655532294,False,False,Aligned,1
E328,I12,b'\xe8\x07\x00\x00\x00\x00\x00\x00',b'\x02\x00\x00\x00\x00\x00\x00\x00',2.7,1.7833333333333332,0.0,1,5,2,0,,,,,0.1322875655532294,False,False,Aligned,1
E329,I13,b'\xe8\x07\x00\x00\x00\x00\x00\x00',b'\x01\x00\x00\x00\x00\x00\x00\x00',4.833333333333333,5.0,0.0,1,0,2,3,,,,,0.09797958971132721,True,True,Aligned,1
E329,I13,b'\xe8\x07\x00\x00\x00\x00\x00\x00',b'\x02\x00\x00\x00\x00\x00\x00\x00',4.933333333333334,5.0,0.0,1,0,2,3,,,,,0.09797958971132721,True,True,Aligned,1
E330,I13,b'\xe8\x07\x00\x00\x00\x00\x00\x00',b'\x01\x00\x00\x00\x00\x00\x00\x00',3.6666666666666665,4.0,0.0,1,2,2,0,,,,,0.09797958971132721,False,True,Anti-Aligned,0
E330,I13,b'\xe8\x07\x00\x00\x00\x00\x00\x00',b'\x02\x00\x00\x00\x00\x00\x00\x00',3.7666666666666666,4.083333333333333,0.0,1,2,2,0,,,,,0.09797958971132721,False,True,Anti-Aligned,0
E331,I13,b'\xe8\x07\x00\x00\x00\x00\x00\x00',b'\x01\x00\x00\x00\x00\x00\x00\x00',4.033333333333334,3.4166666666666665,0.0,1,2,2,0,,,,,0.09797958971132721,True,False,Anti-Aligned,0
E331,I13,b'\xe8\x07\x00\x00\x00\x00\x00\x00',b'\x02\x00\x00\x00\x00\x00\x00\x00',4.066666666666666,3.6666666666666665,0.0,1,2,2,0,,,,,0.09797958971132721,True,False,Anti-Aligned,0
E332,I13,b'\xe8\x07\x00\x00\x00\x00\x00\x00',b'\x01\x00\x00\x00\x00\x00\x00\x00',2.1555555555555554,1.7222222222222223,0.0,1,0,2,3,,,,,0.09797958971132721,False,False,Aligned,1
E332,I13,b'\xe8\x07\x00\x00\x00\x00\x00\x00',b'\x02\x00\x00\x00\x00\x00\x00\x00',2.511111111111111,2.0,0.0,1,0,2,3,,,,,0.09797958971132721,False,False,Aligned,1
E333,I13,b'\xe8\x07\x00\x00\x00\x00\x00\x00',b'\x01\x00\x00\x00\x00\x00\x00\x00',4.533333333333333,5.0,0.0,1,2,2,0,,,,,0.09797958971132721,True,True,Aligned,1
E333,I13,b'\xe8\x07\x00\x00\x00\x00\x00\x00',b'\x02\x00\x00\x00\x00\x00\x00\x00',4.766666666666667,5.0,0.0,1,2,2,0,,,,,0.09797958971132721,True,True,Aligned,1
E334,I13,b'\xe8\x07\x00\x00\x00\x00\x00\x00',b'\x01\x00\x00\x00\x00\x00\x00\x00',4.8,5.0,0.0,1,2,2,0,,,,,0.09797958971132721,True,True,Aligned,1
E334,I13,b'\xe8\x07\x00\x00\x00\x00\x00\x00',b'\x02\x00\x00\x00\x00\x00\x00\x00',4.8,5.0,0.0,1,2,2,0,,,,,0.09797958971132721,True,True,Aligned,1
E335,I13,b'\xe8\x07\x00\x00\x00\x00\x00\x00',b'\x01\x00\x00\x00\x00\x00\x00\x00',3.966666666666667,4.416666666666667,0.0,1,2,2,0,,,,,0.09797958971132721,True,True,Aligned,1
E335,I13,b'\xe8\x07\x00\x00\x00\x00\x00\x00',b'\x02\x00\x00\x00\x00\x00\x00\x00',4.166666666666667,4.666666666666667,0.0,1,2,2,0,,,,,0.09797958971132721,True,True,Aligned,1
E336,I13,b'\xe8\x07\x00\x00\x00\x00\x00\x00',b'\x01\x00\x00\x00\x00\x00\x00\x00',4.6,5.0,0.0,1,2,2,0,,,,,0.09797958971132721,True,True,Aligned,1
E336,I13,b'\xe8\x07\x00\x00\x00\x00\x00\x00',b'\x02\x00\x00\x00\x00\x00\x00\x00',4.766666666666667,5.0,0.0,1,2,2,0,,,,,0.09797958971132721,True,True,Aligned,1
E337,I13,b'\xe8\x07\x00\x00\x00\x00\x00\x00',b'\x01\x00\x00\x00\x00\x00\x00\x00',4.599999999999999,4.5,0.0,1,2,2,0,,,,,0.09797958971132721,True,True,Aligned,1
E337,I13,b'\xe8\x07\x00\x00\x00\x00\x00\x00',b'\x02\x00\x00\x00\x00\x00\x00\x00',4.666666666666667,4.5,0.0,1,2,2,0,,,,,0.09797958971132721,True,True,Aligned,1
E338,I13,b'\xe8\x07\x00\x00\x00\x00\x00\x00',b'\x01\x00\x00\x00\x00\x00\x00\x00',3.3666666666666663,3.0,0.0,1,2,2,0,,,,,0.09797958971132721,False,False,Aligned,1
E338,I13,b'\xe8\x07\x00\x00\x00\x00\x00\x00',b'\x02\x00\x00\x00\x00\x00\x00\x00',3.6333333333333337,3.1666666666666665,0.0,1,2,2,0,,,,,0.09797958971132721,False,False,Aligned,1
E339,I13,b'\xe8\x07\x00\x00\x00\x00\x00\x00',b'\x01\x00\x00\x00\x00\x00\x00\x00',4.566666666666666,5.0,0.0,1,2,2,0,,,,,0.09797958971132721,True,True,Aligned,1
E339,I13,b'\xe8\x07\x00\x00\x00\x00\x00\x00',b'\x02\x00\x00\x00\x00\x00\x00\x00',4.599999999999999,5.0,0.0,1,2,2,0,,,,,0.09797958971132721,True,True,Aligned,1
E340,I13,b'\xe8\x07\x00\x00\x00\x00\x00\x00',b'\x01\x00\x00\x00\x00\x00\x00\x00',4.166666666666667,3.9166666666666665,0.0,1,2,2,0,,,,,0.09797958971132721,True,True,Aligned,1
E340,I13,b'\xe8\x07\x00\x00\x00\x00\x00\x00',b'\x02\x00\x00\x00\x00\x00\x00\x00',4.366666666666666,4.25,0.0,1,2,2,0,,,,,0.09797958971132721,True,True,Aligned,1
E341,I13,b'\xe8\x07\x00\x00\x00\x00\x00\x00',b'\x01\x00\x00\x00\x00\x00\x00\x00',4.8,4.5,0.0,1,2,2,0,,,,,0.09797958971132721,True,True,Aligned,1
E341,I13,b'\xe8\x07\x00\x00\x00\x00\x00\x00',b'\x02\x00\x00\x00\x00\x00\x00\x00',4.8,4.5,0.0,1,2,2,0,,,,,0.09797958971132721,True,True,Aligned,1
E342,I13,b'\xe8\x07\x00\x00\x00\x00\x00\x00',b'\x01\x00\x00\x00\x00\x00\x00\x00',4.766666666666667,4.916666666666667,0.0,1,2,2,0,,,,,0.09797958971132721,True,True,Aligned,1
E342,I13,b'\xe8\x07\x00\x00\x00\x00\x00\x00',b'\x02\x00\x00\x00\x00\x00\x00\x00',4.9,5.0,0.0,1,2,2,0,,,,,0.09797958971132721,True,True,Aligned,1
E343,I13,b'\xe8\x07\x00\x00\x00\x00\x00\x00',b'\x01\x00\x00\x00\x00\x00\x00\x00',3.6999999999999997,4.527777777777778,0.0,1,0,2,3,,,,,0.09797958971132721,False,True,Anti-Aligned,0
E343,I13,b'\xe8\x07\x00\x00\x00\x00\x00\x00',b'\x02\x00\x00\x00\x00\x00\x00\x00',3.8444444444444446,4.861111111111112,0.0,1,0,2,3,,,,,0.09797958971132721,True,True,Aligned,1
E344,I13,b'\xe8\x07\x00\x00\x00\x00\x00\x00',b'\x01\x00\x00\x00\x00\x00\x00\x00',4.7333333333333325,4.333333333333333,0.0,1,2,2,0,,,,,0.09797958971132721,True,True,Aligned,1
E344,I13,b'\xe8\x07\x00\x00\x00\x00\x00\x00',b'\x02\x00\x00\x00\x00\x00\x00\x00',4.9,4.75,0.0,1,2,2,0,,,,,0.09797958971132721,True,True,Aligned,1
E345,I13,b'\xe8\x07\x00\x00\x00\x00\x00\x00',b'\x01\x00\x00\x00\x00\x00\x00\x00',3.7999999999999994,3.5,0.0,1,2,2,0,,,,,0.09797958971132721,True,False,Anti-Aligned,0
E345,I13,b'\xe8\x07\x00\x00\x00\x00\x00\x00',b'\x02\x00\x00\x00\x00\x00\x00\x00',4.066666666666667,3.9166666666666665,0.0,1,2,2,0,,,,,0.09797958971132721,True,True,Aligned,1
E346,I13,b'\xe8\x07\x00\x00\x00\x00\x00\x00',b'\x01\x00\x00\x00\x00\x00\x00\x00',3.4,3.5,0.0,1,2,2,0,,,,,0.09797958971132721,False,False,Aligned,1
E346,I13,b'\xe8\x07\x00\x00\x00\x00\x00\x00',b'\x02\x00\x00\x00\x00\x00\x00\x00',3.6999999999999997,3.9166666666666665,0.0,1,2,2,0,,,,,0.09797958971132721,False,True,Anti-Aligned,0
E347,I13,b'\xe8\x07\x00\x00\x00\x00\x00\x00',b'\x01\x00\x00\x00\x00\x00\x00\x00',1.9333333333333331,1.6666666666666667,0.0,1,2,2,0,,,,,0.09797958971132721,False,False,Aligned,1
E347,I13,b'\xe8\x07\x00\x00\x00\x00\x00\x00',b'\x02\x00\x00\x00\x00\x00\x00\x00',1.9333333333333331,1.8333333333333333,0.0,1,2,2,0,,,,,0.09797958971132721,False,False,Aligned,1
E348,I13,b'\xe8\x07\x00\x00\x00\x00\x00\x00',b'\x01\x00\x00\x00\x00\x00\x00\x00',4.400000000000001,4.5,0.0,1,2,2,0,,,,,0.09797958971132721,True,True,Aligned,1
E348,I13,b'\xe8\x07\x00\x00\x00\x00\x00\x00',b'\x02\x00\x00\x00\x00\x00\x00\x00',4.466666666666667,4.666666666666667,0.0,1,2,2,0,,,,,0.09797958971132721,True,True,Aligned,1
E349,I13,b'\xe8\x07\x00\x00\x00\x00\x00\x00',b'\x01\x00\x00\x00\x00\x00\x00\x00',4.366666666666667,4.416666666666667,0.0,1,2,2,0,,,,,0.09797958971132721,True,True,Aligned,1
E349,I13,b'\xe8\x07\x00\x00\x00\x00\x00\x00',b'\x02\x00\x00\x00\x00\x00\x00\x00',4.533333333333334,4.5,0.0,1,2,2,0,,,,,0.09797958971132721,True,True,Aligned,1
E350,I13,b'\xe8\x07\x00\x00\x00\x00\x00\x00',b'\x01\x00\x00\x00\x00\x00\x00\x00',2.966666666666667,3.0,0.0,1,2,2,0,,,,,0.09797958971132721,False,False,Aligned,1
E350,I13,b'\xe8\x07\x00\x00\x00\x00\x00\x00',b'\x02\x00\x00\x00\x00\x00\x00\x00',3.033333333333333,3.0833333333333335,0.0,1,2,2,0,,,,,0.09797958971132721,False,False,Aligned,1
E351,I13,b'\xe8\x07\x00\x00\x00\x00\x00\x00',b'\x01\x00\x00\x00\x00\x00\x00\x00',4.333333333333334,4.0,0.0,1,2,2,0,,,,,0.09797958971132721,True,True,Aligned,1
E351,I13,b'\xe8\x07\x00\x00\x00\x00\x00\x00',b'\x02\x00\x00\x00\x00\x00\x00\x00',4.6,4.25,0.0,1,2,2,0,,,,,0.09797958971132721,True,True,Aligned,1
E352,I13,b'\xe8\x07\x00\x00\x00\x00\x00\x00',b'\x01\x00\x00\x00\x00\x00\x00\x00',4.766666666666667,4.916666666666667,0.0,1,2,2,0,,,,,0.09797958971132721,True,True,Aligned,1
E352,I13,b'\xe8\x07\x00\x00\x00\x00\x00\x00',b'\x02\x00\x00\x00\x00\x00\x00\x00',4.9,5.0,0.0,1,2,2,0,,,,,0.09797958971132721,True,True,Aligned,1
E353,I13,b'\xe8\x07\x00\x00\x00\x00\x00\x00',b'\x01\x00\x00\x00\x00\x00\x00\x00',2.5666666666666664,2.0,0.0,1,2,2,0,,,,,0.09797958971132721,False,False,Aligned,1
E353,I13,b'\xe8\x07\x00\x00\x00\x00\x00\x00',b'\x02\x00\x00\x00\x00\x00\x00\x00',2.833333333333334,2.1666666666666665,0.0,1,2,2,0,,,,,0.09797958971132721,False,False,Aligned,1
E354,I13,b'\xe8\x07\x00\x00\x00\x00\x00\x00',b'\x01\x00\x00\x00\x00\x00\x00\x00',3.6666666666666665,3.1666666666666665,0.0,1,2,2,0,,,,,0.09797958971132721,False,False,Aligned,1
E354,I13,b'\xe8\x07\x00\x00\x00\x00\x00\x00',b'\x02\x00\x00\x00\x00\x00\x00\x00',3.933333333333333,3.4166666666666665,0.0,1,2,2,0,,,,,0.09797958971132721,True,False,Anti-Aligned,0
E355,I13,b'\xe8\x07\x00\x00\x00\x00\x00\x00',b'\x01\x00\x00\x00\x00\x00\x00\x00',2.166666666666667,1.9166666666666667,0.0,1,2,2,0,,,,,0.09797958971132721,False,False,Aligned,1
E355,I13,b'\xe8\x07\x00\x00\x00\x00\x00\x00',b'\x02\x00\x00\x00\x00\x00\x00\x00',2.5,2.25,0.0,1,2,2,0,,,,,0.09797958971132721,False,False,Aligned,1
E356,I13,b'\xe8\x07\x00\x00\x00\x00\x00\x00',b'\x01\x00\x00\x00\x00\x00\x00\x00',5.0,5.0,0.0,1,0,2,3,,,,,0.09797958971132721,True,True,Aligned,1
E356,I13,b'\xe8\x07\x00\x00\x00\x00\x00\x00',b'\x02\x00\x00\x00\x00\x00\x00\x00',5.0,5.0,0.0,1,0,2,3,,,,,0.09797958971132721,True,True,Aligned,1
E357,I13,b'\xe8\x07\x00\x00\x00\x00\x00\x00',b'\x01\x00\x00\x00\x00\x00\x00\x00',4.6,4.416666666666667,0.0,1,2,2,0,,,,,0.09797958971132721,True,True,Aligned,1
E357,I13,b'\xe8\x07\x00\x00\x00\x00\x00\x00',b'\x02\x00\x00\x00\x00\x00\x00\x00',4.599999999999999,4.5,0.0,1,2,2,0,,,,,0.09797958971132721,True,True,Aligned,1
E358,I13,b'\xe8\x07\x00\x00\x00\x00\x00\x00',b'\x01\x00\x00\x00\x00\x00\x00\x00',2.966666666666667,2.5,0.0,1,2,2,0,,,,,0.09797958971132721,False,False,Aligned,1
E358,I13,b'\xe8\x07\x00\x00\x00\x00\x00\x00',b'\x02\x00\x00\x00\x00\x00\x00\x00',3.2,2.75,0.0,1,2,2,0,,,,,0.09797958971132721,False,False,Aligned,1
E359,I13,b'\xe8\x07\x00\x00\x00\x00\x00\x00',b'\x01\x00\x00\x00\x00\x00\x00\x00',2.433333333333333,2.6666666666666665,0.0,1,2,2,0,,,,,0.09797958971132721,False,False,Aligned,1
E359,I13,b'\xe8\x07\x00\x00\x00\x00\x00\x00',b'\x02\x00\x00\x00\x00\x00\x00\x00',2.5999999999999996,2.6666666666666665,0.0,1,2,2,0,,,,,0.09797958971132721,False,False,Aligned,1
E360,I13,b'\xe8\x07\x00\x00\x00\x00\x00\x00',b'\x01\x00\x00\x00\x00\x00\x00\x00',2.533333333333333,1.6666666666666667,0.0,1,2,2,0,,,,,0.09797958971132721,False,False,Aligned,1
E360,I13,b'\xe8\x07\x00\x00\x00\x00\x00\x00',b'\x02\x00\x00\x00\x00\x00\x00\x00',2.6666666666666665,1.75,0.0,1,2,2,0,,,,,0.09797958971132721,False,False,Aligned,1
E361,I13,b'\xe8\x07\x00\x00\x00\x00\x00\x00',b'\x01\x00\x00\x00\x00\x00\x00\x00',3.8666666666666663,3.5,0.0,1,2,2,0,,,,,0.09797958971132721,True,False,Anti-Aligned,0
E361,I13,b'\xe8\x07\x00\x00\x00\x00\x00\x00',b'\x02\x00\x00\x00\x00\x00\x00\x00',4.0,3.75,0.0,1,2,2,0,,,,,0.09797958971132721,True,False,Anti-Aligned,0
E362,I13,b'\xe8\x07\x00\x00\x00\x00\x00\x00',b'\x01\x00\x00\x00\x00\x00\x00\x00',3.433333333333333,3.6666666666666665,0.0,1,2,2,0,,,,,0.09797958971132721,False,False,Aligned,1
E362,I13,b'\xe8\x07\x00\x00\x00\x00\x00\x00',b'\x02\x00\x00\x00\x00\x00\x00\x00',3.5999999999999996,3.8333333333333335,0.0,1,2,2,0,,,,,0.09797958971132721,False,True,Anti-Aligned,0
E363,I13,b'\xe8\x07\x00\x00\x00\x00\x00\x00',b'\x01\x00\x00\x00\x00\x00\x00\x00',2.8666666666666663,2.0,0.0,1,2,2,0,,,,,0.09797958971132721,False,False,Aligned,1
E363,I13,b'\xe8\x07\x00\x00\x00\x00\x00\x00',b'\x02\x00\x00\x00\x00\x00\x00\x00',2.966666666666667,2.25,0.0,1,2,2,0,,,,,0.09797958971132721,False,False,Aligned,1
E364,I13,b'\xe8\x07\x00\x00\x00\x00\x00\x00',b'\x01\x00\x00\x00\x00\x00\x00\x00',4.466666666666667,4.5,0.0,1,2,2,0,,,,,0.09797958971132721,True,True,Aligned,1
E364,I13,b'\xe8\x07\x00\x00\x00\x00\x00\x00',b'\x02\x00\x00\x00\x00\x00\x00\x00',4.533333333333333,4.583333333333333,0.0,1,2,2,0,,,,,0.09797958971132721,True,True,Aligned,1
E365,I13,b'\xe8\x07\x00\x00\x00\x00\x00\x00',b'\x01\x00\x00\x00\x00\x00\x00\x00',3.0777777777777775,3.694444444444444,0.0,1,0,2,3,,,,,0.09797958971132721,False,False,Aligned,1
E365,I13,b'\xe8\x07\x00\x00\x00\x00\x00\x00',b'\x02\x00\x00\x00\x00\x00\x00\x00',3.3333333333333335,3.7777777777777772,0.0,1,0,2,3,,,,,0.09797958971132721,False,False,Aligned,1
E366,I13,b'\xe8\x07\x00\x00\x00\x00\x00\x00',b'\x01\x00\x00\x00\x00\x00\x00\x00',4.599999999999999,5.0,0.0,1,2,2,0,,,,,0.09797958971132721,True,True,Aligned,1
E366,I13,b'\xe8\x07\x00\x00\x00\x00\x00\x00',b'\x02\x00\x00\x00\x00\x00\x00\x00',4.599999999999999,5.0,0.0,1,2,2,0,,,,,0.09797958971132721,True,True,Aligned,1
E367,I13,b'\xe8\x07\x00\x00\x00\x00\x00\x00',b'\x01\x00\x00\x00\x00\x00\x00\x00',2.8000000000000003,2.1666666666666665,0.0,1,2,2,0,,,,,0.09797958971132721,False,False,Aligned,1
E367,I13,b'\xe8\x07\x00\x00\x00\x00\x00\x00',b'\x02\x00\x00\x00\x00\x00\x00\x00',2.6666666666666665,2.0,0.0,1,2,2,0,,,,,0.09797958971132721,False,False,Aligned,1
E368,I13,b'\xe8\x07\x00\x00\x00\x00\x00\x00',b'\x01\x00\x00\x00\x00\x00\x00\x00',2.333333333333334,2.6666666666666665,0.0,1,2,2,0,,,,,0.09797958971132721,False,False,Aligned,1
E368,I13,b'\xe8\x07\x00\x00\x00\x00\x00\x00',b'\x02\x00\x00\x00\x00\x00\x00\x00',2.5666666666666664,2.8333333333333335,0.0,1,2,2,0,,,,,0.09797958971132721,False,False,Aligned,1
E369,I13,b'\xe8\x07\x00\x00\x00\x00\x00\x00',b'\x01\x00\x00\x00\x00\x00\x00\x00',3.7666666666666666,5.0,0.0,1,2,2,0,,,,,0.09797958971132721,False,True,Anti-Aligned,0
E369,I13,b'\xe8\x07\x00\x00\x00\x00\x00\x00',b'\x02\x00\x00\x00\x00\x00\x00\x00',3.966666666666667,5.0,0.0,1,2,2,0,,,,,0.09797958971132721,True,True,Aligned,1
E370,I13,b'\xe8\x07\x00\x00\x00\x00\x00\x00',b'\x01\x00\x00\x00\x00\x00\x00\x00',4.133333333333333,4.277777777777778,0.0,1,0,2,3,,,,,0.09797958971132721,True,True,Aligned,1
E370,I13,b'\xe8\x07\x00\x00\x00\x00\x00\x00',b'\x02\x00\x00\x00\x00\x00\x00\x00',4.377777777777777,4.333333333333333,0.0,1,0,2,3,,,,,0.09797958971132721,True,True,Aligned,1
E371,I13,b'\xe8\x07\x00\x00\x00\x00\x00\x00',b'\x01\x00\x00\x00\x00\x00\x00\x00',3.7999999999999994,5.0,0.0,1,2,2,0,,,,,0.09797958971132721,True,True,Aligned,1
E371,I13,b'\xe8\x07\x00\x00\x00\x00\x00\x00',b'\x02\x00\x00\x00\x00\x00\x00\x00',3.866666666666667,5.0,0.0,1,2,2,0,,,,,0.09797958971132721,True,True,Aligned,1
E372,I13,b'\xe8\x07\x00\x00\x00\x00\x00\x00',b'\x01\x00\x00\x00\x00\x00\x00\x00',2.8666666666666663,2.5,0.0,1,2,2,0,,,,,0.09797958971132721,False,False,Aligned,1
E372,I13,b'\xe8\x07\x00\x00\x00\x00\x00\x00',b'\x02\x00\x00\x00\x00\x00\x00\x00',2.9999999999999996,2.8333333333333335,0.0,1,2,2,0,,,,,0.09797958971132721,False,False,Aligned,1
E373,I13,b'\xe8\x07\x00\x00\x00\x00\x00\x00',b'\x01\x00\x00\x00\x00\x00\x00\x00',2.8666666666666663,4.166666666666667,0.0,1,2,2,0,,,,,0.09797958971132721,False,True,Anti-Aligned,0
E373,I13,b'\xe8\x07\x00\x00\x00\x00\x00\x00',b'\x02\x00\x00\x00\x00\x00\x00\x00',3.033333333333333,4.083333333333333,0.0,1,2,2,0,,,,,0.09797958971132721,False,True,Anti-Aligned,0
E374,I13,b'\xe8\x07\x00\x00\x00\x00\x00\x00',b'\x01\x00\x00\x00\x00\x00\x00\x00',2.2333333333333334,2.0,0.0,1,2,2,0,,,,,0.09797958971132721,False,False,Aligned,1
E374,I13,b'\xe8\x07\x00\x00\x00\x00\x00\x00',b'\x02\x00\x00\x00\x00\x00\x00\x00',2.466666666666667,2.4166666666666665,0.0,1,2,2,0,,,,,0.09797958971132721,False,False,Aligned,1
E375,I13,b'\xe8\x07\x00\x00\x00\x00\x00\x00',b'\x01\x00\x00\x00\x00\x00\x00\x00',2.6,2.5,0.0,1,2,2,0,,,,,0.09797958971132721,False,False,Aligned,1
E375,I13,b'\xe8\x07\x00\x00\x00\x00\x00\x00',b'\x02\x00\x00\x00\x00\x00\x00\x00',2.9000000000000004,2.8333333333333335,0.0,1,2,2,0,,,,,0.09797958971132721,False,False,Aligned,1
E376,I13,b'\xe8\x07\x00\x00\x00\x00\x00\x00',b'\x01\x00\x00\x00\x00\x00\x00\x00',3.2000000000000006,4.0,0.0,1,2,2,0,,,,,0.09797958971132721,False,True,Anti-Aligned,0
E376,I13,b'\xe8\x07\x00\x00\x00\x00\x00\x00',b'\x02\x00\x00\x00\x00\x00\x00\x00',3.433333333333333,4.166666666666667,0.0,1,2,2,0,,,,,0.09797958971132721,False,True,Anti-Aligned,0
E377,I14,b'\xe8\x07\x00\x00\x00\x00\x00\x00',b'\x01\x00\x00\x00\x00\x00\x00\x00',4.0,4.416666666666667,0.0,1,3,2,0,,,,,0.1527525231651946,True,True,Aligned,1
E377,I14,b'\xe8\x07\x00\x00\x00\x00\x00\x00',b'\x02\x00\x00\x00\x00\x00\x00\x00',4.2,4.666666666666667,0.0,1,3,2,0,,,,,0.1527525231651946,True,True,Aligned,1
E378,I14,b'\xe8\x07\x00\x00\x00\x00\x00\x00',b'\x01\x00\x00\x00\x00\x00\x00\x00',2.7999999999999994,3.0,0.0,1,1,2,0,,,,,0.1527525231651946,False,False,Aligned,1
E378,I14,b'\xe8\x07\x00\x00\x00\x00\x00\x00',b'\x02\x00\x00\x00\x00\x00\x00\x00',2.9999999999999996,3.1666666666666665,0.0,1,1,2,0,,,,,0.1527525231651946,False,False,Aligned,1
E379,I14,b'\xe8\x07\x00\x00\x00\x00\x00\x00',b'\x01\x00\x00\x00\x00\x00\x00\x00',4.3,4.083333333333333,0.0,1,3,2,0,,,,,0.1527525231651946,True,True,Aligned,1
E379,I14,b'\xe8\x07\x00\x00\x00\x00\x00\x00',b'\x02\x00\x00\x00\x00\x00\x00\x00',4.4222222222222225,4.416666666666667,0.0,1,3,2,0,,,,,0.1527525231651946,True,True,Aligned,1
E380,I14,b'\xe8\x07\x00\x00\x00\x00\x00\x00',b'\x01\x00\x00\x00\x00\x00\x00\x00',3.0222222222222217,2.5555555555555554,0.0,1,0,2,3,,,,,0.1527525231651946,False,False,Aligned,1
E380,I14,b'\xe8\x07\x00\x00\x00\x00\x00\x00',b'\x02\x00\x00\x00\x00\x00\x00\x00',3.1666666666666665,2.75,0.0,1,0,2,3,,,,,0.1527525231651946,False,False,Aligned,1
E381,I14,b'\xe8\x07\x00\x00\x00\x00\x00\x00',b'\x01\x00\x00\x00\x00\x00\x00\x00',4.066666666666666,4.0,0.0,1,1,2,0,,,,,0.1527525231651946,True,True,Aligned,1
E381,I14,b'\xe8\x07\x00\x00\x00\x00\x00\x00',b'\x02\x00\x00\x00\x00\x00\x00\x00',4.133333333333334,4.166666666666667,0.0,1,1,2,0,,,,,0.1527525231651946,True,True,Aligned,1
E382,I14,b'\xe8\x07\x00\x00\x00\x00\x00\x00',b'\x01\x00\x00\x00\x00\x00\x00\x00',4.966666666666667,4.916666666666667,0.0,1,0,2,3,,,,,0.1527525231651946,True,True,Aligned,1
E382,I14,b'\xe8\x07\x00\x00\x00\x00\x00\x00',b'\x02\x00\x00\x00\x00\x00\x00\x00',5.0,5.0,0.0,1,0,2,3,,,,,0.1527525231651946,True,True,Aligned,1
E383,I14,b'\xe8\x07\x00\x00\x00\x00\x00\x00',b'\x01\x00\x00\x00\x00\x00\x00\x00',3.7333333333333334,5.0,0.0,1,3,2,0,,,,,0.1527525231651946,False,True,Anti-Aligned,0
E383,I14,b'\xe8\x07\x00\x00\x00\x00\x00\x00',b'\x02\x00\x00\x00\x00\x00\x00\x00',3.6333333333333337,5.0,0.0,1,3,2,0,,,,,0.1527525231651946,False,True,Anti-Aligned,0
E384,I14,b'\xe8\x07\x00\x00\x00\x00\x00\x00',b'\x01\x00\x00\x00\x00\x00\x00\x00',4.933333333333334,5.0,0.0,1,1,2,0,,,,,0.1527525231651946,True,True,Aligned,1
E384,I14,b'\xe8\x07\x00\x00\x00\x00\x00\x00',b'\x02\x00\x00\x00\x00\x00\x00\x00',5.0,5.0,0.0,1,1,2,0,,,,,0.1527525231651946,True,True,Aligned,1
E385,I14,b'\xe8\x07\x00\x00\x00\x00\x00\x00',b'\x01\x00\x00\x00\x00\x00\x00\x00',2.5444444444444443,2.0,0.0,1,0,2,3,,,,,0.1527525231651946,False,False,Aligned,1
E385,I14,b'\xe8\x07\x00\x00\x00\x00\x00\x00',b'\x02\x00\x00\x00\x00\x00\x00\x00',2.7333333333333334,2.5,0.0,1,0,2,3,,,,,0.1527525231651946,False,False,Aligned,1
E386,I14,b'\xe8\x07\x00\x00\x00\x00\x00\x00',b'\x01\x00\x00\x00\x00\x00\x00\x00',3.8666666666666663,3.5,0.0,1,3,2,0,,,,,0.1527525231651946,True,False,Anti-Aligned,0
E386,I14,b'\xe8\x07\x00\x00\x00\x00\x00\x00',b'\x02\x00\x00\x00\x00\x00\x00\x00',4.0,3.8333333333333335,0.0,1,3,2,0,,,,,0.1527525231651946,True,True,Aligned,1
E387,I14,b'\xe8\x07\x00\x00\x00\x00\x00\x00',b'\x01\x00\x00\x00\x00\x00\x00\x00',4.311111111111111,4.222222222222222,0.0,1,0,2,3,,,,,0.1527525231651946,True,True,Aligned,1
E387,I14,b'\xe8\x07\x00\x00\x00\x00\x00\x00',b'\x02\x00\x00\x00\x00\x00\x00\x00',4.466666666666667,4.333333333333333,0.0,1,0,2,3,,,,,0.1527525231651946,True,True,Aligned,1
E388,I14,b'\xe8\x07\x00\x00\x00\x00\x00\x00',b'\x01\x00\x00\x00\x00\x00\x00\x00',3.966666666666667,4.416666666666667,0.0,1,3,2,0,,,,,0.1527525231651946,True,True,Aligned,1
E388,I14,b'\xe8\x07\x00\x00\x00\x00\x00\x00',b'\x02\x00\x00\x00\x00\x00\x00\x00',4.166666666666667,4.666666666666667,0.0,1,3,2,0,,,,,0.1527525231651946,True,True,Aligned,1
E389,I14,b'\xe8\x07\x00\x00\x00\x00\x00\x00',b'\x01\x00\x00\x00\x00\x00\x00\x00',4.499999999999999,4.833333333333333,0.0,1,3,2,0,,,,,0.1527525231651946,True,True,Aligned,1
E389,I14,b'\xe8\x07\x00\x00\x00\x00\x00\x00',b'\x02\x00\x00\x00\x00\x00\x00\x00',4.633333333333333,5.0,0.0,1,3,2,0,,,,,0.1527525231651946,True,True,Aligned,1
E390,I15,b'\xe8\x07\x00\x00\x00\x00\x00\x00',b'\x01\x00\x00\x00\x00\x00\x00\x00',4.599999999999999,5.0,0.0,1,2,2,0,,,,,0.09797958971132721,True,True,Aligned,1
E390,I15,b'\xe8\x07\x00\x00\x00\x00\x00\x00',b'\x02\x00\x00\x00\x00\x00\x00\x00',4.699999999999999,5.0,0.0,1,2,2,0,,,,,0.09797958971132721,True,True,Aligned,1
E391,I15,b'\xe8\x07\x00\x00\x00\x00\x00\x00',b'\x01\x00\x00\x00\x00\x00\x00\x00',2.6666666666666665,2.1666666666666665,0.0,1,2,2,0,,,,,0.09797958971132721,False,False,Aligned,1
E391,I15,b'\xe8\x07\x00\x00\x00\x00\x00\x00',b'\x02\x00\x00\x00\x00\x00\x00\x00',2.9000000000000004,2.5833333333333335,0.0,1,2,2,0,,,,,0.09797958971132721,False,False,Aligned,1
E392,I15,b'\xe8\x07\x00\x00\x00\x00\x00\x00',b'\x01\x00\x00\x00\x00\x00\x00\x00',2.8666666666666663,2.6666666666666665,0.0,1,2,2,0,,,,,0.09797958971132721,False,False,Aligned,1
E392,I15,b'\xe8\x07\x00\x00\x00\x00\x00\x00',b'\x02\x00\x00\x00\x00\x00\x00\x00',3.0666666666666664,2.5833333333333335,0.0,1,2,2,0,,,,,0.09797958971132721,False,False,Aligned,1
E393,I15,b'\xe8\x07\x00\x00\x00\x00\x00\x00',b'\x01\x00\x00\x00\x00\x00\x00\x00',2.9000000000000004,4.083333333333333,0.0,1,2,2,0,,,,,0.09797958971132721,False,True,Anti-Aligned,0
E393,I15,b'\xe8\x07\x00\x00\x00\x00\x00\x00',b'\x02\x00\x00\x00\x00\x00\x00\x00',3.0666666666666664,4.166666666666667,0.0,1,2,2,0,,,,,0.09797958971132721,False,True,Anti-Aligned,0
E394,I15,b'\xe8\x07\x00\x00\x00\x00\x00\x00',b'\x01\x00\x00\x00\x00\x00\x00\x00',4.4,4.583333333333333,0.0,1,2,2,0,,,,,0.09797958971132721,True,True,Aligned,1
E394,I15,b'\xe8\x07\x00\x00\x00\x00\x00\x00',b'\x02\x00\x00\x00\x00\x00\x00\x00',4.466666666666667,4.666666666666667,0.0,1,2,2,0,,,,,0.09797958971132721,True,True,Aligned,1
E395,I15,b'\xe8\x07\x00\x00\x00\x00\x00\x00',b'\x01\x00\x00\x00\x00\x00\x00\x00',2.433333333333333,1.9166666666666667,0.0,1,2,2,0,,,,,0.09797958971132721,False,False,Aligned,1
E395,I15,b'\xe8\x07\x00\x00\x00\x00\x00\x00',b'\x02\x00\x00\x00\x00\x00\x00\x00',2.6666666666666665,2.25,0.0,1,2,2,0,,,,,0.09797958971132721,False,False,Aligned,1
E396,I15,b'\xe8\x07\x00\x00\x00\x00\x00\x00',b'\x01\x00\x00\x00\x00\x00\x00\x00',3.266666666666667,3.5,0.0,1,2,2,0,,,,,0.09797958971132721,False,False,Aligned,1
E396,I15,b'\xe8\x07\x00\x00\x00\x00\x00\x00',b'\x02\x00\x00\x00\x00\x00\x00\x00',3.3,3.5,0.0,1,2,2,0,,,,,0.09797958971132721,False,False,Aligned,1
E397,I15,b'\xe8\x07\x00\x00\x00\x00\x00\x00',b'\x01\x00\x00\x00\x00\x00\x00\x00',4.8,5.0,0.0,1,2,2,0,,,,,0.09797958971132721,True,True,Aligned,1
E397,I15,b'\xe8\x07\x00\x00\x00\x00\x00\x00',b'\x02\x00\x00\x00\x00\x00\x00\x00',4.9,5.0,0.0,1,2,2,0,,,,,0.09797958971132721,True,True,Aligned,1
E398,I15,b'\xe8\x07\x00\x00\x00\x00\x00\x00',b'\x01\x00\x00\x00\x00\x00\x00\x00',3.4000000000000004,3.5833333333333335,0.0,1,2,2,0,,,,,0.09797958971132721,False,False,Aligned,1
E398,I15,b'\xe8\x07\x00\x00\x00\x00\x00\x00',b'\x02\x00\x00\x00\x00\x00\x00\x00',3.6666666666666665,3.75,0.0,1,2,2,0,,,,,0.09797958971132721,False,False,Aligned,1
E399,I15,b'\xe8\x07\x00\x00\x00\x00\x00\x00',b'\x01\x00\x00\x00\x00\x00\x00\x00',1.6333333333333335,1.1666666666666667,0.0,1,2,2,0,,,,,0.09797958971132721,False,False,Aligned,1
E399,I15,b'\xe8\x07\x00\x00\x00\x00\x00\x00',b'\x02\x00\x00\x00\x00\x00\x00\x00',1.7333333333333334,1.1666666666666667,0.0,1,2,2,0,,,,,0.09797958971132721,False,False,Aligned,1
E400,I15,b'\xe8\x07\x00\x00\x00\x00\x00\x00',b'\x01\x00\x00\x00\x00\x00\x00\x00',3.0999999999999996,3.5,0.0,1,2,2,0,,,,,0.09797958971132721,False,False,Aligned,1
E400,I15,b'\xe8\x07\x00\x00\x00\x00\x00\x00',b'\x02\x00\x00\x00\x00\x00\x00\x00',3.3,3.9166666666666665,0.0,1,2,2,0,,,,,0.09797958971132721,False,True,Anti-Aligned,0
E401,I15,b'\xe8\x07\x00\x00\x00\x00\x00\x00',b'\x01\x00\x00\x00\x00\x00\x00\x00',4.0,3.5833333333333335,0.0,1,2,2,0,,,,,0.09797958971132721,True,False,Anti-Aligned,0
E401,I15,b'\xe8\x07\x00\x00\x00\x00\x00\x00',b'\x02\x00\x00\x00\x00\x00\x00\x00',4.133333333333334,3.5,0.0,1,2,2,0,,,,,0.09797958971132721,True,False,Anti-Aligned,0
E402,I15,b'\xe8\x07\x00\x00\x00\x00\x00\x00',b'\x01\x00\x00\x00\x00\x00\x00\x00',5.0,5.0,0.0,1,2,2,0,,,,,0.09797958971132721,True,True,Aligned,1
E402,I15,b'\xe8\x07\x00\x00\x00\x00\x00\x00',b'\x02\x00\x00\x00\x00\x00\x00\x00',5.0,5.0,0.0,1,2,2,0,,,,,0.09797958971132721,True,True,Aligned,1
E403,I15,b'\xe8\x07\x00\x00\x00\x00\x00\x00',b'\x01\x00\x00\x00\x00\x00\x00\x00',2.1,1.5833333333333333,0.0,1,2,2,0,,,,,0.09797958971132721,False,False,Aligned,1
E403,I15,b'\xe8\x07\x00\x00\x00\x00\x00\x00',b'\x02\x00\x00\x00\x00\x00\x00\x00',2.1333333333333333,1.8333333333333333,0.0,1,2,2,0,,,,,0.09797958971132721,False,False,Aligned,1
E404,I15,b'\xe8\x07\x00\x00\x00\x00\x00\x00',b'\x01\x00\x00\x00\x00\x00\x00\x00',2.4,2.0,0.0,1,2,2,0,,,,,0.09797958971132721,False,False,Aligned,1
E404,I15,b'\xe8\x07\x00\x00\x00\x00\x00\x00',b'\x02\x00\x00\x00\x00\x00\x00\x00',2.5666666666666664,2.25,0.0,1,2,2,0,,,,,0.09797958971132721,False,False,Aligned,1
E405,I15,b'\xe8\x07\x00\x00\x00\x00\x00\x00',b'\x01\x00\x00\x00\x00\x00\x00\x00',3.533333333333333,2.9166666666666665,0.0,1,2,2,0,,,,,0.09797958971132721,False,False,Aligned,1
E405,I15,b'\xe8\x07\x00\x00\x00\x00\x00\x00',b'\x02\x00\x00\x00\x00\x00\x00\x00',3.7666666666666666,3.3333333333333335,0.0,1,2,2,0,,,,,0.09797958971132721,False,False,Aligned,1
E406,I15,b'\xe8\x07\x00\x00\x00\x00\x00\x00',b'\x01\x00\x00\x00\x00\x00\x00\x00',4.566666666666666,5.0,0.0,1,0,2,3,,,,,0.09797958971132721,True,True,Aligned,1
E406,I15,b'\xe8\x07\x00\x00\x00\x00\x00\x00',b'\x02\x00\x00\x00\x00\x00\x00\x00',4.766666666666667,5.0,0.0,1,0,2,3,,,,,0.09797958971132721,True,True,Aligned,1
E407,I15,b'\xe8\x07\x00\x00\x00\x00\x00\x00',b'\x01\x00\x00\x00\x00\x00\x00\x00',2.7666666666666666,2.4166666666666665,0.0,1,2,2,0,,,,,0.09797958971132721,False,False,Aligned,1
E407,I15,b'\xe8\x07\x00\x00\x00\x00\x00\x00',b'\x02\x00\x00\x00\x00\x00\x00\x00',3.0,2.75,0.0,1,2,2,0,,,,,0.09797958971132721,False,False,Aligned,1
E408,I15,b'\xe8\x07\x00\x00\x00\x00\x00\x00',b'\x01\x00\x00\x00\x00\x00\x00\x00',3.7999999999999994,3.5,0.0,1,2,2,0,,,,,0.09797958971132721,True,False,Anti-Aligned,0
E408,I15,b'\xe8\x07\x00\x00\x00\x00\x00\x00',b'\x02\x00\x00\x00\x00\x00\x00\x00',4.0,3.8333333333333335,0.0,1,2,2,0,,,,,0.09797958971132721,True,True,Aligned,1
E409,I15,b'\xe8\x07\x00\x00\x00\x00\x00\x00',b'\x01\x00\x00\x00\x00\x00\x00\x00',2.8,2.5833333333333335,0.0,1,2,2,0,,,,,0.09797958971132721,False,False,Aligned,1
E409,I15,b'\xe8\x07\x00\x00\x00\x00\x00\x00',b'\x02\x00\x00\x00\x00\x00\x00\x00',3.1333333333333333,2.8333333333333335,0.0,1,2,2,0,,,,,0.09797958971132721,False,False,Aligned,1
E410,I15,b'\xe8\x07\x00\x00\x00\x00\x00\x00',b'\x01\x00\x00\x00\x00\x00\x00\x00',2.6,2.0,0.0,1,2,2,0,,,,,0.09797958971132721,False,False,Aligned,1
E410,I15,b'\xe8\x07\x00\x00\x00\x00\x00\x00',b'\x02\x00\x00\x00\x00\x00\x00\x00',2.766666666666667,2.25,0.0,1,2,2,0,,,,,0.09797958971132721,False,False,Aligned,1
E411,I15,b'\xe8\x07\x00\x00\x00\x00\x00\x00',b'\x01\x00\x00\x00\x00\x00\x00\x00',4.433333333333334,4.0,0.0,1,2,2,0,,,,,0.09797958971132721,True,True,Aligned,1
E411,I15,b'\xe8\x07\x00\x00\x00\x00\x00\x00',b'\x02\x00\x00\x00\x00\x00\x00\x00',4.5,4.166666666666667,0.0,1,2,2,0,,,,,0.09797958971132721,True,True,Aligned,1
E412,I15,b'\xe8\x07\x00\x00\x00\x00\x00\x00',b'\x01\x00\x00\x00\x00\x00\x00\x00',4.0,2.9166666666666665,0.0,1,2,2,0,,,,,0.09797958971132721,True,False,Anti-Aligned,0
E412,I15,b'\xe8\x07\x00\x00\x00\x00\x00\x00',b'\x02\x00\x00\x00\x00\x00\x00\x00',4.133333333333334,3.1666666666666665,0.0,1,2,2,0,,,,,0.09797958971132721,True,False,Anti-Aligned,0
E413,I15,b'\xe8\x07\x00\x00\x00\x00\x00\x00',b'\x01\x00\x00\x00\x00\x00\x00\x00',3.6333333333333337,3.9166666666666665,0.0,1,2,2,0,,,,,0.09797958971132721,False,True,Anti-Aligned,0
E413,I15,b'\xe8\x07\x00\x00\x00\x00\x00\x00',b'\x02\x00\x00\x00\x00\x00\x00\x00',3.7666666666666666,4.166666666666667,0.0,1,2,2,0,,,,,0.09797958971132721,False,True,Anti-Aligned,0
E414,I15,b'\xe8\x07\x00\x00\x00\x00\x00\x00',b'\x01\x00\x00\x00\x00\x00\x00\x00',4.599999999999999,5.0,0.0,1,2,2,0,,,,,0.09797958971132721,True,True,Aligned,1
E414,I15,b'\xe8\x07\x00\x00\x00\x00\x00\x00',b'\x02\x00\x00\x00\x00\x00\x00\x00',4.599999999999999,5.0,0.0,1,2,2,0,,,,,0.09797958971132721,True,True,Aligned,1
E415,I15,b'\xe8\x07\x00\x00\x00\x00\x00\x00',b'\x01\x00\x00\x00\x00\x00\x00\x00',3.566666666666667,3.4166666666666665,0.0,1,2,2,0,,,,,0.09797958971132721,False,False,Aligned,1
E415,I15,b'\xe8\x07\x00\x00\x00\x00\x00\x00',b'\x02\x00\x00\x00\x00\x00\x00\x00',3.7666666666666666,3.75,0.0,1,2,2,0,,,,,0.09797958971132721,False,False,Aligned,1
E416,I15,b'\xe8\x07\x00\x00\x00\x00\x00\x00',b'\x01\x00\x00\x00\x00\x00\x00\x00',3.4999999999999996,3.1666666666666665,0.0,1,2,2,0,,,,,0.09797958971132721,False,False,Aligned,1
E416,I15,b'\xe8\x07\x00\x00\x00\x00\x00\x00',b'\x02\x00\x00\x00\x00\x00\x00\x00',3.6666666666666665,3.4166666666666665,0.0,1,2,2,0,,,,,0.09797958971132721,False,False,Aligned,1
E417,I15,b'\xe8\x07\x00\x00\x00\x00\x00\x00',b'\x01\x00\x00\x00\x00\x00\x00\x00',2.4999999999999996,2.8333333333333335,0.0,1,2,2,0,,,,,0.09797958971132721,False,False,Aligned,1
E417,I15,b'\xe8\x07\x00\x00\x00\x00\x00\x00',b'\x02\x00\x00\x00\x00\x00\x00\x00',2.5,2.5,0.0,1,2,2,0,,,,,0.09797958971132721,False,False,Aligned,1
E418,I15,b'\xe8\x07\x00\x00\x00\x00\x00\x00',b'\x01\x00\x00\x00\x00\x00\x00\x00',1.6000000000000003,1.5,0.0,1,2,2,0,,,,,0.09797958971132721,False,False,Aligned,1
E418,I15,b'\xe8\x07\x00\x00\x00\x00\x00\x00',b'\x02\x00\x00\x00\x00\x00\x00\x00',1.7999999999999998,1.6666666666666667,0.0,1,2,2,0,,,,,0.09797958971132721,False,False,Aligned,1
E419,I15,b'\xe8\x07\x00\x00\x00\x00\x00\x00',b'\x01\x00\x00\x00\x00\x00\x00\x00',4.566666666666666,4.5,0.0,1,2,2,0,,,,,0.09797958971132721,True,True,Aligned,1
E419,I15,b'\xe8\x07\x00\x00\x00\x00\x00\x00',b'\x02\x00\x00\x00\x00\x00\x00\x00',4.666666666666666,4.5,0.0,1,2,2,0,,,,,0.09797958971132721,True,True,Aligned,1
E420,I15,b'\xe8\x07\x00\x00\x00\x00\x00\x00',b'\x01\x00\x00\x00\x00\x00\x00\x00',2.2000000000000006,1.5,0.0,1,2,2,0,,,,,0.09797958971132721,False,False,Aligned,1
E420,I15,b'\xe8\x07\x00\x00\x00\x00\x00\x00',b'\x02\x00\x00\x00\x00\x00\x00\x00',2.333333333333334,1.8333333333333333,0.0,1,2,2,0,,,,,0.09797958971132721,False,False,Aligned,1
E421,I15,b'\xe8\x07\x00\x00\x00\x00\x00\x00',b'\x01\x00\x00\x00\x00\x00\x00\x00',4.666666666666666,4.5,0.0,1,2,2,0,,,,,0.09797958971132721,True,True,Aligned,1
E421,I15,b'\xe8\x07\x00\x00\x00\x00\x00\x00',b'\x02\x00\x00\x00\x00\x00\x00\x00',4.599999999999999,4.5,0.0,1,2,2,0,,,,,0.09797958971132721,True,True,Aligned,1
E422,I15,b'\xe8\x07\x00\x00\x00\x00\x00\x00',b'\x01\x00\x00\x00\x00\x00\x00\x00',4.666666666666666,4.666666666666667,0.0,1,2,2,0,,,,,0.09797958971132721,True,True,Aligned,1
E422,I15,b'\xe8\x07\x00\x00\x00\x00\x00\x00',b'\x02\x00\x00\x00\x00\x00\x00\x00',4.699999999999999,4.75,0.0,1,2,2,0,,,,,0.09797958971132721,True,True,Aligned,1
E423,I15,b'\xe8\x07\x00\x00\x00\x00\x00\x00',b'\x01\x00\x00\x00\x00\x00\x00\x00',2.4,2.0,0.0,1,2,2,0,,,,,0.09797958971132721,False,False,Aligned,1
E423,I15,b'\xe8\x07\x00\x00\x00\x00\x00\x00',b'\x02\x00\x00\x00\x00\x00\x00\x00',2.6666666666666665,2.25,0.0,1,2,2,0,,,,,0.09797958971132721,False,False,Aligned,1
E424,I15,b'\xe8\x07\x00\x00\x00\x00\x00\x00',b'\x01\x00\x00\x00\x00\x00\x00\x00',4.400000000000001,4.5,0.0,1,2,2,0,,,,,0.09797958971132721,True,True,Aligned,1
E424,I15,b'\xe8\x07\x00\x00\x00\x00\x00\x00',b'\x02\x00\x00\x00\x00\x00\x00\x00',4.466666666666667,4.5,0.0,1,2,2,0,,,,,0.09797958971132721,True,True,Aligned,1
E425,I15,b'\xe8\x07\x00\x00\x00\x00\x00\x00',b'\x01\x00\x00\x00\x00\x00\x00\x00',4.699999999999999,4.916666666666667,0.0,1,2,2,0,,,,,0.09797958971132721,True,True,Aligned,1
E425,I15,b'\xe8\x07\x00\x00\x00\x00\x00\x00',b'\x02\x00\x00\x00\x00\x00\x00\x00',4.8,5.0,0.0,1,2,2,0,,,,,0.09797958971132721,True,True,Aligned,1
E426,I15,b'\xe8\x07\x00\x00\x00\x00\x00\x00',b'\x01\x00\x00\x00\x00\x00\x00\x00',4.766666666666667,5.0,0.0,1,2,2,0,,,,,0.09797958971132721,True,True,Aligned,1
E426,I15,b'\xe8\x07\x00\x00\x00\x00\x00\x00',b'\x02\x00\x00\x00\x00\x00\x00\x00',4.8,5.0,0.0,1,2,2,0,,,,,0.09797958971132721,True,True,Aligned,1
E427,I15,b'\xe8\x07\x00\x00\x00\x00\x00\x00',b'\x01\x00\x00\x00\x00\x00\x00\x00',5.0,5.0,0.0,1,2,2,0,,,,,0.09797958971132721,True,True,Aligned,1
E427,I15,b'\xe8\x07\x00\x00\x00\x00\x00\x00',b'\x02\x00\x00\x00\x00\x00\x00\x00',5.0,5.0,0.0,1,2,2,0,,,,,0.09797958971132721,True,True,Aligned,1
E428,I15,b'\xe8\x07\x00\x00\x00\x00\x00\x00',b'\x01\x00\x00\x00\x00\x00\x00\x00',4.1,3.6111111111111107,0.0,1,0,2,3,,,,,0.09797958971132721,True,False,Anti-Aligned,0
E428,I15,b'\xe8\x07\x00\x00\x00\x00\x00\x00',b'\x02\x00\x00\x00\x00\x00\x00\x00',4.4222222222222225,4.111111111111111,0.0,1,0,2,3,,,,,0.09797958971132721,True,True,Aligned,1
E429,I15,b'\xe8\x07\x00\x00\x00\x00\x00\x00',b'\x01\x00\x00\x00\x00\x00\x00\x00',4.966666666666667,4.916666666666667,0.0,1,2,2,0,,,,,0.09797958971132721,True,True,Aligned,1
E429,I15,b'\xe8\x07\x00\x00\x00\x00\x00\x00',b'\x02\x00\x00\x00\x00\x00\x00\x00',5.0,5.0,0.0,1,2,2,0,,,,,0.09797958971132721,True,True,Aligned,1
E430,I15,b'\xe8\x07\x00\x00\x00\x00\x00\x00',b'\x01\x00\x00\x00\x00\x00\x00\x00',3.6999999999999997,4.0,0.0,1,2,2,0,,,,,0.09797958971132721,False,True,Anti-Aligned,0
E430,I15,b'\xe8\x07\x00\x00\x00\x00\x00\x00',b'\x02\x00\x00\x00\x00\x00\x00\x00',3.9000000000000004,4.166666666666667,0.0,1,2,2,0,,,,,0.09797958971132721,True,True,Aligned,1
E431,I15,b'\xe8\x07\x00\x00\x00\x00\x00\x00',b'\x01\x00\x00\x00\x00\x00\x00\x00',2.7999999999999994,3.0,0.0,1,2,2,0,,,,,0.09797958971132721,False,False,Aligned,1
E431,I15,b'\xe8\x07\x00\x00\x00\x00\x00\x00',b'\x02\x00\x00\x00\x00\x00\x00\x00',2.933333333333333,3.0833333333333335,0.0,1,2,2,0,,,,,0.09797958971132721,False,False,Aligned,1
E432,I15,b'\xe8\x07\x00\x00\x00\x00\x00\x00',b'\x01\x00\x00\x00\x00\x00\x00\x00',3.8666666666666663,2.9166666666666665,0.0,1,2,2,0,,,,,0.09797958971132721,True,False,Anti-Aligned,0
E432,I15,b'\xe8\x07\x00\x00\x00\x00\x00\x00',b'\x02\x00\x00\x00\x00\x00\x00\x00',4.133333333333334,3.5,0.0,1,2,2,0,,,,,0.09797958971132721,True,False,Anti-Aligned,0
E001,I01,b'\xe8\x07\x00\x00\x00\x00\x00\x00',b'\x01\x00\x00\x00\x00\x00\x00\x00',1.9444444444444444,2.222222222222222,0.0,1,0,2,3,,,,,0.16291561975888486,False,False,Aligned,1
E001,I01,b'\xe8\x07\x00\x00\x00\x00\x00\x00',b'\x02\x00\x00\x00\x00\x00\x00\x00',2.2444444444444445,2.4166666666666665,0.0,1,0,2,3,,,,,0.16291561975888486,False,False,Aligned,1
E002,I01,b'\xe8\x07\x00\x00\x00\x00\x00\x00',b'\x01\x00\x00\x00\x00\x00\x00\x00',4.599999999999999,5.0,0.0,1,1,2,0,,,,,0.16291561975888486,True,True,Aligned,1
E002,I01,b'\xe8\x07\x00\x00\x00\x00\x00\x00',b'\x02\x00\x00\x00\x00\x00\x00\x00',4.666666666666666,5.0,0.0,1,1,2,0,,,,,0.16291561975888486,True,True,Aligned,1
E003,I01,b'\xe8\x07\x00\x00\x00\x00\x00\x00',b'\x01\x00\x00\x00\x00\x00\x00\x00',3.033333333333333,2.4166666666666665,0.0,1,2,2,0,,,,,0.16291561975888486,False,False,Aligned,1
E003,I01,b'\xe8\x07\x00\x00\x00\x00\x00\x00',b'\x02\x00\x00\x00\x00\x00\x00\x00',3.1666666666666665,2.75,0.0,1,2,2,0,,,,,0.16291561975888486,False,False,Aligned,1
E004,I01,b'\xe8\x07\x00\x00\x00\x00\x00\x00',b'\x01\x00\x00\x00\x00\x00\x00\x00',3.6999999999999997,3.8333333333333335,0.0,1,2,2,0,,,,,0.16291561975888486,False,True,Anti-Aligned,0
E004,I01,b'\xe8\x07\x00\x00\x00\x00\x00\x00',b'\x02\x00\x00\x00\x00\x00\x00\x00',3.8666666666666663,3.75,0.0,1,2,2,0,,,,,0.16291561975888486,True,False,Anti-Aligned,0
E005,I01,b'\xe8\x07\x00\x00\x00\x00\x00\x00',b'\x01\x00\x00\x00\x00\x00\x00\x00',3.6999999999999997,4.0,0.0,1,1,2,0,,,,,0.16291561975888486,False,True,Anti-Aligned,0
E005,I01,b'\xe8\x07\x00\x00\x00\x00\x00\x00',b'\x02\x00\x00\x00\x00\x00\x00\x00',3.7333333333333334,4.0,0.0,1,1,2,0,,,,,0.16291561975888486,False,True,Anti-Aligned,0
E006,I01,b'\xe8\x07\x00\x00\x00\x00\x00\x00',b'\x01\x00\x00\x00\x00\x00\x00\x00',3.4999999999999996,3.5833333333333335,0.0,1,2,2,0,,,,,0.16291561975888486,False,False,Aligned,1
E006,I01,b'\xe8\x07\x00\x00\x00\x00\x00\x00',b'\x02\x00\x00\x00\x00\x00\x00\x00',3.6666666666666665,3.9166666666666665,0.0,1,2,2,0,,,,,0.16291561975888486,False,True,Anti-Aligned,0
E007,I01,b'\xe8\x07\x00\x00\x00\x00\x00\x00',b'\x01\x00\x00\x00\x00\x00\x00\x00',3.3000000000000003,3.5,0.0,1,2,2,0,,,,,0.16291561975888486,False,False,Aligned,1
E007,I01,b'\xe8\x07\x00\x00\x00\x00\x00\x00',b'\x02\x00\x00\x00\x00\x00\x00\x00',3.4000000000000004,3.6666666666666665,0.0,1,2,2,0,,,,,0.16291561975888486,False,False,Aligned,1
E008,I01,b'\xe8\x07\x00\x00\x00\x00\x00\x00',b'\x01\x00\x00\x00\x00\x00\x00\x00',4.566666666666666,4.5,0.0,1,1,2,0,,,,,0.16291561975888486,True,True,Aligned,1
E008,I01,b'\xe8\x07\x00\x00\x00\x00\x00\x00',b'\x02\x00\x00\x00\x00\x00\x00\x00',4.699999999999999,4.75,0.0,1,1,2,0,,,,,0.16291561975888486,True,True,Aligned,1
E009,I01,b'\xe8\x07\x00\x00\x00\x00\x00\x00',b'\x01\x00\x00\x00\x00\x00\x00\x00',2.7,3.5,0.0,1,2,2,0,,,,,0.16291561975888486,False,False,Aligned,1
E009,I01,b'\xe8\x07\x00\x00\x00\x00\x00\x00',b'\x02\x00\x00\x00\x00\x00\x00\x00',2.7666666666666666,3.8333333333333335,0.0,1,2,2,0,,,,,0.16291561975888486,False,True,Anti-Aligned,0
E010,I01,b'\xe8\x07\x00\x00\x00\x00\x00\x00',b'\x01\x00\x00\x00\x00\x00\x00\x00',3.2333333333333334,3.9166666666666665,0.0,1,2,2,0,,,,,0.16291561975888486,False,True,Anti-Aligned,0
E010,I01,b'\xe8\x07\x00\x00\x00\x00\x00\x00',b'\x02\x00\x00\x00\x00\x00\x00\x00',3.433333333333333,4.166666666666667,0.0,1,2,2,0,,,,,0.16291561975888486,False,True,Anti-Aligned,0
E011,I01,b'\xe8\x07\x00\x00\x00\x00\x00\x00',b'\x01\x00\x00\x00\x00\x00\x00\x00',3.333333333333334,2.6666666666666665,0.0,1,0,2,3,,,,,0.16291561975888486,False,False,Aligned,1
E011,I01,b'\xe8\x07\x00\x00\x00\x00\x00\x00',b'\x02\x00\x00\x00\x00\x00\x00\x00',3.5999999999999996,2.9722222222222228,0.0,1,0,2,3,,,,,0.16291561975888486,False,False,Aligned,1
E012,I01,b'\xe8\x07\x00\x00\x00\x00\x00\x00',b'\x01\x00\x00\x00\x00\x00\x00\x00',3.566666666666667,3.4166666666666665,0.0,1,2,2,0,,,,,0.16291561975888486,False,False,Aligned,1
E012,I01,b'\xe8\x07\x00\x00\x00\x00\x00\x00',b'\x02\x00\x00\x00\x00\x00\x00\x00',3.6999999999999997,3.6666666666666665,0.0,1,2,2,0,,,,,0.16291561975888486,False,False,Aligned,1
E013,I01,b'\xe8\x07\x00\x00\x00\x00\x00\x00',b'\x01\x00\x00\x00\x00\x00\x00\x00',1.7999999999999998,2.0833333333333335,0.0,1,2,2,0,,,,,0.16291561975888486,False,False,Aligned,1
E013,I01,b'\xe8\x07\x00\x00\x00\x00\x00\x00',b'\x02\x00\x00\x00\x00\x00\x00\x00',2.1666666666666665,2.3333333333333335,0.0,1,2,2,0,,,,,0.16291561975888486,False,False,Aligned,1
E014,I01,b'\xe8\x07\x00\x00\x00\x00\x00\x00',b'\x01\x00\x00\x00\x00\x00\x00\x00',3.0999999999999996,2.75,0.0,1,1,2,0,,,,,0.16291561975888486,False,False,Aligned,1
E014,I01,b'\xe8\x07\x00\x00\x00\x00\x00\x00',b'\x02\x00\x00\x00\x00\x00\x00\x00',3.1333333333333337,2.5,0.0,1,1,2,0,,,,,0.16291561975888486,False,False,Aligned,1
E015,I01,b'\xe8\x07\x00\x00\x00\x00\x00\x00',b'\x01\x00\x00\x00\x00\x00\x00\x00',4.400000000000001,4.5,0.0,1,2,2,0,,,,,0.16291561975888486,True,True,Aligned,1
E015,I01,b'\xe8\x07\x00\x00\x00\x00\x00\x00',b'\x02\x00\x00\x00\x00\x00\x00\x00',4.533333333333334,4.666666666666667,0.0,1,2,2,0,,,,,0.16291561975888486,True,True,Aligned,1
E016,I01,b'\xe8\x07\x00\x00\x00\x00\x00\x00',b'\x01\x00\x00\x00\x00\x00\x00\x00',4.433333333333334,4.583333333333333,0.0,1,2,2,0,,,,,0.16291561975888486,True,True,Aligned,1
E016,I01,b'\xe8\x07\x00\x00\x00\x00\x00\x00',b'\x02\x00\x00\x00\x00\x00\x00\x00',4.533333333333334,4.666666666666667,0.0,1,2,2,0,,,,,0.16291561975888486,True,True,Aligned,1
E017,I01,b'\xe8\x07\x00\x00\x00\x00\x00\x00',b'\x01\x00\x00\x00\x00\x00\x00\x00',4.400000000000001,4.0,0.0,1,1,2,0,,,,,0.16291561975888486,True,True,Aligned,1
E017,I01,b'\xe8\x07\x00\x00\x00\x00\x00\x00',b'\x02\x00\x00\x00\x00\x00\x00\x00',4.566666666666666,4.25,0.0,1,1,2,0,,,,,0.16291561975888486,True,True,Aligned,1
E018,I01,b'\xe8\x07\x00\x00\x00\x00\x00\x00',b'\x01\x00\x00\x00\x00\x00\x00\x00',4.8,5.0,0.0,1,0,2,3,,,,,0.16291561975888486,True,True,Aligned,1
E018,I01,b'\xe8\x07\x00\x00\x00\x00\x00\x00',b'\x02\x00\x00\x00\x00\x00\x00\x00',4.822222222222221,5.0,0.0,1,0,2,3,,,,,0.16291561975888486,True,True,Aligned,1
E019,I02,b'\xe8\x07\x00\x00\x00\x00\x00\x00',b'\x01\x00\x00\x00\x00\x00\x00\x00',4.599999999999999,5.0,0.0,1,1,2,0,,,,,0.08660254037844395,True,True,Aligned,1
E019,I02,b'\xe8\x07\x00\x00\x00\x00\x00\x00',b'\x02\x00\x00\x00\x00\x00\x00\x00',4.766666666666667,5.0,0.0,1,1,2,0,,,,,0.08660254037844395,True,True,Aligned,1
E020,I02,b'\xe8\x07\x00\x00\x00\x00\x00\x00',b'\x01\x00\x00\x00\x00\x00\x00\x00',4.0,4.0,0.0,1,1,2,0,,,,,0.08660254037844395,True,True,Aligned,1
E020,I02,b'\xe8\x07\x00\x00\x00\x00\x00\x00',b'\x02\x00\x00\x00\x00\x00\x00\x00',4.133333333333334,4.333333333333333,0.0,1,1,2,0,,,,,0.08660254037844395,True,True,Aligned,1
E021,I02,b'\xe8\x07\x00\x00\x00\x00\x00\x00',b'\x01\x00\x00\x00\x00\x00\x00\x00',2.6,2.5,0.0,1,1,2,0,,,,,0.08660254037844395,False,False,Aligned,1
E021,I02,b'\xe8\x07\x00\x00\x00\x00\x00\x00',b'\x02\x00\x00\x00\x00\x00\x00\x00',2.8333333333333335,2.6666666666666665,0.0,1,1,2,0,,,,,0.08660254037844395,False,False,Aligned,1
E022,I02,b'\xe8\x07\x00\x00\x00\x00\x00\x00',b'\x01\x00\x00\x00\x00\x00\x00\x00',3.966666666666667,3.9166666666666665,0.0,1,1,2,0,,,,,0.08660254037844395,True,True,Aligned,1
E022,I02,b'\xe8\x07\x00\x00\x00\x00\x00\x00',b'\x02\x00\x00\x00\x00\x00\x00\x00',4.333333333333333,4.416666666666667,0.0,1,1,2,0,,,,,0.08660254037844395,True,True,Aligned,1
E023,I02,b'\xe8\x07\x00\x00\x00\x00\x00\x00',b'\x01\x00\x00\x00\x00\x00\x00\x00',3.711111111111111,3.055555555555556,0.0,1,0,2,3,,,,,0.08660254037844395,False,False,Aligned,1
E023,I02,b'\xe8\x07\x00\x00\x00\x00\x00\x00',b'\x02\x00\x00\x00\x00\x00\x00\x00',3.822222222222222,3.2777777777777772,0.0,1,0,2,3,,,,,0.08660254037844395,True,False,Anti-Aligned,0
E024,I02,b'\xe8\x07\x00\x00\x00\x00\x00\x00',b'\x01\x00\x00\x00\x00\x00\x00\x00',3.6333333333333337,3.9166666666666665,0.0,1,1,2,0,,,,,0.08660254037844395,False,True,Anti-Aligned,0
E024,I02,b'\xe8\x07\x00\x00\x00\x00\x00\x00',b'\x02\x00\x00\x00\x00\x00\x00\x00',3.6666666666666665,4.166666666666667,0.0,1,1,2,0,,,,,0.08660254037844395,False,True,Anti-Aligned,0
E025,I02,b'\xe8\x07\x00\x00\x00\x00\x00\x00',b'\x01\x00\x00\x00\x00\x00\x00\x00',3.066666666666667,3.0,0.0,1,1,2,0,,,,,0.08660254037844395,False,False,Aligned,1
E025,I02,b'\xe8\x07\x00\x00\x00\x00\x00\x00',b'\x02\x00\x00\x00\x00\x00\x00\x00',3.1,3.0,0.0,1,1,2,0,,,,,0.08660254037844395,False,False,Aligned,1
E026,I02,b'\xe8\x07\x00\x00\x00\x00\x00\x00',b'\x01\x00\x00\x00\x00\x00\x00\x00',3.8666666666666663,4.0,0.0,1,1,2,0,,,,,0.08660254037844395,True,True,Aligned,1
E026,I02,b'\xe8\x07\x00\x00\x00\x00\x00\x00',b'\x02\x00\x00\x00\x00\x00\x00\x00',3.8333333333333335,4.083333333333333,0.0,1,1,2,0,,,,,0.08660254037844395,True,True,Aligned,1
E027,I02,b'\xe8\x07\x00\x00\x00\x00\x00\x00',b'\x01\x00\x00\x00\x00\x00\x00\x00',4.7333333333333325,4.916666666666667,0.0,1,1,2,0,,,,,0.08660254037844395,True,True,Aligned,1
E027,I02,b'\xe8\x07\x00\x00\x00\x00\x00\x00',b'\x02\x00\x00\x00\x00\x00\x00\x00',4.866666666666666,5.0,0.0,1,1,2,0,,,,,0.08660254037844395,True,True,Aligned,1
E028,I02,b'\xe8\x07\x00\x00\x00\x00\x00\x00',b'\x01\x00\x00\x00\x00\x00\x00\x00',4.766666666666667,4.916666666666667,0.0,1,1,2,0,,,,,0.08660254037844395,True,True,Aligned,1
E028,I02,b'\xe8\x07\x00\x00\x00\x00\x00\x00',b'\x02\x00\x00\x00\x00\x00\x00\x00',4.866666666666666,5.0,0.0,1,1,2,0,,,,,0.08660254037844395,True,True,Aligned,1
E029,I02,b'\xe8\x07\x00\x00\x00\x00\x00\x00',b'\x01\x00\x00\x00\x00\x00\x00\x00',4.366666666666667,4.5,0.0,1,1,2,0,,,,,0.08660254037844395,True,True,Aligned,1
E029,I02,b'\xe8\x07\x00\x00\x00\x00\x00\x00',b'\x02\x00\x00\x00\x00\x00\x00\x00',4.466666666666667,4.666666666666667,0.0,1,1,2,0,,,,,0.08660254037844395,True,True,Aligned,1
E030,I02,b'\xe8\x07\x00\x00\x00\x00\x00\x00',b'\x01\x00\x00\x00\x00\x00\x00\x00',4.233333333333333,4.0,0.0,1,1,2,0,,,,,0.08660254037844395,True,True,Aligned,1
E030,I02,b'\xe8\x07\x00\x00\x00\x00\x00\x00',b'\x02\x00\x00\x00\x00\x00\x00\x00',4.300000000000001,4.25,0.0,1,1,2,0,,,,,0.08660254037844395,True,True,Aligned,1
E031,I02,b'\xe8\x07\x00\x00\x00\x00\x00\x00',b'\x01\x00\x00\x00\x00\x00\x00\x00',3.566666666666666,3.8333333333333335,0.0,1,0,2,3,,,,,0.08660254037844395,False,True,Anti-Aligned,0
E031,I02,b'\xe8\x07\x00\x00\x00\x00\x00\x00',b'\x02\x00\x00\x00\x00\x00\x00\x00',3.888888888888888,3.9166666666666665,0.0,1,0,2,3,,,,,0.08660254037844395,True,True,Aligned,1
E032,I02,b'\xe8\x07\x00\x00\x00\x00\x00\x00',b'\x01\x00\x00\x00\x00\x00\x00\x00',4.766666666666667,4.416666666666667,0.0,1,1,2,0,,,,,0.08660254037844395,True,True,Aligned,1
E032,I02,b'\xe8\x07\x00\x00\x00\x00\x00\x00',b'\x02\x00\x00\x00\x00\x00\x00\x00',4.866666666666666,4.666666666666667,0.0,1,1,2,0,,,,,0.08660254037844395,True,True,Aligned,1
E033,I02,b'\xe8\x07\x00\x00\x00\x00\x00\x00',b'\x01\x00\x00\x00\x00\x00\x00\x00',4.2666666666666675,4.0,0.0,1,1,2,0,,,,,0.08660254037844395,True,True,Aligned,1
E033,I02,b'\xe8\x07\x00\x00\x00\x00\x00\x00',b'\x02\x00\x00\x00\x00\x00\x00\x00',4.4,4.333333333333333,0.0,1,1,2,0,,,,,0.08660254037844395,True,True,Aligned,1
E034,I02,b'\xe8\x07\x00\x00\x00\x00\x00\x00',b'\x01\x00\x00\x00\x00\x00\x00\x00',4.366666666666667,4.416666666666667,0.0,1,1,2,0,,,,,0.08660254037844395,True,True,Aligned,1
E034,I02,b'\xe8\x07\x00\x00\x00\x00\x00\x00',b'\x02\x00\x00\x00\x00\x00\x00\x00',4.533333333333333,4.666666666666667,0.0,1,1,2,0,,,,,0.08660254037844395,True,True,Aligned,1
E035,I03,b'\xe8\x07\x00\x00\x00\x00\x00\x00',b'\x01\x00\x00\x00\x00\x00\x00\x00',4.466666666666667,4.5,0.0,1,1,2,0,,,,,0.16583123951776998,True,True,Aligned,1
E035,I03,b'\xe8\x07\x00\x00\x00\x00\x00\x00',b'\x02\x00\x00\x00\x00\x00\x00\x00',4.566666666666666,4.583333333333333,0.0,1,1,2,0,,,,,0.16583123951776998,True,True,Aligned,1
E036,I03,b'\xe8\x07\x00\x00\x00\x00\x00\x00',b'\x01\x00\x00\x00\x00\x00\x00\x00',3.1666666666666665,3.25,0.0,1,1,2,0,,,,,0.16583123951776998,False,False,Aligned,1
E036,I03,b'\xe8\x07\x00\x00\x00\x00\x00\x00',b'\x02\x00\x00\x00\x00\x00\x00\x00',3.2,3.3333333333333335,0.0,1,1,2,0,,,,,0.16583123951776998,False,False,Aligned,1
E037,I03,b'\xe8\x07\x00\x00\x00\x00\x00\x00',b'\x01\x00\x00\x00\x00\x00\x00\x00',4.422222222222222,4.5,0.0,1,0,2,3,,,,,0.16583123951776998,True,True,Aligned,1
E037,I03,b'\xe8\x07\x00\x00\x00\x00\x00\x00',b'\x02\x00\x00\x00\x00\x00\x00\x00',4.533333333333334,4.611111111111112,0.0,1,0,2,3,,,,,0.16583123951776998,True,True,Aligned,1
E038,I03,b'\xe8\x07\x00\x00\x00\x00\x00\x00',b'\x01\x00\x00\x00\x00\x00\x00\x00',3.1666666666666665,2.6666666666666665,0.0,1,1,2,0,,,,,0.16583123951776998,False,False,Aligned,1
E038,I03,b'\xe8\x07\x00\x00\x00\x00\x00\x00',b'\x02\x00\x00\x00\x00\x00\x00\x00',3.0,2.5,0.0,1,1,2,0,,,,,0.16583123951776998,False,False,Aligned,1
E039,I03,b'\xe8\x07\x00\x00\x00\x00\x00\x00',b'\x01\x00\x00\x00\x00\x00\x00\x00',4.866666666666666,5.0,0.0,1,1,2,0,,,,,0.16583123951776998,True,True,Aligned,1
E039,I03,b'\xe8\x07\x00\x00\x00\x00\x00\x00',b'\x02\x00\x00\x00\x00\x00\x00\x00',4.866666666666666,5.0,0.0,1,1,2,0,,,,,0.16583123951776998,True,True,Aligned,1
E040,I03,b'\xe8\x07\x00\x00\x00\x00\x00\x00',b'\x01\x00\x00\x00\x00\x00\x00\x00',3.2333333333333334,3.5833333333333335,0.0,1,1,2,0,,,,,0.16583123951776998,False,False,Aligned,1
E040,I03,b'\xe8\x07\x00\x00\x00\x00\x00\x00',b'\x02\x00\x00\x00\x00\x00\x00\x00',3.333333333333334,3.6666666666666665,0.0,1,1,2,0,,,,,0.16583123951776998,False,False,Aligned,1
E041,I03,b'\xe8\x07\x00\x00\x00\x00\x00\x00',b'\x01\x00\x00\x00\x00\x00\x00\x00',4.166666666666667,4.5,0.0,1,1,2,0,,,,,0.16583123951776998,True,True,Aligned,1
E041,I03,b'\xe8\x07\x00\x00\x00\x00\x00\x00',b'\x02\x00\x00\x00\x00\x00\x00\x00',4.333333333333334,4.75,0.0,1,1,2,0,,,,,0.16583123951776998,True,True,Aligned,1
E042,I03,b'\xe8\x07\x00\x00\x00\x00\x00\x00',b'\x01\x00\x00\x00\x00\x00\x00\x00',2.733333333333333,3.0,0.0,1,1,2,0,,,,,0.16583123951776998,False,False,Aligned,1
E042,I03,b'\xe8\x07\x00\x00\x00\x00\x00\x00',b'\x02\x00\x00\x00\x00\x00\x00\x00',3.0,3.0833333333333335,0.0,1,1,2,0,,,,,0.16583123951776998,False,False,Aligned,1
E043,I03,b'\xe8\x07\x00\x00\x00\x00\x00\x00',b'\x01\x00\x00\x00\x00\x00\x00\x00',2.8333333333333335,3.4166666666666665,0.0,1,1,2,0,,,,,0.16583123951776998,False,False,Aligned,1
E043,I03,b'\xe8\x07\x00\x00\x00\x00\x00\x00',b'\x02\x00\x00\x00\x00\x00\x00\x00',2.966666666666667,3.75,0.0,1,1,2,0,,,,,0.16583123951776998,False,False,Aligned,1
E044,I03,b'\xe8\x07\x00\x00\x00\x00\x00\x00',b'\x01\x00\x00\x00\x00\x00\x00\x00',3.4,3.5,0.0,1,1,2,0,,,,,0.16583123951776998,False,False,Aligned,1
E044,I03,b'\xe8\x07\x00\x00\x00\x00\x00\x00',b'\x02\x00\x00\x00\x00\x00\x00\x00',3.7666666666666666,4.25,0.0,1,1,2,0,,,,,0.16583123951776998,False,True,Anti-Aligned,0
E045,I03,b'\xe8\x07\x00\x00\x00\x00\x00\x00',b'\x01\x00\x00\x00\x00\x00\x00\x00',3.3,3.694444444444444,0.0,1,0,2,3,,,,,0.16583123951776998,False,False,Aligned,1
E045,I03,b'\xe8\x07\x00\x00\x00\x00\x00\x00',b'\x02\x00\x00\x00\x00\x00\x00\x00',3.611111111111111,4.083333333333333,0.0,1,0,2,3,,,,,0.16583123951776998,False,True,Anti-Aligned,0
E046,I03,b'\xe8\x07\x00\x00\x00\x00\x00\x00',b'\x01\x00\x00\x00\x00\x00\x00\x00',4.466666666666667,4.5,0.0,1,1,2,0,,,,,0.16583123951776998,True,True,Aligned,1
E046,I03,b'\xe8\x07\x00\x00\x00\x00\x00\x00',b'\x02\x00\x00\x00\x00\x00\x00\x00',4.566666666666666,4.75,0.0,1,1,2,0,,,,,0.16583123951776998,True,True,Aligned,1
E047,I03,b'\xe8\x07\x00\x00\x00\x00\x00\x00',b'\x01\x00\x00\x00\x00\x00\x00\x00',4.0,4.5,0.0,1,1,2,0,,,,,0.16583123951776998,True,True,Aligned,1
E047,I03,b'\xe8\x07\x00\x00\x00\x00\x00\x00',b'\x02\x00\x00\x00\x00\x00\x00\x00',4.2,4.583333333333333,0.0,1,1,2,0,,,,,0.16583123951776998,True,True,Aligned,1
E048,I03,b'\xe8\x07\x00\x00\x00\x00\x00\x00',b'\x01\x00\x00\x00\x00\x00\x00\x00',3.2333333333333334,2.5833333333333335,0.0,1,1,2,0,,,,,0.16583123951776998,False,False,Aligned,1
E048,I03,b'\xe8\x07\x00\x00\x00\x00\x00\x00',b'\x02\x00\x00\x00\x00\x00\x00\x00',3.433333333333333,2.9166666666666665,0.0,1,1,2,0,,,,,0.16583123951776998,False,False,Aligned,1
E049,I03,b'\xe8\x07\x00\x00\x00\x00\x00\x00',b'\x01\x00\x00\x00\x00\x00\x00\x00',2.7666666666666666,2.4166666666666665,0.0,1,1,2,0,,,,,0.16583123951776998,False,False,Aligned,1
E049,I03,b'\xe8\x07\x00\x00\x00\x00\x00\x00',b'\x02\x00\x00\x00\x00\x00\x00\x00',3.2,2.8333333333333335,0.0,1,1,2,0,,,,,0.16583123951776998,False,False,Aligned,1
E050,I03,b'\xe8\x07\x00\x00\x00\x00\x00\x00',b'\x01\x00\x00\x00\x00\x00\x00\x00',3.4999999999999996,3.5833333333333335,0.0,1,1,2,0,,,,,0.16583123951776998,False,False,Aligned,1
E050,I03,b'\xe8\x07\x00\x00\x00\x00\x00\x00',b'\x02\x00\x00\x00\x00\x00\x00\x00',3.5999999999999996,3.6666666666666665,0.0,1,1,2,0,,,,,0.16583123951776998,False,False,Aligned,1
E051,I03,b'\xe8\x07\x00\x00\x00\x00\x00\x00',b'\x01\x00\x00\x00\x00\x00\x00\x00',2.3666666666666663,2.0,0.0,1,1,2,0,,,,,0.16583123951776998,False,False,Aligned,1
E051,I03,b'\xe8\x07\x00\x00\x00\x00\x00\x00',b'\x02\x00\x00\x00\x00\x00\x00\x00',2.5999999999999996,2.1666666666666665,0.0,1,1,2,0,,,,,0.16583123951776998,False,False,Aligned,1
E052,I03,b'\xe8\x07\x00\x00\x00\x00\x00\x00',b'\x01\x00\x00\x00\x00\x00\x00\x00',4.4,4.5,0.0,1,1,2,0,,,,,0.16583123951776998,True,True,Aligned,1
E052,I03,b'\xe8\x07\x00\x00\x00\x00\x00\x00',b'\x02\x00\x00\x00\x00\x00\x00\x00',4.6000000000000005,4.666666666666667,0.0,1,1,2,0,,,,,0.16583123951776998,True,True,Aligned,1
E053,I03,b'\xe8\x07\x00\x00\x00\x00\x00\x00',b'\x01\x00\x00\x00\x00\x00\x00\x00',3.966666666666667,3.9166666666666665,0.0,1,1,2,0,,,,,0.16583123951776998,True,True,Aligned,1
E053,I03,b'\xe8\x07\x00\x00\x00\x00\x00\x00',b'\x02\x00\x00\x00\x00\x00\x00\x00',4.2,4.166666666666667,0.0,1,1,2,0,,,,,0.16583123951776998,True,True,Aligned,1
E054,I03,b'\xe8\x07\x00\x00\x00\x00\x00\x00',b'\x01\x00\x00\x00\x00\x00\x00\x00',2.9000000000000004,2.5,0.0,1,1,2,0,,,,,0.16583123951776998,False,False,Aligned,1
E054,I03,b'\xe8\x07\x00\x00\x00\x00\x00\x00',b'\x02\x00\x00\x00\x00\x00\x00\x00',3.3,2.8333333333333335,0.0,1,1,2,0,,,,,0.16583123951776998,False,False,Aligned,1
E055,I03,b'\xe8\x07\x00\x00\x00\x00\x00\x00',b'\x01\x00\x00\x00\x00\x00\x00\x00',3.3333333333333335,3.3333333333333335,0.0,1,1,2,0,,,,,0.16583123951776998,False,False,Aligned,1
E055,I03,b'\xe8\x07\x00\x00\x00\x00\x00\x00',b'\x02\x00\x00\x00\x00\x00\x00\x00',3.566666666666666,3.6666666666666665,0.0,1,1,2,0,,,,,0.16583123951776998,False,False,Aligned,1
E056,I04,b'\xe8\x07\x00\x00\x00\x00\x00\x00',b'\x01\x00\x00\x00\x00\x00\x00\x00',1.8666666666666667,2.0,0.0,1,2,2,0,,,,,0.09797958971132721,False,False,Aligned,1
E056,I04,b'\xe8\x07\x00\x00\x00\x00\x00\x00',b'\x02\x00\x00\x00\x00\x00\x00\x00',2.1999999999999997,2.3333333333333335,0.0,1,2,2,0,,,,,0.09797958971132721,False,False,Aligned,1
E057,I04,b'\xe8\x07\x00\x00\x00\x00\x00\x00',b'\x01\x00\x00\x00\x00\x00\x00\x00',2.466666666666667,3.1666666666666665,0.0,1,2,2,0,,,,,0.09797958971132721,False,False,Aligned,1
E057,I04,b'\xe8\x07\x00\x00\x00\x00\x00\x00',b'\x02\x00\x00\x00\x00\x00\x00\x00',2.6666666666666665,3.5,0.0,1,2,2,0,,,,,0.09797958971132721,False,False,Aligned,1
E058,I04,b'\xe8\x07\x00\x00\x00\x00\x00\x00',b'\x01\x00\x00\x00\x00\x00\x00\x00',2.466666666666667,2.1666666666666665,0.0,1,2,2,0,,,,,0.09797958971132721,False,False,Aligned,1
E058,I04,b'\xe8\x07\x00\x00\x00\x00\x00\x00',b'\x02\x00\x00\x00\x00\x00\x00\x00',2.566666666666667,2.25,0.0,1,2,2,0,,,,,0.09797958971132721,False,False,Aligned,1
E059,I04,b'\xe8\x07\x00\x00\x00\x00\x00\x00',b'\x01\x00\x00\x00\x00\x00\x00\x00',5.0,5.0,0.0,1,2,2,0,,,,,0.09797958971132721,True,True,Aligned,1
E059,I04,b'\xe8\x07\x00\x00\x00\x00\x00\x00',b'\x02\x00\x00\x00\x00\x00\x00\x00',5.0,5.0,0.0,1,2,2,0,,,,,0.09797958971132721,True,True,Aligned,1
E060,I04,b'\xe8\x07\x00\x00\x00\x00\x00\x00',b'\x01\x00\x00\x00\x00\x00\x00\x00',4.533333333333333,4.416666666666667,0.0,1,2,2,0,,,,,0.09797958971132721,True,True,Aligned,1
E060,I04,b'\xe8\x07\x00\x00\x00\x00\x00\x00',b'\x02\x00\x00\x00\x00\x00\x00\x00',4.699999999999999,4.5,0.0,1,2,2,0,,,,,0.09797958971132721,True,True,Aligned,1
E061,I04,b'\xe8\x07\x00\x00\x00\x00\x00\x00',b'\x01\x00\x00\x00\x00\x00\x00\x00',3.466666666666667,3.0,0.0,1,2,2,0,,,,,0.09797958971132721,False,False,Aligned,1
E061,I04,b'\xe8\x07\x00\x00\x00\x00\x00\x00',b'\x02\x00\x00\x00\x00\x00\x00\x00',3.5999999999999996,3.1666666666666665,0.0,1,2,2,0,,,,,0.09797958971132721,False,False,Aligned,1
E062,I04,b'\xe8\x07\x00\x00\x00\x00\x00\x00',b'\x01\x00\x00\x00\x00\x00\x00\x00',4.466666666666667,5.0,0.0,1,2,2,0,,,,,0.09797958971132721,True,True,Aligned,1
E062,I04,b'\xe8\x07\x00\x00\x00\x00\x00\x00',b'\x02\x00\x00\x00\x00\x00\x00\x00',4.533333333333333,5.0,0.0,1,2,2,0,,,,,0.09797958971132721,True,True,Aligned,1
E063,I04,b'\xe8\x07\x00\x00\x00\x00\x00\x00',b'\x01\x00\x00\x00\x00\x00\x00\x00',4.2,3.5,0.0,1,2,2,0,,,,,0.09797958971132721,True,False,Anti-Aligned,0
E063,I04,b'\xe8\x07\x00\x00\x00\x00\x00\x00',b'\x02\x00\x00\x00\x00\x00\x00\x00',4.333333333333333,3.5833333333333335,0.0,1,2,2,0,,,,,0.09797958971132721,True,False,Anti-Aligned,0
E064,I04,b'\xe8\x07\x00\x00\x00\x00\x00\x00',b'\x01\x00\x00\x00\x00\x00\x00\x00',4.2,4.0,0.0,1,2,2,0,,,,,0.09797958971132721,True,True,Aligned,1
E064,I04,b'\xe8\x07\x00\x00\x00\x00\x00\x00',b'\x02\x00\x00\x00\x00\x00\x00\x00',4.333333333333333,4.166666666666667,0.0,1,2,2,0,,,,,0.09797958971132721,True,True,Aligned,1
E065,I04,b'\xe8\x07\x00\x00\x00\x00\x00\x00',b'\x01\x00\x00\x00\x00\x00\x00\x00',3.5999999999999996,3.0,0.0,1,2,2,0,,,,,0.09797958971132721,False,False,Aligned,1
E065,I04,b'\xe8\x07\x00\x00\x00\x00\x00\x00',b'\x02\x00\x00\x00\x00\x00\x00\x00',3.7333333333333334,3.1666666666666665,0.0,1,2,2,0,,,,,0.09797958971132721,False,False,Aligned,1
E066,I04,b'\xe8\x07\x00\x00\x00\x00\x00\x00',b'\x01\x00\x00\x00\x00\x00\x00\x00',4.833333333333333,4.583333333333333,0.0,1,2,2,0,,,,,0.09797958971132721,True,True,Aligned,1
E066,I04,b'\xe8\x07\x00\x00\x00\x00\x00\x00',b'\x02\x00\x00\x00\x00\x00\x00\x00',4.9,4.75,0.0,1,2,2,0,,,,,0.09797958971132721,True,True,Aligned,1
E067,I04,b'\xe8\x07\x00\x00\x00\x00\x00\x00',b'\x01\x00\x00\x00\x00\x00\x00\x00',3.7999999999999994,3.9166666666666665,0.0,1,2,2,0,,,,,0.09797958971132721,True,True,Aligned,1
E067,I04,b'\xe8\x07\x00\x00\x00\x00\x00\x00',b'\x02\x00\x00\x00\x00\x00\x00\x00',3.933333333333333,4.166666666666667,0.0,1,2,2,0,,,,,0.09797958971132721,True,True,Aligned,1
E068,I04,b'\xe8\x07\x00\x00\x00\x00\x00\x00',b'\x01\x00\x00\x00\x00\x00\x00\x00',4.2666666666666675,5.0,0.0,1,2,2,0,,,,,0.09797958971132721,True,True,Aligned,1
E068,I04,b'\xe8\x07\x00\x00\x00\x00\x00\x00',b'\x02\x00\x00\x00\x00\x00\x00\x00',4.2666666666666675,5.0,0.0,1,2,2,0,,,,,0.09797958971132721,True,True,Aligned,1
E069,I04,b'\xe8\x07\x00\x00\x00\x00\x00\x00',b'\x01\x00\x00\x00\x00\x00\x00\x00',3.1333333333333333,4.166666666666667,0.0,1,2,2,0,,,,,0.09797958971132721,False,True,Anti-Aligned,0
E069,I04,b'\xe8\x07\x00\x00\x00\x00\x00\x00',b'\x02\x00\x00\x00\x00\x00\x00\x00',3.266666666666667,4.083333333333333,0.0,1,2,2,0,,,,,0.09797958971132721,False,True,Anti-Aligned,0
E070,I04,b'\xe8\x07\x00\x00\x00\x00\x00\x00',b'\x01\x00\x00\x00\x00\x00\x00\x00',2.5444444444444443,3.277777777777778,0.0,1,0,2,3,,,,,0.09797958971132721,False,False,Aligned,1
E070,I04,b'\xe8\x07\x00\x00\x00\x00\x00\x00',b'\x02\x00\x00\x00\x00\x00\x00\x00',2.9444444444444446,3.6666666666666665,0.0,1,0,2,3,,,,,0.09797958971132721,False,False,Aligned,1
E071,I04,b'\xe8\x07\x00\x00\x00\x00\x00\x00',b'\x01\x00\x00\x00\x00\x00\x00\x00',4.400000000000001,4.5,0.0,1,2,2,0,,,,,0.09797958971132721,True,True,Aligned,1
E071,I04,b'\xe8\x07\x00\x00\x00\x00\x00\x00',b'\x02\x00\x00\x00\x00\x00\x00\x00',4.533333333333333,4.75,0.0,1,2,2,0,,,,,0.09797958971132721,True,True,Aligned,1
E072,I04,b'\xe8\x07\x00\x00\x00\x00\x00\x00',b'\x01\x00\x00\x00\x00\x00\x00\x00',2.7666666666666666,2.5,0.0,1,2,2,0,,,,,0.09797958971132721,False,False,Aligned,1
E072,I04,b'\xe8\x07\x00\x00\x00\x00\x00\x00',b'\x02\x00\x00\x00\x00\x00\x00\x00',3.1333333333333333,2.8333333333333335,0.0,1,2,2,0,,,,,0.09797958971132721,False,False,Aligned,1
E073,I04,b'\xe8\x07\x00\x00\x00\x00\x00\x00',b'\x01\x00\x00\x00\x00\x00\x00\x00',4.566666666666666,5.0,0.0,1,2,2,0,,,,,0.09797958971132721,True,True,Aligned,1
E073,I04,b'\xe8\x07\x00\x00\x00\x00\x00\x00',b'\x02\x00\x00\x00\x00\x00\x00\x00',4.666666666666666,5.0,0.0,1,2,2,0,,,,,0.09797958971132721,True,True,Aligned,1
E074,I04,b'\xe8\x07\x00\x00\x00\x00\x00\x00',b'\x01\x00\x00\x00\x00\x00\x00\x00',4.0,4.5,0.0,1,2,2,0,,,,,0.09797958971132721,True,True,Aligned,1
E074,I04,b'\xe8\x07\x00\x00\x00\x00\x00\x00',b'\x02\x00\x00\x00\x00\x00\x00\x00',4.199999999999999,4.583333333333333,0.0,1,2,2,0,,,,,0.09797958971132721,True,True,Aligned,1
E075,I04,b'\xe8\x07\x00\x00\x00\x00\x00\x00',b'\x01\x00\x00\x00\x00\x00\x00\x00',4.366666666666667,4.5,0.0,1,2,2,0,,,,,0.09797958971132721,True,True,Aligned,1
E075,I04,b'\xe8\x07\x00\x00\x00\x00\x00\x00',b'\x02\x00\x00\x00\x00\x00\x00\x00',4.5,4.666666666666667,0.0,1,2,2,0,,,,,0.09797958971132721,True,True,Aligned,1
E076,I04,b'\xe8\x07\x00\x00\x00\x00\x00\x00',b'\x01\x00\x00\x00\x00\x00\x00\x00',2.4,1.5,0.0,1,2,2,0,,,,,0.09797958971132721,False,False,Aligned,1
E076,I04,b'\xe8\x07\x00\x00\x00\x00\x00\x00',b'\x02\x00\x00\x00\x00\x00\x00\x00',2.6333333333333333,1.5,0.0,1,2,2,0,,,,,0.09797958971132721,False,False,Aligned,1
E077,I04,b'\xe8\x07\x00\x00\x00\x00\x00\x00',b'\x01\x00\x00\x00\x00\x00\x00\x00',4.466666666666666,4.333333333333333,0.0,1,2,2,0,,,,,0.09797958971132721,True,True,Aligned,1
E077,I04,b'\xe8\x07\x00\x00\x00\x00\x00\x00',b'\x02\x00\x00\x00\x00\x00\x00\x00',4.633333333333333,4.583333333333333,0.0,1,2,2,0,,,,,0.09797958971132721,True,True,Aligned,1
E078,I04,b'\xe8\x07\x00\x00\x00\x00\x00\x00',b'\x01\x00\x00\x00\x00\x00\x00\x00',3.8333333333333335,3.4166666666666665,0.0,1,2,2,0,,,,,0.09797958971132721,True,False,Anti-Aligned,0
E078,I04,b'\xe8\x07\x00\x00\x00\x00\x00\x00',b'\x02\x00\x00\x00\x00\x00\x00\x00',4.066666666666666,3.9166666666666665,0.0,1,2,2,0,,,,,0.09797958971132721,True,True,Aligned,1
E079,I04,b'\xe8\x07\x00\x00\x00\x00\x00\x00',b'\x01\x00\x00\x00\x00\x00\x00\x00',3.3666666666666663,2.4166666666666665,0.0,1,2,2,0,,,,,0.09797958971132721,False,False,Aligned,1
E079,I04,b'\xe8\x07\x00\x00\x00\x00\x00\x00',b'\x02\x00\x00\x00\x00\x00\x00\x00',3.633333333333333,2.6666666666666665,0.0,1,2,2,0,,,,,0.09797958971132721,False,False,Aligned,1
E080,I04,b'\xe8\x07\x00\x00\x00\x00\x00\x00',b'\x01\x00\x00\x00\x00\x00\x00\x00',3.8666666666666663,4.0,0.0,1,2,2,0,,,,,0.09797958971132721,True,True,Aligned,1
E080,I04,b'\xe8\x07\x00\x00\x00\x00\x00\x00',b'\x02\x00\x00\x00\x00\x00\x00\x00',3.9000000000000004,4.25,0.0,1,2,2,0,,,,,0.09797958971132721,True,True,Aligned,1
E081,I04,b'\xe8\x07\x00\x00\x00\x00\x00\x00',b'\x01\x00\x00\x00\x00\x00\x00\x00',3.966666666666667,4.0,0.0,1,2,2,0,,,,,0.09797958971132721,True,True,Aligned,1
E081,I04,b'\xe8\x07\x00\x00\x00\x00\x00\x00',b'\x02\x00\x00\x00\x00\x00\x00\x00',4.133333333333334,4.0,0.0,1,2,2,0,,,,,0.09797958971132721,True,True,Aligned,1
E082,I04,b'\xe8\x07\x00\x00\x00\x00\x00\x00',b'\x01\x00\x00\x00\x00\x00\x00\x00',2.166666666666667,1.0,0.0,1,2,2,0,,,,,0.09797958971132721,False,False,Aligned,1
E082,I04,b'\xe8\x07\x00\x00\x00\x00\x00\x00',b'\x02\x00\x00\x00\x00\x00\x00\x00',2.433333333333333,1.3333333333333333,0.0,1,2,2,0,,,,,0.09797958971132721,False,False,Aligned,1
E083,I04,b'\xe8\x07\x00\x00\x00\x00\x00\x00',b'\x01\x00\x00\x00\x00\x00\x00\x00',4.166666666666667,3.9166666666666665,0.0,1,2,2,0,,,,,0.09797958971132721,True,True,Aligned,1
E083,I04,b'\xe8\x07\x00\x00\x00\x00\x00\x00',b'\x02\x00\x00\x00\x00\x00\x00\x00',4.2666666666666675,4.0,0.0,1,2,2,0,,,,,0.09797958971132721,True,True,Aligned,1
E084,I04,b'\xe8\x07\x00\x00\x00\x00\x00\x00',b'\x01\x00\x00\x00\x00\x00\x00\x00',4.8,4.833333333333333,0.0,1,2,2,0,,,,,0.09797958971132721,True,True,Aligned,1
E084,I04,b'\xe8\x07\x00\x00\x00\x00\x00\x00',b'\x02\x00\x00\x00\x00\x00\x00\x00',4.8,5.0,0.0,1,2,2,0,,,,,0.09797958971132721,True,True,Aligned,1
E085,I04,b'\xe8\x07\x00\x00\x00\x00\x00\x00',b'\x01\x00\x00\x00\x00\x00\x00\x00',2.766666666666667,2.0,0.0,1,2,2,0,,,,,0.09797958971132721,False,False,Aligned,1
E085,I04,b'\xe8\x07\x00\x00\x00\x00\x00\x00',b'\x02\x00\x00\x00\x00\x00\x00\x00',2.9000000000000004,2.1666666666666665,0.0,1,2,2,0,,,,,0.09797958971132721,False,False,Aligned,1
E086,I04,b'\xe8\x07\x00\x00\x00\x00\x00\x00',b'\x01\x00\x00\x00\x00\x00\x00\x00',3.7999999999999994,3.5833333333333335,0.0,1,2,2,0,,,,,0.09797958971132721,True,False,Anti-Aligned,0
E086,I04,b'\xe8\x07\x00\x00\x00\x00\x00\x00',b'\x02\x00\x00\x00\x00\x00\x00\x00',3.966666666666667,3.75,0.0,1,2,2,0,,,,,0.09797958971132721,True,False,Anti-Aligned,0
E087,I04,b'\xe8\x07\x00\x00\x00\x00\x00\x00',b'\x01\x00\x00\x00\x00\x00\x00\x00',4.233333333333333,4.083333333333333,0.0,1,2,2,0,,,,,0.09797958971132721,True,True,Aligned,1
E087,I04,b'\xe8\x07\x00\x00\x00\x00\x00\x00',b'\x02\x00\x00\x00\x00\x00\x00\x00',4.3999999999999995,4.416666666666667,0.0,1,2,2,0,,,,,0.09797958971132721,True,True,Aligned,1
E088,I04,b'\xe8\x07\x00\x00\x00\x00\x00\x00',b'\x01\x00\x00\x00\x00\x00\x00\x00',4.633333333333333,5.0,0.0,1,2,2,0,,,,,0.09797958971132721,True,True,Aligned,1
E088,I04,b'\xe8\x07\x00\x00\x00\x00\x00\x00',b'\x02\x00\x00\x00\x00\x00\x00\x00',4.699999999999999,5.0,0.0,1,2,2,0,,,,,0.09797958971132721,True,True,Aligned,1
E089,I04,b'\xe8\x07\x00\x00\x00\x00\x00\x00',b'\x01\x00\x00\x00\x00\x00\x00\x00',2.4,3.0,0.0,1,2,2,0,,,,,0.09797958971132721,False,False,Aligned,1
E089,I04,b'\xe8\x07\x00\x00\x00\x00\x00\x00',b'\x02\x00\x00\x00\x00\x00\x00\x00',2.7333333333333334,3.4166666666666665,0.0,1,2,2,0,,,,,0.09797958971132721,False,False,Aligned,1
E090,I04,b'\xe8\x07\x00\x00\x00\x00\x00\x00',b'\x01\x00\x00\x00\x00\x00\x00\x00',3.7666666666666666,3.1111111111111107,0.0,1,0,2,3,,,,,0.09797958971132721,False,False,Aligned,1
E090,I04,b'\xe8\x07\x00\x00\x00\x00\x00\x00',b'\x02\x00\x00\x00\x00\x00\x00\x00',4.122222222222223,3.694444444444444,0.0,1,0,2,3,,,,,0.09797958971132721,True,False,Anti-Aligned,0
E091,I04,b'\xe8\x07\x00\x00\x00\x00\x00\x00',b'\x01\x00\x00\x00\x00\x00\x00\x00',2.466666666666667,2.1666666666666665,0.0,1,2,2,0,,,,,0.09797958971132721,False,False,Aligned,1
E091,I04,b'\xe8\x07\x00\x00\x00\x00\x00\x00',b'\x02\x00\x00\x00\x00\x00\x00\x00',2.7333333333333334,2.4166666666666665,0.0,1,2,2,0,,,,,0.09797958971132721,False,False,Aligned,1
E092,I04,b'\xe8\x07\x00\x00\x00\x00\x00\x00',b'\x01\x00\x00\x00\x00\x00\x00\x00',4.366666666666667,4.416666666666667,0.0,1,2,2,0,,,,,0.09797958971132721,True,True,Aligned,1
E092,I04,b'\xe8\x07\x00\x00\x00\x00\x00\x00',b'\x02\x00\x00\x00\x00\x00\x00\x00',4.400000000000001,4.5,0.0,1,2,2,0,,,,,0.09797958971132721,True,True,Aligned,1
E093,I04,b'\xe8\x07\x00\x00\x00\x00\x00\x00',b'\x01\x00\x00\x00\x00\x00\x00\x00',3.066666666666667,3.6666666666666665,0.0,1,2,2,0,,,,,0.09797958971132721,False,False,Aligned,1
E093,I04,b'\xe8\x07\x00\x00\x00\x00\x00\x00',b'\x02\x00\x00\x00\x00\x00\x00\x00',3.1333333333333337,3.6666666666666665,0.0,1,2,2,0,,,,,0.09797958971132721,False,False,Aligned,1
E094,I04,b'\xe8\x07\x00\x00\x00\x00\x00\x00',b'\x01\x00\x00\x00\x00\x00\x00\x00',2.3666666666666663,1.4166666666666667,0.0,1,2,2,0,,,,,0.09797958971132721,False,False,Aligned,1
E094,I04,b'\xe8\x07\x00\x00\x00\x00\x00\x00',b'\x02\x00\x00\x00\x00\x00\x00\x00',2.566666666666667,1.5833333333333333,0.0,1,2,2,0,,,,,0.09797958971132721,False,False,Aligned,1
E095,I04,b'\xe8\x07\x00\x00\x00\x00\x00\x00',b'\x01\x00\x00\x00\x00\x00\x00\x00',3.3000000000000003,3.5833333333333335,0.0,1,2,2,0,,,,,0.09797958971132721,False,False,Aligned,1
E095,I04,b'\xe8\x07\x00\x00\x00\x00\x00\x00',b'\x02\x00\x00\x00\x00\x00\x00\x00',3.3666666666666667,3.6666666666666665,0.0,1,2,2,0,,,,,0.09797958971132721,False,False,Aligned,1
E096,I04,b'\xe8\x07\x00\x00\x00\x00\x00\x00',b'\x01\x00\x00\x00\x00\x00\x00\x00',4.766666666666667,4.916666666666667,0.0,1,2,2,0,,,,,0.09797958971132721,True,True,Aligned,1
E096,I04,b'\xe8\x07\x00\x00\x00\x00\x00\x00',b'\x02\x00\x00\x00\x00\x00\x00\x00',4.833333333333333,5.0,0.0,1,2,2,0,,,,,0.09797958971132721,True,True,Aligned,1
E097,I04,b'\xe8\x07\x00\x00\x00\x00\x00\x00',b'\x01\x00\x00\x00\x00\x00\x00\x00',4.966666666666667,5.0,0.0,1,2,2,0,,,,,0.09797958971132721,True,True,Aligned,1
E097,I04,b'\xe8\x07\x00\x00\x00\x00\x00\x00',b'\x02\x00\x00\x00\x00\x00\x00\x00',5.0,5.0,0.0,1,2,2,0,,,,,0.09797958971132721,True,True,Aligned,1
E098,I05,b'\xe8\x07\x00\x00\x00\x00\x00\x00',b'\x01\x00\x00\x00\x00\x00\x00\x00',2.9111111111111114,2.1666666666666665,0.0,1,0,2,3,,,,,0.09229106504488557,False,False,Aligned,1
E098,I05,b'\xe8\x07\x00\x00\x00\x00\x00\x00',b'\x02\x00\x00\x00\x00\x00\x00\x00',3.2,2.388888888888889,0.0,1,0,2,3,,,,,0.09229106504488557,False,False,Aligned,1
E099,I05,b'\xe8\x07\x00\x00\x00\x00\x00\x00',b'\x01\x00\x00\x00\x00\x00\x00\x00',4.833333333333333,5.0,0.0,1,0,2,2,,,,,0.09229106504488557,True,True,Aligned,1
E099,I05,b'\xe8\x07\x00\x00\x00\x00\x00\x00',b'\x02\x00\x00\x00\x00\x00\x00\x00',4.933333333333334,5.0,0.0,1,0,2,2,,,,,0.09229106504488557,True,True,Aligned,1
E100,I05,b'\xe8\x07\x00\x00\x00\x00\x00\x00',b'\x01\x00\x00\x00\x00\x00\x00\x00',4.0,4.0,0.0,1,1,2,0,,,,,0.09229106504488557,True,True,Aligned,1
E100,I05,b'\xe8\x07\x00\x00\x00\x00\x00\x00',b'\x02\x00\x00\x00\x00\x00\x00\x00',4.033333333333333,4.083333333333333,0.0,1,1,2,0,,,,,0.09229106504488557,True,True,Aligned,1
E101,I05,b'\xe8\x07\x00\x00\x00\x00\x00\x00',b'\x01\x00\x00\x00\x00\x00\x00\x00',3.6333333333333337,3.5833333333333335,0.0,1,1,2,0,,,,,0.09229106504488557,False,False,Aligned,1
E101,I05,b'\xe8\x07\x00\x00\x00\x00\x00\x00',b'\x02\x00\x00\x00\x00\x00\x00\x00',3.7333333333333334,3.6666666666666665,0.0,1,1,2,0,,,,,0.09229106504488557,False,False,Aligned,1
E102,I05,b'\xe8\x07\x00\x00\x00\x00\x00\x00',b'\x01\x00\x00\x00\x00\x00\x00\x00',3.933333333333333,3.8333333333333335,0.0,1,1,2,0,,,,,0.09229106504488557,True,True,Aligned,1
E102,I05,b'\xe8\x07\x00\x00\x00\x00\x00\x00',b'\x02\x00\x00\x00\x00\x00\x00\x00',4.066666666666666,4.166666666666667,0.0,1,1,2,0,,,,,0.09229106504488557,True,True,Aligned,1
E103,I05,b'\xe8\x07\x00\x00\x00\x00\x00\x00',b'\x01\x00\x00\x00\x00\x00\x00\x00',3.0999999999999996,3.0,0.0,1,1,2,0,,,,,0.09229106504488557,False,False,Aligned,1
E103,I05,b'\xe8\x07\x00\x00\x00\x00\x00\x00',b'\x02\x00\x00\x00\x00\x00\x00\x00',3.266666666666667,3.1666666666666665,0.0,1,1,2,0,,,,,0.09229106504488557,False,False,Aligned,1
E104,I05,b'\xe8\x07\x00\x00\x00\x00\x00\x00',b'\x01\x00\x00\x00\x00\x00\x00\x00',4.400000000000001,4.5,0.0,1,1,2,0,,,,,0.09229106504488557,True,True,Aligned,1
E104,I05,b'\xe8\x07\x00\x00\x00\x00\x00\x00',b'\x02\x00\x00\x00\x00\x00\x00\x00',4.400000000000001,4.5,0.0,1,1,2,0,,,,,0.09229106504488557,True,True,Aligned,1
E105,I05,b'\xe8\x07\x00\x00\x00\x00\x00\x00',b'\x01\x00\x00\x00\x00\x00\x00\x00',4.766666666666667,5.0,0.0,1,1,2,0,,,,,0.09229106504488557,True,True,Aligned,1
E105,I05,b'\xe8\x07\x00\x00\x00\x00\x00\x00',b'\x02\x00\x00\x00\x00\x00\x00\x00',4.9,5.0,0.0,1,1,2,0,,,,,0.09229106504488557,True,True,Aligned,1
E106,I05,b'\xe8\x07\x00\x00\x00\x00\x00\x00',b'\x01\x00\x00\x00\x00\x00\x00\x00',2.8666666666666667,2.8333333333333335,0.0,1,0,2,2,,,,,0.09229106504488557,False,False,Aligned,1
E106,I05,b'\xe8\x07\x00\x00\x00\x00\x00\x00',b'\x02\x00\x00\x00\x00\x00\x00\x00',2.966666666666667,3.0833333333333335,0.0,1,0,2,2,,,,,0.09229106504488557,False,False,Aligned,1
E107,I05,b'\xe8\x07\x00\x00\x00\x00\x00\x00',b'\x01\x00\x00\x00\x00\x00\x00\x00',4.366666666666667,5.0,0.0,1,1,2,0,,,,,0.09229106504488557,True,True,Aligned,1
E107,I05,b'\xe8\x07\x00\x00\x00\x00\x00\x00',b'\x02\x00\x00\x00\x00\x00\x00\x00',4.400000000000001,5.0,0.0,1,1,2,0,,,,,0.09229106504488557,True,True,Aligned,1
E108,I06,b'\xe8\x07\x00\x00\x00\x00\x00\x00',b'\x01\x00\x00\x00\x00\x00\x00\x00',2.7999999999999994,2.5,0.0,1,2,2,0,,,,,0.09999999999999998,False,False,Aligned,1
E108,I06,b'\xe8\x07\x00\x00\x00\x00\x00\x00',b'\x02\x00\x00\x00\x00\x00\x00\x00',3.033333333333333,2.6666666666666665,0.0,1,2,2,0,,,,,0.09999999999999998,False,False,Aligned,1
E109,I06,b'\xe8\x07\x00\x00\x00\x00\x00\x00',b'\x01\x00\x00\x00\x00\x00\x00\x00',4.766666666666667,5.0,0.0,1,3,2,0,,,,,0.09999999999999998,True,True,Aligned,1
E109,I06,b'\xe8\x07\x00\x00\x00\x00\x00\x00',b'\x02\x00\x00\x00\x00\x00\x00\x00',4.8,5.0,0.0,1,3,2,0,,,,,0.09999999999999998,True,True,Aligned,1
E110,I06,b'\xe8\x07\x00\x00\x00\x00\x00\x00',b'\x01\x00\x00\x00\x00\x00\x00\x00',3.9777777777777774,4.055555555555556,0.0,1,0,2,3,,,,,0.09999999999999998,True,True,Aligned,1
E110,I06,b'\xe8\x07\x00\x00\x00\x00\x00\x00',b'\x02\x00\x00\x00\x00\x00\x00\x00',4.066666666666666,4.194444444444444,0.0,1,0,2,3,,,,,0.09999999999999998,True,True,Aligned,1
E111,I06,b'\xe8\x07\x00\x00\x00\x00\x00\x00',b'\x01\x00\x00\x00\x00\x00\x00\x00',4.2666666666666675,3.6666666666666665,0.0,1,1,2,0,,,,,0.09999999999999998,True,False,Anti-Aligned,0
E111,I06,b'\xe8\x07\x00\x00\x00\x00\x00\x00',b'\x02\x00\x00\x00\x00\x00\x00\x00',4.366666666666666,3.8333333333333335,0.0,1,1,2,0,,,,,0.09999999999999998,True,True,Aligned,1
E112,I06,b'\xe8\x07\x00\x00\x00\x00\x00\x00',b'\x01\x00\x00\x00\x00\x00\x00\x00',2.7333333333333334,2.1666666666666665,0.0,1,2,2,0,,,,,0.09999999999999998,False,False,Aligned,1
E112,I06,b'\xe8\x07\x00\x00\x00\x00\x00\x00',b'\x02\x00\x00\x00\x00\x00\x00\x00',2.833333333333334,2.0,0.0,1,2,2,0,,,,,0.09999999999999998,False,False,Aligned,1
E113,I06,b'\xe8\x07\x00\x00\x00\x00\x00\x00',b'\x01\x00\x00\x00\x00\x00\x00\x00',4.466666666666667,4.166666666666667,0.0,1,3,2,0,,,,,0.09999999999999998,True,True,Aligned,1
E113,I06,b'\xe8\x07\x00\x00\x00\x00\x00\x00',b'\x02\x00\x00\x00\x00\x00\x00\x00',4.400000000000001,4.0,0.0,1,3,2,0,,,,,0.09999999999999998,True,True,Aligned,1
E114,I06,b'\xe8\x07\x00\x00\x00\x00\x00\x00',b'\x01\x00\x00\x00\x00\x00\x00\x00',3.8333333333333335,4.416666666666667,0.0,1,3,2,0,,,,,0.09999999999999998,True,True,Aligned,1
E114,I06,b'\xe8\x07\x00\x00\x00\x00\x00\x00',b'\x02\x00\x00\x00\x00\x00\x00\x00',4.033333333333333,4.75,0.0,1,3,2,0,,,,,0.09999999999999998,True,True,Aligned,1
E115,I06,b'\xe8\x07\x00\x00\x00\x00\x00\x00',b'\x01\x00\x00\x00\x00\x00\x00\x00',3.9777777777777774,4.388888888888889,0.0,1,0,2,3,,,,,0.09999999999999998,True,True,Aligned,1
E115,I06,b'\xe8\x07\x00\x00\x00\x00\x00\x00',b'\x02\x00\x00\x00\x00\x00\x00\x00',4.177777777777777,4.555555555555555,0.0,1,0,2,3,,,,,0.09999999999999998,True,True,Aligned,1
E116,I06,b'\xe8\x07\x00\x00\x00\x00\x00\x00',b'\x01\x00\x00\x00\x00\x00\x00\x00',3.2000000000000006,4.5,0.0,1,2,2,0,,,,,0.09999999999999998,False,True,Anti-Aligned,0
E116,I06,b'\xe8\x07\x00\x00\x00\x00\x00\x00',b'\x02\x00\x00\x00\x00\x00\x00\x00',3.5,4.666666666666667,0.0,1,2,2,0,,,,,0.09999999999999998,False,True,Anti-Aligned,0
E117,I06,b'\xe8\x07\x00\x00\x00\x00\x00\x00',b'\x01\x00\x00\x00\x00\x00\x00\x00',2.9555555555555557,3.7222222222222228,0.0,1,0,2,3,,,,,0.09999999999999998,False,False,Aligned,1
E117,I06,b'\xe8\x07\x00\x00\x00\x00\x00\x00',b'\x02\x00\x00\x00\x00\x00\x00\x00',3.211111111111111,3.8888888888888893,0.0,1,0,2,3,,,,,0.09999999999999998,False,True,Anti-Aligned,0
E118,I06,b'\xe8\x07\x00\x00\x00\x00\x00\x00',b'\x01\x00\x00\x00\x00\x00\x00\x00',3.166666666666667,2.5,0.0,1,3,2,0,,,,,0.09999999999999998,False,False,Aligned,1
E118,I06,b'\xe8\x07\x00\x00\x00\x00\x00\x00',b'\x02\x00\x00\x00\x00\x00\x00\x00',3.3111111111111113,2.555555555555556,0.0,1,3,2,0,,,,,0.09999999999999998,False,False,Aligned,1
E119,I06,b'\xe8\x07\x00\x00\x00\x00\x00\x00',b'\x01\x00\x00\x00\x00\x00\x00\x00',2.766666666666667,3.25,0.0,1,1,2,0,,,,,0.09999999999999998,False,False,Aligned,1
E119,I06,b'\xe8\x07\x00\x00\x00\x00\x00\x00',b'\x02\x00\x00\x00\x00\x00\x00\x00',2.8,3.0,0.0,1,1,2,0,,,,,0.09999999999999998,False,False,Aligned,1
E120,I06,b'\xe8\x07\x00\x00\x00\x00\x00\x00',b'\x01\x00\x00\x00\x00\x00\x00\x00',2.066666666666667,1.1666666666666667,0.0,1,2,2,0,,,,,0.09999999999999998,False,False,Aligned,1
E120,I06,b'\xe8\x07\x00\x00\x00\x00\x00\x00',b'\x02\x00\x00\x00\x00\x00\x00\x00',2.2333333333333334,1.1666666666666667,0.0,1,2,2,0,,,,,0.09999999999999998,False,False,Aligned,1
E121,I06,b'\xe8\x07\x00\x00\x00\x00\x00\x00',b'\x01\x00\x00\x00\x00\x00\x00\x00',2.3000000000000003,3.3333333333333335,0.0,1,3,2,0,,,,,0.09999999999999998,False,False,Aligned,1
E121,I06,b'\xe8\x07\x00\x00\x00\x00\x00\x00',b'\x02\x00\x00\x00\x00\x00\x00\x00',2.333333333333334,3.1666666666666665,0.0,1,3,2,0,,,,,0.09999999999999998,False,False,Aligned,1
E122,I06,b'\xe8\x07\x00\x00\x00\x00\x00\x00',b'\x01\x00\x00\x00\x00\x00\x00\x00',5.0,5.0,0.0,1,3,2,0,,,,,0.09999999999999998,True,True,Aligned,1
E122,I06,b'\xe8\x07\x00\x00\x00\x00\x00\x00',b'\x02\x00\x00\x00\x00\x00\x00\x00',5.0,5.0,0.0,1,3,2,0,,,,,0.09999999999999998,True,True,Aligned,1
E123,I06,b'\xe8\x07\x00\x00\x00\x00\x00\x00',b'\x01\x00\x00\x00\x00\x00\x00\x00',4.1000000000000005,3.8333333333333335,0.0,1,1,2,0,,,,,0.09999999999999998,True,True,Aligned,1
E123,I06,b'\xe8\x07\x00\x00\x00\x00\x00\x00',b'\x02\x00\x00\x00\x00\x00\x00\x00',4.2,4.0,0.0,1,1,2,0,,,,,0.09999999999999998,True,True,Aligned,1
E124,I06,b'\xe8\x07\x00\x00\x00\x00\x00\x00',b'\x01\x00\x00\x00\x00\x00\x00\x00',2.966666666666667,3.1111111111111107,0.0,1,0,2,3,,,,,0.09999999999999998,False,False,Aligned,1
E124,I06,b'\xe8\x07\x00\x00\x00\x00\x00\x00',b'\x02\x00\x00\x00\x00\x00\x00\x00',3.244444444444445,3.472222222222222,0.0,1,0,2,3,,,,,0.09999999999999998,False,False,Aligned,1
E125,I06,b'\xe8\x07\x00\x00\x00\x00\x00\x00',b'\x01\x00\x00\x00\x00\x00\x00\x00',5.0,5.0,0.0,1,3,2,0,,,,,0.09999999999999998,True,True,Aligned,1
E125,I06,b'\xe8\x07\x00\x00\x00\x00\x00\x00',b'\x02\x00\x00\x00\x00\x00\x00\x00',5.0,5.0,0.0,1,3,2,0,,,,,0.09999999999999998,True,True,Aligned,1
E126,I06,b'\xe8\x07\x00\x00\x00\x00\x00\x00',b'\x01\x00\x00\x00\x00\x00\x00\x00',4.166666666666667,4.5,0.0,1,3,2,0,,,,,0.09999999999999998,True,True,Aligned,1
E126,I06,b'\xe8\x07\x00\x00\x00\x00\x00\x00',b'\x02\x00\x00\x00\x00\x00\x00\x00',4.288888888888889,4.666666666666667,0.0,1,3,2,0,,,,,0.09999999999999998,True,True,Aligned,1
E127,I06,b'\xe8\x07\x00\x00\x00\x00\x00\x00',b'\x01\x00\x00\x00\x00\x00\x00\x00',4.8,5.0,0.0,1,1,2,0,,,,,0.09999999999999998,True,True,Aligned,1
E127,I06,b'\xe8\x07\x00\x00\x00\x00\x00\x00',b'\x02\x00\x00\x00\x00\x00\x00\x00',4.866666666666666,5.0,0.0,1,1,2,0,,,,,0.09999999999999998,True,True,Aligned,1
E128,I06,b'\xe8\x07\x00\x00\x00\x00\x00\x00',b'\x01\x00\x00\x00\x00\x00\x00\x00',2.533333333333333,2.1666666666666665,0.0,1,2,2,0,,,,,0.09999999999999998,False,False,Aligned,1
E128,I06,b'\xe8\x07\x00\x00\x00\x00\x00\x00',b'\x02\x00\x00\x00\x00\x00\x00\x00',2.6666666666666665,2.3333333333333335,0.0,1,2,2,0,,,,,0.09999999999999998,False,False,Aligned,1
E129,I06,b'\xe8\x07\x00\x00\x00\x00\x00\x00',b'\x01\x00\x00\x00\x00\x00\x00\x00',3.4999999999999996,3.0833333333333335,0.0,1,3,2,0,,,,,0.09999999999999998,False,False,Aligned,1
E129,I06,b'\xe8\x07\x00\x00\x00\x00\x00\x00',b'\x02\x00\x00\x00\x00\x00\x00\x00',3.6666666666666665,3.4166666666666665,0.0,1,3,2,0,,,,,0.09999999999999998,False,False,Aligned,1
E130,I06,b'\xe8\x07\x00\x00\x00\x00\x00\x00',b'\x01\x00\x00\x00\x00\x00\x00\x00',3.411111111111111,2.527777777777778,0.0,1,0,2,3,,,,,0.09999999999999998,False,False,Aligned,1
E130,I06,b'\xe8\x07\x00\x00\x00\x00\x00\x00',b'\x02\x00\x00\x00\x00\x00\x00\x00',3.7333333333333334,3.0833333333333335,0.0,1,0,2,3,,,,,0.09999999999999998,False,False,Aligned,1
E131,I06,b'\xe8\x07\x00\x00\x00\x00\x00\x00',b'\x01\x00\x00\x00\x00\x00\x00\x00',3.7999999999999994,3.6666666666666665,0.0,1,1,2,0,,,,,0.09999999999999998,True,False,Anti-Aligned,0
E131,I06,b'\xe8\x07\x00\x00\x00\x00\x00\x00',b'\x02\x00\x00\x00\x00\x00\x00\x00',3.9000000000000004,3.6666666666666665,0.0,1,1,2,0,,,,,0.09999999999999998,True,False,Anti-Aligned,0
E132,I06,b'\xe8\x07\x00\x00\x00\x00\x00\x00',b'\x01\x00\x00\x00\x00\x00\x00\x00',3.611111111111111,3.1666666666666665,0.0,1,0,2,3,,,,,0.09999999999999998,False,False,Aligned,1
E132,I06,b'\xe8\x07\x00\x00\x00\x00\x00\x00',b'\x02\x00\x00\x00\x00\x00\x00\x00',3.8333333333333335,3.4166666666666665,0.0,1,0,2,3,,,,,0.09999999999999998,True,False,Anti-Aligned,0
E133,I06,b'\xe8\x07\x00\x00\x00\x00\x00\x00',b'\x01\x00\x00\x00\x00\x00\x00\x00',3.966666666666667,3.9166666666666665,0.0,1,3,2,0,,,,,0.09999999999999998,True,True,Aligned,1
E133,I06,b'\xe8\x07\x00\x00\x00\x00\x00\x00',b'\x02\x00\x00\x00\x00\x00\x00\x00',4.166666666666667,4.0,0.0,1,3,2,0,,,,,0.09999999999999998,True,True,Aligned,1
E134,I06,b'\xe8\x07\x00\x00\x00\x00\x00\x00',b'\x01\x00\x00\x00\x00\x00\x00\x00',2.266666666666667,2.0,0.0,1,3,2,0,,,,,0.09999999999999998,False,False,Aligned,1
E134,I06,b'\xe8\x07\x00\x00\x00\x00\x00\x00',b'\x02\x00\x00\x00\x00\x00\x00\x00',2.5,2.1666666666666665,0.0,1,3,2,0,,,,,0.09999999999999998,False,False,Aligned,1
E135,I06,b'\xe8\x07\x00\x00\x00\x00\x00\x00',b'\x01\x00\x00\x00\x00\x00\x00\x00',3.966666666666667,4.0,0.0,1,1,2,0,,,,,0.09999999999999998,True,True,Aligned,1
E135,I06,b'\xe8\x07\x00\x00\x00\x00\x00\x00',b'\x02\x00\x00\x00\x00\x00\x00\x00',4.066666666666666,4.0,0.0,1,1,2,0,,,,,0.09999999999999998,True,True,Aligned,1
E136,I06,b'\xe8\x07\x00\x00\x00\x00\x00\x00',b'\x01\x00\x00\x00\x00\x00\x00\x00',3.166666666666667,3.4166666666666665,0.0,1,2,2,0,,,,,0.09999999999999998,False,False,Aligned,1
E136,I06,b'\xe8\x07\x00\x00\x00\x00\x00\x00',b'\x02\x00\x00\x00\x00\x00\x00\x00',3.4000000000000004,3.8333333333333335,0.0,1,2,2,0,,,,,0.09999999999999998,False,True,Anti-Aligned,0
E137,I06,b'\xe8\x07\x00\x00\x00\x00\x00\x00',b'\x01\x00\x00\x00\x00\x00\x00\x00',2.1333333333333333,2.0,0.0,1,3,2,0,,,,,0.09999999999999998,False,False,Aligned,1
E137,I06,b'\xe8\x07\x00\x00\x00\x00\x00\x00',b'\x02\x00\x00\x00\x00\x00\x00\x00',2.155555555555556,2.1666666666666665,0.0,1,3,2,0,,,,,0.09999999999999998,False,False,Aligned,1
E138,I06,b'\xe8\x07\x00\x00\x00\x00\x00\x00',b'\x01\x00\x00\x00\x00\x00\x00\x00',4.766666666666667,4.916666666666667,0.0,1,3,2,0,,,,,0.09999999999999998,True,True,Aligned,1
E138,I06,b'\xe8\x07\x00\x00\x00\x00\x00\x00',b'\x02\x00\x00\x00\x00\x00\x00\x00',4.9,5.0,0.0,1,3,2,0,,,,,0.09999999999999998,True,True,Aligned,1
E139,I06,b'\xe8\x07\x00\x00\x00\x00\x00\x00',b'\x01\x00\x00\x00\x00\x00\x00\x00',3.566666666666667,4.416666666666667,0.0,1,1,2,0,,,,,0.09999999999999998,False,True,Anti-Aligned,0
E139,I06,b'\xe8\x07\x00\x00\x00\x00\x00\x00',b'\x02\x00\x00\x00\x00\x00\x00\x00',3.8666666666666663,4.666666666666667,0.0,1,1,2,0,,,,,0.09999999999999998,True,True,Aligned,1
E140,I06,b'\xe8\x07\x00\x00\x00\x00\x00\x00',b'\x01\x00\x00\x00\x00\x00\x00\x00',4.166666666666668,4.916666666666667,0.0,1,2,2,0,,,,,0.09999999999999998,True,True,Aligned,1
E140,I06,b'\xe8\x07\x00\x00\x00\x00\x00\x00',b'\x02\x00\x00\x00\x00\x00\x00\x00',4.300000000000001,5.0,0.0,1,2,2,0,,,,,0.09999999999999998,True,True,Aligned,1
E141,I06,b'\xe8\x07\x00\x00\x00\x00\x00\x00',b'\x01\x00\x00\x00\x00\x00\x00\x00',4.966666666666667,5.0,0.0,1,3,2,0,,,,,0.09999999999999998,True,True,Aligned,1
E141,I06,b'\xe8\x07\x00\x00\x00\x00\x00\x00',b'\x02\x00\x00\x00\x00\x00\x00\x00',5.0,5.0,0.0,1,3,2,0,,,,,0.09999999999999998,True,True,Aligned,1
E142,I06,b'\xe8\x07\x00\x00\x00\x00\x00\x00',b'\x01\x00\x00\x00\x00\x00\x00\x00',4.966666666666667,4.916666666666667,0.0,1,3,2,0,,,,,0.09999999999999998,True,True,Aligned,1
E142,I06,b'\xe8\x07\x00\x00\x00\x00\x00\x00',b'\x02\x00\x00\x00\x00\x00\x00\x00',5.0,5.0,0.0,1,3,2,0,,,,,0.09999999999999998,True,True,Aligned,1
E143,I06,b'\xe8\x07\x00\x00\x00\x00\x00\x00',b'\x01\x00\x00\x00\x00\x00\x00\x00',4.066666666666666,4.5,0.0,1,1,2,0,,,,,0.09999999999999998,True,True,Aligned,1
E143,I06,b'\xe8\x07\x00\x00\x00\x00\x00\x00',b'\x02\x00\x00\x00\x00\x00\x00\x00',4.166666666666667,4.583333333333333,0.0,1,1,2,0,,,,,0.09999999999999998,True,True,Aligned,1
E144,I06,b'\xe8\x07\x00\x00\x00\x00\x00\x00',b'\x01\x00\x00\x00\x00\x00\x00\x00',4.400000000000001,4.0,0.0,1,2,2,0,,,,,0.09999999999999998,True,True,Aligned,1
E144,I06,b'\xe8\x07\x00\x00\x00\x00\x00\x00',b'\x02\x00\x00\x00\x00\x00\x00\x00',4.566666666666666,4.25,0.0,1,2,2,0,,,,,0.09999999999999998,True,True,Aligned,1
E145,I06,b'\xe8\x07\x00\x00\x00\x00\x00\x00',b'\x01\x00\x00\x00\x00\x00\x00\x00',4.766666666666667,4.5,0.0,1,3,2,0,,,,,0.09999999999999998,True,True,Aligned,1
E145,I06,b'\xe8\x07\x00\x00\x00\x00\x00\x00',b'\x02\x00\x00\x00\x00\x00\x00\x00',4.866666666666666,4.666666666666667,0.0,1,3,2,0,,,,,0.09999999999999998,True,True,Aligned,1
E146,I06,b'\xe8\x07\x00\x00\x00\x00\x00\x00',b'\x01\x00\x00\x00\x00\x00\x00\x00',4.966666666666667,4.916666666666667,0.0,1,3,2,0,,,,,0.09999999999999998,True,True,Aligned,1
E146,I06,b'\xe8\x07\x00\x00\x00\x00\x00\x00',b'\x02\x00\x00\x00\x00\x00\x00\x00',5.0,5.0,0.0,1,3,2,0,,,,,0.09999999999999998,True,True,Aligned,1
E147,I06,b'\xe8\x07\x00\x00\x00\x00\x00\x00',b'\x01\x00\x00\x00\x00\x00\x00\x00',3.2333333333333334,4.5,0.0,1,1,2,0,,,,,0.09999999999999998,False,True,Anti-Aligned,0
E147,I06,b'\xe8\x07\x00\x00\x00\x00\x00\x00',b'\x02\x00\x00\x00\x00\x00\x00\x00',3.4000000000000004,4.666666666666667,0.0,1,1,2,0,,,,,0.09999999999999998,False,True,Anti-Aligned,0
E148,I06,b'\xe8\x07\x00\x00\x00\x00\x00\x00',b'\x01\x00\x00\x00\x00\x00\x00\x00',4.766666666666667,4.5,0.0,1,2,2,0,,,,,0.09999999999999998,True,True,Aligned,1
E148,I06,b'\xe8\x07\x00\x00\x00\x00\x00\x00',b'\x02\x00\x00\x00\x00\x00\x00\x00',4.9,4.75,0.0,1,2,2,0,,,,,0.09999999999999998,True,True,Aligned,1
E149,I06,b'\xe8\x07\x00\x00\x00\x00\x00\x00',b'\x01\x00\x00\x00\x00\x00\x00\x00',4.8,5.0,0.0,1,3,2,0,,,,,0.09999999999999998,True,True,Aligned,1
E149,I06,b'\xe8\x07\x00\x00\x00\x00\x00\x00',b'\x02\x00\x00\x00\x00\x00\x00\x00',4.866666666666666,5.0,0.0,1,3,2,0,,,,,0.09999999999999998,True,True,Aligned,1
E150,I06,b'\xe8\x07\x00\x00\x00\x00\x00\x00',b'\x01\x00\x00\x00\x00\x00\x00\x00',4.400000000000001,5.0,0.0,1,3,2,0,,,,,0.09999999999999998,True,True,Aligned,1
E150,I06,b'\xe8\x07\x00\x00\x00\x00\x00\x00',b'\x02\x00\x00\x00\x00\x00\x00\x00',4.566666666666666,5.0,0.0,1,3,2,0,,,,,0.09999999999999998,True,True,Aligned,1
E151,I06,b'\xe8\x07\x00\x00\x00\x00\x00\x00',b'\x01\x00\x00\x00\x00\x00\x00\x00',4.599999999999999,4.5,0.0,1,1,2,0,,,,,0.09999999999999998,True,True,Aligned,1
E151,I06,b'\xe8\x07\x00\x00\x00\x00\x00\x00',b'\x02\x00\x00\x00\x00\x00\x00\x00',4.699999999999999,4.75,0.0,1,1,2,0,,,,,0.09999999999999998,True,True,Aligned,1
E152,I06,b'\xe8\x07\x00\x00\x00\x00\x00\x00',b'\x01\x00\x00\x00\x00\x00\x00\x00',4.566666666666666,4.5,0.0,1,2,2,0,,,,,0.09999999999999998,True,True,Aligned,1
E152,I06,b'\xe8\x07\x00\x00\x00\x00\x00\x00',b'\x02\x00\x00\x00\x00\x00\x00\x00',4.699999999999999,4.666666666666667,0.0,1,2,2,0,,,,,0.09999999999999998,True,True,Aligned,1
E153,I06,b'\xe8\x07\x00\x00\x00\x00\x00\x00',b'\x01\x00\x00\x00\x00\x00\x00\x00',4.599999999999999,5.0,0.0,1,3,2,0,,,,,0.09999999999999998,True,True,Aligned,1
E153,I06,b'\xe8\x07\x00\x00\x00\x00\x00\x00',b'\x02\x00\x00\x00\x00\x00\x00\x00',4.688888888888888,5.0,0.0,1,3,2,0,,,,,0.09999999999999998,True,True,Aligned,1
E154,I06,b'\xe8\x07\x00\x00\x00\x00\x00\x00',b'\x01\x00\x00\x00\x00\x00\x00\x00',4.499999999999999,4.916666666666667,0.0,1,3,2,0,,,,,0.09999999999999998,True,True,Aligned,1
E154,I06,b'\xe8\x07\x00\x00\x00\x00\x00\x00',b'\x02\x00\x00\x00\x00\x00\x00\x00',4.666666666666666,5.0,0.0,1,3,2,0,,,,,0.09999999999999998,True,True,Aligned,1
E155,I06,b'\xe8\x07\x00\x00\x00\x00\x00\x00',b'\x01\x00\x00\x00\x00\x00\x00\x00',3.933333333333333,3.9166666666666665,0.0,1,1,2,0,,,,,0.09999999999999998,True,True,Aligned,1
E155,I06,b'\xe8\x07\x00\x00\x00\x00\x00\x00',b'\x02\x00\x00\x00\x00\x00\x00\x00',4.266666666666667,4.166666666666667,0.0,1,1,2,0,,,,,0.09999999999999998,True,True,Aligned,1
E156,I06,b'\xe8\x07\x00\x00\x00\x00\x00\x00',b'\x01\x00\x00\x00\x00\x00\x00\x00',4.766666666666667,5.0,0.0,1,2,2,0,,,,,0.09999999999999998,True,True,Aligned,1
E156,I06,b'\xe8\x07\x00\x00\x00\x00\x00\x00',b'\x02\x00\x00\x00\x00\x00\x00\x00',4.8,5.0,0.0,1,2,2,0,,,,,0.09999999999999998,True,True,Aligned,1
E157,I06,b'\xe8\x07\x00\x00\x00\x00\x00\x00',b'\x01\x00\x00\x00\x00\x00\x00\x00',4.166666666666667,4.416666666666667,0.0,1,3,2,0,,,,,0.09999999999999998,True,True,Aligned,1
E157,I06,b'\xe8\x07\x00\x00\x00\x00\x00\x00',b'\x02\x00\x00\x00\x00\x00\x00\x00',4.2666666666666675,4.666666666666667,0.0,1,3,2,0,,,,,0.09999999999999998,True,True,Aligned,1
E158,I06,b'\xe8\x07\x00\x00\x00\x00\x00\x00',b'\x01\x00\x00\x00\x00\x00\x00\x00',4.166666666666667,3.9166666666666665,0.0,1,3,2,0,,,,,0.09999999999999998,True,True,Aligned,1
E158,I06,b'\xe8\x07\x00\x00\x00\x00\x00\x00',b'\x02\x00\x00\x00\x00\x00\x00\x00',4.355555555555556,4.388888888888888,0.0,1,3,2,0,,,,,0.09999999999999998,True,True,Aligned,1
E159,I06,b'\xe8\x07\x00\x00\x00\x00\x00\x00',b'\x01\x00\x00\x00\x00\x00\x00\x00',3.3666666666666667,4.083333333333333,0.0,1,1,2,0,,,,,0.09999999999999998,False,True,Anti-Aligned,0
E159,I06,b'\xe8\x07\x00\x00\x00\x00\x00\x00',b'\x02\x00\x00\x00\x00\x00\x00\x00',3.4999999999999996,4.166666666666667,0.0,1,1,2,0,,,,,0.09999999999999998,False,True,Anti-Aligned,0
E160,I06,b'\xe8\x07\x00\x00\x00\x00\x00\x00',b'\x01\x00\x00\x00\x00\x00\x00\x00',2.6333333333333333,3.75,0.0,1,2,2,0,,,,,0.09999999999999998,False,False,Aligned,1
E160,I06,b'\xe8\x07\x00\x00\x00\x00\x00\x00',b'\x02\x00\x00\x00\x00\x00\x00\x00',2.833333333333334,3.75,0.0,1,2,2,0,,,,,0.09999999999999998,False,False,Aligned,1
E161,I06,b'\xe8\x07\x00\x00\x00\x00\x00\x00',b'\x01\x00\x00\x00\x00\x00\x00\x00',2.533333333333333,2.75,0.0,1,3,2,0,,,,,0.09999999999999998,False,False,Aligned,1
E161,I06,b'\xe8\x07\x00\x00\x00\x00\x00\x00',b'\x02\x00\x00\x00\x00\x00\x00\x00',2.6777777777777776,2.9166666666666665,0.0,1,3,2,0,,,,,0.09999999999999998,False,False,Aligned,1
E162,I07,b'\xe8\x07\x00\x00\x00\x00\x00\x00',b'\x01\x00\x00\x00\x00\x00\x00\x00',2.8666666666666663,4.0,0.0,1,2,2,0,,,,,0.1122353480590311,False,True,Anti-Aligned,0
E162,I07,b'\xe8\x07\x00\x00\x00\x00\x00\x00',b'\x02\x00\x00\x00\x00\x00\x00\x00',3.0666666666666664,4.25,0.0,1,2,2,0,,,,,0.1122353480590311,False,True,Anti-Aligned,0
E163,I07,b'\xe8\x07\x00\x00\x00\x00\x00\x00',b'\x01\x00\x00\x00\x00\x00\x00\x00',3.166666666666667,3.4166666666666665,0.0,1,2,2,0,,,,,0.1122353480590311,False,False,Aligned,1
E163,I07,b'\xe8\x07\x00\x00\x00\x00\x00\x00',b'\x02\x00\x00\x00\x00\x00\x00\x00',3.3,3.5,0.0,1,2,2,0,,,,,0.1122353480590311,False,False,Aligned,1
E164,I07,b'\xe8\x07\x00\x00\x00\x00\x00\x00',b'\x01\x00\x00\x00\x00\x00\x00\x00',4.466666666666667,4.666666666666667,0.0,1,2,2,0,,,,,0.1122353480590311,True,True,Aligned,1
E164,I07,b'\xe8\x07\x00\x00\x00\x00\x00\x00',b'\x02\x00\x00\x00\x00\x00\x00\x00',4.400000000000001,4.5,0.0,1,2,2,0,,,,,0.1122353480590311,True,True,Aligned,1
E165,I07,b'\xe8\x07\x00\x00\x00\x00\x00\x00',b'\x01\x00\x00\x00\x00\x00\x00\x00',4.166666666666667,5.0,0.0,1,2,2,0,,,,,0.1122353480590311,True,True,Aligned,1
E165,I07,b'\xe8\x07\x00\x00\x00\x00\x00\x00',b'\x02\x00\x00\x00\x00\x00\x00\x00',4.366666666666666,5.0,0.0,1,2,2,0,,,,,0.1122353480590311,True,True,Aligned,1
E166,I07,b'\xe8\x07\x00\x00\x00\x00\x00\x00',b'\x01\x00\x00\x00\x00\x00\x00\x00',2.533333333333333,2.1666666666666665,0.0,1,2,2,0,,,,,0.1122353480590311,False,False,Aligned,1
E166,I07,b'\xe8\x07\x00\x00\x00\x00\x00\x00',b'\x02\x00\x00\x00\x00\x00\x00\x00',2.5666666666666664,2.25,0.0,1,2,2,0,,,,,0.1122353480590311,False,False,Aligned,1
E167,I07,b'\xe8\x07\x00\x00\x00\x00\x00\x00',b'\x01\x00\x00\x00\x00\x00\x00\x00',4.433333333333334,4.916666666666667,0.0,1,2,2,0,,,,,0.1122353480590311,True,True,Aligned,1
E167,I07,b'\xe8\x07\x00\x00\x00\x00\x00\x00',b'\x02\x00\x00\x00\x00\x00\x00\x00',4.433333333333334,5.0,0.0,1,2,2,0,,,,,0.1122353480590311,True,True,Aligned,1
E168,I07,b'\xe8\x07\x00\x00\x00\x00\x00\x00',b'\x01\x00\x00\x00\x00\x00\x00\x00',2.533333333333333,2.4166666666666665,0.0,1,2,2,0,,,,,0.1122353480590311,False,False,Aligned,1
E168,I07,b'\xe8\x07\x00\x00\x00\x00\x00\x00',b'\x02\x00\x00\x00\x00\x00\x00\x00',2.9000000000000004,2.9166666666666665,0.0,1,2,2,0,,,,,0.1122353480590311,False,False,Aligned,1
E169,I07,b'\xe8\x07\x00\x00\x00\x00\x00\x00',b'\x01\x00\x00\x00\x00\x00\x00\x00',4.0,4.5,0.0,1,2,2,0,,,,,0.1122353480590311,True,True,Aligned,1
E169,I07,b'\xe8\x07\x00\x00\x00\x00\x00\x00',b'\x02\x00\x00\x00\x00\x00\x00\x00',4.2,4.75,0.0,1,2,2,0,,,,,0.1122353480590311,True,True,Aligned,1
E170,I07,b'\xe8\x07\x00\x00\x00\x00\x00\x00',b'\x01\x00\x00\x00\x00\x00\x00\x00',4.066666666666666,4.083333333333333,0.0,1,2,2,0,,,,,0.1122353480590311,True,True,Aligned,1
E170,I07,b'\xe8\x07\x00\x00\x00\x00\x00\x00',b'\x02\x00\x00\x00\x00\x00\x00\x00',4.1,4.166666666666667,0.0,1,2,2,0,,,,,0.1122353480590311,True,True,Aligned,1
E171,I07,b'\xe8\x07\x00\x00\x00\x00\x00\x00',b'\x01\x00\x00\x00\x00\x00\x00\x00',2.8333333333333335,2.4166666666666665,0.0,1,2,2,0,,,,,0.1122353480590311,False,False,Aligned,1
E171,I07,b'\xe8\x07\x00\x00\x00\x00\x00\x00',b'\x02\x00\x00\x00\x00\x00\x00\x00',3.0,2.75,0.0,1,2,2,0,,,,,0.1122353480590311,False,False,Aligned,1
E172,I07,b'\xe8\x07\x00\x00\x00\x00\x00\x00',b'\x01\x00\x00\x00\x00\x00\x00\x00',4.766666666666667,4.916666666666667,0.0,1,2,2,0,,,,,0.1122353480590311,True,True,Aligned,1
E172,I07,b'\xe8\x07\x00\x00\x00\x00\x00\x00',b'\x02\x00\x00\x00\x00\x00\x00\x00',4.866666666666666,5.0,0.0,1,2,2,0,,,,,0.1122353480590311,True,True,Aligned,1
E173,I07,b'\xe8\x07\x00\x00\x00\x00\x00\x00',b'\x01\x00\x00\x00\x00\x00\x00\x00',3.033333333333333,2.3333333333333335,0.0,1,2,2,0,,,,,0.1122353480590311,False,False,Aligned,1
E173,I07,b'\xe8\x07\x00\x00\x00\x00\x00\x00',b'\x02\x00\x00\x00\x00\x00\x00\x00',3.033333333333333,2.4166666666666665,0.0,1,2,2,0,,,,,0.1122353480590311,False,False,Aligned,1
E174,I07,b'\xe8\x07\x00\x00\x00\x00\x00\x00',b'\x01\x00\x00\x00\x00\x00\x00\x00',2.2000000000000006,2.0,0.0,1,2,2,0,,,,,0.1122353480590311,False,False,Aligned,1
E174,I07,b'\xe8\x07\x00\x00\x00\x00\x00\x00',b'\x02\x00\x00\x00\x00\x00\x00\x00',2.333333333333334,2.1666666666666665,0.0,1,2,2,0,,,,,0.1122353480590311,False,False,Aligned,1
E175,I07,b'\xe8\x07\x00\x00\x00\x00\x00\x00',b'\x01\x00\x00\x00\x00\x00\x00\x00',3.2333333333333334,3.4166666666666665,0.0,1,2,2,0,,,,,0.1122353480590311,False,False,Aligned,1
E175,I07,b'\xe8\x07\x00\x00\x00\x00\x00\x00',b'\x02\x00\x00\x00\x00\x00\x00\x00',3.4000000000000004,3.6666666666666665,0.0,1,2,2,0,,,,,0.1122353480590311,False,False,Aligned,1
E176,I07,b'\xe8\x07\x00\x00\x00\x00\x00\x00',b'\x01\x00\x00\x00\x00\x00\x00\x00',4.599999999999999,5.0,0.0,1,2,2,0,,,,,0.1122353480590311,True,True,Aligned,1
E176,I07,b'\xe8\x07\x00\x00\x00\x00\x00\x00',b'\x02\x00\x00\x00\x00\x00\x00\x00',4.666666666666666,5.0,0.0,1,2,2,0,,,,,0.1122353480590311,True,True,Aligned,1
E177,I07,b'\xe8\x07\x00\x00\x00\x00\x00\x00',b'\x01\x00\x00\x00\x00\x00\x00\x00',3.0,4.0,0.0,1,2,2,0,,,,,0.1122353480590311,False,True,Anti-Aligned,0
E177,I07,b'\xe8\x07\x00\x00\x00\x00\x00\x00',b'\x02\x00\x00\x00\x00\x00\x00\x00',3.2,4.333333333333333,0.0,1,2,2,0,,,,,0.1122353480590311,False,True,Anti-Aligned,0
E178,I07,b'\xe8\x07\x00\x00\x00\x00\x00\x00',b'\x01\x00\x00\x00\x00\x00\x00\x00',4.400000000000001,4.5,0.0,1,2,2,0,,,,,0.1122353480590311,True,True,Aligned,1
E178,I07,b'\xe8\x07\x00\x00\x00\x00\x00\x00',b'\x02\x00\x00\x00\x00\x00\x00\x00',4.5,4.5,0.0,1,2,2,0,,,,,0.1122353480590311,True,True,Aligned,1
E179,I07,b'\xe8\x07\x00\x00\x00\x00\x00\x00',b'\x01\x00\x00\x00\x00\x00\x00\x00',3.2000000000000006,3.5,0.0,1,2,2,0,,,,,0.1122353480590311,False,False,Aligned,1
E179,I07,b'\xe8\x07\x00\x00\x00\x00\x00\x00',b'\x02\x00\x00\x00\x00\x00\x00\x00',3.466666666666667,3.75,0.0,1,2,2,0,,,,,0.1122353480590311,False,False,Aligned,1
E180,I07,b'\xe8\x07\x00\x00\x00\x00\x00\x00',b'\x01\x00\x00\x00\x00\x00\x00\x00',5.0,5.0,0.0,1,0,2,3,,,,,0.1122353480590311,True,True,Aligned,1
E180,I07,b'\xe8\x07\x00\x00\x00\x00\x00\x00',b'\x02\x00\x00\x00\x00\x00\x00\x00',5.0,5.0,0.0,1,0,2,3,,,,,0.1122353480590311,True,True,Aligned,1
E181,I07,b'\xe8\x07\x00\x00\x00\x00\x00\x00',b'\x01\x00\x00\x00\x00\x00\x00\x00',4.0,4.0,0.0,1,2,2,0,,,,,0.1122353480590311,True,True,Aligned,1
E181,I07,b'\xe8\x07\x00\x00\x00\x00\x00\x00',b'\x02\x00\x00\x00\x00\x00\x00\x00',4.166666666666667,4.25,0.0,1,2,2,0,,,,,0.1122353480590311,True,True,Aligned,1
E182,I07,b'\xe8\x07\x00\x00\x00\x00\x00\x00',b'\x01\x00\x00\x00\x00\x00\x00\x00',2.5999999999999996,1.8333333333333333,0.0,1,2,2,0,,,,,0.1122353480590311,False,False,Aligned,1
E182,I07,b'\xe8\x07\x00\x00\x00\x00\x00\x00',b'\x02\x00\x00\x00\x00\x00\x00\x00',2.9000000000000004,2.4166666666666665,0.0,1,2,2,0,,,,,0.1122353480590311,False,False,Aligned,1
E183,I07,b'\xe8\x07\x00\x00\x00\x00\x00\x00',b'\x01\x00\x00\x00\x00\x00\x00\x00',3.166666666666667,3.0,0.0,1,2,2,0,,,,,0.1122353480590311,False,False,Aligned,1
E183,I07,b'\xe8\x07\x00\x00\x00\x00\x00\x00',b'\x02\x00\x00\x00\x00\x00\x00\x00',3.3000000000000003,3.1666666666666665,0.0,1,2,2,0,,,,,0.1122353480590311,False,False,Aligned,1
E184,I07,b'\xe8\x07\x00\x00\x00\x00\x00\x00',b'\x01\x00\x00\x00\x00\x00\x00\x00',4.844444444444445,5.0,0.0,1,0,2,3,,,,,0.1122353480590311,True,True,Aligned,1
E184,I07,b'\xe8\x07\x00\x00\x00\x00\x00\x00',b'\x02\x00\x00\x00\x00\x00\x00\x00',4.933333333333334,5.0,0.0,1,0,2,3,,,,,0.1122353480590311,True,True,Aligned,1
E185,I07,b'\xe8\x07\x00\x00\x00\x00\x00\x00',b'\x01\x00\x00\x00\x00\x00\x00\x00',4.366666666666667,4.5,0.0,1,2,2,0,,,,,0.1122353480590311,True,True,Aligned,1
E185,I07,b'\xe8\x07\x00\x00\x00\x00\x00\x00',b'\x02\x00\x00\x00\x00\x00\x00\x00',4.633333333333333,4.916666666666667,0.0,1,2,2,0,,,,,0.1122353480590311,True,True,Aligned,1
E186,I07,b'\xe8\x07\x00\x00\x00\x00\x00\x00',b'\x01\x00\x00\x00\x00\x00\x00\x00',2.466666666666667,2.6666666666666665,0.0,1,2,2,0,,,,,0.1122353480590311,False,False,Aligned,1
E186,I07,b'\xe8\x07\x00\x00\x00\x00\x00\x00',b'\x02\x00\x00\x00\x00\x00\x00\x00',2.7,2.6666666666666665,0.0,1,2,2,0,,,,,0.1122353480590311,False,False,Aligned,1
E187,I07,b'\xe8\x07\x00\x00\x00\x00\x00\x00',b'\x01\x00\x00\x00\x00\x00\x00\x00',3.4,3.0,0.0,1,2,2,0,,,,,0.1122353480590311,False,False,Aligned,1
E187,I07,b'\xe8\x07\x00\x00\x00\x00\x00\x00',b'\x02\x00\x00\x00\x00\x00\x00\x00',3.466666666666667,3.1666666666666665,0.0,1,2,2,0,,,,,0.1122353480590311,False,False,Aligned,1
E188,I07,b'\xe8\x07\x00\x00\x00\x00\x00\x00',b'\x01\x00\x00\x00\x00\x00\x00\x00',2.1333333333333337,1.9166666666666667,0.0,1,2,2,0,,,,,0.1122353480590311,False,False,Aligned,1
E188,I07,b'\xe8\x07\x00\x00\x00\x00\x00\x00',b'\x02\x00\x00\x00\x00\x00\x00\x00',2.3666666666666667,2.1666666666666665,0.0,1,2,2,0,,,,,0.1122353480590311,False,False,Aligned,1
E189,I07,b'\xe8\x07\x00\x00\x00\x00\x00\x00',b'\x01\x00\x00\x00\x00\x00\x00\x00',5.0,5.0,0.0,1,2,2,0,,,,,0.1122353480590311,True,True,Aligned,1
E189,I07,b'\xe8\x07\x00\x00\x00\x00\x00\x00',b'\x02\x00\x00\x00\x00\x00\x00\x00',5.0,5.0,0.0,1,2,2,0,,,,,0.1122353480590311,True,True,Aligned,1
E190,I07,b'\xe8\x07\x00\x00\x00\x00\x00\x00',b'\x01\x00\x00\x00\x00\x00\x00\x00',4.566666666666666,5.0,0.0,1,2,2,0,,,,,0.1122353480590311,True,True,Aligned,1
E190,I07,b'\xe8\x07\x00\x00\x00\x00\x00\x00',b'\x02\x00\x00\x00\x00\x00\x00\x00',4.699999999999999,5.0,0.0,1,2,2,0,,,,,0.1122353480590311,True,True,Aligned,1
E191,I07,b'\xe8\x07\x00\x00\x00\x00\x00\x00',b'\x01\x00\x00\x00\x00\x00\x00\x00',4.533333333333334,5.0,0.0,1,2,2,0,,,,,0.1122353480590311,True,True,Aligned,1
E191,I07,b'\xe8\x07\x00\x00\x00\x00\x00\x00',b'\x02\x00\x00\x00\x00\x00\x00\x00',4.5,5.0,0.0,1,2,2,0,,,,,0.1122353480590311,True,True,Aligned,1
E192,I07,b'\xe8\x07\x00\x00\x00\x00\x00\x00',b'\x01\x00\x00\x00\x00\x00\x00\x00',3.466666666666667,3.1666666666666665,0.0,1,2,2,0,,,,,0.1122353480590311,False,False,Aligned,1
E192,I07,b'\xe8\x07\x00\x00\x00\x00\x00\x00',b'\x02\x00\x00\x00\x00\x00\x00\x00',3.6999999999999997,3.3333333333333335,0.0,1,2,2,0,,,,,0.1122353480590311,False,False,Aligned,1
E193,I07,b'\xe8\x07\x00\x00\x00\x00\x00\x00',b'\x01\x00\x00\x00\x00\x00\x00\x00',3.9000000000000004,3.9166666666666665,0.0,1,2,2,0,,,,,0.1122353480590311,True,True,Aligned,1
E193,I07,b'\xe8\x07\x00\x00\x00\x00\x00\x00',b'\x02\x00\x00\x00\x00\x00\x00\x00',4.133333333333334,4.0,0.0,1,2,2,0,,,,,0.1122353480590311,True,True,Aligned,1
E194,I07,b'\xe8\x07\x00\x00\x00\x00\x00\x00',b'\x01\x00\x00\x00\x00\x00\x00\x00',2.4,2.0,0.0,1,2,2,0,,,,,0.1122353480590311,False,False,Aligned,1
E194,I07,b'\xe8\x07\x00\x00\x00\x00\x00\x00',b'\x02\x00\x00\x00\x00\x00\x00\x00',2.6666666666666665,2.0833333333333335,0.0,1,2,2,0,,,,,0.1122353480590311,False,False,Aligned,1
E195,I07,b'\xe8\x07\x00\x00\x00\x00\x00\x00',b'\x01\x00\x00\x00\x00\x00\x00\x00',4.4,4.666666666666667,0.0,1,2,2,0,,,,,0.1122353480590311,True,True,Aligned,1
E195,I07,b'\xe8\x07\x00\x00\x00\x00\x00\x00',b'\x02\x00\x00\x00\x00\x00\x00\x00',4.366666666666666,4.5,0.0,1,2,2,0,,,,,0.1122353480590311,True,True,Aligned,1
E196,I07,b'\xe8\x07\x00\x00\x00\x00\x00\x00',b'\x01\x00\x00\x00\x00\x00\x00\x00',2.7,2.6666666666666665,0.0,1,2,2,0,,,,,0.1122353480590311,False,False,Aligned,1
E196,I07,b'\xe8\x07\x00\x00\x00\x00\x00\x00',b'\x02\x00\x00\x00\x00\x00\x00\x00',2.6666666666666665,2.5833333333333335,0.0,1,2,2,0,,,,,0.1122353480590311,False,False,Aligned,1
E197,I07,b'\xe8\x07\x00\x00\x00\x00\x00\x00',b'\x01\x00\x00\x00\x00\x00\x00\x00',4.666666666666666,5.0,0.0,1,2,2,0,,,,,0.1122353480590311,True,True,Aligned,1
E197,I07,b'\xe8\x07\x00\x00\x00\x00\x00\x00',b'\x02\x00\x00\x00\x00\x00\x00\x00',4.599999999999999,5.0,0.0,1,2,2,0,,,,,0.1122353480590311,True,True,Aligned,1
E198,I07,b'\xe8\x07\x00\x00\x00\x00\x00\x00',b'\x01\x00\x00\x00\x00\x00\x00\x00',4.2,4.5,0.0,1,2,2,0,,,,,0.1122353480590311,True,True,Aligned,1
E198,I07,b'\xe8\x07\x00\x00\x00\x00\x00\x00',b'\x02\x00\x00\x00\x00\x00\x00\x00',4.3999999999999995,4.583333333333333,0.0,1,2,2,0,,,,,0.1122353480590311,True,True,Aligned,1
E199,I07,b'\xe8\x07\x00\x00\x00\x00\x00\x00',b'\x01\x00\x00\x00\x00\x00\x00\x00',5.0,5.0,0.0,1,2,2,0,,,,,0.1122353480590311,True,True,Aligned,1
E199,I07,b'\xe8\x07\x00\x00\x00\x00\x00\x00',b'\x02\x00\x00\x00\x00\x00\x00\x00',5.0,5.0,0.0,1,2,2,0,,,,,0.1122353480590311,True,True,Aligned,1
E200,I07,b'\xe8\x07\x00\x00\x00\x00\x00\x00',b'\x01\x00\x00\x00\x00\x00\x00\x00',3.9000000000000004,4.166666666666667,0.0,1,2,2,0,,,,,0.1122353480590311,True,True,Aligned,1
E200,I07,b'\xe8\x07\x00\x00\x00\x00\x00\x00',b'\x02\x00\x00\x00\x00\x00\x00\x00',4.0,4.166666666666667,0.0,1,2,2,0,,,,,0.1122353480590311,True,True,Aligned,1
E201,I07,b'\xe8\x07\x00\x00\x00\x00\x00\x00',b'\x01\x00\x00\x00\x00\x00\x00\x00',2.933333333333333,2.0833333333333335,0.0,1,2,2,0,,,,,0.1122353480590311,False,False,Aligned,1
E201,I07,b'\xe8\x07\x00\x00\x00\x00\x00\x00',b'\x02\x00\x00\x00\x00\x00\x00\x00',2.933333333333333,2.1666666666666665,0.0,1,2,2,0,,,,,0.1122353480590311,False,False,Aligned,1
E202,I07,b'\xe8\x07\x00\x00\x00\x00\x00\x00',b'\x01\x00\x00\x00\x00\x00\x00\x00',4.933333333333334,4.916666666666667,0.0,1,2,2,0,,,,,0.1122353480590311,True,True,Aligned,1
E202,I07,b'\xe8\x07\x00\x00\x00\x00\x00\x00',b'\x02\x00\x00\x00\x00\x00\x00\x00',5.0,5.0,0.0,1,2,2,0,,,,,0.1122353480590311,True,True,Aligned,1
E203,I07,b'\xe8\x07\x00\x00\x00\x00\x00\x00',b'\x01\x00\x00\x00\x00\x00\x00\x00',3.0999999999999996,3.1666666666666665,0.0,1,2,2,0,,,,,0.1122353480590311,False,False,Aligned,1
E203,I07,b'\xe8\x07\x00\x00\x00\x00\x00\x00',b'\x02\x00\x00\x00\x00\x00\x00\x00',3.433333333333333,3.4166666666666665,0.0,1,2,2,0,,,,,0.1122353480590311,False,False,Aligned,1
E204,I07,b'\xe8\x07\x00\x00\x00\x00\x00\x00',b'\x01\x00\x00\x00\x00\x00\x00\x00',3.033333333333333,2.4166666666666665,0.0,1,2,2,0,,,,,0.1122353480590311,False,False,Aligned,1
E204,I07,b'\xe8\x07\x00\x00\x00\x00\x00\x00',b'\x02\x00\x00\x00\x00\x00\x00\x00',3.266666666666667,3.0,0.0,1,2,2,0,,,,,0.1122353480590311,False,False,Aligned,1
E205,I07,b'\xe8\x07\x00\x00\x00\x00\x00\x00',b'\x01\x00\x00\x00\x00\x00\x00\x00',2.6,2.0,0.0,1,2,2,0,,,,,0.1122353480590311,False,False,Aligned,1
E205,I07,b'\xe8\x07\x00\x00\x00\x00\x00\x00',b'\x02\x00\x00\x00\x00\x00\x00\x00',2.7333333333333334,2.25,0.0,1,2,2,0,,,,,0.1122353480590311,False,False,Aligned,1
E206,I07,b'\xe8\x07\x00\x00\x00\x00\x00\x00',b'\x01\x00\x00\x00\x00\x00\x00\x00',4.400000000000001,5.0,0.0,1,2,2,0,,,,,0.1122353480590311,True,True,Aligned,1
E206,I07,b'\xe8\x07\x00\x00\x00\x00\x00\x00',b'\x02\x00\x00\x00\x00\x00\x00\x00',4.466666666666667,5.0,0.0,1,2,2,0,,,,,0.1122353480590311,True,True,Aligned,1
E207,I07,b'\xe8\x07\x00\x00\x00\x00\x00\x00',b'\x01\x00\x00\x00\x00\x00\x00\x00',1.666666666666667,1.1666666666666667,0.0,1,2,2,0,,,,,0.1122353480590311,False,False,Aligned,1
E207,I07,b'\xe8\x07\x00\x00\x00\x00\x00\x00',b'\x02\x00\x00\x00\x00\x00\x00\x00',1.8666666666666667,1.25,0.0,1,2,2,0,,,,,0.1122353480590311,False,False,Aligned,1
E208,I08,b'\xe8\x07\x00\x00\x00\x00\x00\x00',b'\x01\x00\x00\x00\x00\x00\x00\x00',4.366666666666667,4.5,0.0,1,1,2,0,,,,,0.12649110640673514,True,True,Aligned,1
E208,I08,b'\xe8\x07\x00\x00\x00\x00\x00\x00',b'\x02\x00\x00\x00\x00\x00\x00\x00',4.466666666666667,4.5,0.0,1,1,2,0,,,,,0.12649110640673514,True,True,Aligned,1
E209,I08,b'\xe8\x07\x00\x00\x00\x00\x00\x00',b'\x01\x00\x00\x00\x00\x00\x00\x00',4.533333333333333,4.916666666666667,0.0,1,2,2,0,,,,,0.12649110640673514,True,True,Aligned,1
E209,I08,b'\xe8\x07\x00\x00\x00\x00\x00\x00',b'\x02\x00\x00\x00\x00\x00\x00\x00',4.666666666666666,5.0,0.0,1,2,2,0,,,,,0.12649110640673514,True,True,Aligned,1
E210,I08,b'\xe8\x07\x00\x00\x00\x00\x00\x00',b'\x01\x00\x00\x00\x00\x00\x00\x00',2.8333333333333335,3.0,0.0,1,2,2,0,,,,,0.12649110640673514,False,False,Aligned,1
E210,I08,b'\xe8\x07\x00\x00\x00\x00\x00\x00',b'\x02\x00\x00\x00\x00\x00\x00\x00',3.0666666666666664,3.25,0.0,1,2,2,0,,,,,0.12649110640673514,False,False,Aligned,1
E211,I08,b'\xe8\x07\x00\x00\x00\x00\x00\x00',b'\x01\x00\x00\x00\x00\x00\x00\x00',2.0,1.5,0.0,1,1,2,0,,,,,0.12649110640673514,False,False,Aligned,1
E211,I08,b'\xe8\x07\x00\x00\x00\x00\x00\x00',b'\x02\x00\x00\x00\x00\x00\x00\x00',2.2333333333333334,1.9166666666666667,0.0,1,1,2,0,,,,,0.12649110640673514,False,False,Aligned,1
E212,I08,b'\xe8\x07\x00\x00\x00\x00\x00\x00',b'\x01\x00\x00\x00\x00\x00\x00\x00',3.966666666666667,5.0,0.0,1,2,2,0,,,,,0.12649110640673514,True,True,Aligned,1
E212,I08,b'\xe8\x07\x00\x00\x00\x00\x00\x00',b'\x02\x00\x00\x00\x00\x00\x00\x00',4.166666666666667,5.0,0.0,1,2,2,0,,,,,0.12649110640673514,True,True,Aligned,1
E213,I08,b'\xe8\x07\x00\x00\x00\x00\x00\x00',b'\x01\x00\x00\x00\x00\x00\x00\x00',3.2333333333333334,3.5,0.0,1,2,2,0,,,,,0.12649110640673514,False,False,Aligned,1
E213,I08,b'\xe8\x07\x00\x00\x00\x00\x00\x00',b'\x02\x00\x00\x00\x00\x00\x00\x00',3.566666666666666,4.083333333333333,0.0,1,2,2,0,,,,,0.12649110640673514,False,True,Anti-Aligned,0
E214,I08,b'\xe8\x07\x00\x00\x00\x00\x00\x00',b'\x01\x00\x00\x00\x00\x00\x00\x00',3.4,4.0,0.0,1,1,2,0,,,,,0.12649110640673514,False,True,Anti-Aligned,0
E214,I08,b'\xe8\x07\x00\x00\x00\x00\x00\x00',b'\x02\x00\x00\x00\x00\x00\x00\x00',3.6999999999999997,4.25,0.0,1,1,2,0,,,,,0.12649110640673514,False,True,Anti-Aligned,0
E215,I08,b'\xe8\x07\x00\x00\x00\x00\x00\x00',b'\x01\x00\x00\x00\x00\x00\x00\x00',4.766666666666667,4.5,0.0,1,0,2,3,,,,,0.12649110640673514,True,True,Aligned,1
E215,I08,b'\xe8\x07\x00\x00\x00\x00\x00\x00',b'\x02\x00\x00\x00\x00\x00\x00\x00',4.9,4.75,0.0,1,0,2,3,,,,,0.12649110640673514,True,True,Aligned,1
E216,I08,b'\xe8\x07\x00\x00\x00\x00\x00\x00',b'\x01\x00\x00\x00\x00\x00\x00\x00',3.0,3.0,0.0,1,2,2,0,,,,,0.12649110640673514,False,False,Aligned,1
E216,I08,b'\xe8\x07\x00\x00\x00\x00\x00\x00',b'\x02\x00\x00\x00\x00\x00\x00\x00',3.333333333333334,3.5,0.0,1,2,2,0,,,,,0.12649110640673514,False,False,Aligned,1
E217,I08,b'\xe8\x07\x00\x00\x00\x00\x00\x00',b'\x01\x00\x00\x00\x00\x00\x00\x00',3.266666666666667,2.1666666666666665,0.0,1,1,2,0,,,,,0.12649110640673514,False,False,Aligned,1
E217,I08,b'\xe8\x07\x00\x00\x00\x00\x00\x00',b'\x02\x00\x00\x00\x00\x00\x00\x00',3.3666666666666667,2.25,0.0,1,1,2,0,,,,,0.12649110640673514,False,False,Aligned,1
E218,I08,b'\xe8\x07\x00\x00\x00\x00\x00\x00',b'\x01\x00\x00\x00\x00\x00\x00\x00',4.133333333333334,4.0,0.0,1,2,2,0,,,,,0.12649110640673514,True,True,Aligned,1
E218,I08,b'\xe8\x07\x00\x00\x00\x00\x00\x00',b'\x02\x00\x00\x00\x00\x00\x00\x00',4.300000000000001,4.083333333333333,0.0,1,2,2,0,,,,,0.12649110640673514,True,True,Aligned,1
E219,I08,b'\xe8\x07\x00\x00\x00\x00\x00\x00',b'\x01\x00\x00\x00\x00\x00\x00\x00',4.477777777777778,4.166666666666667,0.0,1,0,2,3,,,,,0.12649110640673514,True,True,Aligned,1
E219,I08,b'\xe8\x07\x00\x00\x00\x00\x00\x00',b'\x02\x00\x00\x00\x00\x00\x00\x00',4.711111111111112,4.5,0.0,1,0,2,3,,,,,0.12649110640673514,True,True,Aligned,1
E220,I08,b'\xe8\x07\x00\x00\x00\x00\x00\x00',b'\x01\x00\x00\x00\x00\x00\x00\x00',2.1777777777777785,1.722222222222222,0.0,1,0,2,3,,,,,0.12649110640673514,False,False,Aligned,1
E220,I08,b'\xe8\x07\x00\x00\x00\x00\x00\x00',b'\x02\x00\x00\x00\x00\x00\x00\x00',2.4777777777777774,2.0,0.0,1,0,2,3,,,,,0.12649110640673514,False,False,Aligned,1
E221,I09,b'\xe8\x07\x00\x00\x00\x00\x00\x00',b'\x01\x00\x00\x00\x00\x00\x00\x00',4.0,4.0,0.0,1,1,2,0,,,,,0.10000000000000009,True,True,Aligned,1
E221,I09,b'\xe8\x07\x00\x00\x00\x00\x00\x00',b'\x02\x00\x00\x00\x00\x00\x00\x00',4.333333333333333,4.333333333333333,0.0,1,1,2,0,,,,,0.10000000000000009,True,True,Aligned,1
E222,I09,b'\xe8\x07\x00\x00\x00\x00\x00\x00',b'\x01\x00\x00\x00\x00\x00\x00\x00',2.333333333333334,2.111111111111111,0.0,1,0,2,3,,,,,0.10000000000000009,False,False,Aligned,1
E222,I09,b'\xe8\x07\x00\x00\x00\x00\x00\x00',b'\x02\x00\x00\x00\x00\x00\x00\x00',2.8,2.611111111111111,0.0,1,0,2,3,,,,,0.10000000000000009,False,False,Aligned,1
E223,I09,b'\xe8\x07\x00\x00\x00\x00\x00\x00',b'\x01\x00\x00\x00\x00\x00\x00\x00',4.966666666666667,5.0,0.0,1,1,2,0,,,,,0.10000000000000009,True,True,Aligned,1
E223,I09,b'\xe8\x07\x00\x00\x00\x00\x00\x00',b'\x02\x00\x00\x00\x00\x00\x00\x00',5.0,5.0,0.0,1,1,2,0,,,,,0.10000000000000009,True,True,Aligned,1
E224,I09,b'\xe8\x07\x00\x00\x00\x00\x00\x00',b'\x01\x00\x00\x00\x00\x00\x00\x00',4.699999999999999,4.833333333333333,0.0,1,0,2,3,,,,,0.10000000000000009,True,True,Aligned,1
E224,I09,b'\xe8\x07\x00\x00\x00\x00\x00\x00',b'\x02\x00\x00\x00\x00\x00\x00\x00',4.933333333333334,5.0,0.0,1,0,2,3,,,,,0.10000000000000009,True,True,Aligned,1
E225,I09,b'\xe8\x07\x00\x00\x00\x00\x00\x00',b'\x01\x00\x00\x00\x00\x00\x00\x00',4.400000000000001,5.0,0.0,1,1,2,0,,,,,0.10000000000000009,True,True,Aligned,1
E225,I09,b'\xe8\x07\x00\x00\x00\x00\x00\x00',b'\x02\x00\x00\x00\x00\x00\x00\x00',4.400000000000001,5.0,0.0,1,1,2,0,,,,,0.10000000000000009,True,True,Aligned,1
E226,I09,b'\xe8\x07\x00\x00\x00\x00\x00\x00',b'\x01\x00\x00\x00\x00\x00\x00\x00',1.6,1.9166666666666667,0.0,1,1,2,0,,,,,0.10000000000000009,False,False,Aligned,1
E226,I09,b'\xe8\x07\x00\x00\x00\x00\x00\x00',b'\x02\x00\x00\x00\x00\x00\x00\x00',1.8333333333333333,2.1666666666666665,0.0,1,1,2,0,,,,,0.10000000000000009,False,False,Aligned,1
E227,I09,b'\xe8\x07\x00\x00\x00\x00\x00\x00',b'\x01\x00\x00\x00\x00\x00\x00\x00',2.155555555555556,2.1666666666666665,0.0,1,0,2,3,,,,,0.10000000000000009,False,False,Aligned,1
E227,I09,b'\xe8\x07\x00\x00\x00\x00\x00\x00',b'\x02\x00\x00\x00\x00\x00\x00\x00',2.511111111111111,2.6666666666666665,0.0,1,0,2,3,,,,,0.10000000000000009,False,False,Aligned,1
E228,I09,b'\xe8\x07\x00\x00\x00\x00\x00\x00',b'\x01\x00\x00\x00\x00\x00\x00\x00',4.433333333333334,4.416666666666667,0.0,1,1,2,0,,,,,0.10000000000000009,True,True,Aligned,1
E228,I09,b'\xe8\x07\x00\x00\x00\x00\x00\x00',b'\x02\x00\x00\x00\x00\x00\x00\x00',4.6,4.75,0.0,1,1,2,0,,,,,0.10000000000000009,True,True,Aligned,1
E229,I09,b'\xe8\x07\x00\x00\x00\x00\x00\x00',b'\x01\x00\x00\x00\x00\x00\x00\x00',4.133333333333334,4.416666666666667,0.0,1,1,2,0,,,,,0.10000000000000009,True,True,Aligned,1
E229,I09,b'\xe8\x07\x00\x00\x00\x00\x00\x00',b'\x02\x00\x00\x00\x00\x00\x00\x00',4.2666666666666675,4.583333333333333,0.0,1,1,2,0,,,,,0.10000000000000009,True,True,Aligned,1
E230,I09,b'\xe8\x07\x00\x00\x00\x00\x00\x00',b'\x01\x00\x00\x00\x00\x00\x00\x00',3.8666666666666663,4.0,0.0,1,1,2,0,,,,,0.10000000000000009,True,True,Aligned,1
E230,I09,b'\xe8\x07\x00\x00\x00\x00\x00\x00',b'\x02\x00\x00\x00\x00\x00\x00\x00',4.033333333333334,4.333333333333333,0.0,1,1,2,0,,,,,0.10000000000000009,True,True,Aligned,1
E231,I09,b'\xe8\x07\x00\x00\x00\x00\x00\x00',b'\x01\x00\x00\x00\x00\x00\x00\x00',4.333333333333334,4.333333333333333,0.0,1,1,2,0,,,,,0.10000000000000009,True,True,Aligned,1
E231,I09,b'\xe8\x07\x00\x00\x00\x00\x00\x00',b'\x02\x00\x00\x00\x00\x00\x00\x00',4.5,4.75,0.0,1,1,2,0,,,,,0.10000000000000009,True,True,Aligned,1
E232,I09,b'\xe8\x07\x00\x00\x00\x00\x00\x00',b'\x01\x00\x00\x00\x00\x00\x00\x00',3.933333333333333,4.0,0.0,1,1,2,0,,,,,0.10000000000000009,True,True,Aligned,1
E232,I09,b'\xe8\x07\x00\x00\x00\x00\x00\x00',b'\x02\x00\x00\x00\x00\x00\x00\x00',4.2333333333333325,4.25,0.0,1,1,2,0,,,,,0.10000000000000009,True,True,Aligned,1
E233,I09,b'\xe8\x07\x00\x00\x00\x00\x00\x00',b'\x01\x00\x00\x00\x00\x00\x00\x00',4.400000000000001,4.5,0.0,1,1,2,0,,,,,0.10000000000000009,True,True,Aligned,1
E233,I09,b'\xe8\x07\x00\x00\x00\x00\x00\x00',b'\x02\x00\x00\x00\x00\x00\x00\x00',4.433333333333334,4.583333333333333,0.0,1,1,2,0,,,,,0.10000000000000009,True,True,Aligned,1
E234,I09,b'\xe8\x07\x00\x00\x00\x00\x00\x00',b'\x01\x00\x00\x00\x00\x00\x00\x00',4.566666666666666,5.0,0.0,1,1,2,0,,,,,0.10000000000000009,True,True,Aligned,1
E234,I09,b'\xe8\x07\x00\x00\x00\x00\x00\x00',b'\x02\x00\x00\x00\x00\x00\x00\x00',4.7333333333333325,5.0,0.0,1,1,2,0,,,,,0.10000000000000009,True,True,Aligned,1
E235,I09,b'\xe8\x07\x00\x00\x00\x00\x00\x00',b'\x01\x00\x00\x00\x00\x00\x00\x00',4.566666666666666,4.916666666666667,0.0,1,1,2,0,,,,,0.10000000000000009,True,True,Aligned,1
E235,I09,b'\xe8\x07\x00\x00\x00\x00\x00\x00',b'\x02\x00\x00\x00\x00\x00\x00\x00',4.699999999999999,5.0,0.0,1,1,2,0,,,,,0.10000000000000009,True,True,Aligned,1
E236,I09,b'\xe8\x07\x00\x00\x00\x00\x00\x00',b'\x01\x00\x00\x00\x00\x00\x00\x00',3.8333333333333335,4.5,0.0,1,1,2,0,,,,,0.10000000000000009,True,True,Aligned,1
E236,I09,b'\xe8\x07\x00\x00\x00\x00\x00\x00',b'\x02\x00\x00\x00\x00\x00\x00\x00',4.0,4.666666666666667,0.0,1,1,2,0,,,,,0.10000000000000009,True,True,Aligned,1
E237,I09,b'\xe8\x07\x00\x00\x00\x00\x00\x00',b'\x01\x00\x00\x00\x00\x00\x00\x00',3.6666666666666665,3.1666666666666665,0.0,1,1,2,0,,,,,0.10000000000000009,False,False,Aligned,1
E237,I09,b'\xe8\x07\x00\x00\x00\x00\x00\x00',b'\x02\x00\x00\x00\x00\x00\x00\x00',3.7666666666666666,3.25,0.0,1,1,2,0,,,,,0.10000000000000009,False,False,Aligned,1
E238,I09,b'\xe8\x07\x00\x00\x00\x00\x00\x00',b'\x01\x00\x00\x00\x00\x00\x00\x00',3.4000000000000004,3.5833333333333335,0.0,1,1,2,0,,,,,0.10000000000000009,False,False,Aligned,1
E238,I09,b'\xe8\x07\x00\x00\x00\x00\x00\x00',b'\x02\x00\x00\x00\x00\x00\x00\x00',3.6999999999999997,3.6666666666666665,0.0,1,1,2,0,,,,,0.10000000000000009,False,False,Aligned,1
E239,I09,b'\xe8\x07\x00\x00\x00\x00\x00\x00',b'\x01\x00\x00\x00\x00\x00\x00\x00',2.6666666666666665,2.6666666666666665,0.0,1,1,2,0,,,,,0.10000000000000009,False,False,Aligned,1
E239,I09,b'\xe8\x07\x00\x00\x00\x00\x00\x00',b'\x02\x00\x00\x00\x00\x00\x00\x00',2.8,3.0,0.0,1,1,2,0,,,,,0.10000000000000009,False,False,Aligned,1
E240,I09,b'\xe8\x07\x00\x00\x00\x00\x00\x00',b'\x01\x00\x00\x00\x00\x00\x00\x00',2.5999999999999996,3.5833333333333335,0.0,1,1,2,0,,,,,0.10000000000000009,False,False,Aligned,1
E240,I09,b'\xe8\x07\x00\x00\x00\x00\x00\x00',b'\x02\x00\x00\x00\x00\x00\x00\x00',2.8666666666666663,3.9166666666666665,0.0,1,1,2,0,,,,,0.10000000000000009,False,True,Anti-Aligned,0
E241,I09,b'\xe8\x07\x00\x00\x00\x00\x00\x00',b'\x01\x00\x00\x00\x00\x00\x00\x00',3.6666666666666665,3.0833333333333335,0.0,1,1,2,0,,,,,0.10000000000000009,False,False,Aligned,1
E241,I09,b'\xe8\x07\x00\x00\x00\x00\x00\x00',b'\x02\x00\x00\x00\x00\x00\x00\x00',3.7333333333333334,3.3333333333333335,0.0,1,1,2,0,,,,,0.10000000000000009,False,False,Aligned,1
E242,I09,b'\xe8\x07\x00\x00\x00\x00\x00\x00',b'\x01\x00\x00\x00\x00\x00\x00\x00',5.0,5.0,0.0,1,1,2,0,,,,,0.10000000000000009,True,True,Aligned,1
E242,I09,b'\xe8\x07\x00\x00\x00\x00\x00\x00',b'\x02\x00\x00\x00\x00\x00\x00\x00',5.0,5.0,0.0,1,1,2,0,,,,,0.10000000000000009,True,True,Aligned,1
E243,I09,b'\xe8\x07\x00\x00\x00\x00\x00\x00',b'\x01\x00\x00\x00\x00\x00\x00\x00',3.166666666666667,4.5,0.0,1,1,2,0,,,,,0.10000000000000009,False,True,Anti-Aligned,0
E243,I09,b'\xe8\x07\x00\x00\x00\x00\x00\x00',b'\x02\x00\x00\x00\x00\x00\x00\x00',3.3333333333333335,4.583333333333333,0.0,1,1,2,0,,,,,0.10000000000000009,False,True,Anti-Aligned,0
E244,I09,b'\xe8\x07\x00\x00\x00\x00\x00\x00',b'\x01\x00\x00\x00\x00\x00\x00\x00',4.566666666666666,5.0,0.0,1,1,2,0,,,,,0.10000000000000009,True,True,Aligned,1
E244,I09,b'\xe8\x07\x00\x00\x00\x00\x00\x00',b'\x02\x00\x00\x00\x00\x00\x00\x00',4.599999999999999,5.0,0.0,1,1,2,0,,,,,0.10000000000000009,True,True,Aligned,1
E245,I09,b'\xe8\x07\x00\x00\x00\x00\x00\x00',b'\x01\x00\x00\x00\x00\x00\x00\x00',3.933333333333333,3.9166666666666665,0.0,1,1,2,0,,,,,0.10000000000000009,True,True,Aligned,1
E245,I09,b'\xe8\x07\x00\x00\x00\x00\x00\x00',b'\x02\x00\x00\x00\x00\x00\x00\x00',4.233333333333333,4.166666666666667,0.0,1,1,2,0,,,,,0.10000000000000009,True,True,Aligned,1
E246,I09,b'\xe8\x07\x00\x00\x00\x00\x00\x00',b'\x01\x00\x00\x00\x00\x00\x00\x00',4.566666666666666,4.916666666666667,0.0,1,1,2,0,,,,,0.10000000000000009,True,True,Aligned,1
E246,I09,b'\xe8\x07\x00\x00\x00\x00\x00\x00',b'\x02\x00\x00\x00\x00\x00\x00\x00',4.666666666666666,5.0,0.0,1,1,2,0,,,,,0.10000000000000009,True,True,Aligned,1
E247,I09,b'\xe8\x07\x00\x00\x00\x00\x00\x00',b'\x01\x00\x00\x00\x00\x00\x00\x00',4.5,4.583333333333333,0.0,1,1,2,0,,,,,0.10000000000000009,True,True,Aligned,1
E247,I09,b'\xe8\x07\x00\x00\x00\x00\x00\x00',b'\x02\x00\x00\x00\x00\x00\x00\x00',4.566666666666666,4.666666666666667,0.0,1,1,2,0,,,,,0.10000000000000009,True,True,Aligned,1
E248,I09,b'\xe8\x07\x00\x00\x00\x00\x00\x00',b'\x01\x00\x00\x00\x00\x00\x00\x00',4.400000000000001,4.5,0.0,1,1,2,0,,,,,0.10000000000000009,True,True,Aligned,1
E248,I09,b'\xe8\x07\x00\x00\x00\x00\x00\x00',b'\x02\x00\x00\x00\x00\x00\x00\x00',4.6,4.5,0.0,1,1,2,0,,,,,0.10000000000000009,True,True,Aligned,1
E249,I09,b'\xe8\x07\x00\x00\x00\x00\x00\x00',b'\x01\x00\x00\x00\x00\x00\x00\x00',4.7333333333333325,4.416666666666667,0.0,1,1,2,0,,,,,0.10000000000000009,True,True,Aligned,1
E249,I09,b'\xe8\x07\x00\x00\x00\x00\x00\x00',b'\x02\x00\x00\x00\x00\x00\x00\x00',4.8,4.5,0.0,1,1,2,0,,,,,0.10000000000000009,True,True,Aligned,1
E250,I09,b'\xe8\x07\x00\x00\x00\x00\x00\x00',b'\x01\x00\x00\x00\x00\x00\x00\x00',4.2666666666666675,4.166666666666667,0.0,1,1,2,0,,,,,0.10000000000000009,True,True,Aligned,1
E250,I09,b'\xe8\x07\x00\x00\x00\x00\x00\x00',b'\x02\x00\x00\x00\x00\x00\x00\x00',4.300000000000001,4.25,0.0,1,1,2,0,,,,,0.10000000000000009,True,True,Aligned,1
E251,I09,b'\xe8\x07\x00\x00\x00\x00\x00\x00',b'\x01\x00\x00\x00\x00\x00\x00\x00',2.433333333333333,1.9166666666666667,0.0,1,1,2,0,,,,,0.10000000000000009,False,False,Aligned,1
E251,I09,b'\xe8\x07\x00\x00\x00\x00\x00\x00',b'\x02\x00\x00\x00\x00\x00\x00\x00',2.6333333333333333,2.1666666666666665,0.0,1,1,2,0,,,,,0.10000000000000009,False,False,Aligned,1
E252,I09,b'\xe8\x07\x00\x00\x00\x00\x00\x00',b'\x01\x00\x00\x00\x00\x00\x00\x00',2.733333333333333,2.4166666666666665,0.0,1,1,2,0,,,,,0.10000000000000009,False,False,Aligned,1
E252,I09,b'\xe8\x07\x00\x00\x00\x00\x00\x00',b'\x02\x00\x00\x00\x00\x00\x00\x00',3.2,2.9166666666666665,0.0,1,1,2,0,,,,,0.10000000000000009,False,False,Aligned,1
E253,I09,b'\xe8\x07\x00\x00\x00\x00\x00\x00',b'\x01\x00\x00\x00\x00\x00\x00\x00',4.566666666666666,4.5,0.0,1,1,2,0,,,,,0.10000000000000009,True,True,Aligned,1
E253,I09,b'\xe8\x07\x00\x00\x00\x00\x00\x00',b'\x02\x00\x00\x00\x00\x00\x00\x00',4.666666666666666,4.5,0.0,1,1,2,0,,,,,0.10000000000000009,True,True,Aligned,1
E254,I09,b'\xe8\x07\x00\x00\x00\x00\x00\x00',b'\x01\x00\x00\x00\x00\x00\x00\x00',2.266666666666667,2.1666666666666665,0.0,1,1,2,0,,,,,0.10000000000000009,False,False,Aligned,1
E254,I09,b'\xe8\x07\x00\x00\x00\x00\x00\x00',b'\x02\x00\x00\x00\x00\x00\x00\x00',2.3,2.25,0.0,1,1,2,0,,,,,0.10000000000000009,False,False,Aligned,1
E255,I09,b'\xe8\x07\x00\x00\x00\x00\x00\x00',b'\x01\x00\x00\x00\x00\x00\x00\x00',4.599999999999999,4.5,0.0,1,1,2,0,,,,,0.10000000000000009,True,True,Aligned,1
E255,I09,b'\xe8\x07\x00\x00\x00\x00\x00\x00',b'\x02\x00\x00\x00\x00\x00\x00\x00',4.766666666666667,4.666666666666667,0.0,1,1,2,0,,,,,0.10000000000000009,True,True,Aligned,1
E256,I09,b'\xe8\x07\x00\x00\x00\x00\x00\x00',b'\x01\x00\x00\x00\x00\x00\x00\x00',4.433333333333334,4.666666666666667,0.0,1,1,2,0,,,,,0.10000000000000009,True,True,Aligned,1
E256,I09,b'\xe8\x07\x00\x00\x00\x00\x00\x00',b'\x02\x00\x00\x00\x00\x00\x00\x00',4.5,4.666666666666667,0.0,1,1,2,0,,,,,0.10000000000000009,True,True,Aligned,1
E257,I09,b'\xe8\x07\x00\x00\x00\x00\x00\x00',b'\x01\x00\x00\x00\x00\x00\x00\x00',4.566666666666666,5.0,0.0,1,1,2,0,,,,,0.10000000000000009,True,True,Aligned,1
E257,I09,b'\xe8\x07\x00\x00\x00\x00\x00\x00',b'\x02\x00\x00\x00\x00\x00\x00\x00',4.666666666666666,5.0,0.0,1,1,2,0,,,,,0.10000000000000009,True,True,Aligned,1
E258,I09,b'\xe8\x07\x00\x00\x00\x00\x00\x00',b'\x01\x00\x00\x00\x00\x00\x00\x00',3.7666666666666666,3.9166666666666665,0.0,1,1,2,0,,,,,0.10000000000000009,False,True,Anti-Aligned,0
E258,I09,b'\xe8\x07\x00\x00\x00\x00\x00\x00',b'\x02\x00\x00\x00\x00\x00\x00\x00',3.8666666666666663,4.083333333333333,0.0,1,1,2,0,,,,,0.10000000000000009,True,True,Aligned,1
E259,I10,b'\xe8\x07\x00\x00\x00\x00\x00\x00',b'\x01\x00\x00\x00\x00\x00\x00\x00',4.433333333333334,4.0,0.0,1,1,2,0,,,,,0.10000000000000009,True,True,Aligned,1
E259,I10,b'\xe8\x07\x00\x00\x00\x00\x00\x00',b'\x02\x00\x00\x00\x00\x00\x00\x00',4.400000000000001,4.0,0.0,1,1,2,0,,,,,0.10000000000000009,True,True,Aligned,1
E260,I10,b'\xe8\x07\x00\x00\x00\x00\x00\x00',b'\x01\x00\x00\x00\x00\x00\x00\x00',3.5777777777777775,5.0,0.0,1,0,2,3,,,,,0.10000000000000009,False,True,Anti-Aligned,0
E260,I10,b'\xe8\x07\x00\x00\x00\x00\x00\x00',b'\x02\x00\x00\x00\x00\x00\x00\x00',3.8000000000000003,5.0,0.0,1,0,2,3,,,,,0.10000000000000009,True,True,Aligned,1
E261,I10,b'\xe8\x07\x00\x00\x00\x00\x00\x00',b'\x01\x00\x00\x00\x00\x00\x00\x00',2.0,1.5,0.0,1,1,2,0,,,,,0.10000000000000009,False,False,Aligned,1
E261,I10,b'\xe8\x07\x00\x00\x00\x00\x00\x00',b'\x02\x00\x00\x00\x00\x00\x00\x00',2.2666666666666666,1.8333333333333333,0.0,1,1,2,0,,,,,0.10000000000000009,False,False,Aligned,1
E262,I10,b'\xe8\x07\x00\x00\x00\x00\x00\x00',b'\x01\x00\x00\x00\x00\x00\x00\x00',3.3666666666666663,4.0,0.0,1,1,2,0,,,,,0.10000000000000009,False,True,Anti-Aligned,0
E262,I10,b'\xe8\x07\x00\x00\x00\x00\x00\x00',b'\x02\x00\x00\x00\x00\x00\x00\x00',3.6666666666666665,4.333333333333333,0.0,1,1,2,0,,,,,0.10000000000000009,False,True,Anti-Aligned,0
E263,I10,b'\xe8\x07\x00\x00\x00\x00\x00\x00',b'\x01\x00\x00\x00\x00\x00\x00\x00',3.966666666666667,4.0,0.0,1,1,2,0,,,,,0.10000000000000009,True,True,Aligned,1
E263,I10,b'\xe8\x07\x00\x00\x00\x00\x00\x00',b'\x02\x00\x00\x00\x00\x00\x00\x00',4.2333333333333325,4.166666666666667,0.0,1,1,2,0,,,,,0.10000000000000009,True,True,Aligned,1
E264,I10,b'\xe8\x07\x00\x00\x00\x00\x00\x00',b'\x01\x00\x00\x00\x00\x00\x00\x00',2.033333333333333,2.5,0.0,1,1,2,0,,,,,0.10000000000000009,False,False,Aligned,1
E264,I10,b'\xe8\x07\x00\x00\x00\x00\x00\x00',b'\x02\x00\x00\x00\x00\x00\x00\x00',2.2333333333333334,2.6666666666666665,0.0,1,1,2,0,,,,,0.10000000000000009,False,False,Aligned,1
E265,I10,b'\xe8\x07\x00\x00\x00\x00\x00\x00',b'\x01\x00\x00\x00\x00\x00\x00\x00',4.8,5.0,0.0,1,1,2,0,,,,,0.10000000000000009,True,True,Aligned,1
E265,I10,b'\xe8\x07\x00\x00\x00\x00\x00\x00',b'\x02\x00\x00\x00\x00\x00\x00\x00',4.9,5.0,0.0,1,1,2,0,,,,,0.10000000000000009,True,True,Aligned,1
E266,I10,b'\xe8\x07\x00\x00\x00\x00\x00\x00',b'\x01\x00\x00\x00\x00\x00\x00\x00',4.633333333333333,5.0,0.0,1,1,2,0,,,,,0.10000000000000009,True,True,Aligned,1
E266,I10,b'\xe8\x07\x00\x00\x00\x00\x00\x00',b'\x02\x00\x00\x00\x00\x00\x00\x00',4.666666666666666,5.0,0.0,1,1,2,0,,,,,0.10000000000000009,True,True,Aligned,1
E267,I10,b'\xe8\x07\x00\x00\x00\x00\x00\x00',b'\x01\x00\x00\x00\x00\x00\x00\x00',3.4000000000000004,2.6666666666666665,0.0,1,1,2,0,,,,,0.10000000000000009,False,False,Aligned,1
E267,I10,b'\xe8\x07\x00\x00\x00\x00\x00\x00',b'\x02\x00\x00\x00\x00\x00\x00\x00',3.533333333333333,2.6666666666666665,0.0,1,1,2,0,,,,,0.10000000000000009,False,False,Aligned,1
E268,I10,b'\xe8\x07\x00\x00\x00\x00\x00\x00',b'\x01\x00\x00\x00\x00\x00\x00\x00',4.8,4.5,0.0,1,1,2,0,,,,,0.10000000000000009,True,True,Aligned,1
E268,I10,b'\xe8\x07\x00\x00\x00\x00\x00\x00',b'\x02\x00\x00\x00\x00\x00\x00\x00',4.9,4.75,0.0,1,1,2,0,,,,,0.10000000000000009,True,True,Aligned,1
E269,I10,b'\xe8\x07\x00\x00\x00\x00\x00\x00',b'\x01\x00\x00\x00\x00\x00\x00\x00',1.9666666666666666,2.0,0.0,1,1,2,0,,,,,0.10000000000000009,False,False,Aligned,1
E269,I10,b'\xe8\x07\x00\x00\x00\x00\x00\x00',b'\x02\x00\x00\x00\x00\x00\x00\x00',2.1333333333333333,2.0,0.0,1,1,2,0,,,,,0.10000000000000009,False,False,Aligned,1
E270,I10,b'\xe8\x07\x00\x00\x00\x00\x00\x00',b'\x01\x00\x00\x00\x00\x00\x00\x00',4.533333333333333,5.0,0.0,1,1,2,0,,,,,0.10000000000000009,True,True,Aligned,1
E270,I10,b'\xe8\x07\x00\x00\x00\x00\x00\x00',b'\x02\x00\x00\x00\x00\x00\x00\x00',4.599999999999999,5.0,0.0,1,1,2,0,,,,,0.10000000000000009,True,True,Aligned,1
E271,I10,b'\xe8\x07\x00\x00\x00\x00\x00\x00',b'\x01\x00\x00\x00\x00\x00\x00\x00',4.822222222222221,5.0,0.0,1,0,2,3,,,,,0.10000000000000009,True,True,Aligned,1
E271,I10,b'\xe8\x07\x00\x00\x00\x00\x00\x00',b'\x02\x00\x00\x00\x00\x00\x00\x00',4.888888888888888,5.0,0.0,1,0,2,3,,,,,0.10000000000000009,True,True,Aligned,1
E272,I10,b'\xe8\x07\x00\x00\x00\x00\x00\x00',b'\x01\x00\x00\x00\x00\x00\x00\x00',3.533333333333333,3.6666666666666665,0.0,1,1,2,0,,,,,0.10000000000000009,False,False,Aligned,1
E272,I10,b'\xe8\x07\x00\x00\x00\x00\x00\x00',b'\x02\x00\x00\x00\x00\x00\x00\x00',3.566666666666666,3.5833333333333335,0.0,1,1,2,0,,,,,0.10000000000000009,False,False,Aligned,1
E273,I10,b'\xe8\x07\x00\x00\x00\x00\x00\x00',b'\x01\x00\x00\x00\x00\x00\x00\x00',5.0,5.0,0.0,1,1,2,0,,,,,0.10000000000000009,True,True,Aligned,1
E273,I10,b'\xe8\x07\x00\x00\x00\x00\x00\x00',b'\x02\x00\x00\x00\x00\x00\x00\x00',5.0,5.0,0.0,1,1,2,0,,,,,0.10000000000000009,True,True,Aligned,1
E274,I10,b'\xe8\x07\x00\x00\x00\x00\x00\x00',b'\x01\x00\x00\x00\x00\x00\x00\x00',4.666666666666666,4.666666666666667,0.0,1,1,2,0,,,,,0.10000000000000009,True,True,Aligned,1
E274,I10,b'\xe8\x07\x00\x00\x00\x00\x00\x00',b'\x02\x00\x00\x00\x00\x00\x00\x00',4.766666666666667,4.666666666666667,0.0,1,1,2,0,,,,,0.10000000000000009,True,True,Aligned,1
E275,I10,b'\xe8\x07\x00\x00\x00\x00\x00\x00',b'\x01\x00\x00\x00\x00\x00\x00\x00',3.2333333333333334,3.0,0.0,1,1,2,0,,,,,0.10000000000000009,False,False,Aligned,1
E275,I10,b'\xe8\x07\x00\x00\x00\x00\x00\x00',b'\x02\x00\x00\x00\x00\x00\x00\x00',3.3666666666666667,3.0833333333333335,0.0,1,1,2,0,,,,,0.10000000000000009,False,False,Aligned,1
E276,I10,b'\xe8\x07\x00\x00\x00\x00\x00\x00',b'\x01\x00\x00\x00\x00\x00\x00\x00',4.666666666666666,5.0,0.0,1,1,2,0,,,,,0.10000000000000009,True,True,Aligned,1
E276,I10,b'\xe8\x07\x00\x00\x00\x00\x00\x00',b'\x02\x00\x00\x00\x00\x00\x00\x00',4.599999999999999,5.0,0.0,1,1,2,0,,,,,0.10000000000000009,True,True,Aligned,1
E277,I11,b'\xe8\x07\x00\x00\x00\x00\x00\x00',b'\x01\x00\x00\x00\x00\x00\x00\x00',4.633333333333333,4.666666666666667,0.0,1,1,2,0,,,,,0.14524627736864773,True,True,Aligned,1
E277,I11,b'\xe8\x07\x00\x00\x00\x00\x00\x00',b'\x02\x00\x00\x00\x00\x00\x00\x00',4.699999999999999,4.5,0.0,1,1,2,0,,,,,0.14524627736864773,True,True,Aligned,1
E278,I11,b'\xe8\x07\x00\x00\x00\x00\x00\x00',b'\x01\x00\x00\x00\x00\x00\x00\x00',4.066666666666666,4.0,0.0,1,1,2,0,,,,,0.14524627736864773,True,True,Aligned,1
E278,I11,b'\xe8\x07\x00\x00\x00\x00\x00\x00',b'\x02\x00\x00\x00\x00\x00\x00\x00',4.133333333333334,4.0,0.0,1,1,2,0,,,,,0.14524627736864773,True,True,Aligned,1
E279,I11,b'\xe8\x07\x00\x00\x00\x00\x00\x00',b'\x01\x00\x00\x00\x00\x00\x00\x00',3.811111111111112,3.0277777777777772,0.0,1,0,2,3,,,,,0.14524627736864773,True,False,Anti-Aligned,0
E279,I11,b'\xe8\x07\x00\x00\x00\x00\x00\x00',b'\x02\x00\x00\x00\x00\x00\x00\x00',3.9777777777777774,3.3333333333333335,0.0,1,0,2,3,,,,,0.14524627736864773,True,False,Anti-Aligned,0
E280,I11,b'\xe8\x07\x00\x00\x00\x00\x00\x00',b'\x01\x00\x00\x00\x00\x00\x00\x00',1.6000000000000003,1.5,0.0,1,1,2,0,,,,,0.14524627736864773,False,False,Aligned,1
E280,I11,b'\xe8\x07\x00\x00\x00\x00\x00\x00',b'\x02\x00\x00\x00\x00\x00\x00\x00',1.8999999999999997,1.9166666666666667,0.0,1,1,2,0,,,,,0.14524627736864773,False,False,Aligned,1
E281,I11,b'\xe8\x07\x00\x00\x00\x00\x00\x00',b'\x01\x00\x00\x00\x00\x00\x00\x00',2.8333333333333335,2.5,0.0,1,1,2,0,,,,,0.14524627736864773,False,False,Aligned,1
E281,I11,b'\xe8\x07\x00\x00\x00\x00\x00\x00',b'\x02\x00\x00\x00\x00\x00\x00\x00',3.033333333333333,2.6666666666666665,0.0,1,1,2,0,,,,,0.14524627736864773,False,False,Aligned,1
E282,I11,b'\xe8\x07\x00\x00\x00\x00\x00\x00',b'\x01\x00\x00\x00\x00\x00\x00\x00',2.3333333333333335,1.5833333333333333,0.0,1,1,2,0,,,,,0.14524627736864773,False,False,Aligned,1
E282,I11,b'\xe8\x07\x00\x00\x00\x00\x00\x00',b'\x02\x00\x00\x00\x00\x00\x00\x00',2.6333333333333333,1.8333333333333333,0.0,1,1,2,0,,,,,0.14524627736864773,False,False,Aligned,1
E283,I11,b'\xe8\x07\x00\x00\x00\x00\x00\x00',b'\x01\x00\x00\x00\x00\x00\x00\x00',5.0,5.0,0.0,1,1,2,0,,,,,0.14524627736864773,True,True,Aligned,1
E283,I11,b'\xe8\x07\x00\x00\x00\x00\x00\x00',b'\x02\x00\x00\x00\x00\x00\x00\x00',5.0,5.0,0.0,1,1,2,0,,,,,0.14524627736864773,True,True,Aligned,1
E284,I11,b'\xe8\x07\x00\x00\x00\x00\x00\x00',b'\x01\x00\x00\x00\x00\x00\x00\x00',4.599999999999999,4.5,0.0,1,1,2,0,,,,,0.14524627736864773,True,True,Aligned,1
E284,I11,b'\xe8\x07\x00\x00\x00\x00\x00\x00',b'\x02\x00\x00\x00\x00\x00\x00\x00',4.7333333333333325,4.666666666666667,0.0,1,1,2,0,,,,,0.14524627736864773,True,True,Aligned,1
E285,I11,b'\xe8\x07\x00\x00\x00\x00\x00\x00',b'\x01\x00\x00\x00\x00\x00\x00\x00',3.8333333333333335,4.083333333333333,0.0,1,1,2,0,,,,,0.14524627736864773,True,True,Aligned,1
E285,I11,b'\xe8\x07\x00\x00\x00\x00\x00\x00',b'\x02\x00\x00\x00\x00\x00\x00\x00',3.9000000000000004,4.083333333333333,0.0,1,1,2,0,,,,,0.14524627736864773,True,True,Aligned,1
E286,I11,b'\xe8\x07\x00\x00\x00\x00\x00\x00',b'\x01\x00\x00\x00\x00\x00\x00\x00',2.088888888888889,2.611111111111111,0.0,1,0,2,3,,,,,0.14524627736864773,False,False,Aligned,1
E286,I11,b'\xe8\x07\x00\x00\x00\x00\x00\x00',b'\x02\x00\x00\x00\x00\x00\x00\x00',2.466666666666667,3.0,0.0,1,0,2,3,,,,,0.14524627736864773,False,False,Aligned,1
E287,I11,b'\xe8\x07\x00\x00\x00\x00\x00\x00',b'\x01\x00\x00\x00\x00\x00\x00\x00',4.666666666666666,4.666666666666667,0.0,1,1,2,0,,,,,0.14524627736864773,True,True,Aligned,1
E287,I11,b'\xe8\x07\x00\x00\x00\x00\x00\x00',b'\x02\x00\x00\x00\x00\x00\x00\x00',4.7333333333333325,4.666666666666667,0.0,1,1,2,0,,,,,0.14524627736864773,True,True,Aligned,1
E288,I11,b'\xe8\x07\x00\x00\x00\x00\x00\x00',b'\x01\x00\x00\x00\x00\x00\x00\x00',3.566666666666667,3.3333333333333335,0.0,1,1,2,0,,,,,0.14524627736864773,False,False,Aligned,1
E288,I11,b'\xe8\x07\x00\x00\x00\x00\x00\x00',b'\x02\x00\x00\x00\x00\x00\x00\x00',3.7333333333333334,3.0,0.0,1,1,2,0,,,,,0.14524627736864773,False,False,Aligned,1
E289,I11,b'\xe8\x07\x00\x00\x00\x00\x00\x00',b'\x01\x00\x00\x00\x00\x00\x00\x00',4.6,4.083333333333333,0.0,1,1,2,0,,,,,0.14524627736864773,True,True,Aligned,1
E289,I11,b'\xe8\x07\x00\x00\x00\x00\x00\x00',b'\x02\x00\x00\x00\x00\x00\x00\x00',4.7333333333333325,4.333333333333333,0.0,1,1,2,0,,,,,0.14524627736864773,True,True,Aligned,1
E290,I11,b'\xe8\x07\x00\x00\x00\x00\x00\x00',b'\x01\x00\x00\x00\x00\x00\x00\x00',4.933333333333334,4.833333333333333,0.0,1,1,2,0,,,,,0.14524627736864773,True,True,Aligned,1
E290,I11,b'\xe8\x07\x00\x00\x00\x00\x00\x00',b'\x02\x00\x00\x00\x00\x00\x00\x00',5.0,5.0,0.0,1,1,2,0,,,,,0.14524627736864773,True,True,Aligned,1
E291,I11,b'\xe8\x07\x00\x00\x00\x00\x00\x00',b'\x01\x00\x00\x00\x00\x00\x00\x00',2.5999999999999996,2.5833333333333335,0.0,1,1,2,0,,,,,0.14524627736864773,False,False,Aligned,1
E291,I11,b'\xe8\x07\x00\x00\x00\x00\x00\x00',b'\x02\x00\x00\x00\x00\x00\x00\x00',2.933333333333333,2.9166666666666665,0.0,1,1,2,0,,,,,0.14524627736864773,False,False,Aligned,1
E292,I12,b'\xe8\x07\x00\x00\x00\x00\x00\x00',b'\x01\x00\x00\x00\x00\x00\x00\x00',2.533333333333333,3.5,0.0,1,5,2,0,,,,,0.1322875655532294,False,False,Aligned,1
E292,I12,b'\xe8\x07\x00\x00\x00\x00\x00\x00',b'\x02\x00\x00\x00\x00\x00\x00\x00',2.56,3.6666666666666665,0.0,1,5,2,0,,,,,0.1322875655532294,False,False,Aligned,1
E293,I12,b'\xe8\x07\x00\x00\x00\x00\x00\x00',b'\x01\x00\x00\x00\x00\x00\x00\x00',2.9444444444444446,3.1666666666666665,0.0,1,0,2,3,,,,,0.1322875655532294,False,False,Aligned,1
E293,I12,b'\xe8\x07\x00\x00\x00\x00\x00\x00',b'\x02\x00\x00\x00\x00\x00\x00\x00',3.344444444444444,3.5833333333333335,0.0,1,0,2,3,,,,,0.1322875655532294,False,False,Aligned,1
E294,I12,b'\xe8\x07\x00\x00\x00\x00\x00\x00',b'\x01\x00\x00\x00\x00\x00\x00\x00',4.533333333333333,3.9166666666666665,0.0,1,5,2,0,,,,,0.1322875655532294,True,True,Aligned,1
E294,I12,b'\xe8\x07\x00\x00\x00\x00\x00\x00',b'\x02\x00\x00\x00\x00\x00\x00\x00',4.599999999999999,4.0,0.0,1,5,2,0,,,,,0.1322875655532294,True,True,Aligned,1
E295,I12,b'\xe8\x07\x00\x00\x00\x00\x00\x00',b'\x01\x00\x00\x00\x00\x00\x00\x00',2.6333333333333333,3.4166666666666665,0.0,1,5,2,0,,,,,0.1322875655532294,False,False,Aligned,1
E295,I12,b'\xe8\x07\x00\x00\x00\x00\x00\x00',b'\x02\x00\x00\x00\x00\x00\x00\x00',2.8133333333333335,3.6666666666666665,0.0,1,5,2,0,,,,,0.1322875655532294,False,False,Aligned,1
E296,I12,b'\xe8\x07\x00\x00\x00\x00\x00\x00',b'\x01\x00\x00\x00\x00\x00\x00\x00',4.633333333333333,4.416666666666667,0.0,1,5,2,0,,,,,0.1322875655532294,True,True,Aligned,1
E296,I12,b'\xe8\x07\x00\x00\x00\x00\x00\x00',b'\x02\x00\x00\x00\x00\x00\x00\x00',4.599999999999999,4.5,0.0,1,5,2,0,,,,,0.1322875655532294,True,True,Aligned,1
E297,I12,b'\xe8\x07\x00\x00\x00\x00\x00\x00',b'\x01\x00\x00\x00\x00\x00\x00\x00',2.533333333333333,2.8333333333333335,0.0,1,0,2,3,,,,,0.1322875655532294,False,False,Aligned,1
E297,I12,b'\xe8\x07\x00\x00\x00\x00\x00\x00',b'\x02\x00\x00\x00\x00\x00\x00\x00',2.888888888888889,3.055555555555556,0.0,1,0,2,3,,,,,0.1322875655532294,False,False,Aligned,1
E298,I12,b'\xe8\x07\x00\x00\x00\x00\x00\x00',b'\x01\x00\x00\x00\x00\x00\x00\x00',5.0,5.0,0.0,1,5,2,0,,,,,0.1322875655532294,True,True,Aligned,1
E298,I12,b'\xe8\x07\x00\x00\x00\x00\x00\x00',b'\x02\x00\x00\x00\x00\x00\x00\x00',5.0,5.0,0.0,1,5,2,0,,,,,0.1322875655532294,True,True,Aligned,1
E299,I12,b'\xe8\x07\x00\x00\x00\x00\x00\x00',b'\x01\x00\x00\x00\x00\x00\x00\x00',4.599999999999999,5.0,0.0,1,5,2,0,,,,,0.1322875655532294,True,True,Aligned,1
E299,I12,b'\xe8\x07\x00\x00\x00\x00\x00\x00',b'\x02\x00\x00\x00\x00\x00\x00\x00',4.666666666666666,5.0,0.0,1,5,2,0,,,,,0.1322875655532294,True,True,Aligned,1
E300,I12,b'\xe8\x07\x00\x00\x00\x00\x00\x00',b'\x01\x00\x00\x00\x00\x00\x00\x00',3.5999999999999996,4.0,0.0,1,5,2,0,,,,,0.1322875655532294,False,True,Anti-Aligned,0
E300,I12,b'\xe8\x07\x00\x00\x00\x00\x00\x00',b'\x02\x00\x00\x00\x00\x00\x00\x00',3.7733333333333334,4.2,0.0,1,5,2,0,,,,,0.1322875655532294,False,True,Anti-Aligned,0
E301,I12,b'\xe8\x07\x00\x00\x00\x00\x00\x00',b'\x01\x00\x00\x00\x00\x00\x00\x00',4.866666666666666,4.666666666666667,0.0,1,5,2,0,,,,,0.1322875655532294,True,True,Aligned,1
E301,I12,b'\xe8\x07\x00\x00\x00\x00\x00\x00',b'\x02\x00\x00\x00\x00\x00\x00\x00',4.8,4.5,0.0,1,5,2,0,,,,,0.1322875655532294,True,True,Aligned,1
E302,I12,b'\xe8\x07\x00\x00\x00\x00\x00\x00',b'\x01\x00\x00\x00\x00\x00\x00\x00',3.033333333333333,2.388888888888889,0.0,1,0,2,3,,,,,0.1322875655532294,False,False,Aligned,1
E302,I12,b'\xe8\x07\x00\x00\x00\x00\x00\x00',b'\x02\x00\x00\x00\x00\x00\x00\x00',3.022222222222222,2.055555555555556,0.0,1,0,2,3,,,,,0.1322875655532294,False,False,Aligned,1
E303,I12,b'\xe8\x07\x00\x00\x00\x00\x00\x00',b'\x01\x00\x00\x00\x00\x00\x00\x00',2.7,3.0,0.0,1,5,2,0,,,,,0.1322875655532294,False,False,Aligned,1
E303,I12,b'\xe8\x07\x00\x00\x00\x00\x00\x00',b'\x02\x00\x00\x00\x00\x00\x00\x00',2.7800000000000002,3.0,0.0,1,5,2,0,,,,,0.1322875655532294,False,False,Aligned,1
E304,I12,b'\xe8\x07\x00\x00\x00\x00\x00\x00',b'\x01\x00\x00\x00\x00\x00\x00\x00',4.2,4.0,0.0,1,5,2,0,,,,,0.1322875655532294,True,True,Aligned,1
E304,I12,b'\xe8\x07\x00\x00\x00\x00\x00\x00',b'\x02\x00\x00\x00\x00\x00\x00\x00',4.38,4.2,0.0,1,5,2,0,,,,,0.1322875655532294,True,True,Aligned,1
E305,I12,b'\xe8\x07\x00\x00\x00\x00\x00\x00',b'\x01\x00\x00\x00\x00\x00\x00\x00',2.3333333333333335,3.0,0.0,1,5,2,0,,,,,0.1322875655532294,False,False,Aligned,1
E305,I12,b'\xe8\x07\x00\x00\x00\x00\x00\x00',b'\x02\x00\x00\x00\x00\x00\x00\x00',2.6466666666666665,3.1999999999999997,0.0,1,5,2,0,,,,,0.1322875655532294,False,False,Aligned,1
E306,I12,b'\xe8\x07\x00\x00\x00\x00\x00\x00',b'\x01\x00\x00\x00\x00\x00\x00\x00',2.266666666666667,2.0833333333333335,0.0,1,5,2,0,,,,,0.1322875655532294,False,False,Aligned,1
E306,I12,b'\xe8\x07\x00\x00\x00\x00\x00\x00',b'\x02\x00\x00\x00\x00\x00\x00\x00',2.3666666666666667,2.3333333333333335,0.0,1,5,2,0,,,,,0.1322875655532294,False,False,Aligned,1
E307,I12,b'\xe8\x07\x00\x00\x00\x00\x00\x00',b'\x01\x00\x00\x00\x00\x00\x00\x00',4.366666666666667,4.416666666666667,0.0,1,5,2,0,,,,,0.1322875655532294,True,True,Aligned,1
E307,I12,b'\xe8\x07\x00\x00\x00\x00\x00\x00',b'\x02\x00\x00\x00\x00\x00\x00\x00',4.546666666666667,4.7,0.0,1,5,2,0,,,,,0.1322875655532294,True,True,Aligned,1
E308,I12,b'\xe8\x07\x00\x00\x00\x00\x00\x00',b'\x01\x00\x00\x00\x00\x00\x00\x00',4.933333333333334,4.916666666666667,0.0,1,5,2,0,,,,,0.1322875655532294,True,True,Aligned,1
E308,I12,b'\xe8\x07\x00\x00\x00\x00\x00\x00',b'\x02\x00\x00\x00\x00\x00\x00\x00',5.0,5.0,0.0,1,5,2,0,,,,,0.1322875655532294,True,True,Aligned,1
E309,I12,b'\xe8\x07\x00\x00\x00\x00\x00\x00',b'\x01\x00\x00\x00\x00\x00\x00\x00',1.7999999999999998,1.0,0.0,1,5,2,0,,,,,0.1322875655532294,False,False,Aligned,1
E309,I12,b'\xe8\x07\x00\x00\x00\x00\x00\x00',b'\x02\x00\x00\x00\x00\x00\x00\x00',2.1466666666666665,1.4166666666666667,0.0,1,5,2,0,,,,,0.1322875655532294,False,False,Aligned,1
E310,I12,b'\xe8\x07\x00\x00\x00\x00\x00\x00',b'\x01\x00\x00\x00\x00\x00\x00\x00',1.9000000000000001,2.5833333333333335,0.0,1,5,2,0,,,,,0.1322875655532294,False,False,Aligned,1
E310,I12,b'\xe8\x07\x00\x00\x00\x00\x00\x00',b'\x02\x00\x00\x00\x00\x00\x00\x00',1.9799999999999995,2.6666666666666665,0.0,1,5,2,0,,,,,0.1322875655532294,False,False,Aligned,1
E311,I12,b'\xe8\x07\x00\x00\x00\x00\x00\x00',b'\x01\x00\x00\x00\x00\x00\x00\x00',3.433333333333333,4.0,0.0,1,5,2,0,,,,,0.1322875655532294,False,True,Anti-Aligned,0
E311,I12,b'\xe8\x07\x00\x00\x00\x00\x00\x00',b'\x02\x00\x00\x00\x00\x00\x00\x00',3.6333333333333337,4.0,0.0,1,5,2,0,,,,,0.1322875655532294,False,True,Anti-Aligned,0
E312,I12,b'\xe8\x07\x00\x00\x00\x00\x00\x00',b'\x01\x00\x00\x00\x00\x00\x00\x00',4.066666666666666,4.5,0.0,1,5,2,0,,,,,0.1322875655532294,True,True,Aligned,1
E312,I12,b'\xe8\x07\x00\x00\x00\x00\x00\x00',b'\x02\x00\x00\x00\x00\x00\x00\x00',4.166666666666667,4.5,0.0,1,5,2,0,,,,,0.1322875655532294,True,True,Aligned,1
E313,I12,b'\xe8\x07\x00\x00\x00\x00\x00\x00',b'\x01\x00\x00\x00\x00\x00\x00\x00',2.0999999999999996,1.6666666666666667,0.0,1,5,2,0,,,,,0.1322875655532294,False,False,Aligned,1
E313,I12,b'\xe8\x07\x00\x00\x00\x00\x00\x00',b'\x02\x00\x00\x00\x00\x00\x00\x00',2.1466666666666665,1.5,0.0,1,5,2,0,,,,,0.1322875655532294,False,False,Aligned,1
E314,I12,b'\xe8\x07\x00\x00\x00\x00\x00\x00',b'\x01\x00\x00\x00\x00\x00\x00\x00',2.0,2.0,0.0,1,5,2,0,,,,,0.1322875655532294,False,False,Aligned,1
E314,I12,b'\xe8\x07\x00\x00\x00\x00\x00\x00',b'\x02\x00\x00\x00\x00\x00\x00\x00',2.18,2.033333333333333,0.0,1,5,2,0,,,,,0.1322875655532294,False,False,Aligned,1
E315,I12,b'\xe8\x07\x00\x00\x00\x00\x00\x00',b'\x01\x00\x00\x00\x00\x00\x00\x00',4.0,3.5,0.0,1,5,2,0,,,,,0.1322875655532294,True,False,Anti-Aligned,0
E315,I12,b'\xe8\x07\x00\x00\x00\x00\x00\x00',b'\x02\x00\x00\x00\x00\x00\x00\x00',4.126666666666666,3.6999999999999997,0.0,1,5,2,0,,,,,0.1322875655532294,True,False,Anti-Aligned,0
E316,I12,b'\xe8\x07\x00\x00\x00\x00\x00\x00',b'\x01\x00\x00\x00\x00\x00\x00\x00',3.2333333333333334,4.5,0.0,1,5,2,0,,,,,0.1322875655532294,False,True,Anti-Aligned,0
E316,I12,b'\xe8\x07\x00\x00\x00\x00\x00\x00',b'\x02\x00\x00\x00\x00\x00\x00\x00',3.3466666666666667,4.7,0.0,1,5,2,0,,,,,0.1322875655532294,False,True,Anti-Aligned,0
E317,I12,b'\xe8\x07\x00\x00\x00\x00\x00\x00',b'\x01\x00\x00\x00\x00\x00\x00\x00',3.533333333333333,4.555555555555555,0.0,1,0,2,3,,,,,0.1322875655532294,False,True,Anti-Aligned,0
E317,I12,b'\xe8\x07\x00\x00\x00\x00\x00\x00',b'\x02\x00\x00\x00\x00\x00\x00\x00',3.644444444444444,4.611111111111112,0.0,1,0,2,3,,,,,0.1322875655532294,False,True,Anti-Aligned,0
E318,I12,b'\xe8\x07\x00\x00\x00\x00\x00\x00',b'\x01\x00\x00\x00\x00\x00\x00\x00',4.0,3.6111111111111107,0.0,1,0,2,3,,,,,0.1322875655532294,True,False,Anti-Aligned,0
E318,I12,b'\xe8\x07\x00\x00\x00\x00\x00\x00',b'\x02\x00\x00\x00\x00\x00\x00\x00',4.166666666666667,4.027777777777778,0.0,1,0,2,3,,,,,0.1322875655532294,True,True,Aligned,1
E319,I12,b'\xe8\x07\x00\x00\x00\x00\x00\x00',b'\x01\x00\x00\x00\x00\x00\x00\x00',4.433333333333334,4.083333333333333,0.0,1,5,2,0,,,,,0.1322875655532294,True,True,Aligned,1
E319,I12,b'\xe8\x07\x00\x00\x00\x00\x00\x00',b'\x02\x00\x00\x00\x00\x00\x00\x00',4.493333333333334,4.2,0.0,1,5,2,0,,,,,0.1322875655532294,True,True,Aligned,1
E320,I12,b'\xe8\x07\x00\x00\x00\x00\x00\x00',b'\x01\x00\x00\x00\x00\x00\x00\x00',3.1333333333333337,4.916666666666667,0.0,1,5,2,0,,,,,0.1322875655532294,False,True,Anti-Aligned,0
E320,I12,b'\xe8\x07\x00\x00\x00\x00\x00\x00',b'\x02\x00\x00\x00\x00\x00\x00\x00',3.4333333333333336,5.0,0.0,1,5,2,0,,,,,0.1322875655532294,False,True,Anti-Aligned,0
E321,I12,b'\xe8\x07\x00\x00\x00\x00\x00\x00',b'\x01\x00\x00\x00\x00\x00\x00\x00',3.5999999999999996,3.5,0.0,1,5,2,0,,,,,0.1322875655532294,False,False,Aligned,1
E321,I12,b'\xe8\x07\x00\x00\x00\x00\x00\x00',b'\x02\x00\x00\x00\x00\x00\x00\x00',3.6666666666666665,3.6666666666666665,0.0,1,5,2,0,,,,,0.1322875655532294,False,False,Aligned,1
E322,I12,b'\xe8\x07\x00\x00\x00\x00\x00\x00',b'\x01\x00\x00\x00\x00\x00\x00\x00',2.8333333333333335,2.9166666666666665,0.0,1,5,2,0,,,,,0.1322875655532294,False,False,Aligned,1
E322,I12,b'\xe8\x07\x00\x00\x00\x00\x00\x00',b'\x02\x00\x00\x00\x00\x00\x00\x00',2.9999999999999996,3.1666666666666665,0.0,1,5,2,0,,,,,0.1322875655532294,False,False,Aligned,1
E323,I12,b'\xe8\x07\x00\x00\x00\x00\x00\x00',b'\x01\x00\x00\x00\x00\x00\x00\x00',3.266666666666667,3.5,0.0,1,5,2,0,,,,,0.1322875655532294,False,False,Aligned,1
E323,I12,b'\xe8\x07\x00\x00\x00\x00\x00\x00',b'\x02\x00\x00\x00\x00\x00\x00\x00',3.466666666666667,3.9166666666666665,0.0,1,5,2,0,,,,,0.1322875655532294,False,True,Anti-Aligned,0
E324,I12,b'\xe8\x07\x00\x00\x00\x00\x00\x00',b'\x01\x00\x00\x00\x00\x00\x00\x00',4.533333333333333,4.833333333333333,0.0,1,5,2,0,,,,,0.1322875655532294,True,True,Aligned,1
E324,I12,b'\xe8\x07\x00\x00\x00\x00\x00\x00',b'\x02\x00\x00\x00\x00\x00\x00\x00',4.599999999999999,5.0,0.0,1,5,2,0,,,,,0.1322875655532294,True,True,Aligned,1
E325,I12,b'\xe8\x07\x00\x00\x00\x00\x00\x00',b'\x01\x00\x00\x00\x00\x00\x00\x00',4.833333333333333,5.0,0.0,1,5,2,0,,,,,0.1322875655532294,True,True,Aligned,1
E325,I12,b'\xe8\x07\x00\x00\x00\x00\x00\x00',b'\x02\x00\x00\x00\x00\x00\x00\x00',4.8,5.0,0.0,1,5,2,0,,,,,0.1322875655532294,True,True,Aligned,1
E326,I12,b'\xe8\x07\x00\x00\x00\x00\x00\x00',b'\x01\x00\x00\x00\x00\x00\x00\x00',4.566666666666666,5.0,0.0,1,5,2,0,,,,,0.1322875655532294,True,True,Aligned,1
E326,I12,b'\xe8\x07\x00\x00\x00\x00\x00\x00',b'\x02\x00\x00\x00\x00\x00\x00\x00',4.633333333333333,5.0,0.0,1,5,2,0,,,,,0.1322875655532294,True,True,Aligned,1
E327,I12,b'\xe8\x07\x00\x00\x00\x00\x00\x00',b'\x01\x00\x00\x00\x00\x00\x00\x00',3.0,3.5,0.0,1,5,2,0,,,,,0.1322875655532294,False,False,Aligned,1
E327,I12,b'\xe8\x07\x00\x00\x00\x00\x00\x00',b'\x02\x00\x00\x00\x00\x00\x00\x00',3.1599999999999997,3.5,0.0,1,5,2,0,,,,,0.1322875655532294,False,False,Aligned,1
E328,I12,b'\xe8\x07\x00\x00\x00\x00\x00\x00',b'\x01\x00\x00\x00\x00\x00\x00\x00',2.466666666666667,1.5,0.0,1,5,2,0,,,,,0.1322875655532294,False,False,Aligned,1
E328,I12,b'\xe8\x07\x00\x00\x00\x00\x00\x00',b'\x02\x00\x00\x00\x00\x00\x00\x00',2.7,1.7833333333333332,0.0,1,5,2,0,,,,,0.1322875655532294,False,False,Aligned,1
E329,I13,b'\xe8\x07\x00\x00\x00\x00\x00\x00',b'\x01\x00\x00\x00\x00\x00\x00\x00',4.833333333333333,5.0,0.0,1,0,2,3,,,,,0.09797958971132721,True,True,Aligned,1
E329,I13,b'\xe8\x07\x00\x00\x00\x00\x00\x00',b'\x02\x00\x00\x00\x00\x00\x00\x00',4.933333333333334,5.0,0.0,1,0,2,3,,,,,0.09797958971132721,True,True,Aligned,1
E330,I13,b'\xe8\x07\x00\x00\x00\x00\x00\x00',b'\x01\x00\x00\x00\x00\x00\x00\x00',3.6666666666666665,4.0,0.0,1,2,2,0,,,,,0.09797958971132721,False,True,Anti-Aligned,0
E330,I13,b'\xe8\x07\x00\x00\x00\x00\x00\x00',b'\x02\x00\x00\x00\x00\x00\x00\x00',3.7666666666666666,4.083333333333333,0.0,1,2,2,0,,,,,0.09797958971132721,False,True,Anti-Aligned,0
E331,I13,b'\xe8\x07\x00\x00\x00\x00\x00\x00',b'\x01\x00\x00\x00\x00\x00\x00\x00',4.033333333333334,3.4166666666666665,0.0,1,2,2,0,,,,,0.09797958971132721,True,False,Anti-Aligned,0
E331,I13,b'\xe8\x07\x00\x00\x00\x00\x00\x00',b'\x02\x00\x00\x00\x00\x00\x00\x00',4.066666666666666,3.6666666666666665,0.0,1,2,2,0,,,,,0.09797958971132721,True,False,Anti-Aligned,0
E332,I13,b'\xe8\x07\x00\x00\x00\x00\x00\x00',b'\x01\x00\x00\x00\x00\x00\x00\x00',2.1555555555555554,1.7222222222222223,0.0,1,0,2,3,,,,,0.09797958971132721,False,False,Aligned,1
E332,I13,b'\xe8\x07\x00\x00\x00\x00\x00\x00',b'\x02\x00\x00\x00\x00\x00\x00\x00',2.511111111111111,2.0,0.0,1,0,2,3,,,,,0.09797958971132721,False,False,Aligned,1
E333,I13,b'\xe8\x07\x00\x00\x00\x00\x00\x00',b'\x01\x00\x00\x00\x00\x00\x00\x00',4.533333333333333,5.0,0.0,1,2,2,0,,,,,0.09797958971132721,True,True,Aligned,1
E333,I13,b'\xe8\x07\x00\x00\x00\x00\x00\x00',b'\x02\x00\x00\x00\x00\x00\x00\x00',4.766666666666667,5.0,0.0,1,2,2,0,,,,,0.09797958971132721,True,True,Aligned,1
E334,I13,b'\xe8\x07\x00\x00\x00\x00\x00\x00',b'\x01\x00\x00\x00\x00\x00\x00\x00',4.8,5.0,0.0,1,2,2,0,,,,,0.09797958971132721,True,True,Aligned,1
E334,I13,b'\xe8\x07\x00\x00\x00\x00\x00\x00',b'\x02\x00\x00\x00\x00\x00\x00\x00',4.8,5.0,0.0,1,2,2,0,,,,,0.09797958971132721,True,True,Aligned,1
E335,I13,b'\xe8\x07\x00\x00\x00\x00\x00\x00',b'\x01\x00\x00\x00\x00\x00\x00\x00',3.966666666666667,4.416666666666667,0.0,1,2,2,0,,,,,0.09797958971132721,True,True,Aligned,1
E335,I13,b'\xe8\x07\x00\x00\x00\x00\x00\x00',b'\x02\x00\x00\x00\x00\x00\x00\x00',4.166666666666667,4.666666666666667,0.0,1,2,2,0,,,,,0.09797958971132721,True,True,Aligned,1
E336,I13,b'\xe8\x07\x00\x00\x00\x00\x00\x00',b'\x01\x00\x00\x00\x00\x00\x00\x00',4.6,5.0,0.0,1,2,2,0,,,,,0.09797958971132721,True,True,Aligned,1
E336,I13,b'\xe8\x07\x00\x00\x00\x00\x00\x00',b'\x02\x00\x00\x00\x00\x00\x00\x00',4.766666666666667,5.0,0.0,1,2,2,0,,,,,0.09797958971132721,True,True,Aligned,1
E337,I13,b'\xe8\x07\x00\x00\x00\x00\x00\x00',b'\x01\x00\x00\x00\x00\x00\x00\x00',4.599999999999999,4.5,0.0,1,2,2,0,,,,,0.09797958971132721,True,True,Aligned,1
E337,I13,b'\xe8\x07\x00\x00\x00\x00\x00\x00',b'\x02\x00\x00\x00\x00\x00\x00\x00',4.666666666666667,4.5,0.0,1,2,2,0,,,,,0.09797958971132721,True,True,Aligned,1
E338,I13,b'\xe8\x07\x00\x00\x00\x00\x00\x00',b'\x01\x00\x00\x00\x00\x00\x00\x00',3.3666666666666663,3.0,0.0,1,2,2,0,,,,,0.09797958971132721,False,False,Aligned,1
E338,I13,b'\xe8\x07\x00\x00\x00\x00\x00\x00',b'\x02\x00\x00\x00\x00\x00\x00\x00',3.6333333333333337,3.1666666666666665,0.0,1,2,2,0,,,,,0.09797958971132721,False,False,Aligned,1
E339,I13,b'\xe8\x07\x00\x00\x00\x00\x00\x00',b'\x01\x00\x00\x00\x00\x00\x00\x00',4.566666666666666,5.0,0.0,1,2,2,0,,,,,0.09797958971132721,True,True,Aligned,1
E339,I13,b'\xe8\x07\x00\x00\x00\x00\x00\x00',b'\x02\x00\x00\x00\x00\x00\x00\x00',4.599999999999999,5.0,0.0,1,2,2,0,,,,,0.09797958971132721,True,True,Aligned,1
E340,I13,b'\xe8\x07\x00\x00\x00\x00\x00\x00',b'\x01\x00\x00\x00\x00\x00\x00\x00',4.166666666666667,3.9166666666666665,0.0,1,2,2,0,,,,,0.09797958971132721,True,True,Aligned,1
E340,I13,b'\xe8\x07\x00\x00\x00\x00\x00\x00',b'\x02\x00\x00\x00\x00\x00\x00\x00',4.366666666666666,4.25,0.0,1,2,2,0,,,,,0.09797958971132721,True,True,Aligned,1
E341,I13,b'\xe8\x07\x00\x00\x00\x00\x00\x00',b'\x01\x00\x00\x00\x00\x00\x00\x00',4.8,4.5,0.0,1,2,2,0,,,,,0.09797958971132721,True,True,Aligned,1
E341,I13,b'\xe8\x07\x00\x00\x00\x00\x00\x00',b'\x02\x00\x00\x00\x00\x00\x00\x00',4.8,4.5,0.0,1,2,2,0,,,,,0.09797958971132721,True,True,Aligned,1
E342,I13,b'\xe8\x07\x00\x00\x00\x00\x00\x00',b'\x01\x00\x00\x00\x00\x00\x00\x00',4.766666666666667,4.916666666666667,0.0,1,2,2,0,,,,,0.09797958971132721,True,True,Aligned,1
E342,I13,b'\xe8\x07\x00\x00\x00\x00\x00\x00',b'\x02\x00\x00\x00\x00\x00\x00\x00',4.9,5.0,0.0,1,2,2,0,,,,,0.09797958971132721,True,True,Aligned,1
E343,I13,b'\xe8\x07\x00\x00\x00\x00\x00\x00',b'\x01\x00\x00\x00\x00\x00\x00\x00',3.6999999999999997,4.527777777777778,0.0,1,0,2,3,,,,,0.09797958971132721,False,True,Anti-Aligned,0
E343,I13,b'\xe8\x07\x00\x00\x00\x00\x00\x00',b'\x02\x00\x00\x00\x00\x00\x00\x00',3.8444444444444446,4.861111111111112,0.0,1,0,2,3,,,,,0.09797958971132721,True,True,Aligned,1
E344,I13,b'\xe8\x07\x00\x00\x00\x00\x00\x00',b'\x01\x00\x00\x00\x00\x00\x00\x00',4.7333333333333325,4.333333333333333,0.0,1,2,2,0,,,,,0.09797958971132721,True,True,Aligned,1
E344,I13,b'\xe8\x07\x00\x00\x00\x00\x00\x00',b'\x02\x00\x00\x00\x00\x00\x00\x00',4.9,4.75,0.0,1,2,2,0,,,,,0.09797958971132721,True,True,Aligned,1
E345,I13,b'\xe8\x07\x00\x00\x00\x00\x00\x00',b'\x01\x00\x00\x00\x00\x00\x00\x00',3.7999999999999994,3.5,0.0,1,2,2,0,,,,,0.09797958971132721,True,False,Anti-Aligned,0
E345,I13,b'\xe8\x07\x00\x00\x00\x00\x00\x00',b'\x02\x00\x00\x00\x00\x00\x00\x00',4.066666666666667,3.9166666666666665,0.0,1,2,2,0,,,,,0.09797958971132721,True,True,Aligned,1
E346,I13,b'\xe8\x07\x00\x00\x00\x00\x00\x00',b'\x01\x00\x00\x00\x00\x00\x00\x00',3.4,3.5,0.0,1,2,2,0,,,,,0.09797958971132721,False,False,Aligned,1
E346,I13,b'\xe8\x07\x00\x00\x00\x00\x00\x00',b'\x02\x00\x00\x00\x00\x00\x00\x00',3.6999999999999997,3.9166666666666665,0.0,1,2,2,0,,,,,0.09797958971132721,False,True,Anti-Aligned,0
E347,I13,b'\xe8\x07\x00\x00\x00\x00\x00\x00',b'\x01\x00\x00\x00\x00\x00\x00\x00',1.9333333333333331,1.6666666666666667,0.0,1,2,2,0,,,,,0.09797958971132721,False,False,Aligned,1
E347,I13,b'\xe8\x07\x00\x00\x00\x00\x00\x00',b'\x02\x00\x00\x00\x00\x00\x00\x00',1.9333333333333331,1.8333333333333333,0.0,1,2,2,0,,,,,0.09797958971132721,False,False,Aligned,1
E348,I13,b'\xe8\x07\x00\x00\x00\x00\x00\x00',b'\x01\x00\x00\x00\x00\x00\x00\x00',4.400000000000001,4.5,0.0,1,2,2,0,,,,,0.09797958971132721,True,True,Aligned,1
E348,I13,b'\xe8\x07\x00\x00\x00\x00\x00\x00',b'\x02\x00\x00\x00\x00\x00\x00\x00',4.466666666666667,4.666666666666667,0.0,1,2,2,0,,,,,0.09797958971132721,True,True,Aligned,1
E349,I13,b'\xe8\x07\x00\x00\x00\x00\x00\x00',b'\x01\x00\x00\x00\x00\x00\x00\x00',4.366666666666667,4.416666666666667,0.0,1,2,2,0,,,,,0.09797958971132721,True,True,Aligned,1
E349,I13,b'\xe8\x07\x00\x00\x00\x00\x00\x00',b'\x02\x00\x00\x00\x00\x00\x00\x00',4.533333333333334,4.5,0.0,1,2,2,0,,,,,0.09797958971132721,True,True,Aligned,1
E350,I13,b'\xe8\x07\x00\x00\x00\x00\x00\x00',b'\x01\x00\x00\x00\x00\x00\x00\x00',2.966666666666667,3.0,0.0,1,2,2,0,,,,,0.09797958971132721,False,False,Aligned,1
E350,I13,b'\xe8\x07\x00\x00\x00\x00\x00\x00',b'\x02\x00\x00\x00\x00\x00\x00\x00',3.033333333333333,3.0833333333333335,0.0,1,2,2,0,,,,,0.09797958971132721,False,False,Aligned,1
E351,I13,b'\xe8\x07\x00\x00\x00\x00\x00\x00',b'\x01\x00\x00\x00\x00\x00\x00\x00',4.333333333333334,4.0,0.0,1,2,2,0,,,,,0.09797958971132721,True,True,Aligned,1
E351,I13,b'\xe8\x07\x00\x00\x00\x00\x00\x00',b'\x02\x00\x00\x00\x00\x00\x00\x00',4.6,4.25,0.0,1,2,2,0,,,,,0.09797958971132721,True,True,Aligned,1
E352,I13,b'\xe8\x07\x00\x00\x00\x00\x00\x00',b'\x01\x00\x00\x00\x00\x00\x00\x00',4.766666666666667,4.916666666666667,0.0,1,2,2,0,,,,,0.09797958971132721,True,True,Aligned,1
E352,I13,b'\xe8\x07\x00\x00\x00\x00\x00\x00',b'\x02\x00\x00\x00\x00\x00\x00\x00',4.9,5.0,0.0,1,2,2,0,,,,,0.09797958971132721,True,True,Aligned,1
E353,I13,b'\xe8\x07\x00\x00\x00\x00\x00\x00',b'\x01\x00\x00\x00\x00\x00\x00\x00',2.5666666666666664,2.0,0.0,1,2,2,0,,,,,0.09797958971132721,False,False,Aligned,1
E353,I13,b'\xe8\x07\x00\x00\x00\x00\x00\x00',b'\x02\x00\x00\x00\x00\x00\x00\x00',2.833333333333334,2.1666666666666665,0.0,1,2,2,0,,,,,0.09797958971132721,False,False,Aligned,1
E354,I13,b'\xe8\x07\x00\x00\x00\x00\x00\x00',b'\x01\x00\x00\x00\x00\x00\x00\x00',3.6666666666666665,3.1666666666666665,0.0,1,2,2,0,,,,,0.09797958971132721,False,False,Aligned,1
E354,I13,b'\xe8\x07\x00\x00\x00\x00\x00\x00',b'\x02\x00\x00\x00\x00\x00\x00\x00',3.933333333333333,3.4166666666666665,0.0,1,2,2,0,,,,,0.09797958971132721,True,False,Anti-Aligned,0
E355,I13,b'\xe8\x07\x00\x00\x00\x00\x00\x00',b'\x01\x00\x00\x00\x00\x00\x00\x00',2.166666666666667,1.9166666666666667,0.0,1,2,2,0,,,,,0.09797958971132721,False,False,Aligned,1
E355,I13,b'\xe8\x07\x00\x00\x00\x00\x00\x00',b'\x02\x00\x00\x00\x00\x00\x00\x00',2.5,2.25,0.0,1,2,2,0,,,,,0.09797958971132721,False,False,Aligned,1
E356,I13,b'\xe8\x07\x00\x00\x00\x00\x00\x00',b'\x01\x00\x00\x00\x00\x00\x00\x00',5.0,5.0,0.0,1,0,2,3,,,,,0.09797958971132721,True,True,Aligned,1
E356,I13,b'\xe8\x07\x00\x00\x00\x00\x00\x00',b'\x02\x00\x00\x00\x00\x00\x00\x00',5.0,5.0,0.0,1,0,2,3,,,,,0.09797958971132721,True,True,Aligned,1
E357,I13,b'\xe8\x07\x00\x00\x00\x00\x00\x00',b'\x01\x00\x00\x00\x00\x00\x00\x00',4.6,4.416666666666667,0.0,1,2,2,0,,,,,0.09797958971132721,True,True,Aligned,1
E357,I13,b'\xe8\x07\x00\x00\x00\x00\x00\x00',b'\x02\x00\x00\x00\x00\x00\x00\x00',4.599999999999999,4.5,0.0,1,2,2,0,,,,,0.09797958971132721,True,True,Aligned,1
E358,I13,b'\xe8\x07\x00\x00\x00\x00\x00\x00',b'\x01\x00\x00\x00\x00\x00\x00\x00',2.966666666666667,2.5,0.0,1,2,2,0,,,,,0.09797958971132721,False,False,Aligned,1
E358,I13,b'\xe8\x07\x00\x00\x00\x00\x00\x00',b'\x02\x00\x00\x00\x00\x00\x00\x00',3.2,2.75,0.0,1,2,2,0,,,,,0.09797958971132721,False,False,Aligned,1
E359,I13,b'\xe8\x07\x00\x00\x00\x00\x00\x00',b'\x01\x00\x00\x00\x00\x00\x00\x00',2.433333333333333,2.6666666666666665,0.0,1,2,2,0,,,,,0.09797958971132721,False,False,Aligned,1
E359,I13,b'\xe8\x07\x00\x00\x00\x00\x00\x00',b'\x02\x00\x00\x00\x00\x00\x00\x00',2.5999999999999996,2.6666666666666665,0.0,1,2,2,0,,,,,0.09797958971132721,False,False,Aligned,1
E360,I13,b'\xe8\x07\x00\x00\x00\x00\x00\x00',b'\x01\x00\x00\x00\x00\x00\x00\x00',2.533333333333333,1.6666666666666667,0.0,1,2,2,0,,,,,0.09797958971132721,False,False,Aligned,1
E360,I13,b'\xe8\x07\x00\x00\x00\x00\x00\x00',b'\x02\x00\x00\x00\x00\x00\x00\x00',2.6666666666666665,1.75,0.0,1,2,2,0,,,,,0.09797958971132721,False,False,Aligned,1
E361,I13,b'\xe8\x07\x00\x00\x00\x00\x00\x00',b'\x01\x00\x00\x00\x00\x00\x00\x00',3.8666666666666663,3.5,0.0,1,2,2,0,,,,,0.09797958971132721,True,False,Anti-Aligned,0
E361,I13,b'\xe8\x07\x00\x00\x00\x00\x00\x00',b'\x02\x00\x00\x00\x00\x00\x00\x00',4.0,3.75,0.0,1,2,2,0,,,,,0.09797958971132721,True,False,Anti-Aligned,0
E362,I13,b'\xe8\x07\x00\x00\x00\x00\x00\x00',b'\x01\x00\x00\x00\x00\x00\x00\x00',3.433333333333333,3.6666666666666665,0.0,1,2,2,0,,,,,0.09797958971132721,False,False,Aligned,1
E362,I13,b'\xe8\x07\x00\x00\x00\x00\x00\x00',b'\x02\x00\x00\x00\x00\x00\x00\x00',3.5999999999999996,3.8333333333333335,0.0,1,2,2,0,,,,,0.09797958971132721,False,True,Anti-Aligned,0
E363,I13,b'\xe8\x07\x00\x00\x00\x00\x00\x00',b'\x01\x00\x00\x00\x00\x00\x00\x00',2.8666666666666663,2.0,0.0,1,2,2,0,,,,,0.09797958971132721,False,False,Aligned,1
E363,I13,b'\xe8\x07\x00\x00\x00\x00\x00\x00',b'\x02\x00\x00\x00\x00\x00\x00\x00',2.966666666666667,2.25,0.0,1,2,2,0,,,,,0.09797958971132721,False,False,Aligned,1
E364,I13,b'\xe8\x07\x00\x00\x00\x00\x00\x00',b'\x01\x00\x00\x00\x00\x00\x00\x00',4.466666666666667,4.5,0.0,1,2,2,0,,,,,0.09797958971132721,True,True,Aligned,1
E364,I13,b'\xe8\x07\x00\x00\x00\x00\x00\x00',b'\x02\x00\x00\x00\x00\x00\x00\x00',4.533333333333333,4.583333333333333,0.0,1,2,2,0,,,,,0.09797958971132721,True,True,Aligned,1
E365,I13,b'\xe8\x07\x00\x00\x00\x00\x00\x00',b'\x01\x00\x00\x00\x00\x00\x00\x00',3.0777777777777775,3.694444444444444,0.0,1,0,2,3,,,,,0.09797958971132721,False,False,Aligned,1
E365,I13,b'\xe8\x07\x00\x00\x00\x00\x00\x00',b'\x02\x00\x00\x00\x00\x00\x00\x00',3.3333333333333335,3.7777777777777772,0.0,1,0,2,3,,,,,0.09797958971132721,False,False,Aligned,1
E366,I13,b'\xe8\x07\x00\x00\x00\x00\x00\x00',b'\x01\x00\x00\x00\x00\x00\x00\x00',4.599999999999999,5.0,0.0,1,2,2,0,,,,,0.09797958971132721,True,True,Aligned,1
E366,I13,b'\xe8\x07\x00\x00\x00\x00\x00\x00',b'\x02\x00\x00\x00\x00\x00\x00\x00',4.599999999999999,5.0,0.0,1,2,2,0,,,,,0.09797958971132721,True,True,Aligned,1
E367,I13,b'\xe8\x07\x00\x00\x00\x00\x00\x00',b'\x01\x00\x00\x00\x00\x00\x00\x00',2.8000000000000003,2.1666666666666665,0.0,1,2,2,0,,,,,0.09797958971132721,False,False,Aligned,1
E367,I13,b'\xe8\x07\x00\x00\x00\x00\x00\x00',b'\x02\x00\x00\x00\x00\x00\x00\x00',2.6666666666666665,2.0,0.0,1,2,2,0,,,,,0.09797958971132721,False,False,Aligned,1
E368,I13,b'\xe8\x07\x00\x00\x00\x00\x00\x00',b'\x01\x00\x00\x00\x00\x00\x00\x00',2.333333333333334,2.6666666666666665,0.0,1,2,2,0,,,,,0.09797958971132721,False,False,Aligned,1
E368,I13,b'\xe8\x07\x00\x00\x00\x00\x00\x00',b'\x02\x00\x00\x00\x00\x00\x00\x00',2.5666666666666664,2.8333333333333335,0.0,1,2,2,0,,,,,0.09797958971132721,False,False,Aligned,1
E369,I13,b'\xe8\x07\x00\x00\x00\x00\x00\x00',b'\x01\x00\x00\x00\x00\x00\x00\x00',3.7666666666666666,5.0,0.0,1,2,2,0,,,,,0.09797958971132721,False,True,Anti-Aligned,0
E369,I13,b'\xe8\x07\x00\x00\x00\x00\x00\x00',b'\x02\x00\x00\x00\x00\x00\x00\x00',3.966666666666667,5.0,0.0,1,2,2,0,,,,,0.09797958971132721,True,True,Aligned,1
E370,I13,b'\xe8\x07\x00\x00\x00\x00\x00\x00',b'\x01\x00\x00\x00\x00\x00\x00\x00',4.133333333333333,4.277777777777778,0.0,1,0,2,3,,,,,0.09797958971132721,True,True,Aligned,1
E370,I13,b'\xe8\x07\x00\x00\x00\x00\x00\x00',b'\x02\x00\x00\x00\x00\x00\x00\x00',4.377777777777777,4.333333333333333,0.0,1,0,2,3,,,,,0.09797958971132721,True,True,Aligned,1
E371,I13,b'\xe8\x07\x00\x00\x00\x00\x00\x00',b'\x01\x00\x00\x00\x00\x00\x00\x00',3.7999999999999994,5.0,0.0,1,2,2,0,,,,,0.09797958971132721,True,True,Aligned,1
E371,I13,b'\xe8\x07\x00\x00\x00\x00\x00\x00',b'\x02\x00\x00\x00\x00\x00\x00\x00',3.866666666666667,5.0,0.0,1,2,2,0,,,,,0.09797958971132721,True,True,Aligned,1
E372,I13,b'\xe8\x07\x00\x00\x00\x00\x00\x00',b'\x01\x00\x00\x00\x00\x00\x00\x00',2.8666666666666663,2.5,0.0,1,2,2,0,,,,,0.09797958971132721,False,False,Aligned,1
E372,I13,b'\xe8\x07\x00\x00\x00\x00\x00\x00',b'\x02\x00\x00\x00\x00\x00\x00\x00',2.9999999999999996,2.8333333333333335,0.0,1,2,2,0,,,,,0.09797958971132721,False,False,Aligned,1
E373,I13,b'\xe8\x07\x00\x00\x00\x00\x00\x00',b'\x01\x00\x00\x00\x00\x00\x00\x00',2.8666666666666663,4.166666666666667,0.0,1,2,2,0,,,,,0.09797958971132721,False,True,Anti-Aligned,0
E373,I13,b'\xe8\x07\x00\x00\x00\x00\x00\x00',b'\x02\x00\x00\x00\x00\x00\x00\x00',3.033333333333333,4.083333333333333,0.0,1,2,2,0,,,,,0.09797958971132721,False,True,Anti-Aligned,0
E374,I13,b'\xe8\x07\x00\x00\x00\x00\x00\x00',b'\x01\x00\x00\x00\x00\x00\x00\x00',2.2333333333333334,2.0,0.0,1,2,2,0,,,,,0.09797958971132721,False,False,Aligned,1
E374,I13,b'\xe8\x07\x00\x00\x00\x00\x00\x00',b'\x02\x00\x00\x00\x00\x00\x00\x00',2.466666666666667,2.4166666666666665,0.0,1,2,2,0,,,,,0.09797958971132721,False,False,Aligned,1
E375,I13,b'\xe8\x07\x00\x00\x00\x00\x00\x00',b'\x01\x00\x00\x00\x00\x00\x00\x00',2.6,2.5,0.0,1,2,2,0,,,,,0.09797958971132721,False,False,Aligned,1
E375,I13,b'\xe8\x07\x00\x00\x00\x00\x00\x00',b'\x02\x00\x00\x00\x00\x00\x00\x00',2.9000000000000004,2.8333333333333335,0.0,1,2,2,0,,,,,0.09797958971132721,False,False,Aligned,1
E376,I13,b'\xe8\x07\x00\x00\x00\x00\x00\x00',b'\x01\x00\x00\x00\x00\x00\x00\x00',3.2000000000000006,4.0,0.0,1,2,2,0,,,,,0.09797958971132721,False,True,Anti-Aligned,0
E376,I13,b'\xe8\x07\x00\x00\x00\x00\x00\x00',b'\x02\x00\x00\x00\x00\x00\x00\x00',3.433333333333333,4.166666666666667,0.0,1,2,2,0,,,,,0.09797958971132721,False,True,Anti-Aligned,0
E377,I14,b'\xe8\x07\x00\x00\x00\x00\x00\x00',b'\x01\x00\x00\x00\x00\x00\x00\x00',4.0,4.416666666666667,0.0,1,3,2,0,,,,,0.1527525231651946,True,True,Aligned,1
E377,I14,b'\xe8\x07\x00\x00\x00\x00\x00\x00',b'\x02\x00\x00\x00\x00\x00\x00\x00',4.2,4.666666666666667,0.0,1,3,2,0,,,,,0.1527525231651946,True,True,Aligned,1
E378,I14,b'\xe8\x07\x00\x00\x00\x00\x00\x00',b'\x01\x00\x00\x00\x00\x00\x00\x00',2.7999999999999994,3.0,0.0,1,1,2,0,,,,,0.1527525231651946,False,False,Aligned,1
E378,I14,b'\xe8\x07\x00\x00\x00\x00\x00\x00',b'\x02\x00\x00\x00\x00\x00\x00\x00',2.9999999999999996,3.1666666666666665,0.0,1,1,2,0,,,,,0.1527525231651946,False,False,Aligned,1
E379,I14,b'\xe8\x07\x00\x00\x00\x00\x00\x00',b'\x01\x00\x00\x00\x00\x00\x00\x00',4.3,4.083333333333333,0.0,1,3,2,0,,,,,0.1527525231651946,True,True,Aligned,1
E379,I14,b'\xe8\x07\x00\x00\x00\x00\x00\x00',b'\x02\x00\x00\x00\x00\x00\x00\x00',4.4222222222222225,4.416666666666667,0.0,1,3,2,0,,,,,0.1527525231651946,True,True,Aligned,1
E380,I14,b'\xe8\x07\x00\x00\x00\x00\x00\x00',b'\x01\x00\x00\x00\x00\x00\x00\x00',3.0222222222222217,2.5555555555555554,0.0,1,0,2,3,,,,,0.1527525231651946,False,False,Aligned,1
E380,I14,b'\xe8\x07\x00\x00\x00\x00\x00\x00',b'\x02\x00\x00\x00\x00\x00\x00\x00',3.1666666666666665,2.75,0.0,1,0,2,3,,,,,0.1527525231651946,False,False,Aligned,1
E381,I14,b'\xe8\x07\x00\x00\x00\x00\x00\x00',b'\x01\x00\x00\x00\x00\x00\x00\x00',4.066666666666666,4.0,0.0,1,1,2,0,,,,,0.1527525231651946,True,True,Aligned,1
E381,I14,b'\xe8\x07\x00\x00\x00\x00\x00\x00',b'\x02\x00\x00\x00\x00\x00\x00\x00',4.133333333333334,4.166666666666667,0.0,1,1,2,0,,,,,0.1527525231651946,True,True,Aligned,1
E382,I14,b'\xe8\x07\x00\x00\x00\x00\x00\x00',b'\x01\x00\x00\x00\x00\x00\x00\x00',4.966666666666667,4.916666666666667,0.0,1,0,2,3,,,,,0.1527525231651946,True,True,Aligned,1
E382,I14,b'\xe8\x07\x00\x00\x00\x00\x00\x00',b'\x02\x00\x00\x00\x00\x00\x00\x00',5.0,5.0,0.0,1,0,2,3,,,,,0.1527525231651946,True,True,Aligned,1
E383,I14,b'\xe8\x07\x00\x00\x00\x00\x00\x00',b'\x01\x00\x00\x00\x00\x00\x00\x00',3.7333333333333334,5.0,0.0,1,3,2,0,,,,,0.1527525231651946,False,True,Anti-Aligned,0
E383,I14,b'\xe8\x07\x00\x00\x00\x00\x00\x00',b'\x02\x00\x00\x00\x00\x00\x00\x00',3.6333333333333337,5.0,0.0,1,3,2,0,,,,,0.1527525231651946,False,True,Anti-Aligned,0
E384,I14,b'\xe8\x07\x00\x00\x00\x00\x00\x00',b'\x01\x00\x00\x00\x00\x00\x00\x00',4.933333333333334,5.0,0.0,1,1,2,0,,,,,0.1527525231651946,True,True,Aligned,1
E384,I14,b'\xe8\x07\x00\x00\x00\x00\x00\x00',b'\x02\x00\x00\x00\x00\x00\x00\x00',5.0,5.0,0.0,1,1,2,0,,,,,0.1527525231651946,True,True,Aligned,1
E385,I14,b'\xe8\x07\x00\x00\x00\x00\x00\x00',b'\x01\x00\x00\x00\x00\x00\x00\x00',2.5444444444444443,2.0,0.0,1,0,2,3,,,,,0.1527525231651946,False,False,Aligned,1
E385,I14,b'\xe8\x07\x00\x00\x00\x00\x00\x00',b'\x02\x00\x00\x00\x00\x00\x00\x00',2.7333333333333334,2.5,0.0,1,0,2,3,,,,,0.1527525231651946,False,False,Aligned,1
E386,I14,b'\xe8\x07\x00\x00\x00\x00\x00\x00',b'\x01\x00\x00\x00\x00\x00\x00\x00',3.8666666666666663,3.5,0.0,1,3,2,0,,,,,0.1527525231651946,True,False,Anti-Aligned,0
E386,I14,b'\xe8\x07\x00\x00\x00\x00\x00\x00',b'\x02\x00\x00\x00\x00\x00\x00\x00',4.0,3.8333333333333335,0.0,1,3,2,0,,,,,0.1527525231651946,True,True,Aligned,1
E387,I14,b'\xe8\x07\x00\x00\x00\x00\x00\x00',b'\x01\x00\x00\x00\x00\x00\x00\x00',4.311111111111111,4.222222222222222,0.0,1,0,2,3,,,,,0.1527525231651946,True,True,Aligned,1
E387,I14,b'\xe8\x07\x00\x00\x00\x00\x00\x00',b'\x02\x00\x00\x00\x00\x00\x00\x00',4.466666666666667,4.333333333333333,0.0,1,0,2,3,,,,,0.1527525231651946,True,True,Aligned,1
E388,I14,b'\xe8\x07\x00\x00\x00\x00\x00\x00',b'\x01\x00\x00\x00\x00\x00\x00\x00',3.966666666666667,4.416666666666667,0.0,1,3,2,0,,,,,0.1527525231651946,True,True,Aligned,1
E388,I14,b'\xe8\x07\x00\x00\x00\x00\x00\x00',b'\x02\x00\x00\x00\x00\x00\x00\x00',4.166666666666667,4.666666666666667,0.0,1,3,2,0,,,,,0.1527525231651946,True,True,Aligned,1
E389,I14,b'\xe8\x07\x00\x00\x00\x00\x00\x00',b'\x01\x00\x00\x00\x00\x00\x00\x00',4.499999999999999,4.833333333333333,0.0,1,3,2,0,,,,,0.1527525231651946,True,True,Aligned,1
E389,I14,b'\xe8\x07\x00\x00\x00\x00\x00\x00',b'\x02\x00\x00\x00\x00\x00\x00\x00',4.633333333333333,5.0,0.0,1,3,2,0,,,,,0.1527525231651946,True,True,Aligned,1
E390,I15,b'\xe8\x07\x00\x00\x00\x00\x00\x00',b'\x01\x00\x00\x00\x00\x00\x00\x00',4.599999999999999,5.0,0.0,1,2,2,0,,,,,0.09797958971132721,True,True,Aligned,1
E390,I15,b'\xe8\x07\x00\x00\x00\x00\x00\x00',b'\x02\x00\x00\x00\x00\x00\x00\x00',4.699999999999999,5.0,0.0,1,2,2,0,,,,,0.09797958971132721,True,True,Aligned,1
E391,I15,b'\xe8\x07\x00\x00\x00\x00\x00\x00',b'\x01\x00\x00\x00\x00\x00\x00\x00',2.6666666666666665,2.1666666666666665,0.0,1,2,2,0,,,,,0.09797958971132721,False,False,Aligned,1
E391,I15,b'\xe8\x07\x00\x00\x00\x00\x00\x00',b'\x02\x00\x00\x00\x00\x00\x00\x00',2.9000000000000004,2.5833333333333335,0.0,1,2,2,0,,,,,0.09797958971132721,False,False,Aligned,1
E392,I15,b'\xe8\x07\x00\x00\x00\x00\x00\x00',b'\x01\x00\x00\x00\x00\x00\x00\x00',2.8666666666666663,2.6666666666666665,0.0,1,2,2,0,,,,,0.09797958971132721,False,False,Aligned,1
E392,I15,b'\xe8\x07\x00\x00\x00\x00\x00\x00',b'\x02\x00\x00\x00\x00\x00\x00\x00',3.0666666666666664,2.5833333333333335,0.0,1,2,2,0,,,,,0.09797958971132721,False,False,Aligned,1
E393,I15,b'\xe8\x07\x00\x00\x00\x00\x00\x00',b'\x01\x00\x00\x00\x00\x00\x00\x00',2.9000000000000004,4.083333333333333,0.0,1,2,2,0,,,,,0.09797958971132721,False,True,Anti-Aligned,0
E393,I15,b'\xe8\x07\x00\x00\x00\x00\x00\x00',b'\x02\x00\x00\x00\x00\x00\x00\x00',3.0666666666666664,4.166666666666667,0.0,1,2,2,0,,,,,0.09797958971132721,False,True,Anti-Aligned,0
E394,I15,b'\xe8\x07\x00\x00\x00\x00\x00\x00',b'\x01\x00\x00\x00\x00\x00\x00\x00',4.4,4.583333333333333,0.0,1,2,2,0,,,,,0.09797958971132721,True,True,Aligned,1
E394,I15,b'\xe8\x07\x00\x00\x00\x00\x00\x00',b'\x02\x00\x00\x00\x00\x00\x00\x00',4.466666666666667,4.666666666666667,0.0,1,2,2,0,,,,,0.09797958971132721,True,True,Aligned,1
E395,I15,b'\xe8\x07\x00\x00\x00\x00\x00\x00',b'\x01\x00\x00\x00\x00\x00\x00\x00',2.433333333333333,1.9166666666666667,0.0,1,2,2,0,,,,,0.09797958971132721,False,False,Aligned,1
E395,I15,b'\xe8\x07\x00\x00\x00\x00\x00\x00',b'\x02\x00\x00\x00\x00\x00\x00\x00',2.6666666666666665,2.25,0.0,1,2,2,0,,,,,0.09797958971132721,False,False,Aligned,1
E396,I15,b'\xe8\x07\x00\x00\x00\x00\x00\x00',b'\x01\x00\x00\x00\x00\x00\x00\x00',3.266666666666667,3.5,0.0,1,2,2,0,,,,,0.09797958971132721,False,False,Aligned,1
E396,I15,b'\xe8\x07\x00\x00\x00\x00\x00\x00',b'\x02\x00\x00\x00\x00\x00\x00\x00',3.3,3.5,0.0,1,2,2,0,,,,,0.09797958971132721,False,False,Aligned,1
E397,I15,b'\xe8\x07\x00\x00\x00\x00\x00\x00',b'\x01\x00\x00\x00\x00\x00\x00\x00',4.8,5.0,0.0,1,2,2,0,,,,,0.09797958971132721,True,True,Aligned,1
E397,I15,b'\xe8\x07\x00\x00\x00\x00\x00\x00',b'\x02\x00\x00\x00\x00\x00\x00\x00',4.9,5.0,0.0,1,2,2,0,,,,,0.09797958971132721,True,True,Aligned,1
E398,I15,b'\xe8\x07\x00\x00\x00\x00\x00\x00',b'\x01\x00\x00\x00\x00\x00\x00\x00',3.4000000000000004,3.5833333333333335,0.0,1,2,2,0,,,,,0.09797958971132721,False,False,Aligned,1
E398,I15,b'\xe8\x07\x00\x00\x00\x00\x00\x00',b'\x02\x00\x00\x00\x00\x00\x00\x00',3.6666666666666665,3.75,0.0,1,2,2,0,,,,,0.09797958971132721,False,False,Aligned,1
E399,I15,b'\xe8\x07\x00\x00\x00\x00\x00\x00',b'\x01\x00\x00\x00\x00\x00\x00\x00',1.6333333333333335,1.1666666666666667,0.0,1,2,2,0,,,,,0.09797958971132721,False,False,Aligned,1
E399,I15,b'\xe8\x07\x00\x00\x00\x00\x00\x00',b'\x02\x00\x00\x00\x00\x00\x00\x00',1.7333333333333334,1.1666666666666667,0.0,1,2,2,0,,,,,0.09797958971132721,False,False,Aligned,1
E400,I15,b'\xe8\x07\x00\x00\x00\x00\x00\x00',b'\x01\x00\x00\x00\x00\x00\x00\x00',3.0999999999999996,3.5,0.0,1,2,2,0,,,,,0.09797958971132721,False,False,Aligned,1
E400,I15,b'\xe8\x07\x00\x00\x00\x00\x00\x00',b'\x02\x00\x00\x00\x00\x00\x00\x00',3.3,3.9166666666666665,0.0,1,2,2,0,,,,,0.09797958971132721,False,True,Anti-Aligned,0
E401,I15,b'\xe8\x07\x00\x00\x00\x00\x00\x00',b'\x01\x00\x00\x00\x00\x00\x00\x00',4.0,3.5833333333333335,0.0,1,2,2,0,,,,,0.09797958971132721,True,False,Anti-Aligned,0
E401,I15,b'\xe8\x07\x00\x00\x00\x00\x00\x00',b'\x02\x00\x00\x00\x00\x00\x00\x00',4.133333333333334,3.5,0.0,1,2,2,0,,,,,0.09797958971132721,True,False,Anti-Aligned,0
E402,I15,b'\xe8\x07\x00\x00\x00\x00\x00\x00',b'\x01\x00\x00\x00\x00\x00\x00\x00',5.0,5.0,0.0,1,2,2,0,,,,,0.09797958971132721,True,True,Aligned,1
E402,I15,b'\xe8\x07\x00\x00\x00\x00\x00\x00',b'\x02\x00\x00\x00\x00\x00\x00\x00',5.0,5.0,0.0,1,2,2,0,,,,,0.09797958971132721,True,True,Aligned,1
E403,I15,b'\xe8\x07\x00\x00\x00\x00\x00\x00',b'\x01\x00\x00\x00\x00\x00\x00\x00',2.1,1.5833333333333333,0.0,1,2,2,0,,,,,0.09797958971132721,False,False,Aligned,1
E403,I15,b'\xe8\x07\x00\x00\x00\x00\x00\x00',b'\x02\x00\x00\x00\x00\x00\x00\x00',2.1333333333333333,1.8333333333333333,0.0,1,2,2,0,,,,,0.09797958971132721,False,False,Aligned,1
E404,I15,b'\xe8\x07\x00\x00\x00\x00\x00\x00',b'\x01\x00\x00\x00\x00\x00\x00\x00',2.4,2.0,0.0,1,2,2,0,,,,,0.09797958971132721,False,False,Aligned,1
E404,I15,b'\xe8\x07\x00\x00\x00\x00\x00\x00',b'\x02\x00\x00\x00\x00\x00\x00\x00',2.5666666666666664,2.25,0.0,1,2,2,0,,,,,0.09797958971132721,False,False,Aligned,1
E405,I15,b'\xe8\x07\x00\x00\x00\x00\x00\x00',b'\x01\x00\x00\x00\x00\x00\x00\x00',3.533333333333333,2.9166666666666665,0.0,1,2,2,0,,,,,0.09797958971132721,False,False,Aligned,1
E405,I15,b'\xe8\x07\x00\x00\x00\x00\x00\x00',b'\x02\x00\x00\x00\x00\x00\x00\x00',3.7666666666666666,3.3333333333333335,0.0,1,2,2,0,,,,,0.09797958971132721,False,False,Aligned,1
E406,I15,b'\xe8\x07\x00\x00\x00\x00\x00\x00',b'\x01\x00\x00\x00\x00\x00\x00\x00',4.566666666666666,5.0,0.0,1,0,2,3,,,,,0.09797958971132721,True,True,Aligned,1
E406,I15,b'\xe8\x07\x00\x00\x00\x00\x00\x00',b'\x02\x00\x00\x00\x00\x00\x00\x00',4.766666666666667,5.0,0.0,1,0,2,3,,,,,0.09797958971132721,True,True,Aligned,1
E407,I15,b'\xe8\x07\x00\x00\x00\x00\x00\x00',b'\x01\x00\x00\x00\x00\x00\x00\x00',2.7666666666666666,2.4166666666666665,0.0,1,2,2,0,,,,,0.09797958971132721,False,False,Aligned,1
E407,I15,b'\xe8\x07\x00\x00\x00\x00\x00\x00',b'\x02\x00\x00\x00\x00\x00\x00\x00',3.0,2.75,0.0,1,2,2,0,,,,,0.09797958971132721,False,False,Aligned,1
E408,I15,b'\xe8\x07\x00\x00\x00\x00\x00\x00',b'\x01\x00\x00\x00\x00\x00\x00\x00',3.7999999999999994,3.5,0.0,1,2,2,0,,,,,0.09797958971132721,True,False,Anti-Aligned,0
E408,I15,b'\xe8\x07\x00\x00\x00\x00\x00\x00',b'\x02\x00\x00\x00\x00\x00\x00\x00',4.0,3.8333333333333335,0.0,1,2,2,0,,,,,0.09797958971132721,True,True,Aligned,1
E409,I15,b'\xe8\x07\x00\x00\x00\x00\x00\x00',b'\x01\x00\x00\x00\x00\x00\x00\x00',2.8,2.5833333333333335,0.0,1,2,2,0,,,,,0.09797958971132721,False,False,Aligned,1
E409,I15,b'\xe8\x07\x00\x00\x00\x00\x00\x00',b'\x02\x00\x00\x00\x00\x00\x00\x00',3.1333333333333333,2.8333333333333335,0.0,1,2,2,0,,,,,0.09797958971132721,False,False,Aligned,1
E410,I15,b'\xe8\x07\x00\x00\x00\x00\x00\x00',b'\x01\x00\x00\x00\x00\x00\x00\x00',2.6,2.0,0.0,1,2,2,0,,,,,0.09797958971132721,False,False,Aligned,1
E410,I15,b'\xe8\x07\x00\x00\x00\x00\x00\x00',b'\x02\x00\x00\x00\x00\x00\x00\x00',2.766666666666667,2.25,0.0,1,2,2,0,,,,,0.09797958971132721,False,False,Aligned,1
E411,I15,b'\xe8\x07\x00\x00\x00\x00\x00\x00',b'\x01\x00\x00\x00\x00\x00\x00\x00',4.433333333333334,4.0,0.0,1,2,2,0,,,,,0.09797958971132721,True,True,Aligned,1
E411,I15,b'\xe8\x07\x00\x00\x00\x00\x00\x00',b'\x02\x00\x00\x00\x00\x00\x00\x00',4.5,4.166666666666667,0.0,1,2,2,0,,,,,0.09797958971132721,True,True,Aligned,1
E412,I15,b'\xe8\x07\x00\x00\x00\x00\x00\x00',b'\x01\x00\x00\x00\x00\x00\x00\x00',4.0,2.9166666666666665,0.0,1,2,2,0,,,,,0.09797958971132721,True,False,Anti-Aligned,0
E412,I15,b'\xe8\x07\x00\x00\x00\x00\x00\x00',b'\x02\x00\x00\x00\x00\x00\x00\x00',4.133333333333334,3.1666666666666665,0.0,1,2,2,0,,,,,0.09797958971132721,True,False,Anti-Aligned,0
E413,I15,b'\xe8\x07\x00\x00\x00\x00\x00\x00',b'\x01\x00\x00\x00\x00\x00\x00\x00',3.6333333333333337,3.9166666666666665,0.0,1,2,2,0,,,,,0.09797958971132721,False,True,Anti-Aligned,0
E413,I15,b'\xe8\x07\x00\x00\x00\x00\x00\x00',b'\x02\x00\x00\x00\x00\x00\x00\x00',3.7666666666666666,4.166666666666667,0.0,1,2,2,0,,,,,0.09797958971132721,False,True,Anti-Aligned,0
E414,I15,b'\xe8\x07\x00\x00\x00\x00\x00\x00',b'\x01\x00\x00\x00\x00\x00\x00\x00',4.599999999999999,5.0,0.0,1,2,2,0,,,,,0.09797958971132721,True,True,Aligned,1
E414,I15,b'\xe8\x07\x00\x00\x00\x00\x00\x00',b'\x02\x00\x00\x00\x00\x00\x00\x00',4.599999999999999,5.0,0.0,1,2,2,0,,,,,0.09797958971132721,True,True,Aligned,1
E415,I15,b'\xe8\x07\x00\x00\x00\x00\x00\x00',b'\x01\x00\x00\x00\x00\x00\x00\x00',3.566666666666667,3.4166666666666665,0.0,1,2,2,0,,,,,0.09797958971132721,False,False,Aligned,1
E415,I15,b'\xe8\x07\x00\x00\x00\x00\x00\x00',b'\x02\x00\x00\x00\x00\x00\x00\x00',3.7666666666666666,3.75,0.0,1,2,2,0,,,,,0.09797958971132721,False,False,Aligned,1
E416,I15,b'\xe8\x07\x00\x00\x00\x00\x00\x00',b'\x01\x00\x00\x00\x00\x00\x00\x00',3.4999999999999996,3.1666666666666665,0.0,1,2,2,0,,,,,0.09797958971132721,False,False,Aligned,1
E416,I15,b'\xe8\x07\x00\x00\x00\x00\x00\x00',b'\x02\x00\x00\x00\x00\x00\x00\x00',3.6666666666666665,3.4166666666666665,0.0,1,2,2,0,,,,,0.09797958971132721,False,False,Aligned,1
E417,I15,b'\xe8\x07\x00\x00\x00\x00\x00\x00',b'\x01\x00\x00\x00\x00\x00\x00\x00',2.4999999999999996,2.8333333333333335,0.0,1,2,2,0,,,,,0.09797958971132721,False,False,Aligned,1
E417,I15,b'\xe8\x07\x00\x00\x00\x00\x00\x00',b'\x02\x00\x00\x00\x00\x00\x00\x00',2.5,2.5,0.0,1,2,2,0,,,,,0.09797958971132721,False,False,Aligned,1
E418,I15,b'\xe8\x07\x00\x00\x00\x00\x00\x00',b'\x01\x00\x00\x00\x00\x00\x00\x00',1.6000000000000003,1.5,0.0,1,2,2,0,,,,,0.09797958971132721,False,False,Aligned,1
E418,I15,b'\xe8\x07\x00\x00\x00\x00\x00\x00',b'\x02\x00\x00\x00\x00\x00\x00\x00',1.7999999999999998,1.6666666666666667,0.0,1,2,2,0,,,,,0.09797958971132721,False,False,Aligned,1
E419,I15,b'\xe8\x07\x00\x00\x00\x00\x00\x00',b'\x01\x00\x00\x00\x00\x00\x00\x00',4.566666666666666,4.5,0.0,1,2,2,0,,,,,0.09797958971132721,True,True,Aligned,1
E419,I15,b'\xe8\x07\x00\x00\x00\x00\x00\x00',b'\x02\x00\x00\x00\x00\x00\x00\x00',4.666666666666666,4.5,0.0,1,2,2,0,,,,,0.09797958971132721,True,True,Aligned,1
E420,I15,b'\xe8\x07\x00\x00\x00\x00\x00\x00',b'\x01\x00\x00\x00\x00\x00\x00\x00',2.2000000000000006,1.5,0.0,1,2,2,0,,,,,0.09797958971132721,False,False,Aligned,1
E420,I15,b'\xe8\x07\x00\x00\x00\x00\x00\x00',b'\x02\x00\x00\x00\x00\x00\x00\x00',2.333333333333334,1.8333333333333333,0.0,1,2,2,0,,,,,0.09797958971132721,False,False,Aligned,1
E421,I15,b'\xe8\x07\x00\x00\x00\x00\x00\x00',b'\x01\x00\x00\x00\x00\x00\x00\x00',4.666666666666666,4.5,0.0,1,2,2,0,,,,,0.09797958971132721,True,True,Aligned,1
E421,I15,b'\xe8\x07\x00\x00\x00\x00\x00\x00',b'\x02\x00\x00\x00\x00\x00\x00\x00',4.599999999999999,4.5,0.0,1,2,2,0,,,,,0.09797958971132721,True,True,Aligned,1
E422,I15,b'\xe8\x07\x00\x00\x00\x00\x00\x00',b'\x01\x00\x00\x00\x00\x00\x00\x00',4.666666666666666,4.666666666666667,0.0,1,2,2,0,,,,,0.09797958971132721,True,True,Aligned,1
E422,I15,b'\xe8\x07\x00\x00\x00\x00\x00\x00',b'\x02\x00\x00\x00\x00\x00\x00\x00',4.699999999999999,4.75,0.0,1,2,2,0,,,,,0.09797958971132721,True,True,Aligned,1
E423,I15,b'\xe8\x07\x00\x00\x00\x00\x00\x00',b'\x01\x00\x00\x00\x00\x00\x00\x00',2.4,2.0,0.0,1,2,2,0,,,,,0.09797958971132721,False,False,Aligned,1
E423,I15,b'\xe8\x07\x00\x00\x00\x00\x00\x00',b'\x02\x00\x00\x00\x00\x00\x00\x00',2.6666666666666665,2.25,0.0,1,2,2,0,,,,,0.09797958971132721,False,False,Aligned,1
E424,I15,b'\xe8\x07\x00\x00\x00\x00\x00\x00',b'\x01\x00\x00\x00\x00\x00\x00\x00',4.400000000000001,4.5,0.0,1,2,2,0,,,,,0.09797958971132721,True,True,Aligned,1
E424,I15,b'\xe8\x07\x00\x00\x00\x00\x00\x00',b'\x02\x00\x00\x00\x00\x00\x00\x00',4.466666666666667,4.5,0.0,1,2,2,0,,,,,0.09797958971132721,True,True,Aligned,1
E425,I15,b'\xe8\x07\x00\x00\x00\x00\x00\x00',b'\x01\x00\x00\x00\x00\x00\x00\x00',4.699999999999999,4.916666666666667,0.0,1,2,2,0,,,,,0.09797958971132721,True,True,Aligned,1
E425,I15,b'\xe8\x07\x00\x00\x00\x00\x00\x00',b'\x02\x00\x00\x00\x00\x00\x00\x00',4.8,5.0,0.0,1,2,2,0,,,,,0.09797958971132721,True,True,Aligned,1
E426,I15,b'\xe8\x07\x00\x00\x00\x00\x00\x00',b'\x01\x00\x00\x00\x00\x00\x00\x00',4.766666666666667,5.0,0.0,1,2,2,0,,,,,0.09797958971132721,True,True,Aligned,1
E426,I15,b'\xe8\x07\x00\x00\x00\x00\x00\x00',b'\x02\x00\x00\x00\x00\x00\x00\x00',4.8,5.0,0.0,1,2,2,0,,,,,0.09797958971132721,True,True,Aligned,1
E427,I15,b'\xe8\x07\x00\x00\x00\x00\x00\x00',b'\x01\x00\x00\x00\x00\x00\x00\x00',5.0,5.0,0.0,1,2,2,0,,,,,0.09797958971132721,True,True,Aligned,1
E427,I15,b'\xe8\x07\x00\x00\x00\x00\x00\x00',b'\x02\x00\x00\x00\x00\x00\x00\x00',5.0,5.0,0.0,1,2,2,0,,,,,0.09797958971132721,True,True,Aligned,1
E428,I15,b'\xe8\x07\x00\x00\x00\x00\x00\x00',b'\x01\x00\x00\x00\x00\x00\x00\x00',4.1,3.6111111111111107,0.0,1,0,2,3,,,,,0.09797958971132721,True,False,Anti-Aligned,0
E428,I15,b'\xe8\x07\x00\x00\x00\x00\x00\x00',b'\x02\x00\x00\x00\x00\x00\x00\x00',4.4222222222222225,4.111111111111111,0.0,1,0,2,3,,,,,0.09797958971132721,True,True,Aligned,1
E429,I15,b'\xe8\x07\x00\x00\x00\x00\x00\x00',b'\x01\x00\x00\x00\x00\x00\x00\x00',4.966666666666667,4.916666666666667,0.0,1,2,2,0,,,,,0.09797958971132721,True,True,Aligned,1
E429,I15,b'\xe8\x07\x00\x00\x00\x00\x00\x00',b'\x02\x00\x00\x00\x00\x00\x00\x00',5.0,5.0,0.0,1,2,2,0,,,,,0.09797958971132721,True,True,Aligned,1
E430,I15,b'\xe8\x07\x00\x00\x00\x00\x00\x00',b'\x01\x00\x00\x00\x00\x00\x00\x00',3.6999999999999997,4.0,0.0,1,2,2,0,,,,,0.09797958971132721,False,True,Anti-Aligned,0
E430,I15,b'\xe8\x07\x00\x00\x00\x00\x00\x00',b'\x02\x00\x00\x00\x00\x00\x00\x00',3.9000000000000004,4.166666666666667,0.0,1,2,2,0,,,,,0.09797958971132721,True,True,Aligned,1
E431,I15,b'\xe8\x07\x00\x00\x00\x00\x00\x00',b'\x01\x00\x00\x00\x00\x00\x00\x00',2.7999999999999994,3.0,0.0,1,2,2,0,,,,,0.09797958971132721,False,False,Aligned,1
E431,I15,b'\xe8\x07\x00\x00\x00\x00\x00\x00',b'\x02\x00\x00\x00\x00\x00\x00\x00',2.933333333333333,3.0833333333333335,0.0,1,2,2,0,,,,,0.09797958971132721,False,False,Aligned,1
E432,I15,b'\xe8\x07\x00\x00\x00\x00\x00\x00',b'\x01\x00\x00\x00\x00\x00\x00\x00',3.8666666666666663,2.9166666666666665,0.0,1,2,2,0,,,,,0.09797958971132721,True,False,Anti-Aligned,0
E432,I15,b'\xe8\x07\x00\x00\x00\x00\x00\x00',b'\x02\x00\x00\x00\x00\x00\x00\x00',4.133333333333334,3.5,0.0,1,2,2,0,,,,,0.09797958971132721,True,False,Anti-Aligned,0
E001,I01,b'\xe8\x07\x00\x00\x00\x00\x00\x00',b'\x01\x00\x00\x00\x00\x00\x00\x00',1.9444444444444444,2.222222222222222,0.3144660377352201,1,0,2,3,,,,,0.16291561975888486,False,False,Aligned,1
E001,I01,b'\xe8\x07\x00\x00\x00\x00\x00\x00',b'\x02\x00\x00\x00\x00\x00\x00\x00',2.2444444444444445,2.4166666666666665,0.2516611478423584,1,0,2,3,,,,,0.16291561975888486,False,False,Aligned,1
E002,I01,b'\xe8\x07\x00\x00\x00\x00\x00\x00',b'\x01\x00\x00\x00\x00\x00\x00\x00',4.599999999999999,5.0,0.0,1,1,2,0,,,,,0.16291561975888486,True,True,Aligned,1
E002,I01,b'\xe8\x07\x00\x00\x00\x00\x00\x00',b'\x02\x00\x00\x00\x00\x00\x00\x00',4.666666666666666,5.0,0.08660254037844393,1,1,2,0,,,,,0.16291561975888486,True,True,Aligned,1
E003,I01,b'\xe8\x07\x00\x00\x00\x00\x00\x00',b'\x01\x00\x00\x00\x00\x00\x00\x00',3.033333333333333,2.4166666666666665,0.12649110640673528,1,2,2,0,,,,,0.16291561975888486,False,False,Aligned,1
E003,I01,b'\xe8\x07\x00\x00\x00\x00\x00\x00',b'\x02\x00\x00\x00\x00\x00\x00\x00',3.1666666666666665,2.75,0.15999999999999998,1,2,2,0,,,,,0.16291561975888486,False,False,Aligned,1
E004,I01,b'\xe8\x07\x00\x00\x00\x00\x00\x00',b'\x01\x00\x00\x00\x00\x00\x00\x00',3.6999999999999997,3.8333333333333335,0.19595917942265426,1,2,2,0,,,,,0.16291561975888486,False,True,Anti-Aligned,0
E004,I01,b'\xe8\x07\x00\x00\x00\x00\x00\x00',b'\x02\x00\x00\x00\x00\x00\x00\x00',3.8666666666666663,3.75,0.2529822128134704,1,2,2,0,,,,,0.16291561975888486,True,False,Anti-Aligned,0
E005,I01,b'\xe8\x07\x00\x00\x00\x00\x00\x00',b'\x01\x00\x00\x00\x00\x00\x00\x00',3.6999999999999997,4.0,0.2179449471770337,1,1,2,0,,,,,0.16291561975888486,False,True,Anti-Aligned,0
E005,I01,b'\xe8\x07\x00\x00\x00\x00\x00\x00',b'\x02\x00\x00\x00\x00\x00\x00\x00',3.7333333333333334,4.0,0.17320508075688767,1,1,2,0,,,,,0.16291561975888486,False,True,Anti-Aligned,0
E006,I01,b'\xe8\x07\x00\x00\x00\x00\x00\x00',b'\x01\x00\x00\x00\x00\x00\x00\x00',3.4999999999999996,3.5833333333333335,0.19595917942265415,1,2,2,0,,,,,0.16291561975888486,False,False,Aligned,1
E006,I01,b'\xe8\x07\x00\x00\x00\x00\x00\x00',b'\x02\x00\x00\x00\x00\x00\x00\x00',3.6666666666666665,3.9166666666666665,0.25298221281347033,1,2,2,0,,,,,0.16291561975888486,False,True,Anti-Aligned,0
E007,I01,b'\xe8\x07\x00\x00\x00\x00\x00\x00',b'\x01\x00\x00\x00\x00\x00\x00\x00',3.3000000000000003,3.5,0.19595917942265426,1,2,2,0,,,,,0.16291561975888486,False,False,Aligned,1
E007,I01,b'\xe8\x07\x00\x00\x00\x00\x00\x00',b'\x02\x00\x00\x00\x00\x00\x00\x00',3.4000000000000004,3.6666666666666665,0.19595917942265417,1,2,2,0,,,,,0.16291561975888486,False,False,Aligned,1
E008,I01,b'\xe8\x07\x00\x00\x00\x00\x00\x00',b'\x01\x00\x00\x00\x00\x00\x00\x00',4.566666666666666,4.5,0.08660254037844356,1,1,2,0,,,,,0.16291561975888486,True,True,Aligned,1
E008,I01,b'\xe8\x07\x00\x00\x00\x00\x00\x00',b'\x02\x00\x00\x00\x00\x00\x00\x00',4.699999999999999,4.75,0.10000000000000009,1,1,2,0,,,,,0.16291561975888486,True,True,Aligned,1
E009,I01,b'\xe8\x07\x00\x00\x00\x00\x00\x00',b'\x01\x00\x00\x00\x00\x00\x00\x00',2.7,3.5,0.19595917942265426,1,2,2,0,,,,,0.16291561975888486,False,False,Aligned,1
E009,I01,b'\xe8\x07\x00\x00\x00\x00\x00\x00',b'\x02\x00\x00\x00\x00\x00\x00\x00',2.7666666666666666,3.8333333333333335,0.14966629547095758,1,2,2,0,,,,,0.16291561975888486,False,True,Anti-Aligned,0
E010,I01,b'\xe8\x07\x00\x00\x00\x00\x00\x00',b'\x01\x00\x00\x00\x00\x00\x00\x00',3.2333333333333334,3.9166666666666665,0.12649110640673514,1,2,2,0,,,,,0.16291561975888486,False,True,Anti-Aligned,0
E010,I01,b'\xe8\x07\x00\x00\x00\x00\x00\x00',b'\x02\x00\x00\x00\x00\x00\x00\x00',3.433333333333333,4.166666666666667,0.23323807579381187,1,2,2,0,,,,,0.16291561975888486,False,True,Anti-Aligned,0
E011,I01,b'\xe8\x07\x00\x00\x00\x00\x00\x00',b'\x01\x00\x00\x00\x00\x00\x00\x00',3.333333333333334,2.6666666666666665,0.19999999999999996,1,0,2,3,,,,,0.16291561975888486,False,False,Aligned,1
E011,I01,b'\xe8\x07\x00\x00\x00\x00\x00\x00',b'\x02\x00\x00\x00\x00\x00\x00\x00',3.5999999999999996,2.9722222222222228,0.21343747458109483,1,0,2,3,,,,,0.16291561975888486,False,False,Aligned,1
E012,I01,b'\xe8\x07\x00\x00\x00\x00\x00\x00',b'\x01\x00\x00\x00\x00\x00\x00\x00',3.566666666666667,3.4166666666666665,0.08000000000000007,1,2,2,0,,,,,0.16291561975888486,False,False,Aligned,1
E012,I01,b'\xe8\x07\x00\x00\x00\x00\x00\x00',b'\x02\x00\x00\x00\x00\x00\x00\x00',3.6999999999999997,3.6666666666666665,0.09797958971132699,1,2,2,0,,,,,0.16291561975888486,False,False,Aligned,1
E013,I01,b'\xe8\x07\x00\x00\x00\x00\x00\x00',b'\x01\x00\x00\x00\x00\x00\x00\x00',1.7999999999999998,2.0833333333333335,0.19595917942265428,1,2,2,0,,,,,0.16291561975888486,False,False,Aligned,1
E013,I01,b'\xe8\x07\x00\x00\x00\x00\x00\x00',b'\x02\x00\x00\x00\x00\x00\x00\x00',2.1666666666666665,2.3333333333333335,0.2712931993250108,1,2,2,0,,,,,0.16291561975888486,False,False,Aligned,1
E014,I01,b'\xe8\x07\x00\x00\x00\x00\x00\x00',b'\x01\x00\x00\x00\x00\x00\x00\x00',3.0999999999999996,2.75,0.2179449471770337,1,1,2,0,,,,,0.16291561975888486,False,False,Aligned,1
E014,I01,b'\xe8\x07\x00\x00\x00\x00\x00\x00',b'\x02\x00\x00\x00\x00\x00\x00\x00',3.1333333333333337,2.5,0.10000000000000009,1,1,2,0,,,,,0.16291561975888486,False,False,Aligned,1
E015,I01,b'\xe8\x07\x00\x00\x00\x00\x00\x00',b'\x01\x00\x00\x00\x00\x00\x00\x00',4.400000000000001,4.5,0.0,1,2,2,0,,,,,0.16291561975888486,True,True,Aligned,1
E015,I01,b'\xe8\x07\x00\x00\x00\x00\x00\x00',b'\x02\x00\x00\x00\x00\x00\x00\x00',4.533333333333334,4.666666666666667,0.15999999999999978,1,2,2,0,,,,,0.16291561975888486,True,True,Aligned,1
E016,I01,b'\xe8\x07\x00\x00\x00\x00\x00\x00',b'\x01\x00\x00\x00\x00\x00\x00\x00',4.433333333333334,4.583333333333333,0.126491106406735,1,2,2,0,,,,,0.16291561975888486,True,True,Aligned,1
E016,I01,b'\xe8\x07\x00\x00\x00\x00\x00\x00',b'\x02\x00\x00\x00\x00\x00\x00\x00',4.533333333333334,4.666666666666667,0.15999999999999978,1,2,2,0,,,,,0.16291561975888486,True,True,Aligned,1
E017,I01,b'\xe8\x07\x00\x00\x00\x00\x00\x00',b'\x01\x00\x00\x00\x00\x00\x00\x00',4.400000000000001,4.0,0.0,1,1,2,0,,,,,0.16291561975888486,True,True,Aligned,1
E017,I01,b'\xe8\x07\x00\x00\x00\x00\x00\x00',b'\x02\x00\x00\x00\x00\x00\x00\x00',4.566666666666666,4.25,0.16583123951776974,1,1,2,0,,,,,0.16291561975888486,True,True,Aligned,1
E018,I01,b'\xe8\x07\x00\x00\x00\x00\x00\x00',b'\x01\x00\x00\x00\x00\x00\x00\x00',4.8,5.0,0.0,1,0,2,3,,,,,0.16291561975888486,True,True,Aligned,1
E018,I01,b'\xe8\x07\x00\x00\x00\x00\x00\x00',b'\x02\x00\x00\x00\x00\x00\x00\x00',4.822222222222221,5.0,0.07453559924999306,1,0,2,3,,,,,0.16291561975888486,True,True,Aligned,1
E019,I02,b'\xe8\x07\x00\x00\x00\x00\x00\x00',b'\x01\x00\x00\x00\x00\x00\x00\x00',4.599999999999999,5.0,0.0,1,1,2,0,,,,,0.08660254037844395,True,True,Aligned,1
E019,I02,b'\xe8\x07\x00\x00\x00\x00\x00\x00',b'\x02\x00\x00\x00\x00\x00\x00\x00',4.766666666666667,5.0,0.16583123951777015,1,1,2,0,,,,,0.08660254037844395,True,True,Aligned,1
E020,I02,b'\xe8\x07\x00\x00\x00\x00\x00\x00',b'\x01\x00\x00\x00\x00\x00\x00\x00',4.0,4.0,0.0,1,1,2,0,,,,,0.08660254037844395,True,True,Aligned,1
E020,I02,b'\xe8\x07\x00\x00\x00\x00\x00\x00',b'\x02\x00\x00\x00\x00\x00\x00\x00',4.133333333333334,4.333333333333333,0.10000000000000009,1,1,2,0,,,,,0.08660254037844395,True,True,Aligned,1
E021,I02,b'\xe8\x07\x00\x00\x00\x00\x00\x00',b'\x01\x00\x00\x00\x00\x00\x00\x00',2.6,2.5,0.0,1,1,2,0,,,,,0.08660254037844395,False,False,Aligned,1
E021,I02,b'\xe8\x07\x00\x00\x00\x00\x00\x00',b'\x02\x00\x00\x00\x00\x00\x00\x00',2.8333333333333335,2.6666666666666665,0.22360679774997902,1,1,2,0,,,,,0.08660254037844395,False,False,Aligned,1
E022,I02,b'\xe8\x07\x00\x00\x00\x00\x00\x00',b'\x01\x00\x00\x00\x00\x00\x00\x00',3.966666666666667,3.9166666666666665,0.08660254037844395,1,1,2,0,,,,,0.08660254037844395,True,True,Aligned,1
E022,I02,b'\xe8\x07\x00\x00\x00\x00\x00\x00',b'\x02\x00\x00\x00\x00\x00\x00\x00',4.333333333333333,4.416666666666667,0.22360679774997888,1,1,2,0,,,,,0.08660254037844395,True,True,Aligned,1
E023,I02,b'\xe8\x07\x00\x00\x00\x00\x00\x00',b'\x01\x00\x00\x00\x00\x00\x00\x00',3.711111111111111,3.055555555555556,0.09999999999999987,1,0,2,3,,,,,0.08660254037844395,False,False,Aligned,1
E023,I02,b'\xe8\x07\x00\x00\x00\x00\x00\x00',b'\x02\x00\x00\x00\x00\x00\x00\x00',3.822222222222222,3.2777777777777772,0.3399346342395191,1,0,2,3,,,,,0.08660254037844395,True,False,Anti-Aligned,0
E024,I02,b'\xe8\x07\x00\x00\x00\x00\x00\x00',b'\x01\x00\x00\x00\x00\x00\x00\x00',3.6333333333333337,3.9166666666666665,0.14142135623730948,1,1,2,0,,,,,0.08660254037844395,False,True,Anti-Aligned,0
E024,I02,b'\xe8\x07\x00\x00\x00\x00\x00\x00',b'\x02\x00\x00\x00\x00\x00\x00\x00',3.6666666666666665,4.166666666666667,0.09999999999999987,1,1,2,0,,,,,0.08660254037844395,False,True,Anti-Aligned,0
E025,I02,b'\xe8\x07\x00\x00\x00\x00\x00\x00',b'\x01\x00\x00\x00\x00\x00\x00\x00',3.066666666666667,3.0,0.08660254037844393,1,1,2,0,,,,,0.08660254037844395,False,False,Aligned,1
E025,I02,b'\xe8\x07\x00\x00\x00\x00\x00\x00',b'\x02\x00\x00\x00\x00\x00\x00\x00',3.1,3.0,0.10000000000000009,1,1,2,0,,,,,0.08660254037844395,False,False,Aligned,1
E026,I02,b'\xe8\x07\x00\x00\x00\x00\x00\x00',b'\x01\x00\x00\x00\x00\x00\x00\x00',3.8666666666666663,4.0,0.08660254037844393,1,1,2,0,,,,,0.08660254037844395,True,True,Aligned,1
E026,I02,b'\xe8\x07\x00\x00\x00\x00\x00\x00',b'\x02\x00\x00\x00\x00\x00\x00\x00',3.8333333333333335,4.083333333333333,0.08660254037844395,1,1,2,0,,,,,0.08660254037844395,True,True,Aligned,1
E027,I02,b'\xe8\x07\x00\x00\x00\x00\x00\x00',b'\x01\x00\x00\x00\x00\x00\x00\x00',4.7333333333333325,4.916666666666667,0.10000000000000009,1,1,2,0,,,,,0.08660254037844395,True,True,Aligned,1
E027,I02,b'\xe8\x07\x00\x00\x00\x00\x00\x00',b'\x02\x00\x00\x00\x00\x00\x00\x00',4.866666666666666,5.0,0.08660254037844395,1,1,2,0,,,,,0.08660254037844395,True,True,Aligned,1
E028,I02,b'\xe8\x07\x00\x00\x00\x00\x00\x00',b'\x01\x00\x00\x00\x00\x00\x00\x00',4.766666666666667,4.916666666666667,0.08660254037844395,1,1,2,0,,,,,0.08660254037844395,True,True,Aligned,1
E028,I02,b'\xe8\x07\x00\x00\x00\x00\x00\x00',b'\x02\x00\x00\x00\x00\x00\x00\x00',4.866666666666666,5.0,0.08660254037844395,1,1,2,0,,,,,0.08660254037844395,True,True,Aligned,1
E029,I02,b'\xe8\x07\x00\x00\x00\x00\x00\x00',b'\x01\x00\x00\x00\x00\x00\x00\x00',4.366666666666667,4.5,0.08660254037844395,1,1,2,0,,,,,0.08660254037844395,True,True,Aligned,1
E029,I02,b'\xe8\x07\x00\x00\x00\x00\x00\x00',b'\x02\x00\x00\x00\x00\x00\x00\x00',4.466666666666667,4.666666666666667,0.08660254037844355,1,1,2,0,,,,,0.08660254037844395,True,True,Aligned,1
E030,I02,b'\xe8\x07\x00\x00\x00\x00\x00\x00',b'\x01\x00\x00\x00\x00\x00\x00\x00',4.233333333333333,4.0,0.14142135623730964,1,1,2,0,,,,,0.08660254037844395,True,True,Aligned,1
E030,I02,b'\xe8\x07\x00\x00\x00\x00\x00\x00',b'\x02\x00\x00\x00\x00\x00\x00\x00',4.300000000000001,4.25,0.10000000000000009,1,1,2,0,,,,,0.08660254037844395,True,True,Aligned,1
E031,I02,b'\xe8\x07\x00\x00\x00\x00\x00\x00',b'\x01\x00\x00\x00\x00\x00\x00\x00',3.566666666666666,3.8333333333333335,0.2581988897471611,1,0,2,3,,,,,0.08660254037844395,False,True,Anti-Aligned,0
E031,I02,b'\xe8\x07\x00\x00\x00\x00\x00\x00',b'\x02\x00\x00\x00\x00\x00\x00\x00',3.888888888888888,3.9166666666666665,0.31446603773522025,1,0,2,3,,,,,0.08660254037844395,True,True,Aligned,1
E032,I02,b'\xe8\x07\x00\x00\x00\x00\x00\x00',b'\x01\x00\x00\x00\x00\x00\x00\x00',4.766666666666667,4.416666666666667,0.08660254037844395,1,1,2,0,,,,,0.08660254037844395,True,True,Aligned,1
E032,I02,b'\xe8\x07\x00\x00\x00\x00\x00\x00',b'\x02\x00\x00\x00\x00\x00\x00\x00',4.866666666666666,4.666666666666667,0.08660254037844395,1,1,2,0,,,,,0.08660254037844395,True,True,Aligned,1
E033,I02,b'\xe8\x07\x00\x00\x00\x00\x00\x00',b'\x01\x00\x00\x00\x00\x00\x00\x00',4.2666666666666675,4.0,0.08660254037844393,1,1,2,0,,,,,0.08660254037844395,True,True,Aligned,1
E033,I02,b'\xe8\x07\x00\x00\x00\x00\x00\x00',b'\x02\x00\x00\x00\x00\x00\x00\x00',4.4,4.333333333333333,0.16583123951776982,1,1,2,0,,,,,0.08660254037844395,True,True,Aligned,1
E034,I02,b'\xe8\x07\x00\x00\x00\x00\x00\x00',b'\x01\x00\x00\x00\x00\x00\x00\x00',4.366666666666667,4.416666666666667,0.08660254037844395,1,1,2,0,,,,,0.08660254037844395,True,True,Aligned,1
E034,I02,b'\xe8\x07\x00\x00\x00\x00\x00\x00',b'\x02\x00\x00\x00\x00\x00\x00\x00',4.533333333333333,4.666666666666667,0.08660254037844355,1,1,2,0,,,,,0.08660254037844395,True,True,Aligned,1
E035,I03,b'\xe8\x07\x00\x00\x00\x00\x00\x00',b'\x01\x00\x00\x00\x00\x00\x00\x00',4.466666666666667,4.5,0.08660254037844355,1,1,2,0,,,,,0.16583123951776998,True,True,Aligned,1
E035,I03,b'\xe8\x07\x00\x00\x00\x00\x00\x00',b'\x02\x00\x00\x00\x00\x00\x00\x00',4.566666666666666,4.583333333333333,0.08660254037844355,1,1,2,0,,,,,0.16583123951776998,True,True,Aligned,1
E036,I03,b'\xe8\x07\x00\x00\x00\x00\x00\x00',b'\x01\x00\x00\x00\x00\x00\x00\x00',3.1666666666666665,3.25,0.3000000000000001,1,1,2,0,,,,,0.16583123951776998,False,False,Aligned,1
E036,I03,b'\xe8\x07\x00\x00\x00\x00\x00\x00',b'\x02\x00\x00\x00\x00\x00\x00\x00',3.2,3.3333333333333335,0.2598076211353316,1,1,2,0,,,,,0.16583123951776998,False,False,Aligned,1
E037,I03,b'\xe8\x07\x00\x00\x00\x00\x00\x00',b'\x01\x00\x00\x00\x00\x00\x00\x00',4.422222222222222,4.5,0.07453559924999273,1,0,2,3,,,,,0.16583123951776998,True,True,Aligned,1
E037,I03,b'\xe8\x07\x00\x00\x00\x00\x00\x00',b'\x02\x00\x00\x00\x00\x00\x00\x00',4.533333333333334,4.611111111111112,0.23094010767585013,1,0,2,3,,,,,0.16583123951776998,True,True,Aligned,1
E038,I03,b'\xe8\x07\x00\x00\x00\x00\x00\x00',b'\x01\x00\x00\x00\x00\x00\x00\x00',3.1666666666666665,2.6666666666666665,0.3000000000000001,1,1,2,0,,,,,0.16583123951776998,False,False,Aligned,1
E038,I03,b'\xe8\x07\x00\x00\x00\x00\x00\x00',b'\x02\x00\x00\x00\x00\x00\x00\x00',3.0,2.5,0.0,1,1,2,0,,,,,0.16583123951776998,False,False,Aligned,1
E039,I03,b'\xe8\x07\x00\x00\x00\x00\x00\x00',b'\x01\x00\x00\x00\x00\x00\x00\x00',4.866666666666666,5.0,0.08660254037844395,1,1,2,0,,,,,0.16583123951776998,True,True,Aligned,1
E039,I03,b'\xe8\x07\x00\x00\x00\x00\x00\x00',b'\x02\x00\x00\x00\x00\x00\x00\x00',4.866666666666666,5.0,0.08660254037844395,1,1,2,0,,,,,0.16583123951776998,True,True,Aligned,1
E040,I03,b'\xe8\x07\x00\x00\x00\x00\x00\x00',b'\x01\x00\x00\x00\x00\x00\x00\x00',3.2333333333333334,3.5833333333333335,0.14142135623730948,1,1,2,0,,,,,0.16583123951776998,False,False,Aligned,1
E040,I03,b'\xe8\x07\x00\x00\x00\x00\x00\x00',b'\x02\x00\x00\x00\x00\x00\x00\x00',3.333333333333334,3.6666666666666665,0.17320508075688767,1,1,2,0,,,,,0.16583123951776998,False,False,Aligned,1
E041,I03,b'\xe8\x07\x00\x00\x00\x00\x00\x00',b'\x01\x00\x00\x00\x00\x00\x00\x00',4.166666666666667,4.5,0.08660254037844395,1,1,2,0,,,,,0.16583123951776998,True,True,Aligned,1
E041,I03,b'\xe8\x07\x00\x00\x00\x00\x00\x00',b'\x02\x00\x00\x00\x00\x00\x00\x00',4.333333333333334,4.75,0.08660254037844393,1,1,2,0,,,,,0.16583123951776998,True,True,Aligned,1
E042,I03,b'\xe8\x07\x00\x00\x00\x00\x00\x00',b'\x01\x00\x00\x00\x00\x00\x00\x00',2.733333333333333,3.0,0.09999999999999987,1,1,2,0,,,,,0.16583123951776998,False,False,Aligned,1
E042,I03,b'\xe8\x07\x00\x00\x00\x00\x00\x00',b'\x02\x00\x00\x00\x00\x00\x00\x00',3.0,3.0833333333333335,0.20000000000000018,1,1,2,0,,,,,0.16583123951776998,False,False,Aligned,1
E043,I03,b'\xe8\x07\x00\x00\x00\x00\x00\x00',b'\x01\x00\x00\x00\x00\x00\x00\x00',2.8333333333333335,3.4166666666666665,0.14142135623730948,1,1,2,0,,,,,0.16583123951776998,False,False,Aligned,1
E043,I03,b'\xe8\x07\x00\x00\x00\x00\x00\x00',b'\x02\x00\x00\x00\x00\x00\x00\x00',2.966666666666667,3.75,0.24494897427831783,1,1,2,0,,,,,0.16583123951776998,False,False,Aligned,1
E044,I03,b'\xe8\x07\x00\x00\x00\x00\x00\x00',b'\x01\x00\x00\x00\x00\x00\x00\x00',3.4,3.5,0.0,1,1,2,0,,,,,0.16583123951776998,False,False,Aligned,1
E044,I03,b'\xe8\x07\x00\x00\x00\x00\x00\x00',b'\x02\x00\x00\x00\x00\x00\x00\x00',3.7666666666666666,4.25,0.22360679774997896,1,1,2,0,,,,,0.16583123951776998,False,True,Anti-Aligned,0
E045,I03,b'\xe8\x07\x00\x00\x00\x00\x00\x00',b'\x01\x00\x00\x00\x00\x00\x00\x00',3.3,3.694444444444444,0.41096093353126495,1,0,2,3,,,,,0.16583123951776998,False,False,Aligned,1
E045,I03,b'\xe8\x07\x00\x00\x00\x00\x00\x00',b'\x02\x00\x00\x00\x00\x00\x00\x00',3.611111111111111,4.083333333333333,0.2981423969999719,1,0,2,3,,,,,0.16583123951776998,False,True,Anti-Aligned,0
E046,I03,b'\xe8\x07\x00\x00\x00\x00\x00\x00',b'\x01\x00\x00\x00\x00\x00\x00\x00',4.466666666666667,4.5,0.08660254037844355,1,1,2,0,,,,,0.16583123951776998,True,True,Aligned,1
E046,I03,b'\xe8\x07\x00\x00\x00\x00\x00\x00',b'\x02\x00\x00\x00\x00\x00\x00\x00',4.566666666666666,4.75,0.16583123951776974,1,1,2,0,,,,,0.16583123951776998,True,True,Aligned,1
E047,I03,b'\xe8\x07\x00\x00\x00\x00\x00\x00',b'\x01\x00\x00\x00\x00\x00\x00\x00',4.0,4.5,0.0,1,1,2,0,,,,,0.16583123951776998,True,True,Aligned,1
E047,I03,b'\xe8\x07\x00\x00\x00\x00\x00\x00',b'\x02\x00\x00\x00\x00\x00\x00\x00',4.2,4.583333333333333,0.20000000000000018,1,1,2,0,,,,,0.16583123951776998,True,True,Aligned,1
E048,I03,b'\xe8\x07\x00\x00\x00\x00\x00\x00',b'\x01\x00\x00\x00\x00\x00\x00\x00',3.2333333333333334,2.5833333333333335,0.14142135623730948,1,1,2,0,,,,,0.16583123951776998,False,False,Aligned,1
E048,I03,b'\xe8\x07\x00\x00\x00\x00\x00\x00',b'\x02\x00\x00\x00\x00\x00\x00\x00',3.433333333333333,2.9166666666666665,0.24494897427831766,1,1,2,0,,,,,0.16583123951776998,False,False,Aligned,1
E049,I03,b'\xe8\x07\x00\x00\x00\x00\x00\x00',b'\x01\x00\x00\x00\x00\x00\x00\x00',2.7666666666666666,2.4166666666666665,0.08660254037844375,1,1,2,0,,,,,0.16583123951776998,False,False,Aligned,1
E049,I03,b'\xe8\x07\x00\x00\x00\x00\x00\x00',b'\x02\x00\x00\x00\x00\x00\x00\x00',3.2,2.8333333333333335,0.33166247903554014,1,1,2,0,,,,,0.16583123951776998,False,False,Aligned,1
E050,I03,b'\xe8\x07\x00\x00\x00\x00\x00\x00',b'\x01\x00\x00\x00\x00\x00\x00\x00',3.4999999999999996,3.5833333333333335,0.21794494717703355,1,1,2,0,,,,,0.16583123951776998,False,False,Aligned,1
E050,I03,b'\xe8\x07\x00\x00\x00\x00\x00\x00',b'\x02\x00\x00\x00\x00\x00\x00\x00',3.5999999999999996,3.6666666666666665,0.2598076211353316,1,1,2,0,,,,,0.16583123951776998,False,False,Aligned,1
E051,I03,b'\xe8\x07\x00\x00\x00\x00\x00\x00',b'\x01\x00\x00\x00\x00\x00\x00\x00',2.3666666666666663,2.0,0.08660254037844375,1,1,2,0,,,,,0.16583123951776998,False,False,Aligned,1
E051,I03,b'\xe8\x07\x00\x00\x00\x00\x00\x00',b'\x02\x00\x00\x00\x00\x00\x00\x00',2.5999999999999996,2.1666666666666665,0.2598076211353316,1,1,2,0,,,,,0.16583123951776998,False,False,Aligned,1
E052,I03,b'\xe8\x07\x00\x00\x00\x00\x00\x00',b'\x01\x00\x00\x00\x00\x00\x00\x00',4.4,4.5,0.16583123951776982,1,1,2,0,,,,,0.16583123951776998,True,True,Aligned,1
E052,I03,b'\xe8\x07\x00\x00\x00\x00\x00\x00',b'\x02\x00\x00\x00\x00\x00\x00\x00',4.6000000000000005,4.666666666666667,0.25980762113533146,1,1,2,0,,,,,0.16583123951776998,True,True,Aligned,1
E053,I03,b'\xe8\x07\x00\x00\x00\x00\x00\x00',b'\x01\x00\x00\x00\x00\x00\x00\x00',3.966666666666667,3.9166666666666665,0.08660254037844395,1,1,2,0,,,,,0.16583123951776998,True,True,Aligned,1
E053,I03,b'\xe8\x07\x00\x00\x00\x00\x00\x00',b'\x02\x00\x00\x00\x00\x00\x00\x00',4.2,4.166666666666667,0.16583123951777015,1,1,2,0,,,,,0.16583123951776998,True,True,Aligned,1
E054,I03,b'\xe8\x07\x00\x00\x00\x00\x00\x00',b'\x01\x00\x00\x00\x00\x00\x00\x00',2.9000000000000004,2.5,0.16583123951776998,1,1,2,0,,,,,0.16583123951776998,False,False,Aligned,1
E054,I03,b'\xe8\x07\x00\x00\x00\x00\x00\x00',b'\x02\x00\x00\x00\x00\x00\x00\x00',3.3,2.8333333333333335,0.3278719262151,1,1,2,0,,,,,0.16583123951776998,False,False,Aligned,1
E055,I03,b'\xe8\x07\x00\x00\x00\x00\x00\x00',b'\x01\x00\x00\x00\x00\x00\x00\x00',3.3333333333333335,3.3333333333333335,0.1732050807568877,1,1,2,0,,,,,0.16583123951776998,False,False,Aligned,1
E055,I03,b'\xe8\x07\x00\x00\x00\x00\x00\x00',b'\x02\x00\x00\x00\x00\x00\x00\x00',3.566666666666666,3.6666666666666665,0.16583123951776998,1,1,2,0,,,,,0.16583123951776998,False,False,Aligned,1
E056,I04,b'\xe8\x07\x00\x00\x00\x00\x00\x00',b'\x01\x00\x00\x00\x00\x00\x00\x00',1.8666666666666667,2.0,0.07999999999999997,1,2,2,0,,,,,0.09797958971132721,False,False,Aligned,1
E056,I04,b'\xe8\x07\x00\x00\x00\x00\x00\x00',b'\x02\x00\x00\x00\x00\x00\x00\x00',2.1999999999999997,2.3333333333333335,0.37094473981982806,1,2,2,0,,,,,0.09797958971132721,False,False,Aligned,1
E057,I04,b'\xe8\x07\x00\x00\x00\x00\x00\x00',b'\x01\x00\x00\x00\x00\x00\x00\x00',2.466666666666667,3.1666666666666665,0.08000000000000007,1,2,2,0,,,,,0.09797958971132721,False,False,Aligned,1
E057,I04,b'\xe8\x07\x00\x00\x00\x00\x00\x00',b'\x02\x00\x00\x00\x00\x00\x00\x00',2.6666666666666665,3.5,0.21908902300206645,1,2,2,0,,,,,0.09797958971132721,False,False,Aligned,1
E058,I04,b'\xe8\x07\x00\x00\x00\x00\x00\x00',b'\x01\x00\x00\x00\x00\x00\x00\x00',2.466666666666667,2.1666666666666665,0.08000000000000007,1,2,2,0,,,,,0.09797958971132721,False,False,Aligned,1
E058,I04,b'\xe8\x07\x00\x00\x00\x00\x00\x00',b'\x02\x00\x00\x00\x00\x00\x00\x00',2.566666666666667,2.25,0.14966629547095764,1,2,2,0,,,,,0.09797958971132721,False,False,Aligned,1
E059,I04,b'\xe8\x07\x00\x00\x00\x00\x00\x00',b'\x01\x00\x00\x00\x00\x00\x00\x00',5.0,5.0,0.0,1,2,2,0,,,,,0.09797958971132721,True,True,Aligned,1
E059,I04,b'\xe8\x07\x00\x00\x00\x00\x00\x00',b'\x02\x00\x00\x00\x00\x00\x00\x00',5.0,5.0,0.0,1,2,2,0,,,,,0.09797958971132721,True,True,Aligned,1
E060,I04,b'\xe8\x07\x00\x00\x00\x00\x00\x00',b'\x01\x00\x00\x00\x00\x00\x00\x00',4.533333333333333,4.416666666666667,0.23999999999999977,1,2,2,0,,,,,0.09797958971132721,True,True,Aligned,1
E060,I04,b'\xe8\x07\x00\x00\x00\x00\x00\x00',b'\x02\x00\x00\x00\x00\x00\x00\x00',4.699999999999999,4.5,0.09797958971132721,1,2,2,0,,,,,0.09797958971132721,True,True,Aligned,1
E061,I04,b'\xe8\x07\x00\x00\x00\x00\x00\x00',b'\x01\x00\x00\x00\x00\x00\x00\x00',3.466666666666667,3.0,0.08000000000000007,1,2,2,0,,,,,0.09797958971132721,False,False,Aligned,1
E061,I04,b'\xe8\x07\x00\x00\x00\x00\x00\x00',b'\x02\x00\x00\x00\x00\x00\x00\x00',3.5999999999999996,3.1666666666666665,0.14966629547095764,1,2,2,0,,,,,0.09797958971132721,False,False,Aligned,1
E062,I04,b'\xe8\x07\x00\x00\x00\x00\x00\x00',b'\x01\x00\x00\x00\x00\x00\x00\x00',4.466666666666667,5.0,0.07999999999999972,1,2,2,0,,,,,0.09797958971132721,True,True,Aligned,1
E062,I04,b'\xe8\x07\x00\x00\x00\x00\x00\x00',b'\x02\x00\x00\x00\x00\x00\x00\x00',4.533333333333333,5.0,0.09797958971132678,1,2,2,0,,,,,0.09797958971132721,True,True,Aligned,1
E063,I04,b'\xe8\x07\x00\x00\x00\x00\x00\x00',b'\x01\x00\x00\x00\x00\x00\x00\x00',4.2,3.5,0.0,1,2,2,0,,,,,0.09797958971132721,True,False,Anti-Aligned,0
E063,I04,b'\xe8\x07\x00\x00\x00\x00\x00\x00',b'\x02\x00\x00\x00\x00\x00\x00\x00',4.333333333333333,3.5833333333333335,0.09797958971132721,1,2,2,0,,,,,0.09797958971132721,True,False,Anti-Aligned,0
E064,I04,b'\xe8\x07\x00\x00\x00\x00\x00\x00',b'\x01\x00\x00\x00\x00\x00\x00\x00',4.2,4.0,0.0,1,2,2,0,,,,,0.09797958971132721,True,True,Aligned,1
E064,I04,b'\xe8\x07\x00\x00\x00\x00\x00\x00',b'\x02\x00\x00\x00\x00\x00\x00\x00',4.333333333333333,4.166666666666667,0.09797958971132721,1,2,2,0,,,,,0.09797958971132721,True,True,Aligned,1
E065,I04,b'\xe8\x07\x00\x00\x00\x00\x00\x00',b'\x01\x00\x00\x00\x00\x00\x00\x00',3.5999999999999996,3.0,0.0,1,2,2,0,,,,,0.09797958971132721,False,False,Aligned,1
E065,I04,b'\xe8\x07\x00\x00\x00\x00\x00\x00',b'\x02\x00\x00\x00\x00\x00\x00\x00',3.7333333333333334,3.1666666666666665,0.15999999999999995,1,2,2,0,,,,,0.09797958971132721,False,False,Aligned,1
E066,I04,b'\xe8\x07\x00\x00\x00\x00\x00\x00',b'\x01\x00\x00\x00\x00\x00\x00\x00',4.833333333333333,4.583333333333333,0.12649110640673528,1,2,2,0,,,,,0.09797958971132721,True,True,Aligned,1
E066,I04,b'\xe8\x07\x00\x00\x00\x00\x00\x00',b'\x02\x00\x00\x00\x00\x00\x00\x00',4.9,4.75,0.09797958971132721,1,2,2,0,,,,,0.09797958971132721,True,True,Aligned,1
E067,I04,b'\xe8\x07\x00\x00\x00\x00\x00\x00',b'\x01\x00\x00\x00\x00\x00\x00\x00',3.7999999999999994,3.9166666666666665,0.14966629547095758,1,2,2,0,,,,,0.09797958971132721,True,True,Aligned,1
E067,I04,b'\xe8\x07\x00\x00\x00\x00\x00\x00',b'\x02\x00\x00\x00\x00\x00\x00\x00',3.933333333333333,4.166666666666667,0.16000000000000014,1,2,2,0,,,,,0.09797958971132721,True,True,Aligned,1
E068,I04,b'\xe8\x07\x00\x00\x00\x00\x00\x00',b'\x01\x00\x00\x00\x00\x00\x00\x00',4.2666666666666675,5.0,0.08000000000000007,1,2,2,0,,,,,0.09797958971132721,True,True,Aligned,1
E068,I04,b'\xe8\x07\x00\x00\x00\x00\x00\x00',b'\x02\x00\x00\x00\x00\x00\x00\x00',4.2666666666666675,5.0,0.08000000000000007,1,2,2,0,,,,,0.09797958971132721,True,True,Aligned,1
E069,I04,b'\xe8\x07\x00\x00\x00\x00\x00\x00',b'\x01\x00\x00\x00\x00\x00\x00\x00',3.1333333333333333,4.166666666666667,0.15999999999999998,1,2,2,0,,,,,0.09797958971132721,False,True,Anti-Aligned,0
E069,I04,b'\xe8\x07\x00\x00\x00\x00\x00\x00',b'\x02\x00\x00\x00\x00\x00\x00\x00',3.266666666666667,4.083333333333333,0.25298221281347033,1,2,2,0,,,,,0.09797958971132721,False,True,Anti-Aligned,0
E070,I04,b'\xe8\x07\x00\x00\x00\x00\x00\x00',b'\x01\x00\x00\x00\x00\x00\x00\x00',2.5444444444444443,3.277777777777778,0.2426703296426839,1,0,2,3,,,,,0.09797958971132721,False,False,Aligned,1
E070,I04,b'\xe8\x07\x00\x00\x00\x00\x00\x00',b'\x02\x00\x00\x00\x00\x00\x00\x00',2.9444444444444446,3.6666666666666665,0.3829708431025352,1,0,2,3,,,,,0.09797958971132721,False,False,Aligned,1
E071,I04,b'\xe8\x07\x00\x00\x00\x00\x00\x00',b'\x01\x00\x00\x00\x00\x00\x00\x00',4.400000000000001,4.5,0.0,1,2,2,0,,,,,0.09797958971132721,True,True,Aligned,1
E071,I04,b'\xe8\x07\x00\x00\x00\x00\x00\x00',b'\x02\x00\x00\x00\x00\x00\x00\x00',4.533333333333333,4.75,0.09797958971132678,1,2,2,0,,,,,0.09797958971132721,True,True,Aligned,1
E072,I04,b'\xe8\x07\x00\x00\x00\x00\x00\x00',b'\x01\x00\x00\x00\x00\x00\x00\x00',2.7666666666666666,2.5,0.0799999999999999,1,2,2,0,,,,,0.09797958971132721,False,False,Aligned,1
E072,I04,b'\xe8\x07\x00\x00\x00\x00\x00\x00',b'\x02\x00\x00\x00\x00\x00\x00\x00',3.1333333333333333,2.8333333333333335,0.2400000000000001,1,2,2,0,,,,,0.09797958971132721,False,False,Aligned,1
E073,I04,b'\xe8\x07\x00\x00\x00\x00\x00\x00',b'\x01\x00\x00\x00\x00\x00\x00\x00',4.566666666666666,5.0,0.07999999999999971,1,2,2,0,,,,,0.09797958971132721,True,True,Aligned,1
E073,I04,b'\xe8\x07\x00\x00\x00\x00\x00\x00',b'\x02\x00\x00\x00\x00\x00\x00\x00',4.666666666666666,5.0,0.08000000000000007,1,2,2,0,,,,,0.09797958971132721,True,True,Aligned,1
E074,I04,b'\xe8\x07\x00\x00\x00\x00\x00\x00',b'\x01\x00\x00\x00\x00\x00\x00\x00',4.0,4.5,0.0,1,2,2,0,,,,,0.09797958971132721,True,True,Aligned,1
E074,I04,b'\xe8\x07\x00\x00\x00\x00\x00\x00',b'\x02\x00\x00\x00\x00\x00\x00\x00',4.199999999999999,4.583333333333333,0.1496662954709578,1,2,2,0,,,,,0.09797958971132721,True,True,Aligned,1
E075,I04,b'\xe8\x07\x00\x00\x00\x00\x00\x00',b'\x01\x00\x00\x00\x00\x00\x00\x00',4.366666666666667,4.5,0.08000000000000007,1,2,2,0,,,,,0.09797958971132721,True,True,Aligned,1
E075,I04,b'\xe8\x07\x00\x00\x00\x00\x00\x00',b'\x02\x00\x00\x00\x00\x00\x00\x00',4.5,4.666666666666667,0.09797958971132678,1,2,2,0,,,,,0.09797958971132721,True,True,Aligned,1
E076,I04,b'\xe8\x07\x00\x00\x00\x00\x00\x00',b'\x01\x00\x00\x00\x00\x00\x00\x00',2.4,1.5,0.0,1,2,2,0,,,,,0.09797958971132721,False,False,Aligned,1
E076,I04,b'\xe8\x07\x00\x00\x00\x00\x00\x00',b'\x02\x00\x00\x00\x00\x00\x00\x00',2.6333333333333333,1.5,0.17888543819998315,1,2,2,0,,,,,0.09797958971132721,False,False,Aligned,1
E077,I04,b'\xe8\x07\x00\x00\x00\x00\x00\x00',b'\x01\x00\x00\x00\x00\x00\x00\x00',4.466666666666666,4.333333333333333,0.19595917942265398,1,2,2,0,,,,,0.09797958971132721,True,True,Aligned,1
E077,I04,b'\xe8\x07\x00\x00\x00\x00\x00\x00',b'\x02\x00\x00\x00\x00\x00\x00\x00',4.633333333333333,4.583333333333333,0.08000000000000007,1,2,2,0,,,,,0.09797958971132721,True,True,Aligned,1
E078,I04,b'\xe8\x07\x00\x00\x00\x00\x00\x00',b'\x01\x00\x00\x00\x00\x00\x00\x00',3.8333333333333335,3.4166666666666665,0.12649110640673514,1,2,2,0,,,,,0.09797958971132721,True,False,Anti-Aligned,0
E078,I04,b'\xe8\x07\x00\x00\x00\x00\x00\x00',b'\x02\x00\x00\x00\x00\x00\x00\x00',4.066666666666666,3.9166666666666665,0.21908902300206665,1,2,2,0,,,,,0.09797958971132721,True,True,Aligned,1
E079,I04,b'\xe8\x07\x00\x00\x00\x00\x00\x00',b'\x01\x00\x00\x00\x00\x00\x00\x00',3.3666666666666663,2.4166666666666665,0.0799999999999999,1,2,2,0,,,,,0.09797958971132721,False,False,Aligned,1
E079,I04,b'\xe8\x07\x00\x00\x00\x00\x00\x00',b'\x02\x00\x00\x00\x00\x00\x00\x00',3.633333333333333,2.6666666666666665,0.12649110640673514,1,2,2,0,,,,,0.09797958971132721,False,False,Aligned,1
E080,I04,b'\xe8\x07\x00\x00\x00\x00\x00\x00',b'\x01\x00\x00\x00\x00\x00\x00\x00',3.8666666666666663,4.0,0.08000000000000007,1,2,2,0,,,,,0.09797958971132721,True,True,Aligned,1
E080,I04,b'\xe8\x07\x00\x00\x00\x00\x00\x00',b'\x02\x00\x00\x00\x00\x00\x00\x00',3.9000000000000004,4.25,0.09797958971132721,1,2,2,0,,,,,0.09797958971132721,True,True,Aligned,1
E081,I04,b'\xe8\x07\x00\x00\x00\x00\x00\x00',b'\x01\x00\x00\x00\x00\x00\x00\x00',3.966666666666667,4.0,0.08000000000000007,1,2,2,0,,,,,0.09797958971132721,True,True,Aligned,1
E081,I04,b'\xe8\x07\x00\x00\x00\x00\x00\x00',b'\x02\x00\x00\x00\x00\x00\x00\x00',4.133333333333334,4.0,0.09797958971132721,1,2,2,0,,,,,0.09797958971132721,True,True,Aligned,1
E082,I04,b'\xe8\x07\x00\x00\x00\x00\x00\x00',b'\x01\x00\x00\x00\x00\x00\x00\x00',2.166666666666667,1.0,0.08000000000000007,1,2,2,0,,,,,0.09797958971132721,False,False,Aligned,1
E082,I04,b'\xe8\x07\x00\x00\x00\x00\x00\x00',b'\x02\x00\x00\x00\x00\x00\x00\x00',2.433333333333333,1.3333333333333333,0.23323807579381187,1,2,2,0,,,,,0.09797958971132721,False,False,Aligned,1
E083,I04,b'\xe8\x07\x00\x00\x00\x00\x00\x00',b'\x01\x00\x00\x00\x00\x00\x00\x00',4.166666666666667,3.9166666666666665,0.08000000000000007,1,2,2,0,,,,,0.09797958971132721,True,True,Aligned,1
E083,I04,b'\xe8\x07\x00\x00\x00\x00\x00\x00',b'\x02\x00\x00\x00\x00\x00\x00\x00',4.2666666666666675,4.0,0.08000000000000007,1,2,2,0,,,,,0.09797958971132721,True,True,Aligned,1
E084,I04,b'\xe8\x07\x00\x00\x00\x00\x00\x00',b'\x01\x00\x00\x00\x00\x00\x00\x00',4.8,4.833333333333333,0.1959591794226541,1,2,2,0,,,,,0.09797958971132721,True,True,Aligned,1
E084,I04,b'\xe8\x07\x00\x00\x00\x00\x00\x00',b'\x02\x00\x00\x00\x00\x00\x00\x00',4.8,5.0,0.0,1,2,2,0,,,,,0.09797958971132721,True,True,Aligned,1
E085,I04,b'\xe8\x07\x00\x00\x00\x00\x00\x00',b'\x01\x00\x00\x00\x00\x00\x00\x00',2.766666666666667,2.0,0.2712931993250108,1,2,2,0,,,,,0.09797958971132721,False,False,Aligned,1
E085,I04,b'\xe8\x07\x00\x00\x00\x00\x00\x00',b'\x02\x00\x00\x00\x00\x00\x00\x00',2.9000000000000004,2.1666666666666665,0.23323807579381206,1,2,2,0,,,,,0.09797958971132721,False,False,Aligned,1
E086,I04,b'\xe8\x07\x00\x00\x00\x00\x00\x00',b'\x01\x00\x00\x00\x00\x00\x00\x00',3.7999999999999994,3.5833333333333335,0.14966629547095758,1,2,2,0,,,,,0.09797958971132721,True,False,Anti-Aligned,0
E086,I04,b'\xe8\x07\x00\x00\x00\x00\x00\x00',b'\x02\x00\x00\x00\x00\x00\x00\x00',3.966666666666667,3.75,0.16000000000000014,1,2,2,0,,,,,0.09797958971132721,True,False,Anti-Aligned,0
E087,I04,b'\xe8\x07\x00\x00\x00\x00\x00\x00',b'\x01\x00\x00\x00\x00\x00\x00\x00',4.233333333333333,4.083333333333333,0.26532998322843193,1,2,2,0,,,,,0.09797958971132721,True,True,Aligned,1
E087,I04,b'\xe8\x07\x00\x00\x00\x00\x00\x00',b'\x02\x00\x00\x00\x00\x00\x00\x00',4.3999999999999995,4.416666666666667,0.1496662954709575,1,2,2,0,,,,,0.09797958971132721,True,True,Aligned,1
E088,I04,b'\xe8\x07\x00\x00\x00\x00\x00\x00',b'\x01\x00\x00\x00\x00\x00\x00\x00',4.633333333333333,5.0,0.126491106406735,1,2,2,0,,,,,0.09797958971132721,True,True,Aligned,1
E088,I04,b'\xe8\x07\x00\x00\x00\x00\x00\x00',b'\x02\x00\x00\x00\x00\x00\x00\x00',4.699999999999999,5.0,0.09797958971132721,1,2,2,0,,,,,0.09797958971132721,True,True,Aligned,1
E089,I04,b'\xe8\x07\x00\x00\x00\x00\x00\x00',b'\x01\x00\x00\x00\x00\x00\x00\x00',2.4,3.0,0.0,1,2,2,0,,,,,0.09797958971132721,False,False,Aligned,1
E089,I04,b'\xe8\x07\x00\x00\x00\x00\x00\x00',b'\x02\x00\x00\x00\x00\x00\x00\x00',2.7333333333333334,3.4166666666666665,0.2939387691339814,1,2,2,0,,,,,0.09797958971132721,False,False,Aligned,1
E090,I04,b'\xe8\x07\x00\x00\x00\x00\x00\x00',b'\x01\x00\x00\x00\x00\x00\x00\x00',3.7666666666666666,3.1111111111111107,0.25819888974716115,1,0,2,3,,,,,0.09797958971132721,False,False,Aligned,1
E090,I04,b'\xe8\x07\x00\x00\x00\x00\x00\x00',b'\x02\x00\x00\x00\x00\x00\x00\x00',4.122222222222223,3.694444444444444,0.321455025366432,1,0,2,3,,,,,0.09797958971132721,True,False,Anti-Aligned,0
E091,I04,b'\xe8\x07\x00\x00\x00\x00\x00\x00',b'\x01\x00\x00\x00\x00\x00\x00\x00',2.466666666666667,2.1666666666666665,0.08000000000000007,1,2,2,0,,,,,0.09797958971132721,False,False,Aligned,1
E091,I04,b'\xe8\x07\x00\x00\x00\x00\x00\x00',b'\x02\x00\x00\x00\x00\x00\x00\x00',2.7333333333333334,2.4166666666666665,0.2939387691339815,1,2,2,0,,,,,0.09797958971132721,False,False,Aligned,1
E092,I04,b'\xe8\x07\x00\x00\x00\x00\x00\x00',b'\x01\x00\x00\x00\x00\x00\x00\x00',4.366666666666667,4.416666666666667,0.08000000000000007,1,2,2,0,,,,,0.09797958971132721,True,True,Aligned,1
E092,I04,b'\xe8\x07\x00\x00\x00\x00\x00\x00',b'\x02\x00\x00\x00\x00\x00\x00\x00',4.400000000000001,4.5,0.0,1,2,2,0,,,,,0.09797958971132721,True,True,Aligned,1
E093,I04,b'\xe8\x07\x00\x00\x00\x00\x00\x00',b'\x01\x00\x00\x00\x00\x00\x00\x00',3.066666666666667,3.6666666666666665,0.08000000000000007,1,2,2,0,,,,,0.09797958971132721,False,False,Aligned,1
E093,I04,b'\xe8\x07\x00\x00\x00\x00\x00\x00',b'\x02\x00\x00\x00\x00\x00\x00\x00',3.1333333333333337,3.6666666666666665,0.09797958971132723,1,2,2,0,,,,,0.09797958971132721,False,False,Aligned,1
E094,I04,b'\xe8\x07\x00\x00\x00\x00\x00\x00',b'\x01\x00\x00\x00\x00\x00\x00\x00',2.3666666666666663,1.4166666666666667,0.0799999999999999,1,2,2,0,,,,,0.09797958971132721,False,False,Aligned,1
E094,I04,b'\xe8\x07\x00\x00\x00\x00\x00\x00',b'\x02\x00\x00\x00\x00\x00\x00\x00',2.566666666666667,1.5833333333333333,0.14966629547095764,1,2,2,0,,,,,0.09797958971132721,False,False,Aligned,1
E095,I04,b'\xe8\x07\x00\x00\x00\x00\x00\x00',b'\x01\x00\x00\x00\x00\x00\x00\x00',3.3000000000000003,3.5833333333333335,0.19595917942265426,1,2,2,0,,,,,0.09797958971132721,False,False,Aligned,1
E095,I04,b'\xe8\x07\x00\x00\x00\x00\x00\x00',b'\x02\x00\x00\x00\x00\x00\x00\x00',3.3666666666666667,3.6666666666666665,0.15999999999999992,1,2,2,0,,,,,0.09797958971132721,False,False,Aligned,1
E096,I04,b'\xe8\x07\x00\x00\x00\x00\x00\x00',b'\x01\x00\x00\x00\x00\x00\x00\x00',4.766666666666667,4.916666666666667,0.08000000000000007,1,2,2,0,,,,,0.09797958971132721,True,True,Aligned,1
E096,I04,b'\xe8\x07\x00\x00\x00\x00\x00\x00',b'\x02\x00\x00\x00\x00\x00\x00\x00',4.833333333333333,5.0,0.08000000000000007,1,2,2,0,,,,,0.09797958971132721,True,True,Aligned,1
E097,I04,b'\xe8\x07\x00\x00\x00\x00\x00\x00',b'\x01\x00\x00\x00\x00\x00\x00\x00',4.966666666666667,5.0,0.08000000000000007,1,2,2,0,,,,,0.09797958971132721,True,True,Aligned,1
E097,I04,b'\xe8\x07\x00\x00\x00\x00\x00\x00',b'\x02\x00\x00\x00\x00\x00\x00\x00',5.0,5.0,0.0,1,2,2,0,,,,,0.09797958971132721,True,True,Aligned,1
E098,I05,b'\xe8\x07\x00\x00\x00\x00\x00\x00',b'\x01\x00\x00\x00\x00\x00\x00\x00',2.9111111111111114,2.1666666666666665,0.27487370837451064,1,0,2,3,,,,,0.09229106504488557,False,False,Aligned,1
E098,I05,b'\xe8\x07\x00\x00\x00\x00\x00\x00',b'\x02\x00\x00\x00\x00\x00\x00\x00',3.2,2.388888888888889,0.3055050463303894,1,0,2,3,,,,,0.09229106504488557,False,False,Aligned,1
E099,I05,b'\xe8\x07\x00\x00\x00\x00\x00\x00',b'\x01\x00\x00\x00\x00\x00\x00\x00',4.833333333333333,5.0,0.08000000000000007,1,0,2,2,,,,,0.09229106504488557,True,True,Aligned,1
E099,I05,b'\xe8\x07\x00\x00\x00\x00\x00\x00',b'\x02\x00\x00\x00\x00\x00\x00\x00',4.933333333333334,5.0,0.09797958971132721,1,0,2,2,,,,,0.09229106504488557,True,True,Aligned,1
E100,I05,b'\xe8\x07\x00\x00\x00\x00\x00\x00',b'\x01\x00\x00\x00\x00\x00\x00\x00',4.0,4.0,0.0,1,1,2,0,,,,,0.09229106504488557,True,True,Aligned,1
E100,I05,b'\xe8\x07\x00\x00\x00\x00\x00\x00',b'\x02\x00\x00\x00\x00\x00\x00\x00',4.033333333333333,4.083333333333333,0.08660254037844395,1,1,2,0,,,,,0.09229106504488557,True,True,Aligned,1
E101,I05,b'\xe8\x07\x00\x00\x00\x00\x00\x00',b'\x01\x00\x00\x00\x00\x00\x00\x00',3.6333333333333337,3.5833333333333335,0.14142135623730948,1,1,2,0,,,,,0.09229106504488557,False,False,Aligned,1
E101,I05,b'\xe8\x07\x00\x00\x00\x00\x00\x00',b'\x02\x00\x00\x00\x00\x00\x00\x00',3.7333333333333334,3.6666666666666665,0.17320508075688767,1,1,2,0,,,,,0.09229106504488557,False,False,Aligned,1
E102,I05,b'\xe8\x07\x00\x00\x00\x00\x00\x00',b'\x01\x00\x00\x00\x00\x00\x00\x00',3.933333333333333,3.8333333333333335,0.10000000000000009,1,1,2,0,,,,,0.09229106504488557,True,True,Aligned,1
E102,I05,b'\xe8\x07\x00\x00\x00\x00\x00\x00',b'\x02\x00\x00\x00\x00\x00\x00\x00',4.066666666666666,4.166666666666667,0.08660254037844393,1,1,2,0,,,,,0.09229106504488557,True,True,Aligned,1
E103,I05,b'\xe8\x07\x00\x00\x00\x00\x00\x00',b'\x01\x00\x00\x00\x00\x00\x00\x00',3.0999999999999996,3.0,0.2179449471770337,1,1,2,0,,,,,0.09229106504488557,False,False,Aligned,1
E103,I05,b'\xe8\x07\x00\x00\x00\x00\x00\x00',b'\x02\x00\x00\x00\x00\x00\x00\x00',3.266666666666667,3.1666666666666665,0.08660254037844375,1,1,2,0,,,,,0.09229106504488557,False,False,Aligned,1
E104,I05,b'\xe8\x07\x00\x00\x00\x00\x00\x00',b'\x01\x00\x00\x00\x00\x00\x00\x00',4.400000000000001,4.5,0.0,1,1,2,0,,,,,0.09229106504488557,True,True,Aligned,1
E104,I05,b'\xe8\x07\x00\x00\x00\x00\x00\x00',b'\x02\x00\x00\x00\x00\x00\x00\x00',4.400000000000001,4.5,0.0,1,1,2,0,,,,,0.09229106504488557,True,True,Aligned,1
E105,I05,b'\xe8\x07\x00\x00\x00\x00\x00\x00',b'\x01\x00\x00\x00\x00\x00\x00\x00',4.766666666666667,5.0,0.08660254037844395,1,1,2,0,,,,,0.09229106504488557,True,True,Aligned,1
E105,I05,b'\xe8\x07\x00\x00\x00\x00\x00\x00',b'\x02\x00\x00\x00\x00\x00\x00\x00',4.9,5.0,0.10000000000000009,1,1,2,0,,,,,0.09229106504488557,True,True,Aligned,1
E106,I05,b'\xe8\x07\x00\x00\x00\x00\x00\x00',b'\x01\x00\x00\x00\x00\x00\x00\x00',2.8666666666666667,2.8333333333333335,0.28284271247461906,1,0,2,2,,,,,0.09229106504488557,False,False,Aligned,1
E106,I05,b'\xe8\x07\x00\x00\x00\x00\x00\x00',b'\x02\x00\x00\x00\x00\x00\x00\x00',2.966666666666667,3.0833333333333335,0.23323807579381206,1,0,2,2,,,,,0.09229106504488557,False,False,Aligned,1
E107,I05,b'\xe8\x07\x00\x00\x00\x00\x00\x00',b'\x01\x00\x00\x00\x00\x00\x00\x00',4.366666666666667,5.0,0.08660254037844395,1,1,2,0,,,,,0.09229106504488557,True,True,Aligned,1
E107,I05,b'\xe8\x07\x00\x00\x00\x00\x00\x00',b'\x02\x00\x00\x00\x00\x00\x00\x00',4.400000000000001,5.0,0.0,1,1,2,0,,,,,0.09229106504488557,True,True,Aligned,1
E108,I06,b'\xe8\x07\x00\x00\x00\x00\x00\x00',b'\x01\x00\x00\x00\x00\x00\x00\x00',2.7999999999999994,2.5,0.0,1,2,2,0,,,,,0.09999999999999998,False,False,Aligned,1
E108,I06,b'\xe8\x07\x00\x00\x00\x00\x00\x00',b'\x02\x00\x00\x00\x00\x00\x00\x00',3.033333333333333,2.6666666666666665,0.23323807579381206,1,2,2,0,,,,,0.09999999999999998,False,False,Aligned,1
E109,I06,b'\xe8\x07\x00\x00\x00\x00\x00\x00',b'\x01\x00\x00\x00\x00\x00\x00\x00',4.766666666666667,5.0,0.07453559924999306,1,3,2,0,,,,,0.09999999999999998,True,True,Aligned,1
E109,I06,b'\xe8\x07\x00\x00\x00\x00\x00\x00',b'\x02\x00\x00\x00\x00\x00\x00\x00',4.8,5.0,0.0,1,3,2,0,,,,,0.09999999999999998,True,True,Aligned,1
E110,I06,b'\xe8\x07\x00\x00\x00\x00\x00\x00',b'\x01\x00\x00\x00\x00\x00\x00\x00',3.9777777777777774,4.055555555555556,0.16329931618554536,1,0,2,3,,,,,0.09999999999999998,True,True,Aligned,1
E110,I06,b'\xe8\x07\x00\x00\x00\x00\x00\x00',b'\x02\x00\x00\x00\x00\x00\x00\x00',4.066666666666666,4.194444444444444,0.1527525231651948,1,0,2,3,,,,,0.09999999999999998,True,True,Aligned,1
E111,I06,b'\xe8\x07\x00\x00\x00\x00\x00\x00',b'\x01\x00\x00\x00\x00\x00\x00\x00',4.2666666666666675,3.6666666666666665,0.08660254037844393,1,1,2,0,,,,,0.09999999999999998,True,False,Anti-Aligned,0
E111,I06,b'\xe8\x07\x00\x00\x00\x00\x00\x00',b'\x02\x00\x00\x00\x00\x00\x00\x00',4.366666666666666,3.8333333333333335,0.16583123951776982,1,1,2,0,,,,,0.09999999999999998,True,True,Aligned,1
E112,I06,b'\xe8\x07\x00\x00\x00\x00\x00\x00',b'\x01\x00\x00\x00\x00\x00\x00\x00',2.7333333333333334,2.1666666666666665,0.15999999999999995,1,2,2,0,,,,,0.09999999999999998,False,False,Aligned,1
E112,I06,b'\xe8\x07\x00\x00\x00\x00\x00\x00',b'\x02\x00\x00\x00\x00\x00\x00\x00',2.833333333333334,2.0,0.23323807579381206,1,2,2,0,,,,,0.09999999999999998,False,False,Aligned,1
E113,I06,b'\xe8\x07\x00\x00\x00\x00\x00\x00',b'\x01\x00\x00\x00\x00\x00\x00\x00',4.466666666666667,4.166666666666667,0.07453559924999273,1,3,2,0,,,,,0.09999999999999998,True,True,Aligned,1
E113,I06,b'\xe8\x07\x00\x00\x00\x00\x00\x00',b'\x02\x00\x00\x00\x00\x00\x00\x00',4.400000000000001,4.0,8.881784197001252e-16,1,3,2,0,,,,,0.09999999999999998,True,True,Aligned,1
E114,I06,b'\xe8\x07\x00\x00\x00\x00\x00\x00',b'\x01\x00\x00\x00\x00\x00\x00\x00',3.8333333333333335,4.416666666666667,0.11547005383792512,1,3,2,0,,,,,0.09999999999999998,True,True,Aligned,1
E114,I06,b'\xe8\x07\x00\x00\x00\x00\x00\x00',b'\x02\x00\x00\x00\x00\x00\x00\x00',4.033333333333333,4.75,0.17950549357115028,1,3,2,0,,,,,0.09999999999999998,True,True,Aligned,1
E115,I06,b'\xe8\x07\x00\x00\x00\x00\x00\x00',b'\x01\x00\x00\x00\x00\x00\x00\x00',3.9777777777777774,4.388888888888889,0.16329931618554536,1,0,2,3,,,,,0.09999999999999998,True,True,Aligned,1
E115,I06,b'\xe8\x07\x00\x00\x00\x00\x00\x00',b'\x02\x00\x00\x00\x00\x00\x00\x00',4.177777777777777,4.555555555555555,0.26874192494328525,1,0,2,3,,,,,0.09999999999999998,True,True,Aligned,1
E116,I06,b'\xe8\x07\x00\x00\x00\x00\x00\x00',b'\x01\x00\x00\x00\x00\x00\x00\x00',3.2000000000000006,4.5,0.0,1,2,2,0,,,,,0.09999999999999998,False,True,Anti-Aligned,0
E116,I06,b'\xe8\x07\x00\x00\x00\x00\x00\x00',b'\x02\x00\x00\x00\x00\x00\x00\x00',3.5,4.666666666666667,0.3098386676965933,1,2,2,0,,,,,0.09999999999999998,False,True,Anti-Aligned,0
E117,I06,b'\xe8\x07\x00\x00\x00\x00\x00\x00',b'\x01\x00\x00\x00\x00\x00\x00\x00',2.9555555555555557,3.7222222222222228,0.24944382578492946,1,0,2,3,,,,,0.09999999999999998,False,False,Aligned,1
E117,I06,b'\xe8\x07\x00\x00\x00\x00\x00\x00',b'\x02\x00\x00\x00\x00\x00\x00\x00',3.211111111111111,3.8888888888888893,0.3265986323710904,1,0,2,3,,,,,0.09999999999999998,False,True,Anti-Aligned,0
E118,I06,b'\xe8\x07\x00\x00\x00\x00\x00\x00',b'\x01\x00\x00\x00\x00\x00\x00\x00',3.166666666666667,2.5,0.07453559924999305,1,3,2,0,,,,,0.09999999999999998,False,False,Aligned,1
E118,I06,b'\xe8\x07\x00\x00\x00\x00\x00\x00',b'\x02\x00\x00\x00\x00\x00\x00\x00',3.3111111111111113,2.555555555555556,0.09999999999999987,1,3,2,0,,,,,0.09999999999999998,False,False,Aligned,1
E119,I06,b'\xe8\x07\x00\x00\x00\x00\x00\x00',b'\x01\x00\x00\x00\x00\x00\x00\x00',2.766666666666667,3.25,0.3000000000000001,1,1,2,0,,,,,0.09999999999999998,False,False,Aligned,1
E119,I06,b'\xe8\x07\x00\x00\x00\x00\x00\x00',b'\x02\x00\x00\x00\x00\x00\x00\x00',2.8,3.0,0.14142135623730948,1,1,2,0,,,,,0.09999999999999998,False,False,Aligned,1
E120,I06,b'\xe8\x07\x00\x00\x00\x00\x00\x00',b'\x01\x00\x00\x00\x00\x00\x00\x00',2.066666666666667,1.1666666666666667,0.08000000000000007,1,2,2,0,,,,,0.09999999999999998,False,False,Aligned,1
E120,I06,b'\xe8\x07\x00\x00\x00\x00\x00\x00',b'\x02\x00\x00\x00\x00\x00\x00\x00',2.2333333333333334,1.1666666666666667,0.23323807579381206,1,2,2,0,,,,,0.09999999999999998,False,False,Aligned,1
E121,I06,b'\xe8\x07\x00\x00\x00\x00\x00\x00',b'\x01\x00\x00\x00\x00\x00\x00\x00',2.3000000000000003,3.3333333333333335,0.17950549357115017,1,3,2,0,,,,,0.09999999999999998,False,False,Aligned,1
E121,I06,b'\xe8\x07\x00\x00\x00\x00\x00\x00',b'\x02\x00\x00\x00\x00\x00\x00\x00',2.333333333333334,3.1666666666666665,0.14907119849998596,1,3,2,0,,,,,0.09999999999999998,False,False,Aligned,1
E122,I06,b'\xe8\x07\x00\x00\x00\x00\x00\x00',b'\x01\x00\x00\x00\x00\x00\x00\x00',5.0,5.0,0.0,1,3,2,0,,,,,0.09999999999999998,True,True,Aligned,1
E122,I06,b'\xe8\x07\x00\x00\x00\x00\x00\x00',b'\x02\x00\x00\x00\x00\x00\x00\x00',5.0,5.0,0.0,1,3,2,0,,,,,0.09999999999999998,True,True,Aligned,1
E123,I06,b'\xe8\x07\x00\x00\x00\x00\x00\x00',b'\x01\x00\x00\x00\x00\x00\x00\x00',4.1000000000000005,3.8333333333333335,0.31622776601683805,1,1,2,0,,,,,0.09999999999999998,True,True,Aligned,1
E123,I06,b'\xe8\x07\x00\x00\x00\x00\x00\x00',b'\x02\x00\x00\x00\x00\x00\x00\x00',4.2,4.0,0.0,1,1,2,0,,,,,0.09999999999999998,True,True,Aligned,1
E124,I06,b'\xe8\x07\x00\x00\x00\x00\x00\x00',b'\x01\x00\x00\x00\x00\x00\x00\x00',2.966666666666667,3.1111111111111107,0.45338235029118146,1,0,2,3,,,,,0.09999999999999998,False,False,Aligned,1
E124,I06,b'\xe8\x07\x00\x00\x00\x00\x00\x00',b'\x02\x00\x00\x00\x00\x00\x00\x00',3.244444444444445,3.472222222222222,0.21343747458109497,1,0,2,3,,,,,0.09999999999999998,False,False,Aligned,1
E125,I06,b'\xe8\x07\x00\x00\x00\x00\x00\x00',b'\x01\x00\x00\x00\x00\x00\x00\x00',5.0,5.0,0.0,1,3,2,0,,,,,0.09999999999999998,True,True,Aligned,1
E125,I06,b'\xe8\x07\x00\x00\x00\x00\x00\x00',b'\x02\x00\x00\x00\x00\x00\x00\x00',5.0,5.0,0.0,1,3,2,0,,,,,0.09999999999999998,True,True,Aligned,1
E126,I06,b'\xe8\x07\x00\x00\x00\x00\x00\x00',b'\x01\x00\x00\x00\x00\x00\x00\x00',4.166666666666667,4.5,0.07453559924999306,1,3,2,0,,,,,0.09999999999999998,True,True,Aligned,1
E126,I06,b'\xe8\x07\x00\x00\x00\x00\x00\x00',b'\x02\x00\x00\x00\x00\x00\x00\x00',4.288888888888889,4.666666666666667,0.0942809041582064,1,3,2,0,,,,,0.09999999999999998,True,True,Aligned,1
E127,I06,b'\xe8\x07\x00\x00\x00\x00\x00\x00',b'\x01\x00\x00\x00\x00\x00\x00\x00',4.8,5.0,0.0,1,1,2,0,,,,,0.09999999999999998,True,True,Aligned,1
E127,I06,b'\xe8\x07\x00\x00\x00\x00\x00\x00',b'\x02\x00\x00\x00\x00\x00\x00\x00',4.866666666666666,5.0,0.08660254037844395,1,1,2,0,,,,,0.09999999999999998,True,True,Aligned,1
E128,I06,b'\xe8\x07\x00\x00\x00\x00\x00\x00',b'\x01\x00\x00\x00\x00\x00\x00\x00',2.533333333333333,2.1666666666666665,0.15999999999999998,1,2,2,0,,,,,0.09999999999999998,False,False,Aligned,1
E128,I06,b'\xe8\x07\x00\x00\x00\x00\x00\x00',b'\x02\x00\x00\x00\x00\x00\x00\x00',2.6666666666666665,2.3333333333333335,0.3200000000000001,1,2,2,0,,,,,0.09999999999999998,False,False,Aligned,1
E129,I06,b'\xe8\x07\x00\x00\x00\x00\x00\x00',b'\x01\x00\x00\x00\x00\x00\x00\x00',3.4999999999999996,3.0833333333333335,0.17950549357115003,1,3,2,0,,,,,0.09999999999999998,False,False,Aligned,1
E129,I06,b'\xe8\x07\x00\x00\x00\x00\x00\x00',b'\x02\x00\x00\x00\x00\x00\x00\x00',3.6666666666666665,3.4166666666666665,0.24267032964268398,1,3,2,0,,,,,0.09999999999999998,False,False,Aligned,1
E130,I06,b'\xe8\x07\x00\x00\x00\x00\x00\x00',b'\x01\x00\x00\x00\x00\x00\x00\x00',3.411111111111111,2.527777777777778,0.3197221015541813,1,0,2,3,,,,,0.09999999999999998,False,False,Aligned,1
E130,I06,b'\xe8\x07\x00\x00\x00\x00\x00\x00',b'\x02\x00\x00\x00\x00\x00\x00\x00',3.7333333333333334,3.0833333333333335,0.2516611478423582,1,0,2,3,,,,,0.09999999999999998,False,False,Aligned,1
E131,I06,b'\xe8\x07\x00\x00\x00\x00\x00\x00',b'\x01\x00\x00\x00\x00\x00\x00\x00',3.7999999999999994,3.6666666666666665,0.21794494717703372,1,1,2,0,,,,,0.09999999999999998,True,False,Anti-Aligned,0
E131,I06,b'\xe8\x07\x00\x00\x00\x00\x00\x00',b'\x02\x00\x00\x00\x00\x00\x00\x00',3.9000000000000004,3.6666666666666665,0.10000000000000009,1,1,2,0,,,,,0.09999999999999998,True,False,Anti-Aligned,0
E132,I06,b'\xe8\x07\x00\x00\x00\x00\x00\x00',b'\x01\x00\x00\x00\x00\x00\x00\x00',3.611111111111111,3.1666666666666665,0.3197221015541813,1,0,2,3,,,,,0.09999999999999998,False,False,Aligned,1
E132,I06,b'\xe8\x07\x00\x00\x00\x00\x00\x00',b'\x02\x00\x00\x00\x00\x00\x00\x00',3.8333333333333335,3.4166666666666665,0.18856180831641275,1,0,2,3,,,,,0.09999999999999998,True,False,Anti-Aligned,0
E133,I06,b'\xe8\x07\x00\x00\x00\x00\x00\x00',b'\x01\x00\x00\x00\x00\x00\x00\x00',3.966666666666667,3.9166666666666665,0.07453559924999306,1,3,2,0,,,,,0.09999999999999998,True,True,Aligned,1
E133,I06,b'\xe8\x07\x00\x00\x00\x00\x00\x00',b'\x02\x00\x00\x00\x00\x00\x00\x00',4.166666666666667,4.0,0.1527525231651948,1,3,2,0,,,,,0.09999999999999998,True,True,Aligned,1
E134,I06,b'\xe8\x07\x00\x00\x00\x00\x00\x00',b'\x01\x00\x00\x00\x00\x00\x00\x00',2.266666666666667,2.0,0.0745355992499929,1,3,2,0,,,,,0.09999999999999998,False,False,Aligned,1
E134,I06,b'\xe8\x07\x00\x00\x00\x00\x00\x00',b'\x02\x00\x00\x00\x00\x00\x00\x00',2.5,2.1666666666666665,0.2309401076758502,1,3,2,0,,,,,0.09999999999999998,False,False,Aligned,1
E135,I06,b'\xe8\x07\x00\x00\x00\x00\x00\x00',b'\x01\x00\x00\x00\x00\x00\x00\x00',3.966666666666667,4.0,0.08660254037844395,1,1,2,0,,,,,0.09999999999999998,True,True,Aligned,1
E135,I06,b'\xe8\x07\x00\x00\x00\x00\x00\x00',b'\x02\x00\x00\x00\x00\x00\x00\x00',4.066666666666666,4.0,0.08660254037844393,1,1,2,0,,,,,0.09999999999999998,True,True,Aligned,1
E136,I06,b'\xe8\x07\x00\x00\x00\x00\x00\x00',b'\x01\x00\x00\x00\x00\x00\x00\x00',3.166666666666667,3.4166666666666665,0.08000000000000007,1,2,2,0,,,,,0.09999999999999998,False,False,Aligned,1
E136,I06,b'\xe8\x07\x00\x00\x00\x00\x00\x00',b'\x02\x00\x00\x00\x00\x00\x00\x00',3.4000000000000004,3.8333333333333335,0.23999999999999985,1,2,2,0,,,,,0.09999999999999998,False,True,Anti-Aligned,0
E137,I06,b'\xe8\x07\x00\x00\x00\x00\x00\x00',b'\x01\x00\x00\x00\x00\x00\x00\x00',2.1333333333333333,2.0,0.14907119849998596,1,3,2,0,,,,,0.09999999999999998,False,False,Aligned,1
E137,I06,b'\xe8\x07\x00\x00\x00\x00\x00\x00',b'\x02\x00\x00\x00\x00\x00\x00\x00',2.155555555555556,2.1666666666666665,0.15275252316519466,1,3,2,0,,,,,0.09999999999999998,False,False,Aligned,1
E138,I06,b'\xe8\x07\x00\x00\x00\x00\x00\x00',b'\x01\x00\x00\x00\x00\x00\x00\x00',4.766666666666667,4.916666666666667,0.07453559924999306,1,3,2,0,,,,,0.09999999999999998,True,True,Aligned,1
E138,I06,b'\xe8\x07\x00\x00\x00\x00\x00\x00',b'\x02\x00\x00\x00\x00\x00\x00\x00',4.9,5.0,0.09428090415820642,1,3,2,0,,,,,0.09999999999999998,True,True,Aligned,1
E139,I06,b'\xe8\x07\x00\x00\x00\x00\x00\x00',b'\x01\x00\x00\x00\x00\x00\x00\x00',3.566666666666667,4.416666666666667,0.08660254037844395,1,1,2,0,,,,,0.09999999999999998,False,True,Anti-Aligned,0
E139,I06,b'\xe8\x07\x00\x00\x00\x00\x00\x00',b'\x02\x00\x00\x00\x00\x00\x00\x00',3.8666666666666663,4.666666666666667,0.21794494717703372,1,1,2,0,,,,,0.09999999999999998,True,True,Aligned,1
E140,I06,b'\xe8\x07\x00\x00\x00\x00\x00\x00',b'\x01\x00\x00\x00\x00\x00\x00\x00',4.166666666666668,4.916666666666667,0.20396078054371158,1,2,2,0,,,,,0.09999999999999998,True,True,Aligned,1
E140,I06,b'\xe8\x07\x00\x00\x00\x00\x00\x00',b'\x02\x00\x00\x00\x00\x00\x00\x00',4.300000000000001,5.0,0.09797958971132721,1,2,2,0,,,,,0.09999999999999998,True,True,Aligned,1
E141,I06,b'\xe8\x07\x00\x00\x00\x00\x00\x00',b'\x01\x00\x00\x00\x00\x00\x00\x00',4.966666666666667,5.0,0.07453559924999306,1,3,2,0,,,,,0.09999999999999998,True,True,Aligned,1
E141,I06,b'\xe8\x07\x00\x00\x00\x00\x00\x00',b'\x02\x00\x00\x00\x00\x00\x00\x00',5.0,5.0,0.0,1,3,2,0,,,,,0.09999999999999998,True,True,Aligned,1
E142,I06,b'\xe8\x07\x00\x00\x00\x00\x00\x00',b'\x01\x00\x00\x00\x00\x00\x00\x00',4.966666666666667,4.916666666666667,0.07453559924999306,1,3,2,0,,,,,0.09999999999999998,True,True,Aligned,1
E142,I06,b'\xe8\x07\x00\x00\x00\x00\x00\x00',b'\x02\x00\x00\x00\x00\x00\x00\x00',5.0,5.0,0.0,1,3,2,0,,,,,0.09999999999999998,True,True,Aligned,1
E143,I06,b'\xe8\x07\x00\x00\x00\x00\x00\x00',b'\x01\x00\x00\x00\x00\x00\x00\x00',4.066666666666666,4.5,0.08660254037844393,1,1,2,0,,,,,0.09999999999999998,True,True,Aligned,1
E143,I06,b'\xe8\x07\x00\x00\x00\x00\x00\x00',b'\x02\x00\x00\x00\x00\x00\x00\x00',4.166666666666667,4.583333333333333,0.16583123951777015,1,1,2,0,,,,,0.09999999999999998,True,True,Aligned,1
E144,I06,b'\xe8\x07\x00\x00\x00\x00\x00\x00',b'\x01\x00\x00\x00\x00\x00\x00\x00',4.400000000000001,4.0,0.0,1,2,2,0,,,,,0.09999999999999998,True,True,Aligned,1
E144,I06,b'\xe8\x07\x00\x00\x00\x00\x00\x00',b'\x02\x00\x00\x00\x00\x00\x00\x00',4.566666666666666,4.25,0.15999999999999975,1,2,2,0,,,,,0.09999999999999998,True,True,Aligned,1
E145,I06,b'\xe8\x07\x00\x00\x00\x00\x00\x00',b'\x01\x00\x00\x00\x00\x00\x00\x00',4.766666666666667,4.5,0.07453559924999306,1,3,2,0,,,,,0.09999999999999998,True,True,Aligned,1
E145,I06,b'\xe8\x07\x00\x00\x00\x00\x00\x00',b'\x02\x00\x00\x00\x00\x00\x00\x00',4.866666666666666,4.666666666666667,0.07453559924999306,1,3,2,0,,,,,0.09999999999999998,True,True,Aligned,1
E146,I06,b'\xe8\x07\x00\x00\x00\x00\x00\x00',b'\x01\x00\x00\x00\x00\x00\x00\x00',4.966666666666667,4.916666666666667,0.07453559924999306,1,3,2,0,,,,,0.09999999999999998,True,True,Aligned,1
E146,I06,b'\xe8\x07\x00\x00\x00\x00\x00\x00',b'\x02\x00\x00\x00\x00\x00\x00\x00',5.0,5.0,0.0,1,3,2,0,,,,,0.09999999999999998,True,True,Aligned,1
E147,I06,b'\xe8\x07\x00\x00\x00\x00\x00\x00',b'\x01\x00\x00\x00\x00\x00\x00\x00',3.2333333333333334,4.5,0.14142135623730948,1,1,2,0,,,,,0.09999999999999998,False,True,Anti-Aligned,0
E147,I06,b'\xe8\x07\x00\x00\x00\x00\x00\x00',b'\x02\x00\x00\x00\x00\x00\x00\x00',3.4000000000000004,4.666666666666667,0.16583123951776993,1,1,2,0,,,,,0.09999999999999998,False,True,Anti-Aligned,0
E148,I06,b'\xe8\x07\x00\x00\x00\x00\x00\x00',b'\x01\x00\x00\x00\x00\x00\x00\x00',4.766666666666667,4.5,0.08000000000000007,1,2,2,0,,,,,0.09999999999999998,True,True,Aligned,1
E148,I06,b'\xe8\x07\x00\x00\x00\x00\x00\x00',b'\x02\x00\x00\x00\x00\x00\x00\x00',4.9,4.75,0.09797958971132721,1,2,2,0,,,,,0.09999999999999998,True,True,Aligned,1
E149,I06,b'\xe8\x07\x00\x00\x00\x00\x00\x00',b'\x01\x00\x00\x00\x00\x00\x00\x00',4.8,5.0,0.0,1,3,2,0,,,,,0.09999999999999998,True,True,Aligned,1
E149,I06,b'\xe8\x07\x00\x00\x00\x00\x00\x00',b'\x02\x00\x00\x00\x00\x00\x00\x00',4.866666666666666,5.0,0.07453559924999306,1,3,2,0,,,,,0.09999999999999998,True,True,Aligned,1
E150,I06,b'\xe8\x07\x00\x00\x00\x00\x00\x00',b'\x01\x00\x00\x00\x00\x00\x00\x00',4.400000000000001,5.0,8.881784197001252e-16,1,3,2,0,,,,,0.09999999999999998,True,True,Aligned,1
E150,I06,b'\xe8\x07\x00\x00\x00\x00\x00\x00',b'\x02\x00\x00\x00\x00\x00\x00\x00',4.566666666666666,5.0,0.15275252316519441,1,3,2,0,,,,,0.09999999999999998,True,True,Aligned,1
E151,I06,b'\xe8\x07\x00\x00\x00\x00\x00\x00',b'\x01\x00\x00\x00\x00\x00\x00\x00',4.599999999999999,4.5,0.0,1,1,2,0,,,,,0.09999999999999998,True,True,Aligned,1
E151,I06,b'\xe8\x07\x00\x00\x00\x00\x00\x00',b'\x02\x00\x00\x00\x00\x00\x00\x00',4.699999999999999,4.75,0.10000000000000009,1,1,2,0,,,,,0.09999999999999998,True,True,Aligned,1
E152,I06,b'\xe8\x07\x00\x00\x00\x00\x00\x00',b'\x01\x00\x00\x00\x00\x00\x00\x00',4.566666666666666,4.5,0.07999999999999971,1,2,2,0,,,,,0.09999999999999998,True,True,Aligned,1
E152,I06,b'\xe8\x07\x00\x00\x00\x00\x00\x00',b'\x02\x00\x00\x00\x00\x00\x00\x00',4.699999999999999,4.666666666666667,0.09797958971132721,1,2,2,0,,,,,0.09999999999999998,True,True,Aligned,1
E153,I06,b'\xe8\x07\x00\x00\x00\x00\x00\x00',b'\x01\x00\x00\x00\x00\x00\x00\x00',4.599999999999999,5.0,8.881784197001252e-16,1,3,2,0,,,,,0.09999999999999998,True,True,Aligned,1
E153,I06,b'\xe8\x07\x00\x00\x00\x00\x00\x00',b'\x02\x00\x00\x00\x00\x00\x00\x00',4.688888888888888,5.0,0.0942809041582064,1,3,2,0,,,,,0.09999999999999998,True,True,Aligned,1
E154,I06,b'\xe8\x07\x00\x00\x00\x00\x00\x00',b'\x01\x00\x00\x00\x00\x00\x00\x00',4.499999999999999,4.916666666666667,0.15275252316519441,1,3,2,0,,,,,0.09999999999999998,True,True,Aligned,1
E154,I06,b'\xe8\x07\x00\x00\x00\x00\x00\x00',b'\x02\x00\x00\x00\x00\x00\x00\x00',4.666666666666666,5.0,0.07453559924999306,1,3,2,0,,,,,0.09999999999999998,True,True,Aligned,1
E155,I06,b'\xe8\x07\x00\x00\x00\x00\x00\x00',b'\x01\x00\x00\x00\x00\x00\x00\x00',3.933333333333333,3.9166666666666665,0.1732050807568877,1,1,2,0,,,,,0.09999999999999998,True,True,Aligned,1
E155,I06,b'\xe8\x07\x00\x00\x00\x00\x00\x00',b'\x02\x00\x00\x00\x00\x00\x00\x00',4.266666666666667,4.166666666666667,0.2179449471770335,1,1,2,0,,,,,0.09999999999999998,True,True,Aligned,1
E156,I06,b'\xe8\x07\x00\x00\x00\x00\x00\x00',b'\x01\x00\x00\x00\x00\x00\x00\x00',4.766666666666667,5.0,0.08000000000000007,1,2,2,0,,,,,0.09999999999999998,True,True,Aligned,1
E156,I06,b'\xe8\x07\x00\x00\x00\x00\x00\x00',b'\x02\x00\x00\x00\x00\x00\x00\x00',4.8,5.0,0.0,1,2,2,0,,,,,0.09999999999999998,True,True,Aligned,1
E157,I06,b'\xe8\x07\x00\x00\x00\x00\x00\x00',b'\x01\x00\x00\x00\x00\x00\x00\x00',4.166666666666667,4.416666666666667,0.07453559924999306,1,3,2,0,,,,,0.09999999999999998,True,True,Aligned,1
E157,I06,b'\xe8\x07\x00\x00\x00\x00\x00\x00',b'\x02\x00\x00\x00\x00\x00\x00\x00',4.2666666666666675,4.666666666666667,0.07453559924999306,1,3,2,0,,,,,0.09999999999999998,True,True,Aligned,1
E158,I06,b'\xe8\x07\x00\x00\x00\x00\x00\x00',b'\x01\x00\x00\x00\x00\x00\x00\x00',4.166666666666667,3.9166666666666665,0.07453559924999306,1,3,2,0,,,,,0.09999999999999998,True,True,Aligned,1
E158,I06,b'\xe8\x07\x00\x00\x00\x00\x00\x00',b'\x02\x00\x00\x00\x00\x00\x00\x00',4.355555555555556,4.388888888888888,0.1527525231651945,1,3,2,0,,,,,0.09999999999999998,True,True,Aligned,1
E159,I06,b'\xe8\x07\x00\x00\x00\x00\x00\x00',b'\x01\x00\x00\x00\x00\x00\x00\x00',3.3666666666666667,4.083333333333333,0.29999999999999993,1,1,2,0,,,,,0.09999999999999998,False,True,Anti-Aligned,0
E159,I06,b'\xe8\x07\x00\x00\x00\x00\x00\x00',b'\x02\x00\x00\x00\x00\x00\x00\x00',3.4999999999999996,4.166666666666667,0.21794494717703355,1,1,2,0,,,,,0.09999999999999998,False,True,Anti-Aligned,0
E160,I06,b'\xe8\x07\x00\x00\x00\x00\x00\x00',b'\x01\x00\x00\x00\x00\x00\x00\x00',2.6333333333333333,3.75,0.26532998322843193,1,2,2,0,,,,,0.09999999999999998,False,False,Aligned,1
E160,I06,b'\xe8\x07\x00\x00\x00\x00\x00\x00',b'\x02\x00\x00\x00\x00\x00\x00\x00',2.833333333333334,3.75,0.23323807579381206,1,2,2,0,,,,,0.09999999999999998,False,False,Aligned,1
E161,I06,b'\xe8\x07\x00\x00\x00\x00\x00\x00',b'\x01\x00\x00\x00\x00\x00\x00\x00',2.533333333333333,2.75,0.2687419249432849,1,3,2,0,,,,,0.09999999999999998,False,False,Aligned,1
E161,I06,b'\xe8\x07\x00\x00\x00\x00\x00\x00',b'\x02\x00\x00\x00\x00\x00\x00\x00',2.6777777777777776,2.9166666666666665,0.2,1,3,2,0,,,,,0.09999999999999998,False,False,Aligned,1
E162,I07,b'\xe8\x07\x00\x00\x00\x00\x00\x00',b'\x01\x00\x00\x00\x00\x00\x00\x00',2.8666666666666663,4.0,0.08000000000000007,1,2,2,0,,,,,0.1122353480590311,False,True,Anti-Aligned,0
E162,I07,b'\xe8\x07\x00\x00\x00\x00\x00\x00',b'\x02\x00\x00\x00\x00\x00\x00\x00',3.0666666666666664,4.25,0.21908902300206645,1,2,2,0,,,,,0.1122353480590311,False,True,Anti-Aligned,0
E163,I07,b'\xe8\x07\x00\x00\x00\x00\x00\x00',b'\x01\x00\x00\x00\x00\x00\x00\x00',3.166666666666667,3.4166666666666665,0.08000000000000007,1,2,2,0,,,,,0.1122353480590311,False,False,Aligned,1
E163,I07,b'\xe8\x07\x00\x00\x00\x00\x00\x00',b'\x02\x00\x00\x00\x00\x00\x00\x00',3.3,3.5,0.09797958971132699,1,2,2,0,,,,,0.1122353480590311,False,False,Aligned,1
E164,I07,b'\xe8\x07\x00\x00\x00\x00\x00\x00',b'\x01\x00\x00\x00\x00\x00\x00\x00',4.466666666666667,4.666666666666667,0.07999999999999972,1,2,2,0,,,,,0.1122353480590311,True,True,Aligned,1
E164,I07,b'\xe8\x07\x00\x00\x00\x00\x00\x00',b'\x02\x00\x00\x00\x00\x00\x00\x00',4.400000000000001,4.5,0.0,1,2,2,0,,,,,0.1122353480590311,True,True,Aligned,1
E165,I07,b'\xe8\x07\x00\x00\x00\x00\x00\x00',b'\x01\x00\x00\x00\x00\x00\x00\x00',4.166666666666667,5.0,0.08000000000000007,1,2,2,0,,,,,0.1122353480590311,True,True,Aligned,1
E165,I07,b'\xe8\x07\x00\x00\x00\x00\x00\x00',b'\x02\x00\x00\x00\x00\x00\x00\x00',4.366666666666666,5.0,0.15999999999999984,1,2,2,0,,,,,0.1122353480590311,True,True,Aligned,1
E166,I07,b'\xe8\x07\x00\x00\x00\x00\x00\x00',b'\x01\x00\x00\x00\x00\x00\x00\x00',2.533333333333333,2.1666666666666665,0.15999999999999998,1,2,2,0,,,,,0.1122353480590311,False,False,Aligned,1
E166,I07,b'\xe8\x07\x00\x00\x00\x00\x00\x00',b'\x02\x00\x00\x00\x00\x00\x00\x00',2.5666666666666664,2.25,0.15999999999999998,1,2,2,0,,,,,0.1122353480590311,False,False,Aligned,1
E167,I07,b'\xe8\x07\x00\x00\x00\x00\x00\x00',b'\x01\x00\x00\x00\x00\x00\x00\x00',4.433333333333334,4.916666666666667,0.126491106406735,1,2,2,0,,,,,0.1122353480590311,True,True,Aligned,1
E167,I07,b'\xe8\x07\x00\x00\x00\x00\x00\x00',b'\x02\x00\x00\x00\x00\x00\x00\x00',4.433333333333334,5.0,0.07999999999999971,1,2,2,0,,,,,0.1122353480590311,True,True,Aligned,1
E168,I07,b'\xe8\x07\x00\x00\x00\x00\x00\x00',b'\x01\x00\x00\x00\x00\x00\x00\x00',2.533333333333333,2.4166666666666665,0.15999999999999998,1,2,2,0,,,,,0.1122353480590311,False,False,Aligned,1
E168,I07,b'\xe8\x07\x00\x00\x00\x00\x00\x00',b'\x02\x00\x00\x00\x00\x00\x00\x00',2.9000000000000004,2.9166666666666665,0.3098386676965933,1,2,2,0,,,,,0.1122353480590311,False,False,Aligned,1
E169,I07,b'\xe8\x07\x00\x00\x00\x00\x00\x00',b'\x01\x00\x00\x00\x00\x00\x00\x00',4.0,4.5,0.0,1,2,2,0,,,,,0.1122353480590311,True,True,Aligned,1
E169,I07,b'\xe8\x07\x00\x00\x00\x00\x00\x00',b'\x02\x00\x00\x00\x00\x00\x00\x00',4.2,4.75,0.19595917942265442,1,2,2,0,,,,,0.1122353480590311,True,True,Aligned,1
E170,I07,b'\xe8\x07\x00\x00\x00\x00\x00\x00',b'\x01\x00\x00\x00\x00\x00\x00\x00',4.066666666666666,4.083333333333333,0.2529822128134704,1,2,2,0,,,,,0.1122353480590311,True,True,Aligned,1
E170,I07,b'\xe8\x07\x00\x00\x00\x00\x00\x00',b'\x02\x00\x00\x00\x00\x00\x00\x00',4.1,4.166666666666667,0.16000000000000014,1,2,2,0,,,,,0.1122353480590311,True,True,Aligned,1
E171,I07,b'\xe8\x07\x00\x00\x00\x00\x00\x00',b'\x01\x00\x00\x00\x00\x00\x00\x00',2.8333333333333335,2.4166666666666665,0.12649110640673514,1,2,2,0,,,,,0.1122353480590311,False,False,Aligned,1
E171,I07,b'\xe8\x07\x00\x00\x00\x00\x00\x00',b'\x02\x00\x00\x00\x00\x00\x00\x00',3.0,2.75,0.14966629547095778,1,2,2,0,,,,,0.1122353480590311,False,False,Aligned,1
E172,I07,b'\xe8\x07\x00\x00\x00\x00\x00\x00',b'\x01\x00\x00\x00\x00\x00\x00\x00',4.766666666666667,4.916666666666667,0.08000000000000007,1,2,2,0,,,,,0.1122353480590311,True,True,Aligned,1
E172,I07,b'\xe8\x07\x00\x00\x00\x00\x00\x00',b'\x02\x00\x00\x00\x00\x00\x00\x00',4.866666666666666,5.0,0.08000000000000007,1,2,2,0,,,,,0.1122353480590311,True,True,Aligned,1
E173,I07,b'\xe8\x07\x00\x00\x00\x00\x00\x00',b'\x01\x00\x00\x00\x00\x00\x00\x00',3.033333333333333,2.3333333333333335,0.3487119154832539,1,2,2,0,,,,,0.1122353480590311,False,False,Aligned,1
E173,I07,b'\xe8\x07\x00\x00\x00\x00\x00\x00',b'\x02\x00\x00\x00\x00\x00\x00\x00',3.033333333333333,2.4166666666666665,0.19595917942265426,1,2,2,0,,,,,0.1122353480590311,False,False,Aligned,1
E174,I07,b'\xe8\x07\x00\x00\x00\x00\x00\x00',b'\x01\x00\x00\x00\x00\x00\x00\x00',2.2000000000000006,2.0,0.0,1,2,2,0,,,,,0.1122353480590311,False,False,Aligned,1
E174,I07,b'\xe8\x07\x00\x00\x00\x00\x00\x00',b'\x02\x00\x00\x00\x00\x00\x00\x00',2.333333333333334,2.1666666666666665,0.15999999999999998,1,2,2,0,,,,,0.1122353480590311,False,False,Aligned,1
E175,I07,b'\xe8\x07\x00\x00\x00\x00\x00\x00',b'\x01\x00\x00\x00\x00\x00\x00\x00',3.2333333333333334,3.4166666666666665,0.12649110640673514,1,2,2,0,,,,,0.1122353480590311,False,False,Aligned,1
E175,I07,b'\xe8\x07\x00\x00\x00\x00\x00\x00',b'\x02\x00\x00\x00\x00\x00\x00\x00',3.4000000000000004,3.6666666666666665,0.23999999999999985,1,2,2,0,,,,,0.1122353480590311,False,False,Aligned,1
E176,I07,b'\xe8\x07\x00\x00\x00\x00\x00\x00',b'\x01\x00\x00\x00\x00\x00\x00\x00',4.599999999999999,5.0,0.0,1,2,2,0,,,,,0.1122353480590311,True,True,Aligned,1
E176,I07,b'\xe8\x07\x00\x00\x00\x00\x00\x00',b'\x02\x00\x00\x00\x00\x00\x00\x00',4.666666666666666,5.0,0.09797958971132721,1,2,2,0,,,,,0.1122353480590311,True,True,Aligned,1
E177,I07,b'\xe8\x07\x00\x00\x00\x00\x00\x00',b'\x01\x00\x00\x00\x00\x00\x00\x00',3.0,4.0,0.0,1,2,2,0,,,,,0.1122353480590311,False,True,Anti-Aligned,0
E177,I07,b'\xe8\x07\x00\x00\x00\x00\x00\x00',b'\x02\x00\x00\x00\x00\x00\x00\x00',3.2,4.333333333333333,0.24000000000000005,1,2,2,0,,,,,0.1122353480590311,False,True,Anti-Aligned,0
E178,I07,b'\xe8\x07\x00\x00\x00\x00\x00\x00',b'\x01\x00\x00\x00\x00\x00\x00\x00',4.400000000000001,4.5,0.0,1,2,2,0,,,,,0.1122353480590311,True,True,Aligned,1
E178,I07,b'\xe8\x07\x00\x00\x00\x00\x00\x00',b'\x02\x00\x00\x00\x00\x00\x00\x00',4.5,4.5,0.09797958971132678,1,2,2,0,,,,,0.1122353480590311,True,True,Aligned,1
E179,I07,b'\xe8\x07\x00\x00\x00\x00\x00\x00',b'\x01\x00\x00\x00\x00\x00\x00\x00',3.2000000000000006,3.5,0.0,1,2,2,0,,,,,0.1122353480590311,False,False,Aligned,1
E179,I07,b'\xe8\x07\x00\x00\x00\x00\x00\x00',b'\x02\x00\x00\x00\x00\x00\x00\x00',3.466666666666667,3.75,0.2190890230020663,1,2,2,0,,,,,0.1122353480590311,False,False,Aligned,1
E180,I07,b'\xe8\x07\x00\x00\x00\x00\x00\x00',b'\x01\x00\x00\x00\x00\x00\x00\x00',5.0,5.0,0.0,1,0,2,3,,,,,0.1122353480590311,True,True,Aligned,1
E180,I07,b'\xe8\x07\x00\x00\x00\x00\x00\x00',b'\x02\x00\x00\x00\x00\x00\x00\x00',5.0,5.0,0.0,1,0,2,3,,,,,0.1122353480590311,True,True,Aligned,1
E181,I07,b'\xe8\x07\x00\x00\x00\x00\x00\x00',b'\x01\x00\x00\x00\x00\x00\x00\x00',4.0,4.0,0.0,1,2,2,0,,,,,0.1122353480590311,True,True,Aligned,1
E181,I07,b'\xe8\x07\x00\x00\x00\x00\x00\x00',b'\x02\x00\x00\x00\x00\x00\x00\x00',4.166666666666667,4.25,0.16000000000000014,1,2,2,0,,,,,0.1122353480590311,True,True,Aligned,1
E182,I07,b'\xe8\x07\x00\x00\x00\x00\x00\x00',b'\x01\x00\x00\x00\x00\x00\x00\x00',2.5999999999999996,1.8333333333333333,0.14966629547095764,1,2,2,0,,,,,0.1122353480590311,False,False,Aligned,1
E182,I07,b'\xe8\x07\x00\x00\x00\x00\x00\x00',b'\x02\x00\x00\x00\x00\x00\x00\x00',2.9000000000000004,2.4166666666666665,0.3098386676965933,1,2,2,0,,,,,0.1122353480590311,False,False,Aligned,1
E183,I07,b'\xe8\x07\x00\x00\x00\x00\x00\x00',b'\x01\x00\x00\x00\x00\x00\x00\x00',3.166666666666667,3.0,0.08000000000000007,1,2,2,0,,,,,0.1122353480590311,False,False,Aligned,1
E183,I07,b'\xe8\x07\x00\x00\x00\x00\x00\x00',b'\x02\x00\x00\x00\x00\x00\x00\x00',3.3000000000000003,3.1666666666666665,0.15999999999999992,1,2,2,0,,,,,0.1122353480590311,False,False,Aligned,1
E184,I07,b'\xe8\x07\x00\x00\x00\x00\x00\x00',b'\x01\x00\x00\x00\x00\x00\x00\x00',4.844444444444445,5.0,0.09428090415820642,1,0,2,3,,,,,0.1122353480590311,True,True,Aligned,1
E184,I07,b'\xe8\x07\x00\x00\x00\x00\x00\x00',b'\x02\x00\x00\x00\x00\x00\x00\x00',4.933333333333334,5.0,0.0942809041582064,1,0,2,3,,,,,0.1122353480590311,True,True,Aligned,1
E185,I07,b'\xe8\x07\x00\x00\x00\x00\x00\x00',b'\x01\x00\x00\x00\x00\x00\x00\x00',4.366666666666667,4.5,0.08000000000000007,1,2,2,0,,,,,0.1122353480590311,True,True,Aligned,1
E185,I07,b'\xe8\x07\x00\x00\x00\x00\x00\x00',b'\x02\x00\x00\x00\x00\x00\x00\x00',4.633333333333333,4.916666666666667,0.126491106406735,1,2,2,0,,,,,0.1122353480590311,True,True,Aligned,1
E186,I07,b'\xe8\x07\x00\x00\x00\x00\x00\x00',b'\x01\x00\x00\x00\x00\x00\x00\x00',2.466666666666667,2.6666666666666665,0.08000000000000007,1,2,2,0,,,,,0.1122353480590311,False,False,Aligned,1
E186,I07,b'\xe8\x07\x00\x00\x00\x00\x00\x00',b'\x02\x00\x00\x00\x00\x00\x00\x00',2.7,2.6666666666666665,0.23323807579381203,1,2,2,0,,,,,0.1122353480590311,False,False,Aligned,1
E187,I07,b'\xe8\x07\x00\x00\x00\x00\x00\x00',b'\x01\x00\x00\x00\x00\x00\x00\x00',3.4,3.0,0.0,1,2,2,0,,,,,0.1122353480590311,False,False,Aligned,1
E187,I07,b'\xe8\x07\x00\x00\x00\x00\x00\x00',b'\x02\x00\x00\x00\x00\x00\x00\x00',3.466666666666667,3.1666666666666665,0.09797958971132721,1,2,2,0,,,,,0.1122353480590311,False,False,Aligned,1
E188,I07,b'\xe8\x07\x00\x00\x00\x00\x00\x00',b'\x01\x00\x00\x00\x00\x00\x00\x00',2.1333333333333337,1.9166666666666667,0.16000000000000006,1,2,2,0,,,,,0.1122353480590311,False,False,Aligned,1
E188,I07,b'\xe8\x07\x00\x00\x00\x00\x00\x00',b'\x02\x00\x00\x00\x00\x00\x00\x00',2.3666666666666667,2.1666666666666665,0.15999999999999992,1,2,2,0,,,,,0.1122353480590311,False,False,Aligned,1
E189,I07,b'\xe8\x07\x00\x00\x00\x00\x00\x00',b'\x01\x00\x00\x00\x00\x00\x00\x00',5.0,5.0,0.0,1,2,2,0,,,,,0.1122353480590311,True,True,Aligned,1
E189,I07,b'\xe8\x07\x00\x00\x00\x00\x00\x00',b'\x02\x00\x00\x00\x00\x00\x00\x00',5.0,5.0,0.0,1,2,2,0,,,,,0.1122353480590311,True,True,Aligned,1
E190,I07,b'\xe8\x07\x00\x00\x00\x00\x00\x00',b'\x01\x00\x00\x00\x00\x00\x00\x00',4.566666666666666,5.0,0.07999999999999971,1,2,2,0,,,,,0.1122353480590311,True,True,Aligned,1
E190,I07,b'\xe8\x07\x00\x00\x00\x00\x00\x00',b'\x02\x00\x00\x00\x00\x00\x00\x00',4.699999999999999,5.0,0.09797958971132721,1,2,2,0,,,,,0.1122353480590311,True,True,Aligned,1
E191,I07,b'\xe8\x07\x00\x00\x00\x00\x00\x00',b'\x01\x00\x00\x00\x00\x00\x00\x00',4.533333333333334,5.0,0.15999999999999978,1,2,2,0,,,,,0.1122353480590311,True,True,Aligned,1
E191,I07,b'\xe8\x07\x00\x00\x00\x00\x00\x00',b'\x02\x00\x00\x00\x00\x00\x00\x00',4.5,5.0,0.09797958971132678,1,2,2,0,,,,,0.1122353480590311,True,True,Aligned,1
E192,I07,b'\xe8\x07\x00\x00\x00\x00\x00\x00',b'\x01\x00\x00\x00\x00\x00\x00\x00',3.466666666666667,3.1666666666666665,0.08000000000000007,1,2,2,0,,,,,0.1122353480590311,False,False,Aligned,1
E192,I07,b'\xe8\x07\x00\x00\x00\x00\x00\x00',b'\x02\x00\x00\x00\x00\x00\x00\x00',3.6999999999999997,3.3333333333333335,0.19595917942265426,1,2,2,0,,,,,0.1122353480590311,False,False,Aligned,1
E193,I07,b'\xe8\x07\x00\x00\x00\x00\x00\x00',b'\x01\x00\x00\x00\x00\x00\x00\x00',3.9000000000000004,3.9166666666666665,0.24000000000000005,1,2,2,0,,,,,0.1122353480590311,True,True,Aligned,1
E193,I07,b'\xe8\x07\x00\x00\x00\x00\x00\x00',b'\x02\x00\x00\x00\x00\x00\x00\x00',4.133333333333334,4.0,0.16000000000000014,1,2,2,0,,,,,0.1122353480590311,True,True,Aligned,1
E194,I07,b'\xe8\x07\x00\x00\x00\x00\x00\x00',b'\x01\x00\x00\x00\x00\x00\x00\x00',2.4,2.0,0.0,1,2,2,0,,,,,0.1122353480590311,False,False,Aligned,1
E194,I07,b'\xe8\x07\x00\x00\x00\x00\x00\x00',b'\x02\x00\x00\x00\x00\x00\x00\x00',2.6666666666666665,2.0833333333333335,0.21908902300206645,1,2,2,0,,,,,0.1122353480590311,False,False,Aligned,1
E195,I07,b'\xe8\x07\x00\x00\x00\x00\x00\x00',b'\x01\x00\x00\x00\x00\x00\x00\x00',4.4,4.666666666666667,0.23999999999999985,1,2,2,0,,,,,0.1122353480590311,True,True,Aligned,1
E195,I07,b'\xe8\x07\x00\x00\x00\x00\x00\x00',b'\x02\x00\x00\x00\x00\x00\x00\x00',4.366666666666666,4.5,0.15999999999999984,1,2,2,0,,,,,0.1122353480590311,True,True,Aligned,1
E196,I07,b'\xe8\x07\x00\x00\x00\x00\x00\x00',b'\x01\x00\x00\x00\x00\x00\x00\x00',2.7,2.6666666666666665,0.19595917942265426,1,2,2,0,,,,,0.1122353480590311,False,False,Aligned,1
E196,I07,b'\xe8\x07\x00\x00\x00\x00\x00\x00',b'\x02\x00\x00\x00\x00\x00\x00\x00',2.6666666666666665,2.5833333333333335,0.09797958971132699,1,2,2,0,,,,,0.1122353480590311,False,False,Aligned,1
E197,I07,b'\xe8\x07\x00\x00\x00\x00\x00\x00',b'\x01\x00\x00\x00\x00\x00\x00\x00',4.666666666666666,5.0,0.08000000000000007,1,2,2,0,,,,,0.1122353480590311,True,True,Aligned,1
E197,I07,b'\xe8\x07\x00\x00\x00\x00\x00\x00',b'\x02\x00\x00\x00\x00\x00\x00\x00',4.599999999999999,5.0,0.0,1,2,2,0,,,,,0.1122353480590311,True,True,Aligned,1
E198,I07,b'\xe8\x07\x00\x00\x00\x00\x00\x00',b'\x01\x00\x00\x00\x00\x00\x00\x00',4.2,4.5,0.0,1,2,2,0,,,,,0.1122353480590311,True,True,Aligned,1
E198,I07,b'\xe8\x07\x00\x00\x00\x00\x00\x00',b'\x02\x00\x00\x00\x00\x00\x00\x00',4.3999999999999995,4.583333333333333,0.1496662954709575,1,2,2,0,,,,,0.1122353480590311,True,True,Aligned,1
E199,I07,b'\xe8\x07\x00\x00\x00\x00\x00\x00',b'\x01\x00\x00\x00\x00\x00\x00\x00',5.0,5.0,0.0,1,2,2,0,,,,,0.1122353480590311,True,True,Aligned,1
E199,I07,b'\xe8\x07\x00\x00\x00\x00\x00\x00',b'\x02\x00\x00\x00\x00\x00\x00\x00',5.0,5.0,0.0,1,2,2,0,,,,,0.1122353480590311,True,True,Aligned,1
E200,I07,b'\xe8\x07\x00\x00\x00\x00\x00\x00',b'\x01\x00\x00\x00\x00\x00\x00\x00',3.9000000000000004,4.166666666666667,0.19595917942265434,1,2,2,0,,,,,0.1122353480590311,True,True,Aligned,1
E200,I07,b'\xe8\x07\x00\x00\x00\x00\x00\x00',b'\x02\x00\x00\x00\x00\x00\x00\x00',4.0,4.166666666666667,0.1496662954709578,1,2,2,0,,,,,0.1122353480590311,True,True,Aligned,1
E201,I07,b'\xe8\x07\x00\x00\x00\x00\x00\x00',b'\x01\x00\x00\x00\x00\x00\x00\x00',2.933333333333333,2.0833333333333335,0.32,1,2,2,0,,,,,0.1122353480590311,False,False,Aligned,1
E201,I07,b'\xe8\x07\x00\x00\x00\x00\x00\x00',b'\x02\x00\x00\x00\x00\x00\x00\x00',2.933333333333333,2.1666666666666665,0.16000000000000014,1,2,2,0,,,,,0.1122353480590311,False,False,Aligned,1
E202,I07,b'\xe8\x07\x00\x00\x00\x00\x00\x00',b'\x01\x00\x00\x00\x00\x00\x00\x00',4.933333333333334,4.916666666666667,0.16000000000000014,1,2,2,0,,,,,0.1122353480590311,True,True,Aligned,1
E202,I07,b'\xe8\x07\x00\x00\x00\x00\x00\x00',b'\x02\x00\x00\x00\x00\x00\x00\x00',5.0,5.0,0.0,1,2,2,0,,,,,0.1122353480590311,True,True,Aligned,1
E203,I07,b'\xe8\x07\x00\x00\x00\x00\x00\x00',b'\x01\x00\x00\x00\x00\x00\x00\x00',3.0999999999999996,3.1666666666666665,0.19595917942265423,1,2,2,0,,,,,0.1122353480590311,False,False,Aligned,1
E203,I07,b'\xe8\x07\x00\x00\x00\x00\x00\x00',b'\x02\x00\x00\x00\x00\x00\x00\x00',3.433333333333333,3.4166666666666665,0.3709447398198282,1,2,2,0,,,,,0.1122353480590311,False,False,Aligned,1
E204,I07,b'\xe8\x07\x00\x00\x00\x00\x00\x00',b'\x01\x00\x00\x00\x00\x00\x00\x00',3.033333333333333,2.4166666666666665,0.265329983228432,1,2,2,0,,,,,0.1122353480590311,False,False,Aligned,1
E204,I07,b'\xe8\x07\x00\x00\x00\x00\x00\x00',b'\x02\x00\x00\x00\x00\x00\x00\x00',3.266666666666667,3.0,0.21908902300206645,1,2,2,0,,,,,0.1122353480590311,False,False,Aligned,1
E205,I07,b'\xe8\x07\x00\x00\x00\x00\x00\x00',b'\x01\x00\x00\x00\x00\x00\x00\x00',2.6,2.0,0.0,1,2,2,0,,,,,0.1122353480590311,False,False,Aligned,1
E205,I07,b'\xe8\x07\x00\x00\x00\x00\x00\x00',b'\x02\x00\x00\x00\x00\x00\x00\x00',2.7333333333333334,2.25,0.09797958971132699,1,2,2,0,,,,,0.1122353480590311,False,False,Aligned,1
E206,I07,b'\xe8\x07\x00\x00\x00\x00\x00\x00',b'\x01\x00\x00\x00\x00\x00\x00\x00',4.400000000000001,5.0,0.0,1,2,2,0,,,,,0.1122353480590311,True,True,Aligned,1
E206,I07,b'\xe8\x07\x00\x00\x00\x00\x00\x00',b'\x02\x00\x00\x00\x00\x00\x00\x00',4.466666666666667,5.0,0.07999999999999972,1,2,2,0,,,,,0.1122353480590311,True,True,Aligned,1
E207,I07,b'\xe8\x07\x00\x00\x00\x00\x00\x00',b'\x01\x00\x00\x00\x00\x00\x00\x00',1.666666666666667,1.1666666666666667,0.07999999999999997,1,2,2,0,,,,,0.1122353480590311,False,False,Aligned,1
E207,I07,b'\xe8\x07\x00\x00\x00\x00\x00\x00',b'\x02\x00\x00\x00\x00\x00\x00\x00',1.8666666666666667,1.25,0.21908902300206648,1,2,2,0,,,,,0.1122353480590311,False,False,Aligned,1
E208,I08,b'\xe8\x07\x00\x00\x00\x00\x00\x00',b'\x01\x00\x00\x00\x00\x00\x00\x00',4.366666666666667,4.5,0.08660254037844395,1,1,2,0,,,,,0.12649110640673514,True,True,Aligned,1
E208,I08,b'\xe8\x07\x00\x00\x00\x00\x00\x00',b'\x02\x00\x00\x00\x00\x00\x00\x00',4.466666666666667,4.5,0.08660254037844355,1,1,2,0,,,,,0.12649110640673514,True,True,Aligned,1
E209,I08,b'\xe8\x07\x00\x00\x00\x00\x00\x00',b'\x01\x00\x00\x00\x00\x00\x00\x00',4.533333333333333,4.916666666666667,0.1599999999999998,1,2,2,0,,,,,0.12649110640673514,True,True,Aligned,1
E209,I08,b'\xe8\x07\x00\x00\x00\x00\x00\x00',b'\x02\x00\x00\x00\x00\x00\x00\x00',4.666666666666666,5.0,0.08000000000000007,1,2,2,0,,,,,0.12649110640673514,True,True,Aligned,1
E210,I08,b'\xe8\x07\x00\x00\x00\x00\x00\x00',b'\x01\x00\x00\x00\x00\x00\x00\x00',2.8333333333333335,3.0,0.12649110640673514,1,2,2,0,,,,,0.12649110640673514,False,False,Aligned,1
E210,I08,b'\xe8\x07\x00\x00\x00\x00\x00\x00',b'\x02\x00\x00\x00\x00\x00\x00\x00',3.0666666666666664,3.25,0.25298221281347044,1,2,2,0,,,,,0.12649110640673514,False,False,Aligned,1
E211,I08,b'\xe8\x07\x00\x00\x00\x00\x00\x00',b'\x01\x00\x00\x00\x00\x00\x00\x00',2.0,1.5,0.0,1,1,2,0,,,,,0.12649110640673514,False,False,Aligned,1
E211,I08,b'\xe8\x07\x00\x00\x00\x00\x00\x00',b'\x02\x00\x00\x00\x00\x00\x00\x00',2.2333333333333334,1.9166666666666667,0.14142135623730948,1,1,2,0,,,,,0.12649110640673514,False,False,Aligned,1
E212,I08,b'\xe8\x07\x00\x00\x00\x00\x00\x00',b'\x01\x00\x00\x00\x00\x00\x00\x00',3.966666666666667,5.0,0.08000000000000007,1,2,2,0,,,,,0.12649110640673514,True,True,Aligned,1
E212,I08,b'\xe8\x07\x00\x00\x00\x00\x00\x00',b'\x02\x00\x00\x00\x00\x00\x00\x00',4.166666666666667,5.0,0.16000000000000014,1,2,2,0,,,,,0.12649110640673514,True,True,Aligned,1
E213,I08,b'\xe8\x07\x00\x00\x00\x00\x00\x00',b'\x01\x00\x00\x00\x00\x00\x00\x00',3.2333333333333334,3.5,0.12649110640673514,1,2,2,0,,,,,0.12649110640673514,False,False,Aligned,1
E213,I08,b'\xe8\x07\x00\x00\x00\x00\x00\x00',b'\x02\x00\x00\x00\x00\x00\x00\x00',3.566666666666666,4.083333333333333,0.20396078054371128,1,2,2,0,,,,,0.12649110640673514,False,True,Anti-Aligned,0
E214,I08,b'\xe8\x07\x00\x00\x00\x00\x00\x00',b'\x01\x00\x00\x00\x00\x00\x00\x00',3.4,4.0,0.0,1,1,2,0,,,,,0.12649110640673514,False,True,Anti-Aligned,0
E214,I08,b'\xe8\x07\x00\x00\x00\x00\x00\x00',b'\x02\x00\x00\x00\x00\x00\x00\x00',3.6999999999999997,4.25,0.22360679774997896,1,1,2,0,,,,,0.12649110640673514,False,True,Anti-Aligned,0
E215,I08,b'\xe8\x07\x00\x00\x00\x00\x00\x00',b'\x01\x00\x00\x00\x00\x00\x00\x00',4.766666666666667,4.5,0.07453559924999306,1,0,2,3,,,,,0.12649110640673514,True,True,Aligned,1
E215,I08,b'\xe8\x07\x00\x00\x00\x00\x00\x00',b'\x02\x00\x00\x00\x00\x00\x00\x00',4.9,4.75,0.0942809041582064,1,0,2,3,,,,,0.12649110640673514,True,True,Aligned,1
E216,I08,b'\xe8\x07\x00\x00\x00\x00\x00\x00',b'\x01\x00\x00\x00\x00\x00\x00\x00',3.0,3.0,0.0,1,2,2,0,,,,,0.12649110640673514,False,False,Aligned,1
E216,I08,b'\xe8\x07\x00\x00\x00\x00\x00\x00',b'\x02\x00\x00\x00\x00\x00\x00\x00',3.333333333333334,3.5,0.20396078054371136,1,2,2,0,,,,,0.12649110640673514,False,False,Aligned,1
E217,I08,b'\xe8\x07\x00\x00\x00\x00\x00\x00',b'\x01\x00\x00\x00\x00\x00\x00\x00',3.266666666666667,2.1666666666666665,0.08660254037844375,1,1,2,0,,,,,0.12649110640673514,False,False,Aligned,1
E217,I08,b'\xe8\x07\x00\x00\x00\x00\x00\x00',b'\x02\x00\x00\x00\x00\x00\x00\x00',3.3666666666666667,2.25,0.16583123951776996,1,1,2,0,,,,,0.12649110640673514,False,False,Aligned,1
E218,I08,b'\xe8\x07\x00\x00\x00\x00\x00\x00',b'\x01\x00\x00\x00\x00\x00\x00\x00',4.133333333333334,4.0,0.09797958971132721,1,2,2,0,,,,,0.12649110640673514,True,True,Aligned,1
E218,I08,b'\xe8\x07\x00\x00\x00\x00\x00\x00',b'\x02\x00\x00\x00\x00\x00\x00\x00',4.300000000000001,4.083333333333333,0.09797958971132721,1,2,2,0,,,,,0.12649110640673514,True,True,Aligned,1
E219,I08,b'\xe8\x07\x00\x00\x00\x00\x00\x00',b'\x01\x00\x00\x00\x00\x00\x00\x00',4.477777777777778,4.166666666666667,0.1490711984999857,1,0,2,3,,,,,0.12649110640673514,True,True,Aligned,1
E219,I08,b'\xe8\x07\x00\x00\x00\x00\x00\x00',b'\x02\x00\x00\x00\x00\x00\x00\x00',4.711111111111112,4.5,0.22110831935702652,1,0,2,3,,,,,0.12649110640673514,True,True,Aligned,1
E220,I08,b'\xe8\x07\x00\x00\x00\x00\x00\x00',b'\x01\x00\x00\x00\x00\x00\x00\x00',2.1777777777777785,1.722222222222222,0.16329931618554516,1,0,2,3,,,,,0.12649110640673514,False,False,Aligned,1
E220,I08,b'\xe8\x07\x00\x00\x00\x00\x00\x00',b'\x02\x00\x00\x00\x00\x00\x00\x00',2.4777777777777774,2.0,0.22110831935702654,1,0,2,3,,,,,0.12649110640673514,False,False,Aligned,1
E221,I09,b'\xe8\x07\x00\x00\x00\x00\x00\x00',b'\x01\x00\x00\x00\x00\x00\x00\x00',4.0,4.0,0.0,1,1,2,0,,,,,0.10000000000000009,True,True,Aligned,1
E221,I09,b'\xe8\x07\x00\x00\x00\x00\x00\x00',b'\x02\x00\x00\x00\x00\x00\x00\x00',4.333333333333333,4.333333333333333,0.2179449471770336,1,1,2,0,,,,,0.10000000000000009,True,True,Aligned,1
E222,I09,b'\xe8\x07\x00\x00\x00\x00\x00\x00',b'\x01\x00\x00\x00\x00\x00\x00\x00',2.333333333333334,2.111111111111111,0.268741924943285,1,0,2,3,,,,,0.10000000000000009,False,False,Aligned,1
E222,I09,b'\xe8\x07\x00\x00\x00\x00\x00\x00',b'\x02\x00\x00\x00\x00\x00\x00\x00',2.8,2.611111111111111,0.3055050463303893,1,0,2,3,,,,,0.10000000000000009,False,False,Aligned,1
E223,I09,b'\xe8\x07\x00\x00\x00\x00\x00\x00',b'\x01\x00\x00\x00\x00\x00\x00\x00',4.966666666666667,5.0,0.08660254037844395,1,1,2,0,,,,,0.10000000000000009,True,True,Aligned,1
E223,I09,b'\xe8\x07\x00\x00\x00\x00\x00\x00',b'\x02\x00\x00\x00\x00\x00\x00\x00',5.0,5.0,0.0,1,1,2,0,,,,,0.10000000000000009,True,True,Aligned,1
E224,I09,b'\xe8\x07\x00\x00\x00\x00\x00\x00',b'\x01\x00\x00\x00\x00\x00\x00\x00',4.699999999999999,4.833333333333333,0.1527525231651945,1,0,2,3,,,,,0.10000000000000009,True,True,Aligned,1
E224,I09,b'\xe8\x07\x00\x00\x00\x00\x00\x00',b'\x02\x00\x00\x00\x00\x00\x00\x00',4.933333333333334,5.0,0.0942809041582064,1,0,2,3,,,,,0.10000000000000009,True,True,Aligned,1
E225,I09,b'\xe8\x07\x00\x00\x00\x00\x00\x00',b'\x01\x00\x00\x00\x00\x00\x00\x00',4.400000000000001,5.0,0.0,1,1,2,0,,,,,0.10000000000000009,True,True,Aligned,1
E225,I09,b'\xe8\x07\x00\x00\x00\x00\x00\x00',b'\x02\x00\x00\x00\x00\x00\x00\x00',4.400000000000001,5.0,0.0,1,1,2,0,,,,,0.10000000000000009,True,True,Aligned,1
E226,I09,b'\xe8\x07\x00\x00\x00\x00\x00\x00',b'\x01\x00\x00\x00\x00\x00\x00\x00',1.6,1.9166666666666667,0.21794494717703372,1,1,2,0,,,,,0.10000000000000009,False,False,Aligned,1
E226,I09,b'\xe8\x07\x00\x00\x00\x00\x00\x00',b'\x02\x00\x00\x00\x00\x00\x00\x00',1.8333333333333333,2.1666666666666665,0.24494897427831785,1,1,2,0,,,,,0.10000000000000009,False,False,Aligned,1
E227,I09,b'\xe8\x07\x00\x00\x00\x00\x00\x00',b'\x01\x00\x00\x00\x00\x00\x00\x00',2.155555555555556,2.1666666666666665,0.24267032964268392,1,0,2,3,,,,,0.10000000000000009,False,False,Aligned,1
E227,I09,b'\xe8\x07\x00\x00\x00\x00\x00\x00',b'\x02\x00\x00\x00\x00\x00\x00\x00',2.511111111111111,2.6666666666666665,0.3605551275463989,1,0,2,3,,,,,0.10000000000000009,False,False,Aligned,1
E228,I09,b'\xe8\x07\x00\x00\x00\x00\x00\x00',b'\x01\x00\x00\x00\x00\x00\x00\x00',4.433333333333334,4.416666666666667,0.1414213562373093,1,1,2,0,,,,,0.10000000000000009,True,True,Aligned,1
E228,I09,b'\xe8\x07\x00\x00\x00\x00\x00\x00',b'\x02\x00\x00\x00\x00\x00\x00\x00',4.6,4.75,0.1414213562373093,1,1,2,0,,,,,0.10000000000000009,True,True,Aligned,1
E229,I09,b'\xe8\x07\x00\x00\x00\x00\x00\x00',b'\x01\x00\x00\x00\x00\x00\x00\x00',4.133333333333334,4.416666666666667,0.10000000000000009,1,1,2,0,,,,,0.10000000000000009,True,True,Aligned,1
E229,I09,b'\xe8\x07\x00\x00\x00\x00\x00\x00',b'\x02\x00\x00\x00\x00\x00\x00\x00',4.2666666666666675,4.583333333333333,0.1732050807568875,1,1,2,0,,,,,0.10000000000000009,True,True,Aligned,1
E230,I09,b'\xe8\x07\x00\x00\x00\x00\x00\x00',b'\x01\x00\x00\x00\x00\x00\x00\x00',3.8666666666666663,4.0,0.08660254037844393,1,1,2,0,,,,,0.10000000000000009,True,True,Aligned,1
E230,I09,b'\xe8\x07\x00\x00\x00\x00\x00\x00',b'\x02\x00\x00\x00\x00\x00\x00\x00',4.033333333333334,4.333333333333333,0.24494897427831802,1,1,2,0,,,,,0.10000000000000009,True,True,Aligned,1
E231,I09,b'\xe8\x07\x00\x00\x00\x00\x00\x00',b'\x01\x00\x00\x00\x00\x00\x00\x00',4.333333333333334,4.333333333333333,0.10000000000000009,1,1,2,0,,,,,0.10000000000000009,True,True,Aligned,1
E231,I09,b'\xe8\x07\x00\x00\x00\x00\x00\x00',b'\x02\x00\x00\x00\x00\x00\x00\x00',4.5,4.75,0.09999999999999964,1,1,2,0,,,,,0.10000000000000009,True,True,Aligned,1
E232,I09,b'\xe8\x07\x00\x00\x00\x00\x00\x00',b'\x01\x00\x00\x00\x00\x00\x00\x00',3.933333333333333,4.0,0.1732050807568877,1,1,2,0,,,,,0.10000000000000009,True,True,Aligned,1
E232,I09,b'\xe8\x07\x00\x00\x00\x00\x00\x00',b'\x02\x00\x00\x00\x00\x00\x00\x00',4.2333333333333325,4.25,0.24494897427831766,1,1,2,0,,,,,0.10000000000000009,True,True,Aligned,1
E233,I09,b'\xe8\x07\x00\x00\x00\x00\x00\x00',b'\x01\x00\x00\x00\x00\x00\x00\x00',4.400000000000001,4.5,0.0,1,1,2,0,,,,,0.10000000000000009,True,True,Aligned,1
E233,I09,b'\xe8\x07\x00\x00\x00\x00\x00\x00',b'\x02\x00\x00\x00\x00\x00\x00\x00',4.433333333333334,4.583333333333333,0.08660254037844355,1,1,2,0,,,,,0.10000000000000009,True,True,Aligned,1
E234,I09,b'\xe8\x07\x00\x00\x00\x00\x00\x00',b'\x01\x00\x00\x00\x00\x00\x00\x00',4.566666666666666,5.0,0.08660254037844356,1,1,2,0,,,,,0.10000000000000009,True,True,Aligned,1
E234,I09,b'\xe8\x07\x00\x00\x00\x00\x00\x00',b'\x02\x00\x00\x00\x00\x00\x00\x00',4.7333333333333325,5.0,0.08660254037844393,1,1,2,0,,,,,0.10000000000000009,True,True,Aligned,1
E235,I09,b'\xe8\x07\x00\x00\x00\x00\x00\x00',b'\x01\x00\x00\x00\x00\x00\x00\x00',4.566666666666666,4.916666666666667,0.08660254037844356,1,1,2,0,,,,,0.10000000000000009,True,True,Aligned,1
E235,I09,b'\xe8\x07\x00\x00\x00\x00\x00\x00',b'\x02\x00\x00\x00\x00\x00\x00\x00',4.699999999999999,5.0,0.10000000000000009,1,1,2,0,,,,,0.10000000000000009,True,True,Aligned,1
E236,I09,b'\xe8\x07\x00\x00\x00\x00\x00\x00',b'\x01\x00\x00\x00\x00\x00\x00\x00',3.8333333333333335,4.5,0.14142135623730948,1,1,2,0,,,,,0.10000000000000009,True,True,Aligned,1
E236,I09,b'\xe8\x07\x00\x00\x00\x00\x00\x00',b'\x02\x00\x00\x00\x00\x00\x00\x00',4.0,4.666666666666667,0.2598076211353318,1,1,2,0,,,,,0.10000000000000009,True,True,Aligned,1
E237,I09,b'\xe8\x07\x00\x00\x00\x00\x00\x00',b'\x01\x00\x00\x00\x00\x00\x00\x00',3.6666666666666665,3.1666666666666665,0.08660254037844375,1,1,2,0,,,,,0.10000000000000009,False,False,Aligned,1
E237,I09,b'\xe8\x07\x00\x00\x00\x00\x00\x00',b'\x02\x00\x00\x00\x00\x00\x00\x00',3.7666666666666666,3.25,0.16583123951776996,1,1,2,0,,,,,0.10000000000000009,False,False,Aligned,1
E238,I09,b'\xe8\x07\x00\x00\x00\x00\x00\x00',b'\x01\x00\x00\x00\x00\x00\x00\x00',3.4000000000000004,3.5833333333333335,0.2179449471770337,1,1,2,0,,,,,0.10000000000000009,False,False,Aligned,1
E238,I09,b'\xe8\x07\x00\x00\x00\x00\x00\x00',b'\x02\x00\x00\x00\x00\x00\x00\x00',3.6999999999999997,3.6666666666666665,0.22360679774997896,1,1,2,0,,,,,0.10000000000000009,False,False,Aligned,1
E239,I09,b'\xe8\x07\x00\x00\x00\x00\x00\x00',b'\x01\x00\x00\x00\x00\x00\x00\x00',2.6666666666666665,2.6666666666666665,0.08660254037844375,1,1,2,0,,,,,0.10000000000000009,False,False,Aligned,1
E239,I09,b'\xe8\x07\x00\x00\x00\x00\x00\x00',b'\x02\x00\x00\x00\x00\x00\x00\x00',2.8,3.0,0.16583123951776996,1,1,2,0,,,,,0.10000000000000009,False,False,Aligned,1
E240,I09,b'\xe8\x07\x00\x00\x00\x00\x00\x00',b'\x01\x00\x00\x00\x00\x00\x00\x00',2.5999999999999996,3.5833333333333335,0.16583123951776998,1,1,2,0,,,,,0.10000000000000009,False,False,Aligned,1
E240,I09,b'\xe8\x07\x00\x00\x00\x00\x00\x00',b'\x02\x00\x00\x00\x00\x00\x00\x00',2.8666666666666663,3.9166666666666665,0.08660254037844393,1,1,2,0,,,,,0.10000000000000009,False,True,Anti-Aligned,0
E241,I09,b'\xe8\x07\x00\x00\x00\x00\x00\x00',b'\x01\x00\x00\x00\x00\x00\x00\x00',3.6666666666666665,3.0833333333333335,0.28284271247461895,1,1,2,0,,,,,0.10000000000000009,False,False,Aligned,1
E241,I09,b'\xe8\x07\x00\x00\x00\x00\x00\x00',b'\x02\x00\x00\x00\x00\x00\x00\x00',3.7333333333333334,3.3333333333333335,0.17320508075688767,1,1,2,0,,,,,0.10000000000000009,False,False,Aligned,1
E242,I09,b'\xe8\x07\x00\x00\x00\x00\x00\x00',b'\x01\x00\x00\x00\x00\x00\x00\x00',5.0,5.0,0.0,1,1,2,0,,,,,0.10000000000000009,True,True,Aligned,1
E242,I09,b'\xe8\x07\x00\x00\x00\x00\x00\x00',b'\x02\x00\x00\x00\x00\x00\x00\x00',5.0,5.0,0.0,1,1,2,0,,,,,0.10000000000000009,True,True,Aligned,1
E243,I09,b'\xe8\x07\x00\x00\x00\x00\x00\x00',b'\x01\x00\x00\x00\x00\x00\x00\x00',3.166666666666667,4.5,0.08660254037844395,1,1,2,0,,,,,0.10000000000000009,False,True,Anti-Aligned,0
E243,I09,b'\xe8\x07\x00\x00\x00\x00\x00\x00',b'\x02\x00\x00\x00\x00\x00\x00\x00',3.3333333333333335,4.583333333333333,0.08660254037844375,1,1,2,0,,,,,0.10000000000000009,False,True,Anti-Aligned,0
E244,I09,b'\xe8\x07\x00\x00\x00\x00\x00\x00',b'\x01\x00\x00\x00\x00\x00\x00\x00',4.566666666666666,5.0,0.08660254037844355,1,1,2,0,,,,,0.10000000000000009,True,True,Aligned,1
E244,I09,b'\xe8\x07\x00\x00\x00\x00\x00\x00',b'\x02\x00\x00\x00\x00\x00\x00\x00',4.599999999999999,5.0,0.0,1,1,2,0,,,,,0.10000000000000009,True,True,Aligned,1
E245,I09,b'\xe8\x07\x00\x00\x00\x00\x00\x00',b'\x01\x00\x00\x00\x00\x00\x00\x00',3.933333333333333,3.9166666666666665,0.2958039891549809,1,1,2,0,,,,,0.10000000000000009,True,True,Aligned,1
E245,I09,b'\xe8\x07\x00\x00\x00\x00\x00\x00',b'\x02\x00\x00\x00\x00\x00\x00\x00',4.233333333333333,4.166666666666667,0.14142135623730964,1,1,2,0,,,,,0.10000000000000009,True,True,Aligned,1
E246,I09,b'\xe8\x07\x00\x00\x00\x00\x00\x00',b'\x01\x00\x00\x00\x00\x00\x00\x00',4.566666666666666,4.916666666666667,0.08660254037844356,1,1,2,0,,,,,0.10000000000000009,True,True,Aligned,1
E246,I09,b'\xe8\x07\x00\x00\x00\x00\x00\x00',b'\x02\x00\x00\x00\x00\x00\x00\x00',4.666666666666666,5.0,0.08660254037844393,1,1,2,0,,,,,0.10000000000000009,True,True,Aligned,1
E247,I09,b'\xe8\x07\x00\x00\x00\x00\x00\x00',b'\x01\x00\x00\x00\x00\x00\x00\x00',4.5,4.583333333333333,0.21794494717703353,1,1,2,0,,,,,0.10000000000000009,True,True,Aligned,1
E247,I09,b'\xe8\x07\x00\x00\x00\x00\x00\x00',b'\x02\x00\x00\x00\x00\x00\x00\x00',4.566666666666666,4.666666666666667,0.16583123951776974,1,1,2,0,,,,,0.10000000000000009,True,True,Aligned,1
E248,I09,b'\xe8\x07\x00\x00\x00\x00\x00\x00',b'\x01\x00\x00\x00\x00\x00\x00\x00',4.400000000000001,4.5,0.0,1,1,2,0,,,,,0.10000000000000009,True,True,Aligned,1
E248,I09,b'\xe8\x07\x00\x00\x00\x00\x00\x00',b'\x02\x00\x00\x00\x00\x00\x00\x00',4.6,4.5,0.19999999999999973,1,1,2,0,,,,,0.10000000000000009,True,True,Aligned,1
E249,I09,b'\xe8\x07\x00\x00\x00\x00\x00\x00',b'\x01\x00\x00\x00\x00\x00\x00\x00',4.7333333333333325,4.416666666666667,0.1732050807568875,1,1,2,0,,,,,0.10000000000000009,True,True,Aligned,1
E249,I09,b'\xe8\x07\x00\x00\x00\x00\x00\x00',b'\x02\x00\x00\x00\x00\x00\x00\x00',4.8,4.5,0.0,1,1,2,0,,,,,0.10000000000000009,True,True,Aligned,1
E250,I09,b'\xe8\x07\x00\x00\x00\x00\x00\x00',b'\x01\x00\x00\x00\x00\x00\x00\x00',4.2666666666666675,4.166666666666667,0.08660254037844393,1,1,2,0,,,,,0.10000000000000009,True,True,Aligned,1
E250,I09,b'\xe8\x07\x00\x00\x00\x00\x00\x00',b'\x02\x00\x00\x00\x00\x00\x00\x00',4.300000000000001,4.25,0.10000000000000009,1,1,2,0,,,,,0.10000000000000009,True,True,Aligned,1
E251,I09,b'\xe8\x07\x00\x00\x00\x00\x00\x00',b'\x01\x00\x00\x00\x00\x00\x00\x00',2.433333333333333,1.9166666666666667,0.14142135623730948,1,1,2,0,,,,,0.10000000000000009,False,False,Aligned,1
E251,I09,b'\xe8\x07\x00\x00\x00\x00\x00\x00',b'\x02\x00\x00\x00\x00\x00\x00\x00',2.6333333333333333,2.1666666666666665,0.24494897427831783,1,1,2,0,,,,,0.10000000000000009,False,False,Aligned,1
E252,I09,b'\xe8\x07\x00\x00\x00\x00\x00\x00',b'\x01\x00\x00\x00\x00\x00\x00\x00',2.733333333333333,2.4166666666666665,0.17320508075688767,1,1,2,0,,,,,0.10000000000000009,False,False,Aligned,1
E252,I09,b'\xe8\x07\x00\x00\x00\x00\x00\x00',b'\x02\x00\x00\x00\x00\x00\x00\x00',3.2,2.9166666666666665,0.2958039891549809,1,1,2,0,,,,,0.10000000000000009,False,False,Aligned,1
E253,I09,b'\xe8\x07\x00\x00\x00\x00\x00\x00',b'\x01\x00\x00\x00\x00\x00\x00\x00',4.566666666666666,4.5,0.08660254037844356,1,1,2,0,,,,,0.10000000000000009,True,True,Aligned,1
E253,I09,b'\xe8\x07\x00\x00\x00\x00\x00\x00',b'\x02\x00\x00\x00\x00\x00\x00\x00',4.666666666666666,4.5,0.08660254037844393,1,1,2,0,,,,,0.10000000000000009,True,True,Aligned,1
E254,I09,b'\xe8\x07\x00\x00\x00\x00\x00\x00',b'\x01\x00\x00\x00\x00\x00\x00\x00',2.266666666666667,2.1666666666666665,0.08660254037844375,1,1,2,0,,,,,0.10000000000000009,False,False,Aligned,1
E254,I09,b'\xe8\x07\x00\x00\x00\x00\x00\x00',b'\x02\x00\x00\x00\x00\x00\x00\x00',2.3,2.25,0.09999999999999987,1,1,2,0,,,,,0.10000000000000009,False,False,Aligned,1
E255,I09,b'\xe8\x07\x00\x00\x00\x00\x00\x00',b'\x01\x00\x00\x00\x00\x00\x00\x00',4.599999999999999,4.5,0.0,1,1,2,0,,,,,0.10000000000000009,True,True,Aligned,1
E255,I09,b'\xe8\x07\x00\x00\x00\x00\x00\x00',b'\x02\x00\x00\x00\x00\x00\x00\x00',4.766666666666667,4.666666666666667,0.16583123951777015,1,1,2,0,,,,,0.10000000000000009,True,True,Aligned,1
E256,I09,b'\xe8\x07\x00\x00\x00\x00\x00\x00',b'\x01\x00\x00\x00\x00\x00\x00\x00',4.433333333333334,4.666666666666667,0.1414213562373093,1,1,2,0,,,,,0.10000000000000009,True,True,Aligned,1
E256,I09,b'\xe8\x07\x00\x00\x00\x00\x00\x00',b'\x02\x00\x00\x00\x00\x00\x00\x00',4.5,4.666666666666667,0.09999999999999964,1,1,2,0,,,,,0.10000000000000009,True,True,Aligned,1
E257,I09,b'\xe8\x07\x00\x00\x00\x00\x00\x00',b'\x01\x00\x00\x00\x00\x00\x00\x00',4.566666666666666,5.0,0.08660254037844355,1,1,2,0,,,,,0.10000000000000009,True,True,Aligned,1
E257,I09,b'\xe8\x07\x00\x00\x00\x00\x00\x00',b'\x02\x00\x00\x00\x00\x00\x00\x00',4.666666666666666,5.0,0.08660254037844393,1,1,2,0,,,,,0.10000000000000009,True,True,Aligned,1
E258,I09,b'\xe8\x07\x00\x00\x00\x00\x00\x00',b'\x01\x00\x00\x00\x00\x00\x00\x00',3.7666666666666666,3.9166666666666665,0.22360679774997896,1,1,2,0,,,,,0.10000000000000009,False,True,Anti-Aligned,0
E258,I09,b'\xe8\x07\x00\x00\x00\x00\x00\x00',b'\x02\x00\x00\x00\x00\x00\x00\x00',3.8666666666666663,4.083333333333333,0.10000000000000009,1,1,2,0,,,,,0.10000000000000009,True,True,Aligned,1
E259,I10,b'\xe8\x07\x00\x00\x00\x00\x00\x00',b'\x01\x00\x00\x00\x00\x00\x00\x00',4.433333333333334,4.0,0.1414213562373093,1,1,2,0,,,,,0.10000000000000009,True,True,Aligned,1
E259,I10,b'\xe8\x07\x00\x00\x00\x00\x00\x00',b'\x02\x00\x00\x00\x00\x00\x00\x00',4.400000000000001,4.0,0.0,1,1,2,0,,,,,0.10000000000000009,True,True,Aligned,1
E260,I10,b'\xe8\x07\x00\x00\x00\x00\x00\x00',b'\x01\x00\x00\x00\x00\x00\x00\x00',3.5777777777777775,5.0,0.2,1,0,2,3,,,,,0.10000000000000009,False,True,Anti-Aligned,0
E260,I10,b'\xe8\x07\x00\x00\x00\x00\x00\x00',b'\x02\x00\x00\x00\x00\x00\x00\x00',3.8000000000000003,5.0,0.28284271247461906,1,0,2,3,,,,,0.10000000000000009,True,True,Aligned,1
E261,I10,b'\xe8\x07\x00\x00\x00\x00\x00\x00',b'\x01\x00\x00\x00\x00\x00\x00\x00',2.0,1.5,0.0,1,1,2,0,,,,,0.10000000000000009,False,False,Aligned,1
E261,I10,b'\xe8\x07\x00\x00\x00\x00\x00\x00',b'\x02\x00\x00\x00\x00\x00\x00\x00',2.2666666666666666,1.8333333333333333,0.3464101615137754,1,1,2,0,,,,,0.10000000000000009,False,False,Aligned,1
E262,I10,b'\xe8\x07\x00\x00\x00\x00\x00\x00',b'\x01\x00\x00\x00\x00\x00\x00\x00',3.3666666666666663,4.0,0.08660254037844375,1,1,2,0,,,,,0.10000000000000009,False,True,Anti-Aligned,0
E262,I10,b'\xe8\x07\x00\x00\x00\x00\x00\x00',b'\x02\x00\x00\x00\x00\x00\x00\x00',3.6666666666666665,4.333333333333333,0.34641016151377557,1,1,2,0,,,,,0.10000000000000009,False,True,Anti-Aligned,0
E263,I10,b'\xe8\x07\x00\x00\x00\x00\x00\x00',b'\x01\x00\x00\x00\x00\x00\x00\x00',3.966666666666667,4.0,0.08660254037844395,1,1,2,0,,,,,0.10000000000000009,True,True,Aligned,1
E263,I10,b'\xe8\x07\x00\x00\x00\x00\x00\x00',b'\x02\x00\x00\x00\x00\x00\x00\x00',4.2333333333333325,4.166666666666667,0.24494897427831766,1,1,2,0,,,,,0.10000000000000009,True,True,Aligned,1
E264,I10,b'\xe8\x07\x00\x00\x00\x00\x00\x00',b'\x01\x00\x00\x00\x00\x00\x00\x00',2.033333333333333,2.5,0.14142135623730953,1,1,2,0,,,,,0.10000000000000009,False,False,Aligned,1
E264,I10,b'\xe8\x07\x00\x00\x00\x00\x00\x00',b'\x02\x00\x00\x00\x00\x00\x00\x00',2.2333333333333334,2.6666666666666665,0.14142135623730948,1,1,2,0,,,,,0.10000000000000009,False,False,Aligned,1
E265,I10,b'\xe8\x07\x00\x00\x00\x00\x00\x00',b'\x01\x00\x00\x00\x00\x00\x00\x00',4.8,5.0,0.0,1,1,2,0,,,,,0.10000000000000009,True,True,Aligned,1
E265,I10,b'\xe8\x07\x00\x00\x00\x00\x00\x00',b'\x02\x00\x00\x00\x00\x00\x00\x00',4.9,5.0,0.10000000000000009,1,1,2,0,,,,,0.10000000000000009,True,True,Aligned,1
E266,I10,b'\xe8\x07\x00\x00\x00\x00\x00\x00',b'\x01\x00\x00\x00\x00\x00\x00\x00',4.633333333333333,5.0,0.1414213562373093,1,1,2,0,,,,,0.10000000000000009,True,True,Aligned,1
E266,I10,b'\xe8\x07\x00\x00\x00\x00\x00\x00',b'\x02\x00\x00\x00\x00\x00\x00\x00',4.666666666666666,5.0,0.08660254037844393,1,1,2,0,,,,,0.10000000000000009,True,True,Aligned,1
E267,I10,b'\xe8\x07\x00\x00\x00\x00\x00\x00',b'\x01\x00\x00\x00\x00\x00\x00\x00',3.4000000000000004,2.6666666666666665,0.16583123951776993,1,1,2,0,,,,,0.10000000000000009,False,False,Aligned,1
E267,I10,b'\xe8\x07\x00\x00\x00\x00\x00\x00',b'\x02\x00\x00\x00\x00\x00\x00\x00',3.533333333333333,2.6666666666666665,0.1732050807568877,1,1,2,0,,,,,0.10000000000000009,False,False,Aligned,1
E268,I10,b'\xe8\x07\x00\x00\x00\x00\x00\x00',b'\x01\x00\x00\x00\x00\x00\x00\x00',4.8,4.5,0.0,1,1,2,0,,,,,0.10000000000000009,True,True,Aligned,1
E268,I10,b'\xe8\x07\x00\x00\x00\x00\x00\x00',b'\x02\x00\x00\x00\x00\x00\x00\x00',4.9,4.75,0.10000000000000009,1,1,2,0,,,,,0.10000000000000009,True,True,Aligned,1
E269,I10,b'\xe8\x07\x00\x00\x00\x00\x00\x00',b'\x01\x00\x00\x00\x00\x00\x00\x00',1.9666666666666666,2.0,0.08660254037844385,1,1,2,0,,,,,0.10000000000000009,False,False,Aligned,1
E269,I10,b'\xe8\x07\x00\x00\x00\x00\x00\x00',b'\x02\x00\x00\x00\x00\x00\x00\x00',2.1333333333333333,2.0,0.1732050807568877,1,1,2,0,,,,,0.10000000000000009,False,False,Aligned,1
E270,I10,b'\xe8\x07\x00\x00\x00\x00\x00\x00',b'\x01\x00\x00\x00\x00\x00\x00\x00',4.533333333333333,5.0,0.09999999999999964,1,1,2,0,,,,,0.10000000000000009,True,True,Aligned,1
E270,I10,b'\xe8\x07\x00\x00\x00\x00\x00\x00',b'\x02\x00\x00\x00\x00\x00\x00\x00',4.599999999999999,5.0,0.0,1,1,2,0,,,,,0.10000000000000009,True,True,Aligned,1
E271,I10,b'\xe8\x07\x00\x00\x00\x00\x00\x00',b'\x01\x00\x00\x00\x00\x00\x00\x00',4.822222222222221,5.0,0.07453559924999306,1,0,2,3,,,,,0.10000000000000009,True,True,Aligned,1
E271,I10,b'\xe8\x07\x00\x00\x00\x00\x00\x00',b'\x02\x00\x00\x00\x00\x00\x00\x00',4.888888888888888,5.0,0.09428090415820642,1,0,2,3,,,,,0.10000000000000009,True,True,Aligned,1
E272,I10,b'\xe8\x07\x00\x00\x00\x00\x00\x00',b'\x01\x00\x00\x00\x00\x00\x00\x00',3.533333333333333,3.6666666666666665,0.1732050807568877,1,1,2,0,,,,,0.10000000000000009,False,False,Aligned,1
E272,I10,b'\xe8\x07\x00\x00\x00\x00\x00\x00',b'\x02\x00\x00\x00\x00\x00\x00\x00',3.566666666666666,3.5833333333333335,0.16583123951776998,1,1,2,0,,,,,0.10000000000000009,False,False,Aligned,1
E273,I10,b'\xe8\x07\x00\x00\x00\x00\x00\x00',b'\x01\x00\x00\x00\x00\x00\x00\x00',5.0,5.0,0.0,1,1,2,0,,,,,0.10000000000000009,True,True,Aligned,1
E273,I10,b'\xe8\x07\x00\x00\x00\x00\x00\x00',b'\x02\x00\x00\x00\x00\x00\x00\x00',5.0,5.0,0.0,1,1,2,0,,,,,0.10000000000000009,True,True,Aligned,1
E274,I10,b'\xe8\x07\x00\x00\x00\x00\x00\x00',b'\x01\x00\x00\x00\x00\x00\x00\x00',4.666666666666666,4.666666666666667,0.08660254037844393,1,1,2,0,,,,,0.10000000000000009,True,True,Aligned,1
E274,I10,b'\xe8\x07\x00\x00\x00\x00\x00\x00',b'\x02\x00\x00\x00\x00\x00\x00\x00',4.766666666666667,4.666666666666667,0.16583123951777015,1,1,2,0,,,,,0.10000000000000009,True,True,Aligned,1
E275,I10,b'\xe8\x07\x00\x00\x00\x00\x00\x00',b'\x01\x00\x00\x00\x00\x00\x00\x00',3.2333333333333334,3.0,0.14142135623730948,1,1,2,0,,,,,0.10000000000000009,False,False,Aligned,1
E275,I10,b'\xe8\x07\x00\x00\x00\x00\x00\x00',b'\x02\x00\x00\x00\x00\x00\x00\x00',3.3666666666666667,3.0833333333333335,0.16583123951776996,1,1,2,0,,,,,0.10000000000000009,False,False,Aligned,1
E276,I10,b'\xe8\x07\x00\x00\x00\x00\x00\x00',b'\x01\x00\x00\x00\x00\x00\x00\x00',4.666666666666666,5.0,0.08660254037844393,1,1,2,0,,,,,0.10000000000000009,True,True,Aligned,1
E276,I10,b'\xe8\x07\x00\x00\x00\x00\x00\x00',b'\x02\x00\x00\x00\x00\x00\x00\x00',4.599999999999999,5.0,0.0,1,1,2,0,,,,,0.10000000000000009,True,True,Aligned,1
E277,I11,b'\xe8\x07\x00\x00\x00\x00\x00\x00',b'\x01\x00\x00\x00\x00\x00\x00\x00',4.633333333333333,4.666666666666667,0.1414213562373093,1,1,2,0,,,,,0.14524627736864773,True,True,Aligned,1
E277,I11,b'\xe8\x07\x00\x00\x00\x00\x00\x00',b'\x02\x00\x00\x00\x00\x00\x00\x00',4.699999999999999,4.5,0.10000000000000009,1,1,2,0,,,,,0.14524627736864773,True,True,Aligned,1
E278,I11,b'\xe8\x07\x00\x00\x00\x00\x00\x00',b'\x01\x00\x00\x00\x00\x00\x00\x00',4.066666666666666,4.0,0.08660254037844393,1,1,2,0,,,,,0.14524627736864773,True,True,Aligned,1
E278,I11,b'\xe8\x07\x00\x00\x00\x00\x00\x00',b'\x02\x00\x00\x00\x00\x00\x00\x00',4.133333333333334,4.0,0.17320508075688787,1,1,2,0,,,,,0.14524627736864773,True,True,Aligned,1
E279,I11,b'\xe8\x07\x00\x00\x00\x00\x00\x00',b'\x01\x00\x00\x00\x00\x00\x00\x00',3.811111111111112,3.0277777777777772,0.13743685418725535,1,0,2,3,,,,,0.14524627736864773,True,False,Anti-Aligned,0
E279,I11,b'\xe8\x07\x00\x00\x00\x00\x00\x00',b'\x02\x00\x00\x00\x00\x00\x00\x00',3.9777777777777774,3.3333333333333335,0.27487370837451097,1,0,2,3,,,,,0.14524627736864773,True,False,Anti-Aligned,0
E280,I11,b'\xe8\x07\x00\x00\x00\x00\x00\x00',b'\x01\x00\x00\x00\x00\x00\x00\x00',1.6000000000000003,1.5,0.0,1,1,2,0,,,,,0.14524627736864773,False,False,Aligned,1
E280,I11,b'\xe8\x07\x00\x00\x00\x00\x00\x00',b'\x02\x00\x00\x00\x00\x00\x00\x00',1.8999999999999997,1.9166666666666667,0.223606797749979,1,1,2,0,,,,,0.14524627736864773,False,False,Aligned,1
E281,I11,b'\xe8\x07\x00\x00\x00\x00\x00\x00',b'\x01\x00\x00\x00\x00\x00\x00\x00',2.8333333333333335,2.5,0.14142135623730948,1,1,2,0,,,,,0.14524627736864773,False,False,Aligned,1
E281,I11,b'\xe8\x07\x00\x00\x00\x00\x00\x00',b'\x02\x00\x00\x00\x00\x00\x00\x00',3.033333333333333,2.6666666666666665,0.24494897427831783,1,1,2,0,,,,,0.14524627736864773,False,False,Aligned,1
E282,I11,b'\xe8\x07\x00\x00\x00\x00\x00\x00',b'\x01\x00\x00\x00\x00\x00\x00\x00',2.3333333333333335,1.5833333333333333,0.2598076211353316,1,1,2,0,,,,,0.14524627736864773,False,False,Aligned,1
E282,I11,b'\xe8\x07\x00\x00\x00\x00\x00\x00',b'\x02\x00\x00\x00\x00\x00\x00\x00',2.6333333333333333,1.8333333333333333,0.14142135623730948,1,1,2,0,,,,,0.14524627736864773,False,False,Aligned,1
E283,I11,b'\xe8\x07\x00\x00\x00\x00\x00\x00',b'\x01\x00\x00\x00\x00\x00\x00\x00',5.0,5.0,0.0,1,1,2,0,,,,,0.14524627736864773,True,True,Aligned,1
E283,I11,b'\xe8\x07\x00\x00\x00\x00\x00\x00',b'\x02\x00\x00\x00\x00\x00\x00\x00',5.0,5.0,0.0,1,1,2,0,,,,,0.14524627736864773,True,True,Aligned,1
E284,I11,b'\xe8\x07\x00\x00\x00\x00\x00\x00',b'\x01\x00\x00\x00\x00\x00\x00\x00',4.599999999999999,4.5,0.0,1,1,2,0,,,,,0.14524627736864773,True,True,Aligned,1
E284,I11,b'\xe8\x07\x00\x00\x00\x00\x00\x00',b'\x02\x00\x00\x00\x00\x00\x00\x00',4.7333333333333325,4.666666666666667,0.17320508075688787,1,1,2,0,,,,,0.14524627736864773,True,True,Aligned,1
E285,I11,b'\xe8\x07\x00\x00\x00\x00\x00\x00',b'\x01\x00\x00\x00\x00\x00\x00\x00',3.8333333333333335,4.083333333333333,0.29580398915498085,1,1,2,0,,,,,0.14524627736864773,True,True,Aligned,1
E285,I11,b'\xe8\x07\x00\x00\x00\x00\x00\x00',b'\x02\x00\x00\x00\x00\x00\x00\x00',3.9000000000000004,4.083333333333333,0.10000000000000009,1,1,2,0,,,,,0.14524627736864773,True,True,Aligned,1
E286,I11,b'\xe8\x07\x00\x00\x00\x00\x00\x00',b'\x01\x00\x00\x00\x00\x00\x00\x00',2.088888888888889,2.611111111111111,0.14907119849998599,1,0,2,3,,,,,0.14524627736864773,False,False,Aligned,1
E286,I11,b'\xe8\x07\x00\x00\x00\x00\x00\x00',b'\x02\x00\x00\x00\x00\x00\x00\x00',2.466666666666667,3.0,0.33499585403736293,1,0,2,3,,,,,0.14524627736864773,False,False,Aligned,1
E287,I11,b'\xe8\x07\x00\x00\x00\x00\x00\x00',b'\x01\x00\x00\x00\x00\x00\x00\x00',4.666666666666666,4.666666666666667,0.08660254037844393,1,1,2,0,,,,,0.14524627736864773,True,True,Aligned,1
E287,I11,b'\xe8\x07\x00\x00\x00\x00\x00\x00',b'\x02\x00\x00\x00\x00\x00\x00\x00',4.7333333333333325,4.666666666666667,0.17320508075688787,1,1,2,0,,,,,0.14524627736864773,True,True,Aligned,1
E288,I11,b'\xe8\x07\x00\x00\x00\x00\x00\x00',b'\x01\x00\x00\x00\x00\x00\x00\x00',3.566666666666667,3.3333333333333335,0.3,1,1,2,0,,,,,0.14524627736864773,False,False,Aligned,1
E288,I11,b'\xe8\x07\x00\x00\x00\x00\x00\x00',b'\x02\x00\x00\x00\x00\x00\x00\x00',3.7333333333333334,3.0,0.17320508075688767,1,1,2,0,,,,,0.14524627736864773,False,False,Aligned,1
E289,I11,b'\xe8\x07\x00\x00\x00\x00\x00\x00',b'\x01\x00\x00\x00\x00\x00\x00\x00',4.6,4.083333333333333,0.2179449471770335,1,1,2,0,,,,,0.14524627736864773,True,True,Aligned,1
E289,I11,b'\xe8\x07\x00\x00\x00\x00\x00\x00',b'\x02\x00\x00\x00\x00\x00\x00\x00',4.7333333333333325,4.333333333333333,0.08660254037844393,1,1,2,0,,,,,0.14524627736864773,True,True,Aligned,1
E290,I11,b'\xe8\x07\x00\x00\x00\x00\x00\x00',b'\x01\x00\x00\x00\x00\x00\x00\x00',4.933333333333334,4.833333333333333,0.10000000000000009,1,1,2,0,,,,,0.14524627736864773,True,True,Aligned,1
E290,I11,b'\xe8\x07\x00\x00\x00\x00\x00\x00',b'\x02\x00\x00\x00\x00\x00\x00\x00',5.0,5.0,0.0,1,1,2,0,,,,,0.14524627736864773,True,True,Aligned,1
E291,I11,b'\xe8\x07\x00\x00\x00\x00\x00\x00',b'\x01\x00\x00\x00\x00\x00\x00\x00',2.5999999999999996,2.5833333333333335,0.16583123951776998,1,1,2,0,,,,,0.14524627736864773,False,False,Aligned,1
E291,I11,b'\xe8\x07\x00\x00\x00\x00\x00\x00',b'\x02\x00\x00\x00\x00\x00\x00\x00',2.933333333333333,2.9166666666666665,0.3316624790355399,1,1,2,0,,,,,0.14524627736864773,False,False,Aligned,1
E292,I12,b'\xe8\x07\x00\x00\x00\x00\x00\x00',b'\x01\x00\x00\x00\x00\x00\x00\x00',2.533333333333333,3.5,0.1322875655532295,1,5,2,0,,,,,0.1322875655532294,False,False,Aligned,1
E292,I12,b'\xe8\x07\x00\x00\x00\x00\x00\x00',b'\x02\x00\x00\x00\x00\x00\x00\x00',2.56,3.6666666666666665,0.14142135623730953,1,5,2,0,,,,,0.1322875655532294,False,False,Aligned,1
E293,I12,b'\xe8\x07\x00\x00\x00\x00\x00\x00',b'\x01\x00\x00\x00\x00\x00\x00\x00',2.9444444444444446,3.1666666666666665,0.31446603773522014,1,0,2,3,,,,,0.1322875655532294,False,False,Aligned,1
E293,I12,b'\xe8\x07\x00\x00\x00\x00\x00\x00',b'\x02\x00\x00\x00\x00\x00\x00\x00',3.344444444444444,3.5833333333333335,0.3829708431025352,1,0,2,3,,,,,0.1322875655532294,False,False,Aligned,1
E294,I12,b'\xe8\x07\x00\x00\x00\x00\x00\x00',b'\x01\x00\x00\x00\x00\x00\x00\x00',4.533333333333333,3.9166666666666665,0.13228756555322935,1,5,2,0,,,,,0.1322875655532294,True,True,Aligned,1
E294,I12,b'\xe8\x07\x00\x00\x00\x00\x00\x00',b'\x02\x00\x00\x00\x00\x00\x00\x00',4.599999999999999,4.0,0.0,1,5,2,0,,,,,0.1322875655532294,True,True,Aligned,1
E295,I12,b'\xe8\x07\x00\x00\x00\x00\x00\x00',b'\x01\x00\x00\x00\x00\x00\x00\x00',2.6333333333333333,3.4166666666666665,0.09999999999999998,1,5,2,0,,,,,0.1322875655532294,False,False,Aligned,1
E295,I12,b'\xe8\x07\x00\x00\x00\x00\x00\x00',b'\x02\x00\x00\x00\x00\x00\x00\x00',2.8133333333333335,3.6666666666666665,0.13919410907075047,1,5,2,0,,,,,0.1322875655532294,False,False,Aligned,1
E296,I12,b'\xe8\x07\x00\x00\x00\x00\x00\x00',b'\x01\x00\x00\x00\x00\x00\x00\x00',4.633333333333333,4.416666666666667,0.09999999999999987,1,5,2,0,,,,,0.1322875655532294,True,True,Aligned,1
E296,I12,b'\xe8\x07\x00\x00\x00\x00\x00\x00',b'\x02\x00\x00\x00\x00\x00\x00\x00',4.599999999999999,4.5,0.0,1,5,2,0,,,,,0.1322875655532294,True,True,Aligned,1
E297,I12,b'\xe8\x07\x00\x00\x00\x00\x00\x00',b'\x01\x00\x00\x00\x00\x00\x00\x00',2.533333333333333,2.8333333333333335,0.334995854037363,1,0,2,3,,,,,0.1322875655532294,False,False,Aligned,1
E297,I12,b'\xe8\x07\x00\x00\x00\x00\x00\x00',b'\x02\x00\x00\x00\x00\x00\x00\x00',2.888888888888889,3.055555555555556,0.3399346342395191,1,0,2,3,,,,,0.1322875655532294,False,False,Aligned,1
E298,I12,b'\xe8\x07\x00\x00\x00\x00\x00\x00',b'\x01\x00\x00\x00\x00\x00\x00\x00',5.0,5.0,0.0,1,5,2,0,,,,,0.1322875655532294,True,True,Aligned,1
E298,I12,b'\xe8\x07\x00\x00\x00\x00\x00\x00',b'\x02\x00\x00\x00\x00\x00\x00\x00',5.0,5.0,0.0,1,5,2,0,,,,,0.1322875655532294,True,True,Aligned,1
E299,I12,b'\xe8\x07\x00\x00\x00\x00\x00\x00',b'\x01\x00\x00\x00\x00\x00\x00\x00',4.599999999999999,5.0,0.0,1,5,2,0,,,,,0.1322875655532294,True,True,Aligned,1
E299,I12,b'\xe8\x07\x00\x00\x00\x00\x00\x00',b'\x02\x00\x00\x00\x00\x00\x00\x00',4.666666666666666,5.0,0.06614378277661483,1,5,2,0,,,,,0.1322875655532294,True,True,Aligned,1
E300,I12,b'\xe8\x07\x00\x00\x00\x00\x00\x00',b'\x01\x00\x00\x00\x00\x00\x00\x00',3.5999999999999996,4.0,0.0,1,5,2,0,,,,,0.1322875655532294,False,True,Anti-Aligned,0
E300,I12,b'\xe8\x07\x00\x00\x00\x00\x00\x00',b'\x02\x00\x00\x00\x00\x00\x00\x00',3.7733333333333334,4.2,0.13919410907075047,1,5,2,0,,,,,0.1322875655532294,False,True,Anti-Aligned,0
E301,I12,b'\xe8\x07\x00\x00\x00\x00\x00\x00',b'\x01\x00\x00\x00\x00\x00\x00\x00',4.866666666666666,4.666666666666667,0.06614378277661483,1,5,2,0,,,,,0.1322875655532294,True,True,Aligned,1
E301,I12,b'\xe8\x07\x00\x00\x00\x00\x00\x00',b'\x02\x00\x00\x00\x00\x00\x00\x00',4.8,4.5,0.0,1,5,2,0,,,,,0.1322875655532294,True,True,Aligned,1
E302,I12,b'\xe8\x07\x00\x00\x00\x00\x00\x00',b'\x01\x00\x00\x00\x00\x00\x00\x00',3.033333333333333,2.388888888888889,0.34156502553198664,1,0,2,3,,,,,0.1322875655532294,False,False,Aligned,1
E302,I12,b'\xe8\x07\x00\x00\x00\x00\x00\x00',b'\x02\x00\x00\x00\x00\x00\x00\x00',3.022222222222222,2.055555555555556,0.2516611478423584,1,0,2,3,,,,,0.1322875655532294,False,False,Aligned,1
E303,I12,b'\xe8\x07\x00\x00\x00\x00\x00\x00',b'\x01\x00\x00\x00\x00\x00\x00\x00',2.7,3.0,0.15612494995995996,1,5,2,0,,,,,0.1322875655532294,False,False,Aligned,1
E303,I12,b'\xe8\x07\x00\x00\x00\x00\x00\x00',b'\x02\x00\x00\x00\x00\x00\x00\x00',2.7800000000000002,3.0,0.14142135623730945,1,5,2,0,,,,,0.1322875655532294,False,False,Aligned,1
E304,I12,b'\xe8\x07\x00\x00\x00\x00\x00\x00',b'\x01\x00\x00\x00\x00\x00\x00\x00',4.2,4.0,0.0,1,5,2,0,,,,,0.1322875655532294,True,True,Aligned,1
E304,I12,b'\xe8\x07\x00\x00\x00\x00\x00\x00',b'\x02\x00\x00\x00\x00\x00\x00\x00',4.38,4.2,0.1414213562373094,1,5,2,0,,,,,0.1322875655532294,True,True,Aligned,1
E305,I12,b'\xe8\x07\x00\x00\x00\x00\x00\x00',b'\x01\x00\x00\x00\x00\x00\x00\x00',2.3333333333333335,3.0,0.1322875655532295,1,5,2,0,,,,,0.1322875655532294,False,False,Aligned,1
E305,I12,b'\xe8\x07\x00\x00\x00\x00\x00\x00',b'\x02\x00\x00\x00\x00\x00\x00\x00',2.6466666666666665,3.1999999999999997,0.19843134832984435,1,5,2,0,,,,,0.1322875655532294,False,False,Aligned,1
E306,I12,b'\xe8\x07\x00\x00\x00\x00\x00\x00',b'\x01\x00\x00\x00\x00\x00\x00\x00',2.266666666666667,2.0833333333333335,0.17320508075688776,1,5,2,0,,,,,0.1322875655532294,False,False,Aligned,1
E306,I12,b'\xe8\x07\x00\x00\x00\x00\x00\x00',b'\x02\x00\x00\x00\x00\x00\x00\x00',2.3666666666666667,2.3333333333333335,0.14142135623730945,1,5,2,0,,,,,0.1322875655532294,False,False,Aligned,1
E307,I12,b'\xe8\x07\x00\x00\x00\x00\x00\x00',b'\x01\x00\x00\x00\x00\x00\x00\x00',4.366666666666667,4.416666666666667,0.06614378277661483,1,5,2,0,,,,,0.1322875655532294,True,True,Aligned,1
E307,I12,b'\xe8\x07\x00\x00\x00\x00\x00\x00',b'\x02\x00\x00\x00\x00\x00\x00\x00',4.546666666666667,4.7,0.1391941090707503,1,5,2,0,,,,,0.1322875655532294,True,True,Aligned,1
E308,I12,b'\xe8\x07\x00\x00\x00\x00\x00\x00',b'\x01\x00\x00\x00\x00\x00\x00\x00',4.933333333333334,4.916666666666667,0.13228756555322965,1,5,2,0,,,,,0.1322875655532294,True,True,Aligned,1
E308,I12,b'\xe8\x07\x00\x00\x00\x00\x00\x00',b'\x02\x00\x00\x00\x00\x00\x00\x00',5.0,5.0,0.0,1,5,2,0,,,,,0.1322875655532294,True,True,Aligned,1
E309,I12,b'\xe8\x07\x00\x00\x00\x00\x00\x00',b'\x01\x00\x00\x00\x00\x00\x00\x00',1.7999999999999998,1.0,0.0,1,5,2,0,,,,,0.1322875655532294,False,False,Aligned,1
E309,I12,b'\xe8\x07\x00\x00\x00\x00\x00\x00',b'\x02\x00\x00\x00\x00\x00\x00\x00',2.1466666666666665,1.4166666666666667,0.2727178028658929,1,5,2,0,,,,,0.1322875655532294,False,False,Aligned,1
E310,I12,b'\xe8\x07\x00\x00\x00\x00\x00\x00',b'\x01\x00\x00\x00\x00\x00\x00\x00',1.9000000000000001,2.5833333333333335,0.15612494995995999,1,5,2,0,,,,,0.1322875655532294,False,False,Aligned,1
E310,I12,b'\xe8\x07\x00\x00\x00\x00\x00\x00',b'\x02\x00\x00\x00\x00\x00\x00\x00',1.9799999999999995,2.6666666666666665,0.14142135623730953,1,5,2,0,,,,,0.1322875655532294,False,False,Aligned,1
E311,I12,b'\xe8\x07\x00\x00\x00\x00\x00\x00',b'\x01\x00\x00\x00\x00\x00\x00\x00',3.433333333333333,4.0,0.09999999999999998,1,5,2,0,,,,,0.1322875655532294,False,True,Anti-Aligned,0
E311,I12,b'\xe8\x07\x00\x00\x00\x00\x00\x00',b'\x02\x00\x00\x00\x00\x00\x00\x00',3.6333333333333337,4.0,0.20000000000000004,1,5,2,0,,,,,0.1322875655532294,False,True,Anti-Aligned,0
E312,I12,b'\xe8\x07\x00\x00\x00\x00\x00\x00',b'\x01\x00\x00\x00\x00\x00\x00\x00',4.066666666666666,4.5,0.06614378277661483,1,5,2,0,,,,,0.1322875655532294,True,True,Aligned,1
E312,I12,b'\xe8\x07\x00\x00\x00\x00\x00\x00',b'\x02\x00\x00\x00\x00\x00\x00\x00',4.166666666666667,4.5,0.13919410907075067,1,5,2,0,,,,,0.1322875655532294,True,True,Aligned,1
E313,I12,b'\xe8\x07\x00\x00\x00\x00\x00\x00',b'\x01\x00\x00\x00\x00\x00\x00\x00',2.0999999999999996,1.6666666666666667,0.15612494995995993,1,5,2,0,,,,,0.1322875655532294,False,False,Aligned,1
E313,I12,b'\xe8\x07\x00\x00\x00\x00\x00\x00',b'\x02\x00\x00\x00\x00\x00\x00\x00',2.1466666666666665,1.5,0.10000000000000009,1,5,2,0,,,,,0.1322875655532294,False,False,Aligned,1
E314,I12,b'\xe8\x07\x00\x00\x00\x00\x00\x00',b'\x01\x00\x00\x00\x00\x00\x00\x00',2.0,2.0,0.0,1,5,2,0,,,,,0.1322875655532294,False,False,Aligned,1
E314,I12,b'\xe8\x07\x00\x00\x00\x00\x00\x00',b'\x02\x00\x00\x00\x00\x00\x00\x00',2.18,2.033333333333333,0.14142135623730953,1,5,2,0,,,,,0.1322875655532294,False,False,Aligned,1
E315,I12,b'\xe8\x07\x00\x00\x00\x00\x00\x00',b'\x01\x00\x00\x00\x00\x00\x00\x00',4.0,3.5,0.0,1,5,2,0,,,,,0.1322875655532294,True,False,Anti-Aligned,0
E315,I12,b'\xe8\x07\x00\x00\x00\x00\x00\x00',b'\x02\x00\x00\x00\x00\x00\x00\x00',4.126666666666666,3.6999999999999997,0.14142135623730964,1,5,2,0,,,,,0.1322875655532294,True,False,Anti-Aligned,0
E316,I12,b'\xe8\x07\x00\x00\x00\x00\x00\x00',b'\x01\x00\x00\x00\x00\x00\x00\x00',3.2333333333333334,4.5,0.09999999999999998,1,5,2,0,,,,,0.1322875655532294,False,True,Anti-Aligned,0
E316,I12,b'\xe8\x07\x00\x00\x00\x00\x00\x00',b'\x02\x00\x00\x00\x00\x00\x00\x00',3.3466666666666667,4.7,0.1391941090707505,1,5,2,0,,,,,0.1322875655532294,False,True,Anti-Aligned,0
E317,I12,b'\xe8\x07\x00\x00\x00\x00\x00\x00',b'\x01\x00\x00\x00\x00\x00\x00\x00',3.533333333333333,4.555555555555555,0.23094010767585033,1,0,2,3,,,,,0.1322875655532294,False,True,Anti-Aligned,0
E317,I12,b'\xe8\x07\x00\x00\x00\x00\x00\x00',b'\x02\x00\x00\x00\x00\x00\x00\x00',3.644444444444444,4.611111111111112,0.2516611478423584,1,0,2,3,,,,,0.1322875655532294,False,True,Anti-Aligned,0
E318,I12,b'\xe8\x07\x00\x00\x00\x00\x00\x00',b'\x01\x00\x00\x00\x00\x00\x00\x00',4.0,3.6111111111111107,0.21343747458109513,1,0,2,3,,,,,0.1322875655532294,True,False,Anti-Aligned,0
E318,I12,b'\xe8\x07\x00\x00\x00\x00\x00\x00',b'\x02\x00\x00\x00\x00\x00\x00\x00',4.166666666666667,4.027777777777778,0.23094010767585052,1,0,2,3,,,,,0.1322875655532294,True,True,Aligned,1
E319,I12,b'\xe8\x07\x00\x00\x00\x00\x00\x00',b'\x01\x00\x00\x00\x00\x00\x00\x00',4.433333333333334,4.083333333333333,0.09999999999999987,1,5,2,0,,,,,0.1322875655532294,True,True,Aligned,1
E319,I12,b'\xe8\x07\x00\x00\x00\x00\x00\x00',b'\x02\x00\x00\x00\x00\x00\x00\x00',4.493333333333334,4.2,0.09682458365518508,1,5,2,0,,,,,0.1322875655532294,True,True,Aligned,1
E320,I12,b'\xe8\x07\x00\x00\x00\x00\x00\x00',b'\x01\x00\x00\x00\x00\x00\x00\x00',3.1333333333333337,4.916666666666667,0.08660254037844395,1,5,2,0,,,,,0.1322875655532294,False,True,Anti-Aligned,0
E320,I12,b'\xe8\x07\x00\x00\x00\x00\x00\x00',b'\x02\x00\x00\x00\x00\x00\x00\x00',3.4333333333333336,5.0,0.17139136501002605,1,5,2,0,,,,,0.1322875655532294,False,True,Anti-Aligned,0
E321,I12,b'\xe8\x07\x00\x00\x00\x00\x00\x00',b'\x01\x00\x00\x00\x00\x00\x00\x00',3.5999999999999996,3.5,0.0,1,5,2,0,,,,,0.1322875655532294,False,False,Aligned,1
E321,I12,b'\xe8\x07\x00\x00\x00\x00\x00\x00',b'\x02\x00\x00\x00\x00\x00\x00\x00',3.6666666666666665,3.6666666666666665,0.06614378277661467,1,5,2,0,,,,,0.1322875655532294,False,False,Aligned,1
E322,I12,b'\xe8\x07\x00\x00\x00\x00\x00\x00',b'\x01\x00\x00\x00\x00\x00\x00\x00',2.8333333333333335,2.9166666666666665,0.09999999999999998,1,5,2,0,,,,,0.1322875655532294,False,False,Aligned,1
E322,I12,b'\xe8\x07\x00\x00\x00\x00\x00\x00',b'\x02\x00\x00\x00\x00\x00\x00\x00',2.9999999999999996,3.1666666666666665,0.19843134832984433,1,5,2,0,,,,,0.1322875655532294,False,False,Aligned,1
E323,I12,b'\xe8\x07\x00\x00\x00\x00\x00\x00',b'\x01\x00\x00\x00\x00\x00\x00\x00',3.266666666666667,3.5,0.06614378277661467,1,5,2,0,,,,,0.1322875655532294,False,False,Aligned,1
E323,I12,b'\xe8\x07\x00\x00\x00\x00\x00\x00',b'\x02\x00\x00\x00\x00\x00\x00\x00',3.466666666666667,3.9166666666666665,0.19843134832984416,1,5,2,0,,,,,0.1322875655532294,False,True,Anti-Aligned,0
E324,I12,b'\xe8\x07\x00\x00\x00\x00\x00\x00',b'\x01\x00\x00\x00\x00\x00\x00\x00',4.533333333333333,4.833333333333333,0.13228756555322935,1,5,2,0,,,,,0.1322875655532294,True,True,Aligned,1
E324,I12,b'\xe8\x07\x00\x00\x00\x00\x00\x00',b'\x02\x00\x00\x00\x00\x00\x00\x00',4.599999999999999,5.0,0.0,1,5,2,0,,,,,0.1322875655532294,True,True,Aligned,1
E325,I12,b'\xe8\x07\x00\x00\x00\x00\x00\x00',b'\x01\x00\x00\x00\x00\x00\x00\x00',4.833333333333333,5.0,0.10000000000000009,1,5,2,0,,,,,0.1322875655532294,True,True,Aligned,1
E325,I12,b'\xe8\x07\x00\x00\x00\x00\x00\x00',b'\x02\x00\x00\x00\x00\x00\x00\x00',4.8,5.0,0.0,1,5,2,0,,,,,0.1322875655532294,True,True,Aligned,1
E326,I12,b'\xe8\x07\x00\x00\x00\x00\x00\x00',b'\x01\x00\x00\x00\x00\x00\x00\x00',4.566666666666666,5.0,0.06614378277661453,1,5,2,0,,,,,0.1322875655532294,True,True,Aligned,1
E326,I12,b'\xe8\x07\x00\x00\x00\x00\x00\x00',b'\x02\x00\x00\x00\x00\x00\x00\x00',4.633333333333333,5.0,0.06614378277661483,1,5,2,0,,,,,0.1322875655532294,True,True,Aligned,1
E327,I12,b'\xe8\x07\x00\x00\x00\x00\x00\x00',b'\x01\x00\x00\x00\x00\x00\x00\x00',3.0,3.5,0.0,1,5,2,0,,,,,0.1322875655532294,False,False,Aligned,1
E327,I12,b'\xe8\x07\x00\x00\x00\x00\x00\x00',b'\x02\x00\x00\x00\x00\x00\x00\x00',3.1599999999999997,3.5,0.14142135623730953,1,5,2,0,,,,,0.1322875655532294,False,False,Aligned,1
E328,I12,b'\xe8\x07\x00\x00\x00\x00\x00\x00',b'\x01\x00\x00\x00\x00\x00\x00\x00',2.466666666666667,1.5,0.06614378277661483,1,5,2,0,,,,,0.1322875655532294,False,False,Aligned,1
E328,I12,b'\xe8\x07\x00\x00\x00\x00\x00\x00',b'\x02\x00\x00\x00\x00\x00\x00\x00',2.7,1.7833333333333332,0.13228756555322946,1,5,2,0,,,,,0.1322875655532294,False,False,Aligned,1
E329,I13,b'\xe8\x07\x00\x00\x00\x00\x00\x00',b'\x01\x00\x00\x00\x00\x00\x00\x00',4.833333333333333,5.0,0.14907119849998612,1,0,2,3,,,,,0.09797958971132721,True,True,Aligned,1
E329,I13,b'\xe8\x07\x00\x00\x00\x00\x00\x00',b'\x02\x00\x00\x00\x00\x00\x00\x00',4.933333333333334,5.0,0.0942809041582064,1,0,2,3,,,,,0.09797958971132721,True,True,Aligned,1
E330,I13,b'\xe8\x07\x00\x00\x00\x00\x00\x00',b'\x01\x00\x00\x00\x00\x00\x00\x00',3.6666666666666665,4.0,0.07999999999999989,1,2,2,0,,,,,0.09797958971132721,False,True,Anti-Aligned,0
E330,I13,b'\xe8\x07\x00\x00\x00\x00\x00\x00',b'\x02\x00\x00\x00\x00\x00\x00\x00',3.7666666666666666,4.083333333333333,0.0799999999999999,1,2,2,0,,,,,0.09797958971132721,False,True,Anti-Aligned,0
E331,I13,b'\xe8\x07\x00\x00\x00\x00\x00\x00',b'\x01\x00\x00\x00\x00\x00\x00\x00',4.033333333333334,3.4166666666666665,0.12649110640673528,1,2,2,0,,,,,0.09797958971132721,True,False,Anti-Aligned,0
E331,I13,b'\xe8\x07\x00\x00\x00\x00\x00\x00',b'\x02\x00\x00\x00\x00\x00\x00\x00',4.066666666666666,3.6666666666666665,0.08000000000000007,1,2,2,0,,,,,0.09797958971132721,True,False,Anti-Aligned,0
E332,I13,b'\xe8\x07\x00\x00\x00\x00\x00\x00',b'\x01\x00\x00\x00\x00\x00\x00\x00',2.1555555555555554,1.7222222222222223,0.30550504633038933,1,0,2,3,,,,,0.09797958971132721,False,False,Aligned,1
E332,I13,b'\xe8\x07\x00\x00\x00\x00\x00\x00',b'\x02\x00\x00\x00\x00\x00\x00\x00',2.511111111111111,2.0,0.37859388972001823,1,0,2,3,,,,,0.09797958971132721,False,False,Aligned,1
E333,I13,b'\xe8\x07\x00\x00\x00\x00\x00\x00',b'\x01\x00\x00\x00\x00\x00\x00\x00',4.533333333333333,5.0,0.09797958971132678,1,2,2,0,,,,,0.09797958971132721,True,True,Aligned,1
E333,I13,b'\xe8\x07\x00\x00\x00\x00\x00\x00',b'\x02\x00\x00\x00\x00\x00\x00\x00',4.766666666666667,5.0,0.08000000000000007,1,2,2,0,,,,,0.09797958971132721,True,True,Aligned,1
E334,I13,b'\xe8\x07\x00\x00\x00\x00\x00\x00',b'\x01\x00\x00\x00\x00\x00\x00\x00',4.8,5.0,0.0,1,2,2,0,,,,,0.09797958971132721,True,True,Aligned,1
E334,I13,b'\xe8\x07\x00\x00\x00\x00\x00\x00',b'\x02\x00\x00\x00\x00\x00\x00\x00',4.8,5.0,0.0,1,2,2,0,,,,,0.09797958971132721,True,True,Aligned,1
E335,I13,b'\xe8\x07\x00\x00\x00\x00\x00\x00',b'\x01\x00\x00\x00\x00\x00\x00\x00',3.966666666666667,4.416666666666667,0.08000000000000007,1,2,2,0,,,,,0.09797958971132721,True,True,Aligned,1
E335,I13,b'\xe8\x07\x00\x00\x00\x00\x00\x00',b'\x02\x00\x00\x00\x00\x00\x00\x00',4.166666666666667,4.666666666666667,0.16000000000000014,1,2,2,0,,,,,0.09797958971132721,True,True,Aligned,1
E336,I13,b'\xe8\x07\x00\x00\x00\x00\x00\x00',b'\x01\x00\x00\x00\x00\x00\x00\x00',4.6,5.0,0.19595917942265412,1,2,2,0,,,,,0.09797958971132721,True,True,Aligned,1
E336,I13,b'\xe8\x07\x00\x00\x00\x00\x00\x00',b'\x02\x00\x00\x00\x00\x00\x00\x00',4.766666666666667,5.0,0.16000000000000014,1,2,2,0,,,,,0.09797958971132721,True,True,Aligned,1
E337,I13,b'\xe8\x07\x00\x00\x00\x00\x00\x00',b'\x01\x00\x00\x00\x00\x00\x00\x00',4.599999999999999,4.5,0.0,1,2,2,0,,,,,0.09797958971132721,True,True,Aligned,1
E337,I13,b'\xe8\x07\x00\x00\x00\x00\x00\x00',b'\x02\x00\x00\x00\x00\x00\x00\x00',4.666666666666667,4.5,0.09797958971132721,1,2,2,0,,,,,0.09797958971132721,True,True,Aligned,1
E338,I13,b'\xe8\x07\x00\x00\x00\x00\x00\x00',b'\x01\x00\x00\x00\x00\x00\x00\x00',3.3666666666666663,3.0,0.0799999999999999,1,2,2,0,,,,,0.09797958971132721,False,False,Aligned,1
E338,I13,b'\xe8\x07\x00\x00\x00\x00\x00\x00',b'\x02\x00\x00\x00\x00\x00\x00\x00',3.6333333333333337,3.1666666666666665,0.23323807579381206,1,2,2,0,,,,,0.09797958971132721,False,False,Aligned,1
E339,I13,b'\xe8\x07\x00\x00\x00\x00\x00\x00',b'\x01\x00\x00\x00\x00\x00\x00\x00',4.566666666666666,5.0,0.07999999999999971,1,2,2,0,,,,,0.09797958971132721,True,True,Aligned,1
E339,I13,b'\xe8\x07\x00\x00\x00\x00\x00\x00',b'\x02\x00\x00\x00\x00\x00\x00\x00',4.599999999999999,5.0,0.0,1,2,2,0,,,,,0.09797958971132721,True,True,Aligned,1
E340,I13,b'\xe8\x07\x00\x00\x00\x00\x00\x00',b'\x01\x00\x00\x00\x00\x00\x00\x00',4.166666666666667,3.9166666666666665,0.08000000000000007,1,2,2,0,,,,,0.09797958971132721,True,True,Aligned,1
E340,I13,b'\xe8\x07\x00\x00\x00\x00\x00\x00',b'\x02\x00\x00\x00\x00\x00\x00\x00',4.366666666666666,4.25,0.15999999999999984,1,2,2,0,,,,,0.09797958971132721,True,True,Aligned,1
E341,I13,b'\xe8\x07\x00\x00\x00\x00\x00\x00',b'\x01\x00\x00\x00\x00\x00\x00\x00',4.8,4.5,0.0,1,2,2,0,,,,,0.09797958971132721,True,True,Aligned,1
E341,I13,b'\xe8\x07\x00\x00\x00\x00\x00\x00',b'\x02\x00\x00\x00\x00\x00\x00\x00',4.8,4.5,0.0,1,2,2,0,,,,,0.09797958971132721,True,True,Aligned,1
E342,I13,b'\xe8\x07\x00\x00\x00\x00\x00\x00',b'\x01\x00\x00\x00\x00\x00\x00\x00',4.766666666666667,4.916666666666667,0.08000000000000007,1,2,2,0,,,,,0.09797958971132721,True,True,Aligned,1
E342,I13,b'\xe8\x07\x00\x00\x00\x00\x00\x00',b'\x02\x00\x00\x00\x00\x00\x00\x00',4.9,5.0,0.09797958971132721,1,2,2,0,,,,,0.09797958971132721,True,True,Aligned,1
E343,I13,b'\xe8\x07\x00\x00\x00\x00\x00\x00',b'\x01\x00\x00\x00\x00\x00\x00\x00',3.6999999999999997,4.527777777777778,0.268741924943285,1,0,2,3,,,,,0.09797958971132721,False,True,Anti-Aligned,0
E343,I13,b'\xe8\x07\x00\x00\x00\x00\x00\x00',b'\x02\x00\x00\x00\x00\x00\x00\x00',3.8444444444444446,4.861111111111112,0.18856180831641275,1,0,2,3,,,,,0.09797958971132721,True,True,Aligned,1
E344,I13,b'\xe8\x07\x00\x00\x00\x00\x00\x00',b'\x01\x00\x00\x00\x00\x00\x00\x00',4.7333333333333325,4.333333333333333,0.09797958971132721,1,2,2,0,,,,,0.09797958971132721,True,True,Aligned,1
E344,I13,b'\xe8\x07\x00\x00\x00\x00\x00\x00',b'\x02\x00\x00\x00\x00\x00\x00\x00',4.9,4.75,0.09797958971132721,1,2,2,0,,,,,0.09797958971132721,True,True,Aligned,1
E345,I13,b'\xe8\x07\x00\x00\x00\x00\x00\x00',b'\x01\x00\x00\x00\x00\x00\x00\x00',3.7999999999999994,3.5,0.0,1,2,2,0,,,,,0.09797958971132721,True,False,Anti-Aligned,0
E345,I13,b'\xe8\x07\x00\x00\x00\x00\x00\x00',b'\x02\x00\x00\x00\x00\x00\x00\x00',4.066666666666667,3.9166666666666665,0.21908902300206665,1,2,2,0,,,,,0.09797958971132721,True,True,Aligned,1
E346,I13,b'\xe8\x07\x00\x00\x00\x00\x00\x00',b'\x01\x00\x00\x00\x00\x00\x00\x00',3.4,3.5,0.0,1,2,2,0,,,,,0.09797958971132721,False,False,Aligned,1
E346,I13,b'\xe8\x07\x00\x00\x00\x00\x00\x00',b'\x02\x00\x00\x00\x00\x00\x00\x00',3.6999999999999997,3.9166666666666665,0.30983866769659346,1,2,2,0,,,,,0.09797958971132721,False,True,Anti-Aligned,0
E347,I13,b'\xe8\x07\x00\x00\x00\x00\x00\x00',b'\x01\x00\x00\x00\x00\x00\x00\x00',1.9333333333333331,1.6666666666666667,0.16000000000000006,1,2,2,0,,,,,0.09797958971132721,False,False,Aligned,1
E347,I13,b'\xe8\x07\x00\x00\x00\x00\x00\x00',b'\x02\x00\x00\x00\x00\x00\x00\x00',1.9333333333333331,1.8333333333333333,0.16000000000000006,1,2,2,0,,,,,0.09797958971132721,False,False,Aligned,1
E348,I13,b'\xe8\x07\x00\x00\x00\x00\x00\x00',b'\x01\x00\x00\x00\x00\x00\x00\x00',4.400000000000001,4.5,0.0,1,2,2,0,,,,,0.09797958971132721,True,True,Aligned,1
E348,I13,b'\xe8\x07\x00\x00\x00\x00\x00\x00',b'\x02\x00\x00\x00\x00\x00\x00\x00',4.466666666666667,4.666666666666667,0.07999999999999972,1,2,2,0,,,,,0.09797958971132721,True,True,Aligned,1
E349,I13,b'\xe8\x07\x00\x00\x00\x00\x00\x00',b'\x01\x00\x00\x00\x00\x00\x00\x00',4.366666666666667,4.416666666666667,0.08000000000000007,1,2,2,0,,,,,0.09797958971132721,True,True,Aligned,1
E349,I13,b'\xe8\x07\x00\x00\x00\x00\x00\x00',b'\x02\x00\x00\x00\x00\x00\x00\x00',4.533333333333334,4.5,0.15999999999999978,1,2,2,0,,,,,0.09797958971132721,True,True,Aligned,1
E350,I13,b'\xe8\x07\x00\x00\x00\x00\x00\x00',b'\x01\x00\x00\x00\x00\x00\x00\x00',2.966666666666667,3.0,0.08000000000000007,1,2,2,0,,,,,0.09797958971132721,False,False,Aligned,1
E350,I13,b'\xe8\x07\x00\x00\x00\x00\x00\x00',b'\x02\x00\x00\x00\x00\x00\x00\x00',3.033333333333333,3.0833333333333335,0.08000000000000007,1,2,2,0,,,,,0.09797958971132721,False,False,Aligned,1
E351,I13,b'\xe8\x07\x00\x00\x00\x00\x00\x00',b'\x01\x00\x00\x00\x00\x00\x00\x00',4.333333333333334,4.0,0.09797958971132721,1,2,2,0,,,,,0.09797958971132721,True,True,Aligned,1
E351,I13,b'\xe8\x07\x00\x00\x00\x00\x00\x00',b'\x02\x00\x00\x00\x00\x00\x00\x00',4.6,4.25,0.14966629547095742,1,2,2,0,,,,,0.09797958971132721,True,True,Aligned,1
E352,I13,b'\xe8\x07\x00\x00\x00\x00\x00\x00',b'\x01\x00\x00\x00\x00\x00\x00\x00',4.766666666666667,4.916666666666667,0.08000000000000007,1,2,2,0,,,,,0.09797958971132721,True,True,Aligned,1
E352,I13,b'\xe8\x07\x00\x00\x00\x00\x00\x00',b'\x02\x00\x00\x00\x00\x00\x00\x00',4.9,5.0,0.09797958971132721,1,2,2,0,,,,,0.09797958971132721,True,True,Aligned,1
E353,I13,b'\xe8\x07\x00\x00\x00\x00\x00\x00',b'\x01\x00\x00\x00\x00\x00\x00\x00',2.5666666666666664,2.0,0.2039607805437113,1,2,2,0,,,,,0.09797958971132721,False,False,Aligned,1
E353,I13,b'\xe8\x07\x00\x00\x00\x00\x00\x00',b'\x02\x00\x00\x00\x00\x00\x00\x00',2.833333333333334,2.1666666666666665,0.23323807579381206,1,2,2,0,,,,,0.09797958971132721,False,False,Aligned,1
E354,I13,b'\xe8\x07\x00\x00\x00\x00\x00\x00',b'\x01\x00\x00\x00\x00\x00\x00\x00',3.6666666666666665,3.1666666666666665,0.07999999999999989,1,2,2,0,,,,,0.09797958971132721,False,False,Aligned,1
E354,I13,b'\xe8\x07\x00\x00\x00\x00\x00\x00',b'\x02\x00\x00\x00\x00\x00\x00\x00',3.933333333333333,3.4166666666666665,0.32000000000000006,1,2,2,0,,,,,0.09797958971132721,True,False,Anti-Aligned,0
E355,I13,b'\xe8\x07\x00\x00\x00\x00\x00\x00',b'\x01\x00\x00\x00\x00\x00\x00\x00',2.166666666666667,1.9166666666666667,0.08000000000000007,1,2,2,0,,,,,0.09797958971132721,False,False,Aligned,1
E355,I13,b'\xe8\x07\x00\x00\x00\x00\x00\x00',b'\x02\x00\x00\x00\x00\x00\x00\x00',2.5,2.25,0.3098386676965933,1,2,2,0,,,,,0.09797958971132721,False,False,Aligned,1
E356,I13,b'\xe8\x07\x00\x00\x00\x00\x00\x00',b'\x01\x00\x00\x00\x00\x00\x00\x00',5.0,5.0,0.0,1,0,2,3,,,,,0.09797958971132721,True,True,Aligned,1
E356,I13,b'\xe8\x07\x00\x00\x00\x00\x00\x00',b'\x02\x00\x00\x00\x00\x00\x00\x00',5.0,5.0,0.0,1,0,2,3,,,,,0.09797958971132721,True,True,Aligned,1
E357,I13,b'\xe8\x07\x00\x00\x00\x00\x00\x00',b'\x01\x00\x00\x00\x00\x00\x00\x00',4.6,4.416666666666667,0.14966629547095742,1,2,2,0,,,,,0.09797958971132721,True,True,Aligned,1
E357,I13,b'\xe8\x07\x00\x00\x00\x00\x00\x00',b'\x02\x00\x00\x00\x00\x00\x00\x00',4.599999999999999,4.5,0.0,1,2,2,0,,,,,0.09797958971132721,True,True,Aligned,1
E358,I13,b'\xe8\x07\x00\x00\x00\x00\x00\x00',b'\x01\x00\x00\x00\x00\x00\x00\x00',2.966666666666667,2.5,0.08000000000000007,1,2,2,0,,,,,0.09797958971132721,False,False,Aligned,1
E358,I13,b'\xe8\x07\x00\x00\x00\x00\x00\x00',b'\x02\x00\x00\x00\x00\x00\x00\x00',3.2,2.75,0.14966629547095764,1,2,2,0,,,,,0.09797958971132721,False,False,Aligned,1
E359,I13,b'\xe8\x07\x00\x00\x00\x00\x00\x00',b'\x01\x00\x00\x00\x00\x00\x00\x00',2.433333333333333,2.6666666666666665,0.12649110640673514,1,2,2,0,,,,,0.09797958971132721,False,False,Aligned,1
E359,I13,b'\xe8\x07\x00\x00\x00\x00\x00\x00',b'\x02\x00\x00\x00\x00\x00\x00\x00',2.5999999999999996,2.6666666666666665,0.24000000000000005,1,2,2,0,,,,,0.09797958971132721,False,False,Aligned,1
E360,I13,b'\xe8\x07\x00\x00\x00\x00\x00\x00',b'\x01\x00\x00\x00\x00\x00\x00\x00',2.533333333333333,1.6666666666666667,0.29393876913398126,1,2,2,0,,,,,0.09797958971132721,False,False,Aligned,1
E360,I13,b'\xe8\x07\x00\x00\x00\x00\x00\x00',b'\x02\x00\x00\x00\x00\x00\x00\x00',2.6666666666666665,1.75,0.2529822128134704,1,2,2,0,,,,,0.09797958971132721,False,False,Aligned,1
E361,I13,b'\xe8\x07\x00\x00\x00\x00\x00\x00',b'\x01\x00\x00\x00\x00\x00\x00\x00',3.8666666666666663,3.5,0.08000000000000007,1,2,2,0,,,,,0.09797958971132721,True,False,Anti-Aligned,0
E361,I13,b'\xe8\x07\x00\x00\x00\x00\x00\x00',b'\x02\x00\x00\x00\x00\x00\x00\x00',4.0,3.75,0.1496662954709578,1,2,2,0,,,,,0.09797958971132721,True,False,Anti-Aligned,0
E362,I13,b'\xe8\x07\x00\x00\x00\x00\x00\x00',b'\x01\x00\x00\x00\x00\x00\x00\x00',3.433333333333333,3.6666666666666665,0.12649110640673514,1,2,2,0,,,,,0.09797958971132721,False,False,Aligned,1
E362,I13,b'\xe8\x07\x00\x00\x00\x00\x00\x00',b'\x02\x00\x00\x00\x00\x00\x00\x00',3.5999999999999996,3.8333333333333335,0.24000000000000005,1,2,2,0,,,,,0.09797958971132721,False,True,Anti-Aligned,0
E363,I13,b'\xe8\x07\x00\x00\x00\x00\x00\x00',b'\x01\x00\x00\x00\x00\x00\x00\x00',2.8666666666666663,2.0,0.08000000000000007,1,2,2,0,,,,,0.09797958971132721,False,False,Aligned,1
E363,I13,b'\xe8\x07\x00\x00\x00\x00\x00\x00',b'\x02\x00\x00\x00\x00\x00\x00\x00',2.966666666666667,2.25,0.16000000000000014,1,2,2,0,,,,,0.09797958971132721,False,False,Aligned,1
E364,I13,b'\xe8\x07\x00\x00\x00\x00\x00\x00',b'\x01\x00\x00\x00\x00\x00\x00\x00',4.466666666666667,4.5,0.07999999999999972,1,2,2,0,,,,,0.09797958971132721,True,True,Aligned,1
E364,I13,b'\xe8\x07\x00\x00\x00\x00\x00\x00',b'\x02\x00\x00\x00\x00\x00\x00\x00',4.533333333333333,4.583333333333333,0.09797958971132678,1,2,2,0,,,,,0.09797958971132721,True,True,Aligned,1
E365,I13,b'\xe8\x07\x00\x00\x00\x00\x00\x00',b'\x01\x00\x00\x00\x00\x00\x00\x00',3.0777777777777775,3.694444444444444,0.30000000000000004,1,0,2,3,,,,,0.09797958971132721,False,False,Aligned,1
E365,I13,b'\xe8\x07\x00\x00\x00\x00\x00\x00',b'\x02\x00\x00\x00\x00\x00\x00\x00',3.3333333333333335,3.7777777777777772,0.19999999999999996,1,0,2,3,,,,,0.09797958971132721,False,False,Aligned,1
E366,I13,b'\xe8\x07\x00\x00\x00\x00\x00\x00',b'\x01\x00\x00\x00\x00\x00\x00\x00',4.599999999999999,5.0,0.0,1,2,2,0,,,,,0.09797958971132721,True,True,Aligned,1
E366,I13,b'\xe8\x07\x00\x00\x00\x00\x00\x00',b'\x02\x00\x00\x00\x00\x00\x00\x00',4.599999999999999,5.0,0.0,1,2,2,0,,,,,0.09797958971132721,True,True,Aligned,1
E367,I13,b'\xe8\x07\x00\x00\x00\x00\x00\x00',b'\x01\x00\x00\x00\x00\x00\x00\x00',2.8000000000000003,2.1666666666666665,0.24000000000000005,1,2,2,0,,,,,0.09797958971132721,False,False,Aligned,1
E367,I13,b'\xe8\x07\x00\x00\x00\x00\x00\x00',b'\x02\x00\x00\x00\x00\x00\x00\x00',2.6666666666666665,2.0,0.07999999999999989,1,2,2,0,,,,,0.09797958971132721,False,False,Aligned,1
E368,I13,b'\xe8\x07\x00\x00\x00\x00\x00\x00',b'\x01\x00\x00\x00\x00\x00\x00\x00',2.333333333333334,2.6666666666666665,0.15999999999999998,1,2,2,0,,,,,0.09797958971132721,False,False,Aligned,1
E368,I13,b'\xe8\x07\x00\x00\x00\x00\x00\x00',b'\x02\x00\x00\x00\x00\x00\x00\x00',2.5666666666666664,2.8333333333333335,0.15999999999999998,1,2,2,0,,,,,0.09797958971132721,False,False,Aligned,1
E369,I13,b'\xe8\x07\x00\x00\x00\x00\x00\x00',b'\x01\x00\x00\x00\x00\x00\x00\x00',3.7666666666666666,5.0,0.0799999999999999,1,2,2,0,,,,,0.09797958971132721,False,True,Anti-Aligned,0
E369,I13,b'\xe8\x07\x00\x00\x00\x00\x00\x00',b'\x02\x00\x00\x00\x00\x00\x00\x00',3.966666666666667,5.0,0.16000000000000014,1,2,2,0,,,,,0.09797958971132721,True,True,Aligned,1
E370,I13,b'\xe8\x07\x00\x00\x00\x00\x00\x00',b'\x01\x00\x00\x00\x00\x00\x00\x00',4.133333333333333,4.277777777777778,0.09428090415820642,1,0,2,3,,,,,0.09797958971132721,True,True,Aligned,1
E370,I13,b'\xe8\x07\x00\x00\x00\x00\x00\x00',b'\x02\x00\x00\x00\x00\x00\x00\x00',4.377777777777777,4.333333333333333,0.31446603773521997,1,0,2,3,,,,,0.09797958971132721,True,True,Aligned,1
E371,I13,b'\xe8\x07\x00\x00\x00\x00\x00\x00',b'\x01\x00\x00\x00\x00\x00\x00\x00',3.7999999999999994,5.0,0.14966629547095758,1,2,2,0,,,,,0.09797958971132721,True,True,Aligned,1
E371,I13,b'\xe8\x07\x00\x00\x00\x00\x00\x00',b'\x02\x00\x00\x00\x00\x00\x00\x00',3.866666666666667,5.0,0.09797958971132721,1,2,2,0,,,,,0.09797958971132721,True,True,Aligned,1
E372,I13,b'\xe8\x07\x00\x00\x00\x00\x00\x00',b'\x01\x00\x00\x00\x00\x00\x00\x00',2.8666666666666663,2.5,0.08000000000000007,1,2,2,0,,,,,0.09797958971132721,False,False,Aligned,1
E372,I13,b'\xe8\x07\x00\x00\x00\x00\x00\x00',b'\x02\x00\x00\x00\x00\x00\x00\x00',2.9999999999999996,2.8333333333333335,0.24000000000000005,1,2,2,0,,,,,0.09797958971132721,False,False,Aligned,1
E373,I13,b'\xe8\x07\x00\x00\x00\x00\x00\x00',b'\x01\x00\x00\x00\x00\x00\x00\x00',2.8666666666666663,4.166666666666667,0.08000000000000007,1,2,2,0,,,,,0.09797958971132721,False,True,Anti-Aligned,0
E373,I13,b'\xe8\x07\x00\x00\x00\x00\x00\x00',b'\x02\x00\x00\x00\x00\x00\x00\x00',3.033333333333333,4.083333333333333,0.17888543819998334,1,2,2,0,,,,,0.09797958971132721,False,True,Anti-Aligned,0
E374,I13,b'\xe8\x07\x00\x00\x00\x00\x00\x00',b'\x01\x00\x00\x00\x00\x00\x00\x00',2.2333333333333334,2.0,0.12649110640673514,1,2,2,0,,,,,0.09797958971132721,False,False,Aligned,1
E374,I13,b'\xe8\x07\x00\x00\x00\x00\x00\x00',b'\x02\x00\x00\x00\x00\x00\x00\x00',2.466666666666667,2.4166666666666665,0.2190890230020663,1,2,2,0,,,,,0.09797958971132721,False,False,Aligned,1
E375,I13,b'\xe8\x07\x00\x00\x00\x00\x00\x00',b'\x01\x00\x00\x00\x00\x00\x00\x00',2.6,2.5,0.0,1,2,2,0,,,,,0.09797958971132721,False,False,Aligned,1
E375,I13,b'\xe8\x07\x00\x00\x00\x00\x00\x00',b'\x02\x00\x00\x00\x00\x00\x00\x00',2.9000000000000004,2.8333333333333335,0.19595917942265434,1,2,2,0,,,,,0.09797958971132721,False,False,Aligned,1
E376,I13,b'\xe8\x07\x00\x00\x00\x00\x00\x00',b'\x01\x00\x00\x00\x00\x00\x00\x00',3.2000000000000006,4.0,0.0,1,2,2,0,,,,,0.09797958971132721,False,True,Anti-Aligned,0
E376,I13,b'\xe8\x07\x00\x00\x00\x00\x00\x00',b'\x02\x00\x00\x00\x00\x00\x00\x00',3.433333333333333,4.166666666666667,0.23323807579381187,1,2,2,0,,,,,0.09797958971132721,False,True,Anti-Aligned,0
E377,I14,b'\xe8\x07\x00\x00\x00\x00\x00\x00',b'\x01\x00\x00\x00\x00\x00\x00\x00',4.0,4.416666666666667,0.17950549357115014,1,3,2,0,,,,,0.1527525231651946,True,True,Aligned,1
E377,I14,b'\xe8\x07\x00\x00\x00\x00\x00\x00',b'\x02\x00\x00\x00\x00\x00\x00\x00',4.2,4.666666666666667,0.17950549357115028,1,3,2,0,,,,,0.1527525231651946,True,True,Aligned,1
E378,I14,b'\xe8\x07\x00\x00\x00\x00\x00\x00',b'\x01\x00\x00\x00\x00\x00\x00\x00',2.7999999999999994,3.0,0.0,1,1,2,0,,,,,0.1527525231651946,False,False,Aligned,1
E378,I14,b'\xe8\x07\x00\x00\x00\x00\x00\x00',b'\x02\x00\x00\x00\x00\x00\x00\x00',2.9999999999999996,3.1666666666666665,0.2598076211353316,1,1,2,0,,,,,0.1527525231651946,False,False,Aligned,1
E379,I14,b'\xe8\x07\x00\x00\x00\x00\x00\x00',b'\x01\x00\x00\x00\x00\x00\x00\x00',4.3,4.083333333333333,0.17950549357114995,1,3,2,0,,,,,0.1527525231651946,True,True,Aligned,1
E379,I14,b'\xe8\x07\x00\x00\x00\x00\x00\x00',b'\x02\x00\x00\x00\x00\x00\x00\x00',4.4222222222222225,4.416666666666667,0.13743685418725524,1,3,2,0,,,,,0.1527525231651946,True,True,Aligned,1
E380,I14,b'\xe8\x07\x00\x00\x00\x00\x00\x00',b'\x01\x00\x00\x00\x00\x00\x00\x00',3.0222222222222217,2.5555555555555554,0.22110831935702674,1,0,2,3,,,,,0.1527525231651946,False,False,Aligned,1
E380,I14,b'\xe8\x07\x00\x00\x00\x00\x00\x00',b'\x02\x00\x00\x00\x00\x00\x00\x00',3.1666666666666665,2.75,0.21343747458109494,1,0,2,3,,,,,0.1527525231651946,False,False,Aligned,1
E381,I14,b'\xe8\x07\x00\x00\x00\x00\x00\x00',b'\x01\x00\x00\x00\x00\x00\x00\x00',4.066666666666666,4.0,0.08660254037844393,1,1,2,0,,,,,0.1527525231651946,True,True,Aligned,1
E381,I14,b'\xe8\x07\x00\x00\x00\x00\x00\x00',b'\x02\x00\x00\x00\x00\x00\x00\x00',4.133333333333334,4.166666666666667,0.17320508075688787,1,1,2,0,,,,,0.1527525231651946,True,True,Aligned,1
E382,I14,b'\xe8\x07\x00\x00\x00\x00\x00\x00',b'\x01\x00\x00\x00\x00\x00\x00\x00',4.966666666666667,4.916666666666667,0.07453559924999306,1,0,2,3,,,,,0.1527525231651946,True,True,Aligned,1
E382,I14,b'\xe8\x07\x00\x00\x00\x00\x00\x00',b'\x02\x00\x00\x00\x00\x00\x00\x00',5.0,5.0,0.0,1,0,2,3,,,,,0.1527525231651946,True,True,Aligned,1
E383,I14,b'\xe8\x07\x00\x00\x00\x00\x00\x00',b'\x01\x00\x00\x00\x00\x00\x00\x00',3.7333333333333334,5.0,0.14907119849998596,1,3,2,0,,,,,0.1527525231651946,False,True,Anti-Aligned,0
E383,I14,b'\xe8\x07\x00\x00\x00\x00\x00\x00',b'\x02\x00\x00\x00\x00\x00\x00\x00',3.6333333333333337,5.0,0.07453559924999288,1,3,2,0,,,,,0.1527525231651946,False,True,Anti-Aligned,0
E384,I14,b'\xe8\x07\x00\x00\x00\x00\x00\x00',b'\x01\x00\x00\x00\x00\x00\x00\x00',4.933333333333334,5.0,0.10000000000000009,1,1,2,0,,,,,0.1527525231651946,True,True,Aligned,1
E384,I14,b'\xe8\x07\x00\x00\x00\x00\x00\x00',b'\x02\x00\x00\x00\x00\x00\x00\x00',5.0,5.0,0.0,1,1,2,0,,,,,0.1527525231651946,True,True,Aligned,1
E385,I14,b'\xe8\x07\x00\x00\x00\x00\x00\x00',b'\x01\x00\x00\x00\x00\x00\x00\x00',2.5444444444444443,2.0,0.2426703296426839,1,0,2,3,,,,,0.1527525231651946,False,False,Aligned,1
E385,I14,b'\xe8\x07\x00\x00\x00\x00\x00\x00',b'\x02\x00\x00\x00\x00\x00\x00\x00',2.7333333333333334,2.5,0.3901566636906542,1,0,2,3,,,,,0.1527525231651946,False,False,Aligned,1
E386,I14,b'\xe8\x07\x00\x00\x00\x00\x00\x00',b'\x01\x00\x00\x00\x00\x00\x00\x00',3.8666666666666663,3.5,0.07453559924999305,1,3,2,0,,,,,0.1527525231651946,True,False,Anti-Aligned,0
E386,I14,b'\xe8\x07\x00\x00\x00\x00\x00\x00',b'\x02\x00\x00\x00\x00\x00\x00\x00',4.0,3.8333333333333335,0.22360679774997919,1,3,2,0,,,,,0.1527525231651946,True,True,Aligned,1
E387,I14,b'\xe8\x07\x00\x00\x00\x00\x00\x00',b'\x01\x00\x00\x00\x00\x00\x00\x00',4.311111111111111,4.222222222222222,0.1795054935711499,1,0,2,3,,,,,0.1527525231651946,True,True,Aligned,1
E387,I14,b'\xe8\x07\x00\x00\x00\x00\x00\x00',b'\x02\x00\x00\x00\x00\x00\x00\x00',4.466666666666667,4.333333333333333,0.3999999999999999,1,0,2,3,,,,,0.1527525231651946,True,True,Aligned,1
E388,I14,b'\xe8\x07\x00\x00\x00\x00\x00\x00',b'\x01\x00\x00\x00\x00\x00\x00\x00',3.966666666666667,4.416666666666667,0.07453559924999306,1,3,2,0,,,,,0.1527525231651946,True,True,Aligned,1
E388,I14,b'\xe8\x07\x00\x00\x00\x00\x00\x00',b'\x02\x00\x00\x00\x00\x00\x00\x00',4.166666666666667,4.666666666666667,0.1527525231651948,1,3,2,0,,,,,0.1527525231651946,True,True,Aligned,1
E389,I14,b'\xe8\x07\x00\x00\x00\x00\x00\x00',b'\x01\x00\x00\x00\x00\x00\x00\x00',4.499999999999999,4.833333333333333,0.15275252316519441,1,3,2,0,,,,,0.1527525231651946,True,True,Aligned,1
E389,I14,b'\xe8\x07\x00\x00\x00\x00\x00\x00',b'\x02\x00\x00\x00\x00\x00\x00\x00',4.633333333333333,5.0,0.07453559924999306,1,3,2,0,,,,,0.1527525231651946,True,True,Aligned,1
E390,I15,b'\xe8\x07\x00\x00\x00\x00\x00\x00',b'\x01\x00\x00\x00\x00\x00\x00\x00',4.599999999999999,5.0,0.0,1,2,2,0,,,,,0.09797958971132721,True,True,Aligned,1
E390,I15,b'\xe8\x07\x00\x00\x00\x00\x00\x00',b'\x02\x00\x00\x00\x00\x00\x00\x00',4.699999999999999,5.0,0.09797958971132721,1,2,2,0,,,,,0.09797958971132721,True,True,Aligned,1
E391,I15,b'\xe8\x07\x00\x00\x00\x00\x00\x00',b'\x01\x00\x00\x00\x00\x00\x00\x00',2.6666666666666665,2.1666666666666665,0.07999999999999989,1,2,2,0,,,,,0.09797958971132721,False,False,Aligned,1
E391,I15,b'\xe8\x07\x00\x00\x00\x00\x00\x00',b'\x02\x00\x00\x00\x00\x00\x00\x00',2.9000000000000004,2.5833333333333335,0.19595917942265434,1,2,2,0,,,,,0.09797958971132721,False,False,Aligned,1
E392,I15,b'\xe8\x07\x00\x00\x00\x00\x00\x00',b'\x01\x00\x00\x00\x00\x00\x00\x00',2.8666666666666663,2.6666666666666665,0.08000000000000007,1,2,2,0,,,,,0.09797958971132721,False,False,Aligned,1
E392,I15,b'\xe8\x07\x00\x00\x00\x00\x00\x00',b'\x02\x00\x00\x00\x00\x00\x00\x00',3.0666666666666664,2.5833333333333335,0.25298221281347044,1,2,2,0,,,,,0.09797958971132721,False,False,Aligned,1
E393,I15,b'\xe8\x07\x00\x00\x00\x00\x00\x00',b'\x01\x00\x00\x00\x00\x00\x00\x00',2.9000000000000004,4.083333333333333,0.19595917942265434,1,2,2,0,,,,,0.09797958971132721,False,True,Anti-Aligned,0
E393,I15,b'\xe8\x07\x00\x00\x00\x00\x00\x00',b'\x02\x00\x00\x00\x00\x00\x00\x00',3.0666666666666664,4.166666666666667,0.3200000000000001,1,2,2,0,,,,,0.09797958971132721,False,True,Anti-Aligned,0
E394,I15,b'\xe8\x07\x00\x00\x00\x00\x00\x00',b'\x01\x00\x00\x00\x00\x00\x00\x00',4.4,4.583333333333333,0.19595917942265423,1,2,2,0,,,,,0.09797958971132721,True,True,Aligned,1
E394,I15,b'\xe8\x07\x00\x00\x00\x00\x00\x00',b'\x02\x00\x00\x00\x00\x00\x00\x00',4.466666666666667,4.666666666666667,0.07999999999999972,1,2,2,0,,,,,0.09797958971132721,True,True,Aligned,1
E395,I15,b'\xe8\x07\x00\x00\x00\x00\x00\x00',b'\x01\x00\x00\x00\x00\x00\x00\x00',2.433333333333333,1.9166666666666667,0.12649110640673514,1,2,2,0,,,,,0.09797958971132721,False,False,Aligned,1
E395,I15,b'\xe8\x07\x00\x00\x00\x00\x00\x00',b'\x02\x00\x00\x00\x00\x00\x00\x00',2.6666666666666665,2.25,0.21908902300206645,1,2,2,0,,,,,0.09797958971132721,False,False,Aligned,1
E396,I15,b'\xe8\x07\x00\x00\x00\x00\x00\x00',b'\x01\x00\x00\x00\x00\x00\x00\x00',3.266666666666667,3.5,0.07999999999999989,1,2,2,0,,,,,0.09797958971132721,False,False,Aligned,1
E396,I15,b'\xe8\x07\x00\x00\x00\x00\x00\x00',b'\x02\x00\x00\x00\x00\x00\x00\x00',3.3,3.5,0.09797958971132699,1,2,2,0,,,,,0.09797958971132721,False,False,Aligned,1
E397,I15,b'\xe8\x07\x00\x00\x00\x00\x00\x00',b'\x01\x00\x00\x00\x00\x00\x00\x00',4.8,5.0,0.0,1,2,2,0,,,,,0.09797958971132721,True,True,Aligned,1
E397,I15,b'\xe8\x07\x00\x00\x00\x00\x00\x00',b'\x02\x00\x00\x00\x00\x00\x00\x00',4.9,5.0,0.09797958971132721,1,2,2,0,,,,,0.09797958971132721,True,True,Aligned,1
E398,I15,b'\xe8\x07\x00\x00\x00\x00\x00\x00',b'\x01\x00\x00\x00\x00\x00\x00\x00',3.4000000000000004,3.5833333333333335,0.14966629547095758,1,2,2,0,,,,,0.09797958971132721,False,False,Aligned,1
E398,I15,b'\xe8\x07\x00\x00\x00\x00\x00\x00',b'\x02\x00\x00\x00\x00\x00\x00\x00',3.6666666666666665,3.75,0.21908902300206645,1,2,2,0,,,,,0.09797958971132721,False,False,Aligned,1
E399,I15,b'\xe8\x07\x00\x00\x00\x00\x00\x00',b'\x01\x00\x00\x00\x00\x00\x00\x00',1.6333333333333335,1.1666666666666667,0.1264911064067352,1,2,2,0,,,,,0.09797958971132721,False,False,Aligned,1
E399,I15,b'\xe8\x07\x00\x00\x00\x00\x00\x00',b'\x02\x00\x00\x00\x00\x00\x00\x00',1.7333333333333334,1.1666666666666667,0.15999999999999998,1,2,2,0,,,,,0.09797958971132721,False,False,Aligned,1
E400,I15,b'\xe8\x07\x00\x00\x00\x00\x00\x00',b'\x01\x00\x00\x00\x00\x00\x00\x00',3.0999999999999996,3.5,0.19595917942265423,1,2,2,0,,,,,0.09797958971132721,False,False,Aligned,1
E400,I15,b'\xe8\x07\x00\x00\x00\x00\x00\x00',b'\x02\x00\x00\x00\x00\x00\x00\x00',3.3,3.9166666666666665,0.3098386676965933,1,2,2,0,,,,,0.09797958971132721,False,True,Anti-Aligned,0
E401,I15,b'\xe8\x07\x00\x00\x00\x00\x00\x00',b'\x01\x00\x00\x00\x00\x00\x00\x00',4.0,3.5833333333333335,0.1496662954709578,1,2,2,0,,,,,0.09797958971132721,True,False,Anti-Aligned,0
E401,I15,b'\xe8\x07\x00\x00\x00\x00\x00\x00',b'\x02\x00\x00\x00\x00\x00\x00\x00',4.133333333333334,3.5,0.09797958971132721,1,2,2,0,,,,,0.09797958971132721,True,False,Anti-Aligned,0
E402,I15,b'\xe8\x07\x00\x00\x00\x00\x00\x00',b'\x01\x00\x00\x00\x00\x00\x00\x00',5.0,5.0,0.0,1,2,2,0,,,,,0.09797958971132721,True,True,Aligned,1
E402,I15,b'\xe8\x07\x00\x00\x00\x00\x00\x00',b'\x02\x00\x00\x00\x00\x00\x00\x00',5.0,5.0,0.0,1,2,2,0,,,,,0.09797958971132721,True,True,Aligned,1
E403,I15,b'\xe8\x07\x00\x00\x00\x00\x00\x00',b'\x01\x00\x00\x00\x00\x00\x00\x00',2.1,1.5833333333333333,0.33466401061363027,1,2,2,0,,,,,0.09797958971132721,False,False,Aligned,1
E403,I15,b'\xe8\x07\x00\x00\x00\x00\x00\x00',b'\x02\x00\x00\x00\x00\x00\x00\x00',2.1333333333333333,1.8333333333333333,0.15999999999999998,1,2,2,0,,,,,0.09797958971132721,False,False,Aligned,1
E404,I15,b'\xe8\x07\x00\x00\x00\x00\x00\x00',b'\x01\x00\x00\x00\x00\x00\x00\x00',2.4,2.0,0.0,1,2,2,0,,,,,0.09797958971132721,False,False,Aligned,1
E404,I15,b'\xe8\x07\x00\x00\x00\x00\x00\x00',b'\x02\x00\x00\x00\x00\x00\x00\x00',2.5666666666666664,2.25,0.15999999999999998,1,2,2,0,,,,,0.09797958971132721,False,False,Aligned,1
E405,I15,b'\xe8\x07\x00\x00\x00\x00\x00\x00',b'\x01\x00\x00\x00\x00\x00\x00\x00',3.533333333333333,2.9166666666666665,0.09797958971132721,1,2,2,0,,,,,0.09797958971132721,False,False,Aligned,1
E405,I15,b'\xe8\x07\x00\x00\x00\x00\x00\x00',b'\x02\x00\x00\x00\x00\x00\x00\x00',3.7666666666666666,3.3333333333333335,0.15999999999999992,1,2,2,0,,,,,0.09797958971132721,False,False,Aligned,1
E406,I15,b'\xe8\x07\x00\x00\x00\x00\x00\x00',b'\x01\x00\x00\x00\x00\x00\x00\x00',4.566666666666666,5.0,0.07453559924999273,1,0,2,3,,,,,0.09797958971132721,True,True,Aligned,1
E406,I15,b'\xe8\x07\x00\x00\x00\x00\x00\x00',b'\x02\x00\x00\x00\x00\x00\x00\x00',4.766666666666667,5.0,0.07453559924999306,1,0,2,3,,,,,0.09797958971132721,True,True,Aligned,1
E407,I15,b'\xe8\x07\x00\x00\x00\x00\x00\x00',b'\x01\x00\x00\x00\x00\x00\x00\x00',2.7666666666666666,2.4166666666666665,0.0799999999999999,1,2,2,0,,,,,0.09797958971132721,False,False,Aligned,1
E407,I15,b'\xe8\x07\x00\x00\x00\x00\x00\x00',b'\x02\x00\x00\x00\x00\x00\x00\x00',3.0,2.75,0.1496662954709578,1,2,2,0,,,,,0.09797958971132721,False,False,Aligned,1
E408,I15,b'\xe8\x07\x00\x00\x00\x00\x00\x00',b'\x01\x00\x00\x00\x00\x00\x00\x00',3.7999999999999994,3.5,0.0,1,2,2,0,,,,,0.09797958971132721,True,False,Anti-Aligned,0
E408,I15,b'\xe8\x07\x00\x00\x00\x00\x00\x00',b'\x02\x00\x00\x00\x00\x00\x00\x00',4.0,3.8333333333333335,0.24000000000000024,1,2,2,0,,,,,0.09797958971132721,True,True,Aligned,1
E409,I15,b'\xe8\x07\x00\x00\x00\x00\x00\x00',b'\x01\x00\x00\x00\x00\x00\x00\x00',2.8,2.5833333333333335,0.19595917942265426,1,2,2,0,,,,,0.09797958971132721,False,False,Aligned,1
E409,I15,b'\xe8\x07\x00\x00\x00\x00\x00\x00',b'\x02\x00\x00\x00\x00\x00\x00\x00',3.1333333333333333,2.8333333333333335,0.20396078054371142,1,2,2,0,,,,,0.09797958971132721,False,False,Aligned,1
E410,I15,b'\xe8\x07\x00\x00\x00\x00\x00\x00',b'\x01\x00\x00\x00\x00\x00\x00\x00',2.6,2.0,0.0,1,2,2,0,,,,,0.09797958971132721,False,False,Aligned,1
E410,I15,b'\xe8\x07\x00\x00\x00\x00\x00\x00',b'\x02\x00\x00\x00\x00\x00\x00\x00',2.766666666666667,2.25,0.15999999999999992,1,2,2,0,,,,,0.09797958971132721,False,False,Aligned,1
E411,I15,b'\xe8\x07\x00\x00\x00\x00\x00\x00',b'\x01\x00\x00\x00\x00\x00\x00\x00',4.433333333333334,4.0,0.126491106406735,1,2,2,0,,,,,0.09797958971132721,True,True,Aligned,1
E411,I15,b'\xe8\x07\x00\x00\x00\x00\x00\x00',b'\x02\x00\x00\x00\x00\x00\x00\x00',4.5,4.166666666666667,0.09797958971132678,1,2,2,0,,,,,0.09797958971132721,True,True,Aligned,1
E412,I15,b'\xe8\x07\x00\x00\x00\x00\x00\x00',b'\x01\x00\x00\x00\x00\x00\x00\x00',4.0,2.9166666666666665,0.19595917942265428,1,2,2,0,,,,,0.09797958971132721,True,False,Anti-Aligned,0
E412,I15,b'\xe8\x07\x00\x00\x00\x00\x00\x00',b'\x02\x00\x00\x00\x00\x00\x00\x00',4.133333333333334,3.1666666666666665,0.16000000000000014,1,2,2,0,,,,,0.09797958971132721,True,False,Anti-Aligned,0
E413,I15,b'\xe8\x07\x00\x00\x00\x00\x00\x00',b'\x01\x00\x00\x00\x00\x00\x00\x00',3.6333333333333337,3.9166666666666665,0.12649110640673514,1,2,2,0,,,,,0.09797958971132721,False,True,Anti-Aligned,0
E413,I15,b'\xe8\x07\x00\x00\x00\x00\x00\x00',b'\x02\x00\x00\x00\x00\x00\x00\x00',3.7666666666666666,4.166666666666667,0.15999999999999992,1,2,2,0,,,,,0.09797958971132721,False,True,Anti-Aligned,0
E414,I15,b'\xe8\x07\x00\x00\x00\x00\x00\x00',b'\x01\x00\x00\x00\x00\x00\x00\x00',4.599999999999999,5.0,0.0,1,2,2,0,,,,,0.09797958971132721,True,True,Aligned,1
E414,I15,b'\xe8\x07\x00\x00\x00\x00\x00\x00',b'\x02\x00\x00\x00\x00\x00\x00\x00',4.599999999999999,5.0,0.0,1,2,2,0,,,,,0.09797958971132721,True,True,Aligned,1
E415,I15,b'\xe8\x07\x00\x00\x00\x00\x00\x00',b'\x01\x00\x00\x00\x00\x00\x00\x00',3.566666666666667,3.4166666666666665,0.08000000000000007,1,2,2,0,,,,,0.09797958971132721,False,False,Aligned,1
E415,I15,b'\xe8\x07\x00\x00\x00\x00\x00\x00',b'\x02\x00\x00\x00\x00\x00\x00\x00',3.7666666666666666,3.75,0.15999999999999992,1,2,2,0,,,,,0.09797958971132721,False,False,Aligned,1
E416,I15,b'\xe8\x07\x00\x00\x00\x00\x00\x00',b'\x01\x00\x00\x00\x00\x00\x00\x00',3.4999999999999996,3.1666666666666665,0.19595917942265415,1,2,2,0,,,,,0.09797958971132721,False,False,Aligned,1
E416,I15,b'\xe8\x07\x00\x00\x00\x00\x00\x00',b'\x02\x00\x00\x00\x00\x00\x00\x00',3.6666666666666665,3.4166666666666665,0.21908902300206645,1,2,2,0,,,,,0.09797958971132721,False,False,Aligned,1
E417,I15,b'\xe8\x07\x00\x00\x00\x00\x00\x00',b'\x01\x00\x00\x00\x00\x00\x00\x00',2.4999999999999996,2.8333333333333335,0.19595917942265415,1,2,2,0,,,,,0.09797958971132721,False,False,Aligned,1
E417,I15,b'\xe8\x07\x00\x00\x00\x00\x00\x00',b'\x02\x00\x00\x00\x00\x00\x00\x00',2.5,2.5,0.15999999999999998,1,2,2,0,,,,,0.09797958971132721,False,False,Aligned,1
E418,I15,b'\xe8\x07\x00\x00\x00\x00\x00\x00',b'\x01\x00\x00\x00\x00\x00\x00\x00',1.6000000000000003,1.5,0.0,1,2,2,0,,,,,0.09797958971132721,False,False,Aligned,1
E418,I15,b'\xe8\x07\x00\x00\x00\x00\x00\x00',b'\x02\x00\x00\x00\x00\x00\x00\x00',1.7999999999999998,1.6666666666666667,0.14966629547095764,1,2,2,0,,,,,0.09797958971132721,False,False,Aligned,1
E419,I15,b'\xe8\x07\x00\x00\x00\x00\x00\x00',b'\x01\x00\x00\x00\x00\x00\x00\x00',4.566666666666666,4.5,0.07999999999999971,1,2,2,0,,,,,0.09797958971132721,True,True,Aligned,1
E419,I15,b'\xe8\x07\x00\x00\x00\x00\x00\x00',b'\x02\x00\x00\x00\x00\x00\x00\x00',4.666666666666666,4.5,0.08000000000000007,1,2,2,0,,,,,0.09797958971132721,True,True,Aligned,1
E420,I15,b'\xe8\x07\x00\x00\x00\x00\x00\x00',b'\x01\x00\x00\x00\x00\x00\x00\x00',2.2000000000000006,1.5,0.0,1,2,2,0,,,,,0.09797958971132721,False,False,Aligned,1
E420,I15,b'\xe8\x07\x00\x00\x00\x00\x00\x00',b'\x02\x00\x00\x00\x00\x00\x00\x00',2.333333333333334,1.8333333333333333,0.15999999999999998,1,2,2,0,,,,,0.09797958971132721,False,False,Aligned,1
E421,I15,b'\xe8\x07\x00\x00\x00\x00\x00\x00',b'\x01\x00\x00\x00\x00\x00\x00\x00',4.666666666666666,4.5,0.08000000000000007,1,2,2,0,,,,,0.09797958971132721,True,True,Aligned,1
E421,I15,b'\xe8\x07\x00\x00\x00\x00\x00\x00',b'\x02\x00\x00\x00\x00\x00\x00\x00',4.599999999999999,4.5,0.0,1,2,2,0,,,,,0.09797958971132721,True,True,Aligned,1
E422,I15,b'\xe8\x07\x00\x00\x00\x00\x00\x00',b'\x01\x00\x00\x00\x00\x00\x00\x00',4.666666666666666,4.666666666666667,0.08000000000000007,1,2,2,0,,,,,0.09797958971132721,True,True,Aligned,1
E422,I15,b'\xe8\x07\x00\x00\x00\x00\x00\x00',b'\x02\x00\x00\x00\x00\x00\x00\x00',4.699999999999999,4.75,0.09797958971132721,1,2,2,0,,,,,0.09797958971132721,True,True,Aligned,1
E423,I15,b'\xe8\x07\x00\x00\x00\x00\x00\x00',b'\x01\x00\x00\x00\x00\x00\x00\x00',2.4,2.0,0.0,1,2,2,0,,,,,0.09797958971132721,False,False,Aligned,1
E423,I15,b'\xe8\x07\x00\x00\x00\x00\x00\x00',b'\x02\x00\x00\x00\x00\x00\x00\x00',2.6666666666666665,2.25,0.21908902300206645,1,2,2,0,,,,,0.09797958971132721,False,False,Aligned,1
E424,I15,b'\xe8\x07\x00\x00\x00\x00\x00\x00',b'\x01\x00\x00\x00\x00\x00\x00\x00',4.400000000000001,4.5,0.0,1,2,2,0,,,,,0.09797958971132721,True,True,Aligned,1
E424,I15,b'\xe8\x07\x00\x00\x00\x00\x00\x00',b'\x02\x00\x00\x00\x00\x00\x00\x00',4.466666666666667,4.5,0.07999999999999972,1,2,2,0,,,,,0.09797958971132721,True,True,Aligned,1
E425,I15,b'\xe8\x07\x00\x00\x00\x00\x00\x00',b'\x01\x00\x00\x00\x00\x00\x00\x00',4.699999999999999,4.916666666666667,0.15999999999999984,1,2,2,0,,,,,0.09797958971132721,True,True,Aligned,1
E425,I15,b'\xe8\x07\x00\x00\x00\x00\x00\x00',b'\x02\x00\x00\x00\x00\x00\x00\x00',4.8,5.0,0.0,1,2,2,0,,,,,0.09797958971132721,True,True,Aligned,1
E426,I15,b'\xe8\x07\x00\x00\x00\x00\x00\x00',b'\x01\x00\x00\x00\x00\x00\x00\x00',4.766666666666667,5.0,0.08000000000000007,1,2,2,0,,,,,0.09797958971132721,True,True,Aligned,1
E426,I15,b'\xe8\x07\x00\x00\x00\x00\x00\x00',b'\x02\x00\x00\x00\x00\x00\x00\x00',4.8,5.0,0.0,1,2,2,0,,,,,0.09797958971132721,True,True,Aligned,1
E427,I15,b'\xe8\x07\x00\x00\x00\x00\x00\x00',b'\x01\x00\x00\x00\x00\x00\x00\x00',5.0,5.0,0.0,1,2,2,0,,,,,0.09797958971132721,True,True,Aligned,1
E427,I15,b'\xe8\x07\x00\x00\x00\x00\x00\x00',b'\x02\x00\x00\x00\x00\x00\x00\x00',5.0,5.0,0.0,1,2,2,0,,,,,0.09797958971132721,True,True,Aligned,1
E428,I15,b'\xe8\x07\x00\x00\x00\x00\x00\x00',b'\x01\x00\x00\x00\x00\x00\x00\x00',4.1,3.6111111111111107,0.1527525231651948,1,0,2,3,,,,,0.09797958971132721,True,False,Anti-Aligned,0
E428,I15,b'\xe8\x07\x00\x00\x00\x00\x00\x00',b'\x02\x00\x00\x00\x00\x00\x00\x00',4.4222222222222225,4.111111111111111,0.31446603773521997,1,0,2,3,,,,,0.09797958971132721,True,True,Aligned,1
E429,I15,b'\xe8\x07\x00\x00\x00\x00\x00\x00',b'\x01\x00\x00\x00\x00\x00\x00\x00',4.966666666666667,4.916666666666667,0.08000000000000007,1,2,2,0,,,,,0.09797958971132721,True,True,Aligned,1
E429,I15,b'\xe8\x07\x00\x00\x00\x00\x00\x00',b'\x02\x00\x00\x00\x00\x00\x00\x00',5.0,5.0,0.0,1,2,2,0,,,,,0.09797958971132721,True,True,Aligned,1
E430,I15,b'\xe8\x07\x00\x00\x00\x00\x00\x00',b'\x01\x00\x00\x00\x00\x00\x00\x00',3.6999999999999997,4.0,0.15999999999999992,1,2,2,0,,,,,0.09797958971132721,False,True,Anti-Aligned,0
E430,I15,b'\xe8\x07\x00\x00\x00\x00\x00\x00',b'\x02\x00\x00\x00\x00\x00\x00\x00',3.9000000000000004,4.166666666666667,0.09797958971132721,1,2,2,0,,,,,0.09797958971132721,True,True,Aligned,1
E431,I15,b'\xe8\x07\x00\x00\x00\x00\x00\x00',b'\x01\x00\x00\x00\x00\x00\x00\x00',2.7999999999999994,3.0,0.0,1,2,2,0,,,,,0.09797958971132721,False,False,Aligned,1
E431,I15,b'\xe8\x07\x00\x00\x00\x00\x00\x00',b'\x02\x00\x00\x00\x00\x00\x00\x00',2.933333333333333,3.0833333333333335,0.09797958971132721,1,2,2,0,,,,,0.09797958971132721,False,False,Aligned,1
E432,I15,b'\xe8\x07\x00\x00\x00\x00\x00\x00',b'\x01\x00\x00\x00\x00\x00\x00\x00',3.8666666666666663,2.9166666666666665,0.2529822128134704,1,2,2,0,,,,,0.09797958971132721,True,False,Anti-Aligned,0
E432,I15,b'\xe8\x07\x00\x00\x00\x00\x00\x00',b'\x02\x00\x00\x00\x00\x00\x00\x00',4.133333333333334,3.5,0.29393876913398126,1,2,2,0,,,,,0.09797958971132721,True,False,Anti-Aligned,0
E001,I01,b'\xea\x07\x00\x00\x00\x00\x00\x00',b'\x01\x00\x00\x00\x00\x00\x00\x00',1.8933333333333333,2.1333333333333333,0.5052141656778207,1,0,1,5,,,,,0.1672639042836426,False,False,Aligned,1
E001,I01,b'\xea\x07\x00\x00\x00\x00\x00\x00',b'\x02\x00\x00\x00\x00\x00\x00\x00',2.24,2.466666666666667,0.2588510535521277,1,0,1,5,,,,,0.1672639042836426,False,False,Aligned,1
E002,I01,b'\xea\x07\x00\x00\x00\x00\x00\x00',b'\x01\x00\x00\x00\x00\x00\x00\x00',4.599999999999999,5.0,5.921189464667501e-16,1,1,3,0,,,,,0.1672639042836426,True,True,Aligned,1
E002,I01,b'\xea\x07\x00\x00\x00\x00\x00\x00',b'\x02\x00\x00\x00\x00\x00\x00\x00',4.699999999999999,5.0,0.06438718424891511,1,2,2,0,,,,,0.1672639042836426,True,True,Aligned,1
E003,I01,b'\xea\x07\x00\x00\x00\x00\x00\x00',b'\x01\x00\x00\x00\x00\x00\x00\x00',3.0777777777777775,2.444444444444444,0.28885260030240467,1,3,2,0,,,,,0.1672639042836426,False,False,Aligned,1
E003,I01,b'\xea\x07\x00\x00\x00\x00\x00\x00',b'\x02\x00\x00\x00\x00\x00\x00\x00',3.2222222222222223,2.805555555555556,0.31642443268522763,1,3,2,0,,,,,0.1672639042836426,False,False,Aligned,1
E004,I01,b'\xea\x07\x00\x00\x00\x00\x00\x00',b'\x01\x00\x00\x00\x00\x00\x00\x00',3.7777777777777777,4.0,0.3432502527768623,1,3,2,0,,,,,0.1672639042836426,False,True,Anti-Aligned,0
E004,I01,b'\xea\x07\x00\x00\x00\x00\x00\x00',b'\x02\x00\x00\x00\x00\x00\x00\x00',3.9666666666666663,3.8333333333333335,0.3807015805810503,1,3,2,0,,,,,0.1672639042836426,True,True,Aligned,1
E005,I01,b'\xea\x07\x00\x00\x00\x00\x00\x00',b'\x01\x00\x00\x00\x00\x00\x00\x00',3.7666666666666666,4.0,0.15537908861780025,1,2,2,0,,,,,0.1672639042836426,False,True,Anti-Aligned,0
E005,I01,b'\xea\x07\x00\x00\x00\x00\x00\x00',b'\x02\x00\x00\x00\x00\x00\x00\x00',3.7777777777777777,4.0,0.12973446810947195,1,1,3,0,,,,,0.1672639042836426,False,True,Anti-Aligned,0
E006,I01,b'\xea\x07\x00\x00\x00\x00\x00\x00',b'\x01\x00\x00\x00\x00\x00\x00\x00',3.525,3.625,0.14342011595393003,1,2,2,1,,,,,0.1672639042836426,False,False,Aligned,1
E006,I01,b'\xea\x07\x00\x00\x00\x00\x00\x00',b'\x02\x00\x00\x00\x00\x00\x00\x00',3.725,4.0,0.18060199303941019,1,2,2,1,,,,,0.1672639042836426,False,True,Anti-Aligned,0
E007,I01,b'\xea\x07\x00\x00\x00\x00\x00\x00',b'\x01\x00\x00\x00\x00\x00\x00\x00',3.3666666666666667,3.5,0.33997084244475306,1,3,2,0,,,,,0.1672639042836426,False,False,Aligned,1
E007,I01,b'\xea\x07\x00\x00\x00\x00\x00\x00',b'\x02\x00\x00\x00\x00\x00\x00\x00',3.4444444444444446,3.75,0.33327890045360686,1,3,2,0,,,,,0.1672639042836426,False,False,Aligned,1
E008,I01,b'\xea\x07\x00\x00\x00\x00\x00\x00',b'\x01\x00\x00\x00\x00\x00\x00\x00',4.566666666666666,4.5,0.051793029539266566,1,2,2,0,,,,,0.1672639042836426,True,True,Aligned,1
E008,I01,b'\xea\x07\x00\x00\x00\x00\x00\x00',b'\x02\x00\x00\x00\x00\x00\x00\x00',4.711111111111111,4.777777777777778,0.06587298758289815,1,1,3,0,,,,,0.1672639042836426,True,True,Aligned,1
E009,I01,b'\xea\x07\x00\x00\x00\x00\x00\x00',b'\x01\x00\x00\x00\x00\x00\x00\x00',2.7555555555555555,3.5,0.341665818574027,1,2,3,0,,,,,0.1672639042836426,False,False,Aligned,1
E009,I01,b'\xea\x07\x00\x00\x00\x00\x00\x00',b'\x02\x00\x00\x00\x00\x00\x00\x00',2.7777777777777777,3.8888888888888893,0.29607253495556946,1,3,2,0,,,,,0.1672639042836426,False,True,Anti-Aligned,0
E010,I01,b'\xea\x07\x00\x00\x00\x00\x00\x00',b'\x01\x00\x00\x00\x00\x00\x00\x00',3.275,3.9375,0.0901107866123612,1,2,1,2,,,,,0.1672639042836426,False,True,Anti-Aligned,0
E010,I01,b'\xea\x07\x00\x00\x00\x00\x00\x00',b'\x02\x00\x00\x00\x00\x00\x00\x00',3.475,4.1875,0.17481460729522366,1,2,2,1,,,,,0.1672639042836426,False,True,Anti-Aligned,0
E011,I01,b'\xea\x07\x00\x00\x00\x00\x00\x00',b'\x01\x00\x00\x00\x00\x00\x00\x00',3.3333333333333335,2.6666666666666665,0.13223302294573477,1,0,2,4,,,,,0.1672639042836426,False,False,Aligned,1
E011,I01,b'\xea\x07\x00\x00\x00\x00\x00\x00',b'\x02\x00\x00\x00\x00\x00\x00\x00',3.6222222222222222,3.0,0.13738085579264478,1,0,3,3,,,,,0.1672639042836426,False,False,Aligned,1
E012,I01,b'\xea\x07\x00\x00\x00\x00\x00\x00',b'\x01\x00\x00\x00\x00\x00\x00\x00',3.5749999999999997,3.4375,0.04780670531797674,1,2,2,1,,,,,0.1672639042836426,False,False,Aligned,1
E012,I01,b'\xea\x07\x00\x00\x00\x00\x00\x00',b'\x02\x00\x00\x00\x00\x00\x00\x00',3.725,3.75,0.06655122646461614,1,2,1,2,,,,,0.1672639042836426,False,False,Aligned,1
E013,I01,b'\xea\x07\x00\x00\x00\x00\x00\x00',b'\x01\x00\x00\x00\x00\x00\x00\x00',1.9000000000000001,2.2916666666666665,0.3293648088635036,1,4,1,0,,,,,0.1672639042836426,False,False,Aligned,1
E013,I01,b'\xea\x07\x00\x00\x00\x00\x00\x00',b'\x02\x00\x00\x00\x00\x00\x00\x00',2.2333333333333334,2.4444444444444446,0.40635799399094696,1,2,3,0,,,,,0.1672639042836426,False,False,Aligned,1
E014,I01,b'\xea\x07\x00\x00\x00\x00\x00\x00',b'\x01\x00\x00\x00\x00\x00\x00\x00',3.1666666666666665,2.9166666666666665,0.15971320127206154,1,0,2,2,,,,,0.1672639042836426,False,False,Aligned,1
E014,I01,b'\xea\x07\x00\x00\x00\x00\x00\x00',b'\x02\x00\x00\x00\x00\x00\x00\x00',3.1333333333333337,2.5,0.06625386599999382,1,0,2,2,,,,,0.1672639042836426,False,False,Aligned,1
E015,I01,b'\xea\x07\x00\x00\x00\x00\x00\x00',b'\x01\x00\x00\x00\x00\x00\x00\x00',4.3999999999999995,4.5,0.0,1,2,2,1,,,,,0.1672639042836426,True,True,Aligned,1
E015,I01,b'\xea\x07\x00\x00\x00\x00\x00\x00',b'\x02\x00\x00\x00\x00\x00\x00\x00',4.577777777777778,4.722222222222222,0.12360330811826088,1,2,3,0,,,,,0.1672639042836426,True,True,Aligned,1
E016,I01,b'\xea\x07\x00\x00\x00\x00\x00\x00',b'\x01\x00\x00\x00\x00\x00\x00\x00',4.466666666666667,4.666666666666667,0.28636359037468706,1,2,3,0,,,,,0.1672639042836426,True,True,Aligned,1
E016,I01,b'\xea\x07\x00\x00\x00\x00\x00\x00',b'\x02\x00\x00\x00\x00\x00\x00\x00',4.666666666666667,4.833333333333333,0.31944085553034873,1,4,1,0,,,,,0.1672639042836426,True,True,Aligned,1
E017,I01,b'\xea\x07\x00\x00\x00\x00\x00\x00',b'\x01\x00\x00\x00\x00\x00\x00\x00',4.400000000000001,4.0,5.921189464667501e-16,1,1,3,0,,,,,0.1672639042836426,True,True,Aligned,1
E017,I01,b'\xea\x07\x00\x00\x00\x00\x00\x00',b'\x02\x00\x00\x00\x00\x00\x00\x00',4.6,4.277777777777778,0.11971915415311525,1,1,3,0,,,,,0.1672639042836426,True,True,Aligned,1
E018,I01,b'\xea\x07\x00\x00\x00\x00\x00\x00',b'\x01\x00\x00\x00\x00\x00\x00\x00',4.8,5.0,0.2000000000000006,1,0,1,5,,,,,0.1672639042836426,True,True,Aligned,1
E018,I01,b'\xea\x07\x00\x00\x00\x00\x00\x00',b'\x02\x00\x00\x00\x00\x00\x00\x00',4.816666666666666,5.0,0.24712642844289254,1,0,2,4,,,,,0.1672639042836426,True,True,Aligned,1
E019,I02,b'\xea\x07\x00\x00\x00\x00\x00\x00',b'\x01\x00\x00\x00\x00\x00\x00\x00',4.599999999999999,5.0,5.921189464667501e-16,1,1,3,0,,,,,0.06486723405473604,True,True,Aligned,1
E019,I02,b'\xea\x07\x00\x00\x00\x00\x00\x00',b'\x02\x00\x00\x00\x00\x00\x00\x00',4.8,5.0,0.11971915415311551,1,1,3,0,,,,,0.06486723405473604,True,True,Aligned,1
E020,I02,b'\xea\x07\x00\x00\x00\x00\x00\x00',b'\x01\x00\x00\x00\x00\x00\x00\x00',4.0,4.0,0.0,1,2,2,0,,,,,0.06486723405473604,True,True,Aligned,1
E020,I02,b'\xea\x07\x00\x00\x00\x00\x00\x00',b'\x02\x00\x00\x00\x00\x00\x00\x00',4.133333333333333,4.333333333333333,0.06551357610578575,1,2,2,0,,,,,0.06486723405473604,True,True,Aligned,1
E021,I02,b'\xea\x07\x00\x00\x00\x00\x00\x00',b'\x01\x00\x00\x00\x00\x00\x00\x00',2.6,2.5,2.9605947323337506e-16,1,1,3,0,,,,,0.06486723405473604,False,False,Aligned,1
E021,I02,b'\xea\x07\x00\x00\x00\x00\x00\x00',b'\x02\x00\x00\x00\x00\x00\x00\x00',2.8,2.611111111111111,0.13808114890088477,1,1,3,0,,,,,0.06486723405473604,False,False,Aligned,1
E022,I02,b'\xea\x07\x00\x00\x00\x00\x00\x00',b'\x01\x00\x00\x00\x00\x00\x00\x00',3.9777777777777774,3.944444444444444,0.052548465466459526,1,1,3,0,,,,,0.06486723405473604,True,True,Aligned,1
E022,I02,b'\xea\x07\x00\x00\x00\x00\x00\x00',b'\x02\x00\x00\x00\x00\x00\x00\x00',4.377777777777777,4.444444444444444,0.15384615384615374,1,1,3,0,,,,,0.06486723405473604,True,True,Aligned,1
E023,I02,b'\xea\x07\x00\x00\x00\x00\x00\x00',b'\x01\x00\x00\x00\x00\x00\x00\x00',3.7600000000000002,3.033333333333333,0.06633249580710791,1,0,1,5,,,,,0.06486723405473604,False,False,Aligned,1
E023,I02,b'\xea\x07\x00\x00\x00\x00\x00\x00',b'\x02\x00\x00\x00\x00\x00\x00\x00',3.822222222222222,3.2777777777777772,0.22213602514167605,1,0,3,3,,,,,0.06486723405473604,True,False,Anti-Aligned,0
E024,I02,b'\xea\x07\x00\x00\x00\x00\x00\x00',b'\x01\x00\x00\x00\x00\x00\x00\x00',3.6666666666666665,3.944444444444444,0.09797422140791175,1,1,3,0,,,,,0.06486723405473604,False,True,Anti-Aligned,0
E024,I02,b'\xea\x07\x00\x00\x00\x00\x00\x00',b'\x02\x00\x00\x00\x00\x00\x00\x00',3.644444444444444,4.111111111111111,0.0648672340547359,1,1,3,0,,,,,0.06486723405473604,False,True,Anti-Aligned,0
E025,I02,b'\xea\x07\x00\x00\x00\x00\x00\x00',b'\x01\x00\x00\x00\x00\x00\x00\x00',3.0888888888888886,3.0,0.06486723405473606,1,1,3,0,,,,,0.06486723405473604,False,False,Aligned,1
E025,I02,b'\xea\x07\x00\x00\x00\x00\x00\x00',b'\x02\x00\x00\x00\x00\x00\x00\x00',3.111111111111111,3.0,0.06587298758289815,1,1,3,0,,,,,0.06486723405473604,False,False,Aligned,1
E026,I02,b'\xea\x07\x00\x00\x00\x00\x00\x00',b'\x01\x00\x00\x00\x00\x00\x00\x00',3.888888888888888,4.0,0.06486723405473606,1,1,3,0,,,,,0.06486723405473604,True,True,Aligned,1
E026,I02,b'\xea\x07\x00\x00\x00\x00\x00\x00',b'\x02\x00\x00\x00\x00\x00\x00\x00',3.822222222222222,4.055555555555556,0.052548465466459526,1,1,3,0,,,,,0.06486723405473604,True,True,Aligned,1
E027,I02,b'\xea\x07\x00\x00\x00\x00\x00\x00',b'\x01\x00\x00\x00\x00\x00\x00\x00',4.7555555555555555,4.944444444444445,0.06486723405473604,1,1,3,0,,,,,0.06486723405473604,True,True,Aligned,1
E027,I02,b'\xea\x07\x00\x00\x00\x00\x00\x00',b'\x02\x00\x00\x00\x00\x00\x00\x00',4.888888888888889,5.0,0.06486723405473604,1,1,3,0,,,,,0.06486723405473604,True,True,Aligned,1
E028,I02,b'\xea\x07\x00\x00\x00\x00\x00\x00',b'\x01\x00\x00\x00\x00\x00\x00\x00',4.777777777777778,4.944444444444445,0.052548465466459526,1,1,3,0,,,,,0.06486723405473604,True,True,Aligned,1
E028,I02,b'\xea\x07\x00\x00\x00\x00\x00\x00',b'\x02\x00\x00\x00\x00\x00\x00\x00',4.888888888888889,5.0,0.06486723405473604,1,1,3,0,,,,,0.06486723405473604,True,True,Aligned,1
E029,I02,b'\xea\x07\x00\x00\x00\x00\x00\x00',b'\x01\x00\x00\x00\x00\x00\x00\x00',4.366666666666667,4.5,0.055431961285539934,1,2,2,0,,,,,0.06486723405473604,True,True,Aligned,1
E029,I02,b'\xea\x07\x00\x00\x00\x00\x00\x00',b'\x02\x00\x00\x00\x00\x00\x00\x00',4.5,4.75,0.06438718424891483,1,2,2,0,,,,,0.06486723405473604,True,True,Aligned,1
E030,I02,b'\xea\x07\x00\x00\x00\x00\x00\x00',b'\x01\x00\x00\x00\x00\x00\x00\x00',4.2666666666666675,4.0,0.09797422140791189,1,1,3,0,,,,,0.06486723405473604,True,True,Aligned,1
E030,I02,b'\xea\x07\x00\x00\x00\x00\x00\x00',b'\x02\x00\x00\x00\x00\x00\x00\x00',4.311111111111111,4.277777777777778,0.06587298758289815,1,1,3,0,,,,,0.06486723405473604,True,True,Aligned,1
E031,I02,b'\xea\x07\x00\x00\x00\x00\x00\x00',b'\x01\x00\x00\x00\x00\x00\x00\x00',3.5999999999999996,3.9333333333333336,0.16329931618554516,1,0,1,5,,,,,0.06486723405473604,False,True,Anti-Aligned,0
E031,I02,b'\xea\x07\x00\x00\x00\x00\x00\x00',b'\x02\x00\x00\x00\x00\x00\x00\x00',3.866666666666667,3.733333333333333,0.2016597794967224,1,0,1,5,,,,,0.06486723405473604,True,False,Anti-Aligned,0
E032,I02,b'\xea\x07\x00\x00\x00\x00\x00\x00',b'\x01\x00\x00\x00\x00\x00\x00\x00',4.766666666666667,4.416666666666667,0.05543196128553992,1,0,2,2,,,,,0.06486723405473604,True,True,Aligned,1
E032,I02,b'\xea\x07\x00\x00\x00\x00\x00\x00',b'\x02\x00\x00\x00\x00\x00\x00\x00',4.9,4.75,0.06438718424891511,1,0,2,2,,,,,0.06486723405473604,True,True,Aligned,1
E033,I02,b'\xea\x07\x00\x00\x00\x00\x00\x00',b'\x01\x00\x00\x00\x00\x00\x00\x00',4.288888888888889,4.0,0.06486723405473604,1,1,3,0,,,,,0.06486723405473604,True,True,Aligned,1
E033,I02,b'\xea\x07\x00\x00\x00\x00\x00\x00',b'\x02\x00\x00\x00\x00\x00\x00\x00',4.422222222222221,4.388888888888888,0.10256410256410246,1,1,3,0,,,,,0.06486723405473604,True,True,Aligned,1
E034,I02,b'\xea\x07\x00\x00\x00\x00\x00\x00',b'\x01\x00\x00\x00\x00\x00\x00\x00',4.377777777777777,4.444444444444444,0.052548465466459526,1,1,3,0,,,,,0.06486723405473604,True,True,Aligned,1
E034,I02,b'\xea\x07\x00\x00\x00\x00\x00\x00',b'\x02\x00\x00\x00\x00\x00\x00\x00',4.533333333333333,4.611111111111112,0.05617667256463222,1,1,3,0,,,,,0.06486723405473604,True,True,Aligned,1
E035,I03,b'\xea\x07\x00\x00\x00\x00\x00\x00',b'\x01\x00\x00\x00\x00\x00\x00\x00',4.533333333333333,4.5,0.16337493679121917,1,3,1,0,,,,,0.14700474057388607,True,True,Aligned,1
E035,I03,b'\xea\x07\x00\x00\x00\x00\x00\x00',b'\x02\x00\x00\x00\x00\x00\x00\x00',4.5777777777777775,4.555555555555555,0.1540107591929687,1,3,1,0,,,,,0.14700474057388607,True,True,Aligned,1
E036,I03,b'\xea\x07\x00\x00\x00\x00\x00\x00',b'\x01\x00\x00\x00\x00\x00\x00\x00',3.2666666666666666,3.4166666666666665,0.3188404817728773,1,2,2,0,,,,,0.14700474057388607,False,False,Aligned,1
E036,I03,b'\xea\x07\x00\x00\x00\x00\x00\x00',b'\x02\x00\x00\x00\x00\x00\x00\x00',3.4000000000000004,3.6666666666666665,0.2901248103736583,1,3,1,0,,,,,0.14700474057388607,False,False,Aligned,1
E037,I03,b'\xea\x07\x00\x00\x00\x00\x00\x00',b'\x01\x00\x00\x00\x00\x00\x00\x00',4.413333333333333,4.5,0.046110739251809967,1,0,5,1,,,,,0.14700474057388607,True,True,Aligned,1
E037,I03,b'\xea\x07\x00\x00\x00\x00\x00\x00',b'\x02\x00\x00\x00\x00\x00\x00\x00',4.533333333333333,4.625,0.14919093005033826,1,0,4,2,,,,,0.14700474057388607,True,True,Aligned,1
E038,I03,b'\xea\x07\x00\x00\x00\x00\x00\x00',b'\x01\x00\x00\x00\x00\x00\x00\x00',3.1999999999999997,2.6875,0.2175083016843975,1,1,2,1,,,,,0.14700474057388607,False,False,Aligned,1
E038,I03,b'\xea\x07\x00\x00\x00\x00\x00\x00',b'\x02\x00\x00\x00\x00\x00\x00\x00',3.0,2.5,2.9605947323337506e-16,1,1,3,0,,,,,0.14700474057388607,False,False,Aligned,1
E039,I03,b'\xea\x07\x00\x00\x00\x00\x00\x00',b'\x01\x00\x00\x00\x00\x00\x00\x00',4.888888888888889,5.0,0.16438718424891513,1,1,3,0,,,,,0.14700474057388607,True,True,Aligned,1
E039,I03,b'\xea\x07\x00\x00\x00\x00\x00\x00',b'\x02\x00\x00\x00\x00\x00\x00\x00',4.933333333333334,5.0,0.16337493679121945,1,3,1,0,,,,,0.14700474057388607,True,True,Aligned,1
E040,I03,b'\xea\x07\x00\x00\x00\x00\x00\x00',b'\x01\x00\x00\x00\x00\x00\x00\x00',3.266666666666667,3.6666666666666665,0.09626463550428603,1,2,2,0,,,,,0.14700474057388607,False,False,Aligned,1
E040,I03,b'\xea\x07\x00\x00\x00\x00\x00\x00',b'\x02\x00\x00\x00\x00\x00\x00\x00',3.4000000000000004,3.75,0.12877436849783008,1,2,2,0,,,,,0.14700474057388607,False,False,Aligned,1
E041,I03,b'\xea\x07\x00\x00\x00\x00\x00\x00',b'\x01\x00\x00\x00\x00\x00\x00\x00',4.177777777777778,4.5,0.15401075919296892,1,3,1,0,,,,,0.14700474057388607,True,True,Aligned,1
E041,I03,b'\xea\x07\x00\x00\x00\x00\x00\x00',b'\x02\x00\x00\x00\x00\x00\x00\x00',4.366666666666667,4.833333333333333,0.15773502691896263,1,2,2,0,,,,,0.14700474057388607,True,True,Aligned,1
E042,I03,b'\xea\x07\x00\x00\x00\x00\x00\x00',b'\x01\x00\x00\x00\x00\x00\x00\x00',2.7555555555555546,3.0,0.0648672340547359,1,1,3,0,,,,,0.14700474057388607,False,False,Aligned,1
E042,I03,b'\xea\x07\x00\x00\x00\x00\x00\x00',b'\x02\x00\x00\x00\x00\x00\x00\x00',3.0222222222222217,3.055555555555556,0.1317459751657963,1,1,3,0,,,,,0.14700474057388607,False,False,Aligned,1
E043,I03,b'\xea\x07\x00\x00\x00\x00\x00\x00',b'\x01\x00\x00\x00\x00\x00\x00\x00',2.8666666666666663,3.4166666666666665,0.09626463550428606,1,2,2,0,,,,,0.14700474057388607,False,False,Aligned,1
E043,I03,b'\xea\x07\x00\x00\x00\x00\x00\x00',b'\x02\x00\x00\x00\x00\x00\x00\x00',3.0,3.8333333333333335,0.1448185510974339,1,2,2,0,,,,,0.14700474057388607,False,True,Anti-Aligned,0
E044,I03,b'\xea\x07\x00\x00\x00\x00\x00\x00',b'\x01\x00\x00\x00\x00\x00\x00\x00',3.4,3.5,0.0,1,1,2,1,,,,,0.14700474057388607,False,False,Aligned,1
E044,I03,b'\xea\x07\x00\x00\x00\x00\x00\x00',b'\x02\x00\x00\x00\x00\x00\x00\x00',3.822222222222222,4.333333333333333,0.15255871569890786,1,1,3,0,,,,,0.14700474057388607,True,True,Aligned,1
E045,I03,b'\xea\x07\x00\x00\x00\x00\x00\x00',b'\x01\x00\x00\x00\x00\x00\x00\x00',3.373333333333333,3.8666666666666667,0.36137926890939986,1,0,1,5,,,,,0.14700474057388607,False,True,Anti-Aligned,0
E045,I03,b'\xea\x07\x00\x00\x00\x00\x00\x00',b'\x02\x00\x00\x00\x00\x00\x00\x00',3.626666666666667,4.3,0.3881605271458723,1,0,1,5,,,,,0.14700474057388607,False,True,Anti-Aligned,0
E046,I03,b'\xea\x07\x00\x00\x00\x00\x00\x00',b'\x01\x00\x00\x00\x00\x00\x00\x00',4.48888888888889,4.5,0.06486723405473575,1,0,3,1,,,,,0.14700474057388607,True,True,Aligned,1
E046,I03,b'\xea\x07\x00\x00\x00\x00\x00\x00',b'\x02\x00\x00\x00\x00\x00\x00\x00',4.675,4.875,0.11925695879998864,1,0,4,0,,,,,0.14700474057388607,True,True,Aligned,1
E047,I03,b'\xea\x07\x00\x00\x00\x00\x00\x00',b'\x01\x00\x00\x00\x00\x00\x00\x00',4.0,4.5,0.0,1,1,2,1,,,,,0.14700474057388607,True,True,Aligned,1
E047,I03,b'\xea\x07\x00\x00\x00\x00\x00\x00',b'\x02\x00\x00\x00\x00\x00\x00\x00',4.2,4.5625,0.13250773199998767,1,1,2,1,,,,,0.14700474057388607,True,True,Aligned,1
E048,I03,b'\xea\x07\x00\x00\x00\x00\x00\x00',b'\x01\x00\x00\x00\x00\x00\x00\x00',3.2666666666666666,2.6666666666666665,0.19897433186107866,1,2,2,0,,,,,0.14700474057388607,False,False,Aligned,1
E048,I03,b'\xea\x07\x00\x00\x00\x00\x00\x00',b'\x02\x00\x00\x00\x00\x00\x00\x00',3.533333333333333,3.0833333333333335,0.2803875897607219,1,2,2,0,,,,,0.14700474057388607,False,False,Aligned,1
E049,I03,b'\xea\x07\x00\x00\x00\x00\x00\x00',b'\x01\x00\x00\x00\x00\x00\x00\x00',2.733333333333333,2.3333333333333335,0.05617667256463235,1,0,3,1,,,,,0.14700474057388607,False,False,Aligned,1
E049,I03,b'\xea\x07\x00\x00\x00\x00\x00\x00',b'\x02\x00\x00\x00\x00\x00\x00\x00',3.35,3.125,0.23851391759997764,1,0,4,0,,,,,0.14700474057388607,False,False,Aligned,1
E050,I03,b'\xea\x07\x00\x00\x00\x00\x00\x00',b'\x01\x00\x00\x00\x00\x00\x00\x00',3.644444444444445,3.7777777777777772,0.2551000256867402,1,3,1,0,,,,,0.14700474057388607,False,False,Aligned,1
E050,I03,b'\xea\x07\x00\x00\x00\x00\x00\x00',b'\x02\x00\x00\x00\x00\x00\x00\x00',3.6999999999999997,3.75,0.291662969499982,1,2,2,0,,,,,0.14700474057388607,False,False,Aligned,1
E051,I03,b'\xea\x07\x00\x00\x00\x00\x00\x00',b'\x01\x00\x00\x00\x00\x00\x00\x00',2.3777777777777778,2.0,0.052548465466459415,1,1,3,0,,,,,0.14700474057388607,False,False,Aligned,1
E051,I03,b'\xea\x07\x00\x00\x00\x00\x00\x00',b'\x02\x00\x00\x00\x00\x00\x00\x00',2.625,2.1875,0.19316155274674518,1,1,2,1,,,,,0.14700474057388607,False,False,Aligned,1
E052,I03,b'\xea\x07\x00\x00\x00\x00\x00\x00',b'\x01\x00\x00\x00\x00\x00\x00\x00',4.4,4.5,0.11971915415311525,1,0,3,1,,,,,0.14700474057388607,True,True,Aligned,1
E052,I03,b'\xea\x07\x00\x00\x00\x00\x00\x00',b'\x02\x00\x00\x00\x00\x00\x00\x00',4.7749999999999995,4.8125,0.19595917942265415,1,0,4,0,,,,,0.14700474057388607,True,True,Aligned,1
E053,I03,b'\xea\x07\x00\x00\x00\x00\x00\x00',b'\x01\x00\x00\x00\x00\x00\x00\x00',3.9499999999999997,3.875,0.05543196128553993,1,1,2,1,,,,,0.14700474057388607,True,True,Aligned,1
E053,I03,b'\xea\x07\x00\x00\x00\x00\x00\x00',b'\x02\x00\x00\x00\x00\x00\x00\x00',4.25,4.25,0.11780301787479042,1,1,1,2,,,,,0.14700474057388607,True,True,Aligned,1
E054,I03,b'\xea\x07\x00\x00\x00\x00\x00\x00',b'\x01\x00\x00\x00\x00\x00\x00\x00',2.9250000000000003,2.5,0.10816968277714806,1,1,1,2,,,,,0.14700474057388607,False,False,Aligned,1
E054,I03,b'\xea\x07\x00\x00\x00\x00\x00\x00',b'\x02\x00\x00\x00\x00\x00\x00\x00',3.4250000000000003,3.0,0.23961420238874512,1,1,1,2,,,,,0.14700474057388607,False,False,Aligned,1
E055,I03,b'\xea\x07\x00\x00\x00\x00\x00\x00',b'\x01\x00\x00\x00\x00\x00\x00\x00',3.3333333333333335,3.3333333333333335,0.11086392257107973,1,0,2,2,,,,,0.14700474057388607,False,False,Aligned,1
E055,I03,b'\xea\x07\x00\x00\x00\x00\x00\x00',b'\x02\x00\x00\x00\x00\x00\x00\x00',3.644444444444444,3.7222222222222228,0.11694106924093721,1,0,3,1,,,,,0.14700474057388607,False,False,Aligned,1
E056,I04,b'\xea\x07\x00\x00\x00\x00\x00\x00',b'\x01\x00\x00\x00\x00\x00\x00\x00',1.8999999999999997,2.0,0.26023386019368344,1,3,2,0,,,,,0.21013343976112364,False,False,Aligned,1
E056,I04,b'\xea\x07\x00\x00\x00\x00\x00\x00',b'\x02\x00\x00\x00\x00\x00\x00\x00',2.4999999999999996,2.6666666666666665,0.47464904654018386,1,4,1,0,,,,,0.21013343976112364,False,False,Aligned,1
E057,I04,b'\xea\x07\x00\x00\x00\x00\x00\x00',b'\x01\x00\x00\x00\x00\x00\x00\x00',2.475,3.1875,0.061275761164052985,1,2,2,1,,,,,0.21013343976112364,False,False,Aligned,1
E057,I04,b'\xea\x07\x00\x00\x00\x00\x00\x00',b'\x02\x00\x00\x00\x00\x00\x00\x00',2.7111111111111112,3.555555555555556,0.16666666666666666,1,2,3,0,,,,,0.21013343976112364,False,False,Aligned,1
E058,I04,b'\xea\x07\x00\x00\x00\x00\x00\x00',b'\x01\x00\x00\x00\x00\x00\x00\x00',2.488888888888889,2.2222222222222223,0.06180165405913057,1,2,3,0,,,,,0.21013343976112364,False,False,Aligned,1
E058,I04,b'\xea\x07\x00\x00\x00\x00\x00\x00',b'\x02\x00\x00\x00\x00\x00\x00\x00',2.5500000000000003,2.25,0.09142390706250313,1,2,2,1,,,,,0.21013343976112364,False,False,Aligned,1
E059,I04,b'\xea\x07\x00\x00\x00\x00\x00\x00',b'\x01\x00\x00\x00\x00\x00\x00\x00',5.0,5.0,0.2000000000000006,1,3,2,0,,,,,0.21013343976112364,True,True,Aligned,1
E059,I04,b'\xea\x07\x00\x00\x00\x00\x00\x00',b'\x02\x00\x00\x00\x00\x00\x00\x00',5.0,5.0,0.2,1,2,3,0,,,,,0.21013343976112364,True,True,Aligned,1
E060,I04,b'\xea\x07\x00\x00\x00\x00\x00\x00',b'\x01\x00\x00\x00\x00\x00\x00\x00',4.5888888888888895,4.416666666666667,0.3591815803106756,1,3,2,0,,,,,0.21013343976112364,True,True,Aligned,1
E060,I04,b'\xea\x07\x00\x00\x00\x00\x00\x00',b'\x02\x00\x00\x00\x00\x00\x00\x00',4.7333333333333325,4.5,0.2659828879073859,1,3,2,0,,,,,0.21013343976112364,True,True,Aligned,1
E061,I04,b'\xea\x07\x00\x00\x00\x00\x00\x00',b'\x01\x00\x00\x00\x00\x00\x00\x00',3.5,3.0,0.2602338601936835,1,3,2,0,,,,,0.21013343976112364,False,False,Aligned,1
E061,I04,b'\xea\x07\x00\x00\x00\x00\x00\x00',b'\x02\x00\x00\x00\x00\x00\x00\x00',3.6999999999999997,3.3333333333333335,0.3059932446018829,1,4,1,0,,,,,0.21013343976112364,False,False,Aligned,1
E062,I04,b'\xea\x07\x00\x00\x00\x00\x00\x00',b'\x01\x00\x00\x00\x00\x00\x00\x00',4.5,5.0,0.2602338601936832,1,3,2,0,,,,,0.21013343976112364,True,True,Aligned,1
E062,I04,b'\xea\x07\x00\x00\x00\x00\x00\x00',b'\x02\x00\x00\x00\x00\x00\x00\x00',4.566666666666666,5.0,0.2649997362029044,1,4,1,0,,,,,0.21013343976112364,True,True,Aligned,1
E063,I04,b'\xea\x07\x00\x00\x00\x00\x00\x00',b'\x01\x00\x00\x00\x00\x00\x00\x00',4.2,3.5,0.2000000000000006,1,3,2,0,,,,,0.21013343976112364,True,False,Anti-Aligned,0
E063,I04,b'\xea\x07\x00\x00\x00\x00\x00\x00',b'\x02\x00\x00\x00\x00\x00\x00\x00',4.366666666666667,3.5416666666666665,0.2640430239473726,1,4,1,0,,,,,0.21013343976112364,True,False,Anti-Aligned,0
E064,I04,b'\xea\x07\x00\x00\x00\x00\x00\x00',b'\x01\x00\x00\x00\x00\x00\x00\x00',4.2,4.0,5.921189464667501e-16,1,2,3,0,,,,,0.21013343976112364,True,True,Aligned,1
E064,I04,b'\xea\x07\x00\x00\x00\x00\x00\x00',b'\x02\x00\x00\x00\x00\x00\x00\x00',4.344444444444444,4.222222222222222,0.06332785063987782,1,2,3,0,,,,,0.21013343976112364,True,True,Aligned,1
E065,I04,b'\xea\x07\x00\x00\x00\x00\x00\x00',b'\x01\x00\x00\x00\x00\x00\x00\x00',3.5999999999999996,3.0,0.20000000000000032,1,3,2,0,,,,,0.21013343976112364,False,False,Aligned,1
E065,I04,b'\xea\x07\x00\x00\x00\x00\x00\x00',b'\x02\x00\x00\x00\x00\x00\x00\x00',3.7777777777777777,3.2222222222222228,0.32150535988101697,1,2,3,0,,,,,0.21013343976112364,False,False,Aligned,1
E066,I04,b'\xea\x07\x00\x00\x00\x00\x00\x00',b'\x01\x00\x00\x00\x00\x00\x00\x00',4.866666666666666,4.666666666666667,0.2851835419999921,1,3,2,0,,,,,0.21013343976112364,True,True,Aligned,1
E066,I04,b'\xea\x07\x00\x00\x00\x00\x00\x00',b'\x02\x00\x00\x00\x00\x00\x00\x00',4.922222222222222,4.805555555555555,0.2664213172349056,1,3,2,0,,,,,0.21013343976112364,True,True,Aligned,1
E067,I04,b'\xea\x07\x00\x00\x00\x00\x00\x00',b'\x01\x00\x00\x00\x00\x00\x00\x00',3.8444444444444446,3.9166666666666665,0.3032092737839548,1,3,2,0,,,,,0.21013343976112364,True,True,Aligned,1
E067,I04,b'\xea\x07\x00\x00\x00\x00\x00\x00',b'\x02\x00\x00\x00\x00\x00\x00\x00',4.0,4.25,0.32046772038736693,1,3,2,0,,,,,0.21013343976112364,True,True,Aligned,1
E068,I04,b'\xea\x07\x00\x00\x00\x00\x00\x00',b'\x01\x00\x00\x00\x00\x00\x00\x00',4.2749999999999995,5.0,0.061275761164052985,1,2,2,1,,,,,0.21013343976112364,True,True,Aligned,1
E068,I04,b'\xea\x07\x00\x00\x00\x00\x00\x00',b'\x02\x00\x00\x00\x00\x00\x00\x00',4.2749999999999995,5.0,0.061275761164052985,1,2,2,1,,,,,0.21013343976112364,True,True,Aligned,1
E069,I04,b'\xea\x07\x00\x00\x00\x00\x00\x00',b'\x01\x00\x00\x00\x00\x00\x00\x00',3.1999999999999997,4.25,0.12150535988101696,1,2,1,2,,,,,0.21013343976112364,False,True,Anti-Aligned,0
E069,I04,b'\xea\x07\x00\x00\x00\x00\x00\x00',b'\x02\x00\x00\x00\x00\x00\x00\x00',3.3111111111111113,4.055555555555555,0.18257418583505539,1,2,3,0,,,,,0.21013343976112364,False,True,Anti-Aligned,0
E070,I04,b'\xea\x07\x00\x00\x00\x00\x00\x00',b'\x01\x00\x00\x00\x00\x00\x00\x00',2.55,3.3333333333333335,0.4510524095666073,1,0,2,4,,,,,0.21013343976112364,False,False,Aligned,1
E070,I04,b'\xea\x07\x00\x00\x00\x00\x00\x00',b'\x02\x00\x00\x00\x00\x00\x00\x00',3.0,3.8666666666666667,0.34275066805231247,1,0,1,5,,,,,0.21013343976112364,False,True,Anti-Aligned,0
E071,I04,b'\xea\x07\x00\x00\x00\x00\x00\x00',b'\x01\x00\x00\x00\x00\x00\x00\x00',4.400000000000001,4.5,0.2000000000000006,1,3,2,0,,,,,0.21013343976112364,True,True,Aligned,1
E071,I04,b'\xea\x07\x00\x00\x00\x00\x00\x00',b'\x02\x00\x00\x00\x00\x00\x00\x00',4.533333333333333,4.777777777777778,0.26562039423796646,1,2,3,0,,,,,0.21013343976112364,True,True,Aligned,1
E072,I04,b'\xea\x07\x00\x00\x00\x00\x00\x00',b'\x01\x00\x00\x00\x00\x00\x00\x00',2.7777777777777777,2.5,0.2502510703172301,1,3,2,0,,,,,0.21013343976112364,False,False,Aligned,1
E072,I04,b'\xea\x07\x00\x00\x00\x00\x00\x00',b'\x02\x00\x00\x00\x00\x00\x00\x00',3.211111111111111,2.9166666666666665,0.36976975203929296,1,3,2,0,,,,,0.21013343976112364,False,False,Aligned,1
E073,I04,b'\xea\x07\x00\x00\x00\x00\x00\x00',b'\x01\x00\x00\x00\x00\x00\x00\x00',4.583333333333332,5.0,0.24969039949999516,1,4,1,0,,,,,0.21013343976112364,True,True,Aligned,1
E073,I04,b'\xea\x07\x00\x00\x00\x00\x00\x00',b'\x02\x00\x00\x00\x00\x00\x00\x00',4.688888888888888,5.0,0.26075267994050855,1,2,3,0,,,,,0.21013343976112364,True,True,Aligned,1
E074,I04,b'\xea\x07\x00\x00\x00\x00\x00\x00',b'\x01\x00\x00\x00\x00\x00\x00\x00',4.0,4.5,0.2,1,3,2,0,,,,,0.21013343976112364,True,True,Aligned,1
E074,I04,b'\xea\x07\x00\x00\x00\x00\x00\x00',b'\x02\x00\x00\x00\x00\x00\x00\x00',4.233333333333333,4.555555555555555,0.3069661309567519,1,2,3,0,,,,,0.21013343976112364,True,True,Aligned,1
E075,I04,b'\xea\x07\x00\x00\x00\x00\x00\x00',b'\x01\x00\x00\x00\x00\x00\x00\x00',4.377777777777777,4.5,0.04841229182759275,1,2,3,0,,,,,0.21013343976112364,True,True,Aligned,1
E075,I04,b'\xea\x07\x00\x00\x00\x00\x00\x00',b'\x02\x00\x00\x00\x00\x00\x00\x00',4.5249999999999995,4.75,0.066551226464616,1,2,1,2,,,,,0.21013343976112364,True,True,Aligned,1
E076,I04,b'\xea\x07\x00\x00\x00\x00\x00\x00',b'\x01\x00\x00\x00\x00\x00\x00\x00',2.4,1.5,2.9605947323337506e-16,1,2,1,2,,,,,0.21013343976112364,False,False,Aligned,1
E076,I04,b'\xea\x07\x00\x00\x00\x00\x00\x00',b'\x02\x00\x00\x00\x00\x00\x00\x00',2.6750000000000003,1.5,0.11890051692575482,1,2,2,1,,,,,0.21013343976112364,False,False,Aligned,1
E077,I04,b'\xea\x07\x00\x00\x00\x00\x00\x00',b'\x01\x00\x00\x00\x00\x00\x00\x00',4.5,4.375,0.127435896543309,1,2,1,2,,,,,0.21013343976112364,True,True,Aligned,1
E077,I04,b'\xea\x07\x00\x00\x00\x00\x00\x00',b'\x02\x00\x00\x00\x00\x00\x00\x00',4.625,4.5625,0.04780670531797674,1,2,2,1,,,,,0.21013343976112364,True,True,Aligned,1
E078,I04,b'\xea\x07\x00\x00\x00\x00\x00\x00',b'\x01\x00\x00\x00\x00\x00\x00\x00',3.8666666666666663,3.444444444444444,0.08887803753208977,1,2,3,0,,,,,0.21013343976112364,True,False,Anti-Aligned,0
E078,I04,b'\xea\x07\x00\x00\x00\x00\x00\x00',b'\x02\x00\x00\x00\x00\x00\x00\x00',4.111111111111111,4.0,0.16666666666666682,1,2,3,0,,,,,0.21013343976112364,True,True,Aligned,1
E079,I04,b'\xea\x07\x00\x00\x00\x00\x00\x00',b'\x01\x00\x00\x00\x00\x00\x00\x00',3.3833333333333333,2.4583333333333335,0.24969039949999527,1,4,1,0,,,,,0.21013343976112364,False,False,Aligned,1
E079,I04,b'\xea\x07\x00\x00\x00\x00\x00\x00',b'\x02\x00\x00\x00\x00\x00\x00\x00',3.677777777777778,2.75,0.29221880713836346,1,3,2,0,,,,,0.21013343976112364,False,False,Aligned,1
E080,I04,b'\xea\x07\x00\x00\x00\x00\x00\x00',b'\x01\x00\x00\x00\x00\x00\x00\x00',3.9,4.0,0.06075267994050856,1,2,1,2,,,,,0.21013343976112364,True,True,Aligned,1
E080,I04,b'\xea\x07\x00\x00\x00\x00\x00\x00',b'\x02\x00\x00\x00\x00\x00\x00\x00',3.9250000000000003,4.3125,0.06663605051503295,1,2,2,1,,,,,0.21013343976112364,True,True,Aligned,1
E081,I04,b'\xea\x07\x00\x00\x00\x00\x00\x00',b'\x01\x00\x00\x00\x00\x00\x00\x00',3.966666666666667,4.0,0.2466569474815844,1,3,2,0,,,,,0.21013343976112364,True,True,Aligned,1
E081,I04,b'\xea\x07\x00\x00\x00\x00\x00\x00',b'\x02\x00\x00\x00\x00\x00\x00\x00',4.133333333333334,4.0,0.2656203942379668,1,2,3,0,,,,,0.21013343976112364,True,True,Aligned,1
E082,I04,b'\xea\x07\x00\x00\x00\x00\x00\x00',b'\x01\x00\x00\x00\x00\x00\x00\x00',2.15,1.0,0.05142594772265805,1,2,2,1,,,,,0.21013343976112364,False,False,Aligned,1
E082,I04,b'\xea\x07\x00\x00\x00\x00\x00\x00',b'\x02\x00\x00\x00\x00\x00\x00\x00',2.4499999999999997,1.375,0.1765799869366638,1,2,2,1,,,,,0.21013343976112364,False,False,Aligned,1
E083,I04,b'\xea\x07\x00\x00\x00\x00\x00\x00',b'\x01\x00\x00\x00\x00\x00\x00\x00',4.175,3.9375,0.04780670531797674,1,2,2,1,,,,,0.21013343976112364,True,True,Aligned,1
E083,I04,b'\xea\x07\x00\x00\x00\x00\x00\x00',b'\x02\x00\x00\x00\x00\x00\x00\x00',4.3,4.0,0.06075267994050856,1,2,1,2,,,,,0.21013343976112364,True,True,Aligned,1
E084,I04,b'\xea\x07\x00\x00\x00\x00\x00\x00',b'\x01\x00\x00\x00\x00\x00\x00\x00',4.8500000000000005,4.875,0.13310245292923237,1,2,1,2,,,,,0.21013343976112364,True,True,Aligned,1
E084,I04,b'\xea\x07\x00\x00\x00\x00\x00\x00',b'\x02\x00\x00\x00\x00\x00\x00\x00',4.8,5.0,5.921189464667501e-16,1,2,1,2,,,,,0.21013343976112364,True,True,Aligned,1
E085,I04,b'\xea\x07\x00\x00\x00\x00\x00\x00',b'\x01\x00\x00\x00\x00\x00\x00\x00',2.8777777777777773,2.0,0.40100428126892074,1,3,2,0,,,,,0.21013343976112364,False,False,Aligned,1
E085,I04,b'\xea\x07\x00\x00\x00\x00\x00\x00',b'\x02\x00\x00\x00\x00\x00\x00\x00',2.9333333333333336,2.2222222222222223,0.3702611242830778,1,2,3,0,,,,,0.21013343976112364,False,False,Aligned,1
E086,I04,b'\xea\x07\x00\x00\x00\x00\x00\x00',b'\x01\x00\x00\x00\x00\x00\x00\x00',3.8444444444444446,3.6666666666666665,0.30226199851298274,1,2,3,0,,,,,0.21013343976112364,True,False,Anti-Aligned,0
E086,I04,b'\xea\x07\x00\x00\x00\x00\x00\x00',b'\x02\x00\x00\x00\x00\x00\x00\x00',4.022222222222222,3.8055555555555554,0.31642443268522774,1,3,2,0,,,,,0.21013343976112364,True,False,Anti-Aligned,0
E087,I04,b'\xea\x07\x00\x00\x00\x00\x00\x00',b'\x01\x00\x00\x00\x00\x00\x00\x00',4.2250000000000005,4.125,0.1924182771683338,1,2,2,1,,,,,0.21013343976112364,True,True,Aligned,1
E087,I04,b'\xea\x07\x00\x00\x00\x00\x00\x00',b'\x02\x00\x00\x00\x00\x00\x00\x00',4.425,4.4375,0.1062864358623506,1,2,2,1,,,,,0.21013343976112364,True,True,Aligned,1
E088,I04,b'\xea\x07\x00\x00\x00\x00\x00\x00',b'\x01\x00\x00\x00\x00\x00\x00\x00',4.625,5.0,0.09142390706250303,1,2,2,1,,,,,0.21013343976112364,True,True,Aligned,1
E088,I04,b'\xea\x07\x00\x00\x00\x00\x00\x00',b'\x02\x00\x00\x00\x00\x00\x00\x00',4.7,5.0,0.06663605051503295,1,2,2,1,,,,,0.21013343976112364,True,True,Aligned,1
E089,I04,b'\xea\x07\x00\x00\x00\x00\x00\x00',b'\x01\x00\x00\x00\x00\x00\x00\x00',2.4,3.0,0.0,1,2,2,1,,,,,0.21013343976112364,False,False,Aligned,1
E089,I04,b'\xea\x07\x00\x00\x00\x00\x00\x00',b'\x02\x00\x00\x00\x00\x00\x00\x00',2.75,3.4375,0.2202668795222467,1,2,2,1,,,,,0.21013343976112364,False,False,Aligned,1
E090,I04,b'\xea\x07\x00\x00\x00\x00\x00\x00',b'\x01\x00\x00\x00\x00\x00\x00\x00',3.7999999999999994,3.0666666666666664,0.26645832705131356,1,0,1,5,,,,,0.21013343976112364,True,False,Anti-Aligned,0
E090,I04,b'\xea\x07\x00\x00\x00\x00\x00\x00',b'\x02\x00\x00\x00\x00\x00\x00\x00',4.28,3.8666666666666667,0.5084219209526335,1,0,1,5,,,,,0.21013343976112364,True,True,Aligned,1
E091,I04,b'\xea\x07\x00\x00\x00\x00\x00\x00',b'\x01\x00\x00\x00\x00\x00\x00\x00',2.488888888888889,2.2222222222222223,0.26075267994050855,1,2,3,0,,,,,0.21013343976112364,False,False,Aligned,1
E091,I04,b'\xea\x07\x00\x00\x00\x00\x00\x00',b'\x02\x00\x00\x00\x00\x00\x00\x00',2.8555555555555556,2.5833333333333335,0.42160822205331805,1,3,2,0,,,,,0.21013343976112364,False,False,Aligned,1
E092,I04,b'\xea\x07\x00\x00\x00\x00\x00\x00',b'\x01\x00\x00\x00\x00\x00\x00\x00',4.375,4.4375,0.04780670531797674,1,2,2,1,,,,,0.21013343976112364,True,True,Aligned,1
E092,I04,b'\xea\x07\x00\x00\x00\x00\x00\x00',b'\x02\x00\x00\x00\x00\x00\x00\x00',4.3999999999999995,4.5,0.0,1,2,2,1,,,,,0.21013343976112364,True,True,Aligned,1
E093,I04,b'\xea\x07\x00\x00\x00\x00\x00\x00',b'\x01\x00\x00\x00\x00\x00\x00\x00',3.1,3.75,0.2602338601936835,1,3,2,0,,,,,0.21013343976112364,False,False,Aligned,1
E093,I04,b'\xea\x07\x00\x00\x00\x00\x00\x00',b'\x02\x00\x00\x00\x00\x00\x00\x00',3.1333333333333337,3.7222222222222228,0.2656203942379668,1,2,3,0,,,,,0.21013343976112364,False,False,Aligned,1
E094,I04,b'\xea\x07\x00\x00\x00\x00\x00\x00',b'\x01\x00\x00\x00\x00\x00\x00\x00',2.377777777777778,1.4444444444444446,0.2502510703172301,1,3,2,0,,,,,0.21013343976112364,False,False,Aligned,1
E094,I04,b'\xea\x07\x00\x00\x00\x00\x00\x00',b'\x02\x00\x00\x00\x00\x00\x00\x00',2.588888888888889,1.5833333333333333,0.29206130265595864,1,3,2,0,,,,,0.21013343976112364,False,False,Aligned,1
E095,I04,b'\xea\x07\x00\x00\x00\x00\x00\x00',b'\x01\x00\x00\x00\x00\x00\x00\x00',3.45,3.7916666666666665,0.3415183198114282,1,4,1,0,,,,,0.21013343976112364,False,False,Aligned,1
E095,I04,b'\xea\x07\x00\x00\x00\x00\x00\x00',b'\x02\x00\x00\x00\x00\x00\x00\x00',3.411111111111111,3.722222222222222,0.31560316057242094,1,2,3,0,,,,,0.21013343976112364,False,False,Aligned,1
E096,I04,b'\xea\x07\x00\x00\x00\x00\x00\x00',b'\x01\x00\x00\x00\x00\x00\x00\x00',4.777777777777778,4.944444444444445,0.04841229182759275,1,2,3,0,,,,,0.21013343976112364,True,True,Aligned,1
E096,I04,b'\xea\x07\x00\x00\x00\x00\x00\x00',b'\x02\x00\x00\x00\x00\x00\x00\x00',4.833333333333333,5.0,0.052041649986653366,1,2,3,0,,,,,0.21013343976112364,True,True,Aligned,1
E097,I04,b'\xea\x07\x00\x00\x00\x00\x00\x00',b'\x01\x00\x00\x00\x00\x00\x00\x00',4.977777777777778,5.0,0.24722193952467572,1,2,3,0,,,,,0.21013343976112364,True,True,Aligned,1
E097,I04,b'\xea\x07\x00\x00\x00\x00\x00\x00',b'\x02\x00\x00\x00\x00\x00\x00\x00',5.0,5.0,0.2000000000000006,1,3,2,0,,,,,0.21013343976112364,True,True,Aligned,1
E098,I05,b'\xea\x07\x00\x00\x00\x00\x00\x00',b'\x01\x00\x00\x00\x00\x00\x00\x00',2.933333333333333,2.25,0.1699434396043473,1,0,4,2,,,,,0.06462720915182552,False,False,Aligned,1
E098,I05,b'\xea\x07\x00\x00\x00\x00\x00\x00',b'\x02\x00\x00\x00\x00\x00\x00\x00',3.2666666666666675,2.466666666666667,0.1915570450516408,1,0,5,1,,,,,0.06462720915182552,False,False,Aligned,1
E099,I05,b'\xea\x07\x00\x00\x00\x00\x00\x00',b'\x01\x00\x00\x00\x00\x00\x00\x00',4.816666666666666,5.0,0.050829338811042075,1,0,1,4,,,,,0.06462720915182552,True,True,Aligned,1
E099,I05,b'\xea\x07\x00\x00\x00\x00\x00\x00',b'\x02\x00\x00\x00\x00\x00\x00\x00',4.966666666666667,5.0,0.06371794827165464,1,0,1,4,,,,,0.06462720915182552,True,True,Aligned,1
E100,I05,b'\xea\x07\x00\x00\x00\x00\x00\x00',b'\x01\x00\x00\x00\x00\x00\x00\x00',4.0,4.0,0.0,1,1,3,0,,,,,0.06462720915182552,True,True,Aligned,1
E100,I05,b'\xea\x07\x00\x00\x00\x00\x00\x00',b'\x02\x00\x00\x00\x00\x00\x00\x00',4.033333333333333,4.083333333333333,0.051793029539266795,1,2,2,0,,,,,0.06462720915182552,True,True,Aligned,1
E101,I05,b'\xea\x07\x00\x00\x00\x00\x00\x00',b'\x01\x00\x00\x00\x00\x00\x00\x00',3.6666666666666665,3.6666666666666665,0.09797422140791177,1,0,3,1,,,,,0.06462720915182552,False,False,Aligned,1
E101,I05,b'\xea\x07\x00\x00\x00\x00\x00\x00',b'\x02\x00\x00\x00\x00\x00\x00\x00',3.777777777777777,3.722222222222222,0.12973446810947195,1,0,3,1,,,,,0.06462720915182552,False,False,Aligned,1
E102,I05,b'\xea\x07\x00\x00\x00\x00\x00\x00',b'\x01\x00\x00\x00\x00\x00\x00\x00',3.933333333333334,3.8333333333333335,0.06551357610578575,1,2,2,0,,,,,0.06462720915182552,True,True,Aligned,1
E102,I05,b'\xea\x07\x00\x00\x00\x00\x00\x00',b'\x02\x00\x00\x00\x00\x00\x00\x00',4.088888888888889,4.222222222222222,0.06486723405473604,1,1,3,0,,,,,0.06462720915182552,True,True,Aligned,1
E103,I05,b'\xea\x07\x00\x00\x00\x00\x00\x00',b'\x01\x00\x00\x00\x00\x00\x00\x00',3.1666666666666665,3.0,0.15971320127206154,1,2,2,0,,,,,0.06462720915182552,False,False,Aligned,1
E103,I05,b'\xea\x07\x00\x00\x00\x00\x00\x00',b'\x02\x00\x00\x00\x00\x00\x00\x00',3.3,3.1666666666666665,0.06438718424891497,1,2,2,0,,,,,0.06462720915182552,False,False,Aligned,1
E104,I05,b'\xea\x07\x00\x00\x00\x00\x00\x00',b'\x01\x00\x00\x00\x00\x00\x00\x00',4.400000000000001,4.5,0.0,1,3,1,0,,,,,0.06462720915182552,True,True,Aligned,1
E104,I05,b'\xea\x07\x00\x00\x00\x00\x00\x00',b'\x02\x00\x00\x00\x00\x00\x00\x00',4.400000000000001,4.5,0.0,1,3,1,0,,,,,0.06462720915182552,True,True,Aligned,1
E105,I05,b'\xea\x07\x00\x00\x00\x00\x00\x00',b'\x01\x00\x00\x00\x00\x00\x00\x00',4.777777777777778,5.0,0.052548465466459526,1,1,3,0,,,,,0.06462720915182552,True,True,Aligned,1
E105,I05,b'\xea\x07\x00\x00\x00\x00\x00\x00',b'\x02\x00\x00\x00\x00\x00\x00\x00',4.911111111111111,5.0,0.06587298758289817,1,1,3,0,,,,,0.06462720915182552,True,True,Aligned,1
E106,I05,b'\xea\x07\x00\x00\x00\x00\x00\x00',b'\x01\x00\x00\x00\x00\x00\x00\x00',3.0333333333333337,2.9166666666666665,0.19686118271390016,1,0,1,4,,,,,0.06462720915182552,False,False,Aligned,1
E106,I05,b'\xea\x07\x00\x00\x00\x00\x00\x00',b'\x02\x00\x00\x00\x00\x00\x00\x00',2.9833333333333334,3.0416666666666665,0.14631182828374614,1,0,1,4,,,,,0.06462720915182552,False,False,Aligned,1
E107,I05,b'\xea\x07\x00\x00\x00\x00\x00\x00',b'\x01\x00\x00\x00\x00\x00\x00\x00',4.377777777777777,5.0,0.052548465466459526,1,0,3,1,,,,,0.06462720915182552,True,True,Aligned,1
E107,I05,b'\xea\x07\x00\x00\x00\x00\x00\x00',b'\x02\x00\x00\x00\x00\x00\x00\x00',4.400000000000001,5.0,5.921189464667501e-16,1,0,3,1,,,,,0.06462720915182552,True,True,Aligned,1
E108,I06,b'\xea\x07\x00\x00\x00\x00\x00\x00',b'\x01\x00\x00\x00\x00\x00\x00\x00',2.7999999999999994,2.5,0.0,1,2,3,0,,,,,0.17593384980982762,False,False,Aligned,1
E108,I06,b'\xea\x07\x00\x00\x00\x00\x00\x00',b'\x02\x00\x00\x00\x00\x00\x00\x00',3.0750000000000006,2.6875,0.17481460729522372,1,2,2,1,,,,,0.17593384980982762,False,False,Aligned,1
E109,I06,b'\xea\x07\x00\x00\x00\x00\x00\x00',b'\x01\x00\x00\x00\x00\x00\x00\x00',4.766666666666667,5.0,0.34317927145630306,1,4,2,0,,,,,0.17593384980982762,True,True,Aligned,1
E109,I06,b'\xea\x07\x00\x00\x00\x00\x00\x00',b'\x02\x00\x00\x00\x00\x00\x00\x00',4.8,5.0,0.30000000000000004,1,3,3,0,,,,,0.17593384980982762,True,True,Aligned,1
E110,I06,b'\xea\x07\x00\x00\x00\x00\x00\x00',b'\x01\x00\x00\x00\x00\x00\x00\x00',4.0,4.033333333333333,0.2040650406504066,1,0,1,5,,,,,0.17593384980982762,True,True,Aligned,1
E110,I06,b'\xea\x07\x00\x00\x00\x00\x00\x00',b'\x02\x00\x00\x00\x00\x00\x00\x00',4.04,4.1000000000000005,0.19810148376584308,1,0,1,5,,,,,0.17593384980982762,True,True,Aligned,1
E111,I06,b'\xea\x07\x00\x00\x00\x00\x00\x00',b'\x01\x00\x00\x00\x00\x00\x00\x00',4.288888888888889,3.722222222222222,0.06486723405473604,1,1,3,0,,,,,0.17593384980982762,True,False,Anti-Aligned,0
E111,I06,b'\xea\x07\x00\x00\x00\x00\x00\x00',b'\x02\x00\x00\x00\x00\x00\x00\x00',4.425,4.0,0.11780301787479015,1,1,1,2,,,,,0.17593384980982762,True,True,Aligned,1
E112,I06,b'\xea\x07\x00\x00\x00\x00\x00\x00',b'\x01\x00\x00\x00\x00\x00\x00\x00',2.8666666666666667,2.3333333333333335,0.3194408555303489,1,4,1,0,,,,,0.17593384980982762,False,False,Aligned,1
E112,I06,b'\xea\x07\x00\x00\x00\x00\x00\x00',b'\x02\x00\x00\x00\x00\x00\x00\x00',2.922222222222222,2.0,0.37147089424650515,1,3,2,0,,,,,0.17593384980982762,False,False,Aligned,1
E113,I06,b'\xea\x07\x00\x00\x00\x00\x00\x00',b'\x01\x00\x00\x00\x00\x00\x00\x00',4.533333333333333,4.333333333333333,0.3563283786808834,1,5,1,0,,,,,0.17593384980982762,True,True,Aligned,1
E113,I06,b'\xea\x07\x00\x00\x00\x00\x00\x00',b'\x02\x00\x00\x00\x00\x00\x00\x00',4.400000000000001,4.0,0.30000000000000004,1,4,2,0,,,,,0.17593384980982762,True,True,Aligned,1
E114,I06,b'\xea\x07\x00\x00\x00\x00\x00\x00',b'\x01\x00\x00\x00\x00\x00\x00\x00',3.8666666666666663,4.416666666666667,0.37808491349999274,1,4,2,0,,,,,0.17593384980982762,True,True,Aligned,1
E114,I06,b'\xea\x07\x00\x00\x00\x00\x00\x00',b'\x02\x00\x00\x00\x00\x00\x00\x00',4.066666666666666,4.791666666666667,0.4241346971175694,1,4,2,0,,,,,0.17593384980982762,True,True,Aligned,1
E115,I06,b'\xea\x07\x00\x00\x00\x00\x00\x00',b'\x01\x00\x00\x00\x00\x00\x00\x00',4.0,4.466666666666667,0.20201227409013423,1,0,1,5,,,,,0.17593384980982762,True,True,Aligned,1
E115,I06,b'\xea\x07\x00\x00\x00\x00\x00\x00',b'\x02\x00\x00\x00\x00\x00\x00\x00',4.3066666666666675,4.8,0.2754289945920155,1,0,1,5,,,,,0.17593384980982762,True,True,Aligned,1
E116,I06,b'\xea\x07\x00\x00\x00\x00\x00\x00',b'\x01\x00\x00\x00\x00\x00\x00\x00',3.1999999999999997,4.5,5.921189464667501e-16,1,2,2,1,,,,,0.17593384980982762,False,True,Anti-Aligned,0
E116,I06,b'\xea\x07\x00\x00\x00\x00\x00\x00',b'\x02\x00\x00\x00\x00\x00\x00\x00',3.577777777777778,4.722222222222222,0.23771919709326517,1,2,3,0,,,,,0.17593384980982762,False,True,Anti-Aligned,0
E117,I06,b'\xea\x07\x00\x00\x00\x00\x00\x00',b'\x01\x00\x00\x00\x00\x00\x00\x00',3.0933333333333333,3.8666666666666667,0.3626190282522629,1,0,1,5,,,,,0.17593384980982762,False,True,Anti-Aligned,0
E117,I06,b'\xea\x07\x00\x00\x00\x00\x00\x00',b'\x02\x00\x00\x00\x00\x00\x00\x00',3.3200000000000003,3.966666666666667,0.3162051400142395,1,0,1,5,,,,,0.17593384980982762,False,True,Anti-Aligned,0
E118,I06,b'\xea\x07\x00\x00\x00\x00\x00\x00',b'\x01\x00\x00\x00\x00\x00\x00\x00',3.1833333333333336,2.5,0.34665694748158443,1,4,2,0,,,,,0.17593384980982762,False,False,Aligned,1
E118,I06,b'\xea\x07\x00\x00\x00\x00\x00\x00',b'\x02\x00\x00\x00\x00\x00\x00\x00',3.36,2.533333333333333,0.36621443877228715,1,5,1,0,,,,,0.17593384980982762,False,False,Aligned,1
E119,I06,b'\xea\x07\x00\x00\x00\x00\x00\x00',b'\x01\x00\x00\x00\x00\x00\x00\x00',2.977777777777778,3.611111111111111,0.31604303677187556,1,3,1,0,,,,,0.17593384980982762,False,False,Aligned,1
E119,I06,b'\xea\x07\x00\x00\x00\x00\x00\x00',b'\x02\x00\x00\x00\x00\x00\x00\x00',2.8666666666666667,3.0,0.20290563230940145,1,2,2,0,,,,,0.17593384980982762,False,False,Aligned,1
E120,I06,b'\xea\x07\x00\x00\x00\x00\x00\x00',b'\x01\x00\x00\x00\x00\x00\x00\x00',2.0749999999999997,1.1875,0.061275761164052985,1,2,2,1,,,,,0.17593384980982762,False,False,Aligned,1
E120,I06,b'\xea\x07\x00\x00\x00\x00\x00\x00',b'\x02\x00\x00\x00\x00\x00\x00\x00',2.3249999999999997,1.25,0.17396920010053987,1,2,1,2,,,,,0.17593384980982762,False,False,Aligned,1
E121,I06,b'\xea\x07\x00\x00\x00\x00\x00\x00',b'\x01\x00\x00\x00\x00\x00\x00\x00',2.355555555555556,3.444444444444444,0.13521297451226452,1,3,3,0,,,,,0.17593384980982762,False,False,Aligned,1
E121,I06,b'\xea\x07\x00\x00\x00\x00\x00\x00',b'\x02\x00\x00\x00\x00\x00\x00\x00',2.35,3.1875,0.11644024865590698,1,3,2,1,,,,,0.17593384980982762,False,False,Aligned,1
E122,I06,b'\xea\x07\x00\x00\x00\x00\x00\x00',b'\x01\x00\x00\x00\x00\x00\x00\x00',5.0,5.0,0.30000000000000066,1,5,1,0,,,,,0.17593384980982762,True,True,Aligned,1
E122,I06,b'\xea\x07\x00\x00\x00\x00\x00\x00',b'\x02\x00\x00\x00\x00\x00\x00\x00',5.0,5.0,0.30000000000000004,1,4,2,0,,,,,0.17593384980982762,True,True,Aligned,1
E123,I06,b'\xea\x07\x00\x00\x00\x00\x00\x00',b'\x01\x00\x00\x00\x00\x00\x00\x00',4.175,3.875,0.21633936555429625,1,1,1,2,,,,,0.17593384980982762,True,True,Aligned,1
E123,I06,b'\xea\x07\x00\x00\x00\x00\x00\x00',b'\x02\x00\x00\x00\x00\x00\x00\x00',4.2,4.0,0.0,1,1,1,2,,,,,0.17593384980982762,True,True,Aligned,1
E124,I06,b'\xea\x07\x00\x00\x00\x00\x00\x00',b'\x01\x00\x00\x00\x00\x00\x00\x00',3.0133333333333336,3.1,0.286821663523986,1,0,1,5,,,,,0.17593384980982762,False,False,Aligned,1
E124,I06,b'\xea\x07\x00\x00\x00\x00\x00\x00',b'\x02\x00\x00\x00\x00\x00\x00\x00',3.3333333333333335,3.5,0.3366555126986088,1,0,1,5,,,,,0.17593384980982762,False,False,Aligned,1
E125,I06,b'\xea\x07\x00\x00\x00\x00\x00\x00',b'\x01\x00\x00\x00\x00\x00\x00\x00',5.0,5.0,5.921189464667501e-16,1,3,3,0,,,,,0.17593384980982762,True,True,Aligned,1
E125,I06,b'\xea\x07\x00\x00\x00\x00\x00\x00',b'\x02\x00\x00\x00\x00\x00\x00\x00',5.0,5.0,0.0,1,3,1,2,,,,,0.17593384980982762,True,True,Aligned,1
E126,I06,b'\xea\x07\x00\x00\x00\x00\x00\x00',b'\x01\x00\x00\x00\x00\x00\x00\x00',4.177777777777779,4.5,0.04507099150408822,1,3,3,0,,,,,0.17593384980982762,True,True,Aligned,1
E126,I06,b'\xea\x07\x00\x00\x00\x00\x00\x00',b'\x02\x00\x00\x00\x00\x00\x00\x00',4.311111111111111,4.722222222222222,0.06583039662910083,1,3,3,0,,,,,0.17593384980982762,True,True,Aligned,1
E127,I06,b'\xea\x07\x00\x00\x00\x00\x00\x00',b'\x01\x00\x00\x00\x00\x00\x00\x00',4.8,5.0,5.921189464667501e-16,1,1,2,1,,,,,0.17593384980982762,True,True,Aligned,1
E127,I06,b'\xea\x07\x00\x00\x00\x00\x00\x00',b'\x02\x00\x00\x00\x00\x00\x00\x00',4.8999999999999995,5.0,0.06388765649999405,1,1,1,2,,,,,0.17593384980982762,True,True,Aligned,1
E128,I06,b'\xea\x07\x00\x00\x00\x00\x00\x00',b'\x01\x00\x00\x00\x00\x00\x00\x00',2.5777777777777775,2.2222222222222223,0.12360330811826102,1,2,3,0,,,,,0.17593384980982762,False,False,Aligned,1
E128,I06,b'\xea\x07\x00\x00\x00\x00\x00\x00',b'\x02\x00\x00\x00\x00\x00\x00\x00',2.755555555555555,2.4444444444444446,0.24720661623652215,1,2,3,0,,,,,0.17593384980982762,False,False,Aligned,1
E129,I06,b'\xea\x07\x00\x00\x00\x00\x00\x00',b'\x01\x00\x00\x00\x00\x00\x00\x00',3.5,3.0625,0.13666663994055847,1,3,2,1,,,,,0.17593384980982762,False,False,Aligned,1
E129,I06,b'\xea\x07\x00\x00\x00\x00\x00\x00',b'\x02\x00\x00\x00\x00\x00\x00\x00',3.725,3.5,0.17705309232443148,1,3,2,1,,,,,0.17593384980982762,False,False,Aligned,1
E130,I06,b'\xea\x07\x00\x00\x00\x00\x00\x00',b'\x01\x00\x00\x00\x00\x00\x00\x00',3.4266666666666663,2.533333333333333,0.39876159799998134,1,0,1,5,,,,,0.17593384980982762,False,False,Aligned,1
E130,I06,b'\xea\x07\x00\x00\x00\x00\x00\x00',b'\x02\x00\x00\x00\x00\x00\x00\x00',3.8800000000000003,3.3000000000000003,0.3662958838566196,1,0,1,5,,,,,0.17593384980982762,True,False,Anti-Aligned,0
E131,I06,b'\xea\x07\x00\x00\x00\x00\x00\x00',b'\x01\x00\x00\x00\x00\x00\x00\x00',3.8333333333333335,3.75,0.23801311186847088,1,2,2,0,,,,,0.17593384980982762,True,False,Anti-Aligned,0
E131,I06,b'\xea\x07\x00\x00\x00\x00\x00\x00',b'\x02\x00\x00\x00\x00\x00\x00\x00',3.9111111111111114,3.722222222222222,0.1662538659999938,1,1,3,0,,,,,0.17593384980982762,True,False,Anti-Aligned,0
E132,I06,b'\xea\x07\x00\x00\x00\x00\x00\x00',b'\x01\x00\x00\x00\x00\x00\x00\x00',3.626666666666667,3.1,0.5036149477132652,1,0,1,5,,,,,0.17593384980982762,False,False,Aligned,1
E132,I06,b'\xea\x07\x00\x00\x00\x00\x00\x00',b'\x02\x00\x00\x00\x00\x00\x00\x00',3.826666666666666,3.466666666666667,0.21868804937167263,1,0,1,5,,,,,0.17593384980982762,True,False,Anti-Aligned,0
E133,I06,b'\xea\x07\x00\x00\x00\x00\x00\x00',b'\x01\x00\x00\x00\x00\x00\x00\x00',3.9866666666666664,3.966666666666667,0.34620050984729106,1,5,1,0,,,,,0.17593384980982762,True,True,Aligned,1
E133,I06,b'\xea\x07\x00\x00\x00\x00\x00\x00',b'\x02\x00\x00\x00\x00\x00\x00\x00',4.28,4.0,0.41188600652817825,1,5,1,0,,,,,0.17593384980982762,True,True,Aligned,1
E134,I06,b'\xea\x07\x00\x00\x00\x00\x00\x00',b'\x01\x00\x00\x00\x00\x00\x00\x00',2.288888888888889,2.0,0.3572579410135252,1,3,3,0,,,,,0.17593384980982762,False,False,Aligned,1
E134,I06,b'\xea\x07\x00\x00\x00\x00\x00\x00',b'\x02\x00\x00\x00\x00\x00\x00\x00',2.5666666666666664,2.125,0.4676539165271224,1,4,2,0,,,,,0.17593384980982762,False,False,Aligned,1
E135,I06,b'\xea\x07\x00\x00\x00\x00\x00\x00',b'\x01\x00\x00\x00\x00\x00\x00\x00',3.9777777777777783,4.0,0.1517930295392668,1,1,3,0,,,,,0.17593384980982762,True,True,Aligned,1
E135,I06,b'\xea\x07\x00\x00\x00\x00\x00\x00',b'\x02\x00\x00\x00\x00\x00\x00\x00',4.133333333333334,4.0,0.16337493679121945,1,3,1,0,,,,,0.17593384980982762,True,True,Aligned,1
E136,I06,b'\xea\x07\x00\x00\x00\x00\x00\x00',b'\x01\x00\x00\x00\x00\x00\x00\x00',3.166666666666667,3.4166666666666665,0.2466569474815844,1,3,2,0,,,,,0.17593384980982762,False,False,Aligned,1
E136,I06,b'\xea\x07\x00\x00\x00\x00\x00\x00',b'\x02\x00\x00\x00\x00\x00\x00\x00',3.5999999999999996,4.166666666666667,0.37916128329552323,1,4,1,0,,,,,0.17593384980982762,False,True,Anti-Aligned,0
E137,I06,b'\xea\x07\x00\x00\x00\x00\x00\x00',b'\x01\x00\x00\x00\x00\x00\x00\x00',2.2,2.0,0.41357805599998937,1,4,2,0,,,,,0.17593384980982762,False,False,Aligned,1
E137,I06,b'\xea\x07\x00\x00\x00\x00\x00\x00',b'\x02\x00\x00\x00\x00\x00\x00\x00',2.2799999999999994,2.3333333333333335,0.41145550856193136,1,5,1,0,,,,,0.17593384980982762,False,False,Aligned,1
E138,I06,b'\xea\x07\x00\x00\x00\x00\x00\x00',b'\x01\x00\x00\x00\x00\x00\x00\x00',4.7749999999999995,4.9375,0.047609522856952365,1,3,1,2,,,,,0.17593384980982762,True,True,Aligned,1
E138,I06,b'\xea\x07\x00\x00\x00\x00\x00\x00',b'\x02\x00\x00\x00\x00\x00\x00\x00',4.925,5.0,0.06558402083162698,1,3,2,1,,,,,0.17593384980982762,True,True,Aligned,1
E139,I06,b'\xea\x07\x00\x00\x00\x00\x00\x00',b'\x01\x00\x00\x00\x00\x00\x00\x00',3.577777777777778,4.444444444444445,0.052548465466459526,1,1,3,0,,,,,0.17593384980982762,False,True,Anti-Aligned,0
E139,I06,b'\xea\x07\x00\x00\x00\x00\x00\x00',b'\x02\x00\x00\x00\x00\x00\x00\x00',3.9499999999999997,4.75,0.1573591584938887,1,1,1,2,,,,,0.17593384980982762,True,True,Aligned,1
E140,I06,b'\xea\x07\x00\x00\x00\x00\x00\x00',b'\x01\x00\x00\x00\x00\x00\x00\x00',4.222222222222222,4.944444444444445,0.13787826756478594,1,2,3,0,,,,,0.17593384980982762,True,True,Aligned,1
E140,I06,b'\xea\x07\x00\x00\x00\x00\x00\x00',b'\x02\x00\x00\x00\x00\x00\x00\x00',4.311111111111111,5.0,0.06653633092779719,1,2,3,0,,,,,0.17593384980982762,True,True,Aligned,1
E141,I06,b'\xea\x07\x00\x00\x00\x00\x00\x00',b'\x01\x00\x00\x00\x00\x00\x00\x00',4.9750000000000005,5.0,0.047609522856952365,1,3,1,2,,,,,0.17593384980982762,True,True,Aligned,1
E141,I06,b'\xea\x07\x00\x00\x00\x00\x00\x00',b'\x02\x00\x00\x00\x00\x00\x00\x00',5.0,5.0,5.921189464667501e-16,1,3,2,1,,,,,0.17593384980982762,True,True,Aligned,1
E142,I06,b'\xea\x07\x00\x00\x00\x00\x00\x00',b'\x01\x00\x00\x00\x00\x00\x00\x00',4.977777777777778,4.944444444444445,0.04507099150408821,1,3,3,0,,,,,0.17593384980982762,True,True,Aligned,1
E142,I06,b'\xea\x07\x00\x00\x00\x00\x00\x00',b'\x02\x00\x00\x00\x00\x00\x00\x00',5.0,5.0,5.921189464667501e-16,1,3,2,1,,,,,0.17593384980982762,True,True,Aligned,1
E143,I06,b'\xea\x07\x00\x00\x00\x00\x00\x00',b'\x01\x00\x00\x00\x00\x00\x00\x00',4.1,4.5,0.16388765649999404,1,2,2,0,,,,,0.17593384980982762,True,True,Aligned,1
E143,I06,b'\xea\x07\x00\x00\x00\x00\x00\x00',b'\x02\x00\x00\x00\x00\x00\x00\x00',4.233333333333333,4.583333333333333,0.21999622065099206,1,2,2,0,,,,,0.17593384980982762,True,True,Aligned,1
E144,I06,b'\xea\x07\x00\x00\x00\x00\x00\x00',b'\x01\x00\x00\x00\x00\x00\x00\x00',4.3999999999999995,4.0,0.0,1,2,2,1,,,,,0.17593384980982762,True,True,Aligned,1
E144,I06,b'\xea\x07\x00\x00\x00\x00\x00\x00',b'\x02\x00\x00\x00\x00\x00\x00\x00',4.611111111111111,4.305555555555556,0.11755613316388219,1,2,3,0,,,,,0.17593384980982762,True,True,Aligned,1
E145,I06,b'\xea\x07\x00\x00\x00\x00\x00\x00',b'\x01\x00\x00\x00\x00\x00\x00\x00',4.7749999999999995,4.5,0.047609522856952365,1,3,1,2,,,,,0.17593384980982762,True,True,Aligned,1
E145,I06,b'\xea\x07\x00\x00\x00\x00\x00\x00',b'\x02\x00\x00\x00\x00\x00\x00\x00',4.888888888888889,4.722222222222222,0.05871298431818079,1,3,3,0,,,,,0.17593384980982762,True,True,Aligned,1
E146,I06,b'\xea\x07\x00\x00\x00\x00\x00\x00',b'\x01\x00\x00\x00\x00\x00\x00\x00',4.9750000000000005,4.9375,0.04457574294155661,1,3,2,1,,,,,0.17593384980982762,True,True,Aligned,1
E146,I06,b'\xea\x07\x00\x00\x00\x00\x00\x00',b'\x02\x00\x00\x00\x00\x00\x00\x00',5.0,5.0,5.921189464667501e-16,1,3,2,1,,,,,0.17593384980982762,True,True,Aligned,1
E147,I06,b'\xea\x07\x00\x00\x00\x00\x00\x00',b'\x01\x00\x00\x00\x00\x00\x00\x00',3.311111111111111,4.5,0.197314990751801,1,3,1,0,,,,,0.17593384980982762,False,True,Anti-Aligned,0
E147,I06,b'\xea\x07\x00\x00\x00\x00\x00\x00',b'\x02\x00\x00\x00\x00\x00\x00\x00',3.4444444444444446,4.722222222222222,0.21475506210984938,1,1,3,0,,,,,0.17593384980982762,False,True,Anti-Aligned,0
E148,I06,b'\xea\x07\x00\x00\x00\x00\x00\x00',b'\x01\x00\x00\x00\x00\x00\x00\x00',4.777777777777778,4.5,0.04841229182759275,1,2,3,0,,,,,0.17593384980982762,True,True,Aligned,1
E148,I06,b'\xea\x07\x00\x00\x00\x00\x00\x00',b'\x02\x00\x00\x00\x00\x00\x00\x00',4.911111111111111,4.777777777777778,0.06653633092779719,1,2,3,0,,,,,0.17593384980982762,True,True,Aligned,1
E149,I06,b'\xea\x07\x00\x00\x00\x00\x00\x00',b'\x01\x00\x00\x00\x00\x00\x00\x00',4.8,5.0,5.921189464667501e-16,1,3,3,0,,,,,0.17593384980982762,True,True,Aligned,1
E149,I06,b'\xea\x07\x00\x00\x00\x00\x00\x00',b'\x02\x00\x00\x00\x00\x00\x00\x00',4.888888888888889,5.0,0.05871298431818079,1,3,3,0,,,,,0.17593384980982762,True,True,Aligned,1
E150,I06,b'\xea\x07\x00\x00\x00\x00\x00\x00',b'\x01\x00\x00\x00\x00\x00\x00\x00',4.400000000000001,5.0,0.30000000000000066,1,5,1,0,,,,,0.17593384980982762,True,True,Aligned,1
E150,I06,b'\xea\x07\x00\x00\x00\x00\x00\x00',b'\x02\x00\x00\x00\x00\x00\x00\x00',4.616666666666666,5.0,0.4125082231534561,1,4,2,0,,,,,0.17593384980982762,True,True,Aligned,1
E151,I06,b'\xea\x07\x00\x00\x00\x00\x00\x00',b'\x01\x00\x00\x00\x00\x00\x00\x00',4.599999999999999,4.5,5.921189464667501e-16,1,1,3,0,,,,,0.17593384980982762,True,True,Aligned,1
E151,I06,b'\xea\x07\x00\x00\x00\x00\x00\x00',b'\x02\x00\x00\x00\x00\x00\x00\x00',4.711111111111111,4.777777777777778,0.06587298758289815,1,1,3,0,,,,,0.17593384980982762,True,True,Aligned,1
E152,I06,b'\xea\x07\x00\x00\x00\x00\x00\x00',b'\x01\x00\x00\x00\x00\x00\x00\x00',4.566666666666666,4.5,0.2466569474815842,1,3,2,0,,,,,0.17593384980982762,True,True,Aligned,1
E152,I06,b'\xea\x07\x00\x00\x00\x00\x00\x00',b'\x02\x00\x00\x00\x00\x00\x00\x00',4.75,4.833333333333333,0.26656370650226463,1,4,1,0,,,,,0.17593384980982762,True,True,Aligned,1
E153,I06,b'\xea\x07\x00\x00\x00\x00\x00\x00',b'\x01\x00\x00\x00\x00\x00\x00\x00',4.599999999999999,5.0,0.30000000000000066,1,3,3,0,,,,,0.17593384980982762,True,True,Aligned,1
E153,I06,b'\xea\x07\x00\x00\x00\x00\x00\x00',b'\x02\x00\x00\x00\x00\x00\x00\x00',4.711111111111112,5.0,0.36568783699747703,1,3,3,0,,,,,0.17593384980982762,True,True,Aligned,1
E154,I06,b'\xea\x07\x00\x00\x00\x00\x00\x00',b'\x01\x00\x00\x00\x00\x00\x00\x00',4.5,4.875,0.09412581126793969,1,3,2,1,,,,,0.17593384980982762,True,True,Aligned,1
E154,I06,b'\xea\x07\x00\x00\x00\x00\x00\x00',b'\x02\x00\x00\x00\x00\x00\x00\x00',4.675,5.0,0.05822012432795356,1,3,2,1,,,,,0.17593384980982762,True,True,Aligned,1
E155,I06,b'\xea\x07\x00\x00\x00\x00\x00\x00',b'\x01\x00\x00\x00\x00\x00\x00\x00',3.9499999999999997,3.9375,0.10358605907853347,1,1,2,1,,,,,0.17593384980982762,True,True,Aligned,1
E155,I06,b'\xea\x07\x00\x00\x00\x00\x00\x00',b'\x02\x00\x00\x00\x00\x00\x00\x00',4.311111111111111,4.222222222222222,0.16216808513683986,1,1,3,0,,,,,0.17593384980982762,True,True,Aligned,1
E156,I06,b'\xea\x07\x00\x00\x00\x00\x00\x00',b'\x01\x00\x00\x00\x00\x00\x00\x00',4.7749999999999995,5.0,0.05082933881104209,1,2,1,2,,,,,0.17593384980982762,True,True,Aligned,1
E156,I06,b'\xea\x07\x00\x00\x00\x00\x00\x00',b'\x02\x00\x00\x00\x00\x00\x00\x00',4.8,5.0,0.0,1,2,3,0,,,,,0.17593384980982762,True,True,Aligned,1
E157,I06,b'\xea\x07\x00\x00\x00\x00\x00\x00',b'\x01\x00\x00\x00\x00\x00\x00\x00',4.166666666666667,4.416666666666667,0.3431792714563031,1,4,2,0,,,,,0.17593384980982762,True,True,Aligned,1
E157,I06,b'\xea\x07\x00\x00\x00\x00\x00\x00',b'\x02\x00\x00\x00\x00\x00\x00\x00',4.288888888888888,4.722222222222222,0.3572579410135253,1,3,3,0,,,,,0.17593384980982762,True,True,Aligned,1
E158,I06,b'\xea\x07\x00\x00\x00\x00\x00\x00',b'\x01\x00\x00\x00\x00\x00\x00\x00',4.175,3.9375,0.047609522856952365,1,3,1,2,,,,,0.17593384980982762,True,True,Aligned,1
E158,I06,b'\xea\x07\x00\x00\x00\x00\x00\x00',b'\x02\x00\x00\x00\x00\x00\x00\x00',4.366666666666666,4.416666666666666,0.1143128444259861,1,3,2,1,,,,,0.17593384980982762,True,True,Aligned,1
E159,I06,b'\xea\x07\x00\x00\x00\x00\x00\x00',b'\x01\x00\x00\x00\x00\x00\x00\x00',3.475,4.1875,0.2188404817728772,1,1,1,2,,,,,0.17593384980982762,False,True,Anti-Aligned,0
E159,I06,b'\xea\x07\x00\x00\x00\x00\x00\x00',b'\x02\x00\x00\x00\x00\x00\x00\x00',3.525,4.1875,0.15537908861780017,1,1,2,1,,,,,0.17593384980982762,False,True,Anti-Aligned,0
E160,I06,b'\xea\x07\x00\x00\x00\x00\x00\x00',b'\x01\x00\x00\x00\x00\x00\x00\x00',2.7111111111111112,3.888888888888889,0.18888378261071892,1,2,3,0,,,,,0.17593384980982762,False,True,Anti-Aligned,0
E160,I06,b'\xea\x07\x00\x00\x00\x00\x00\x00',b'\x02\x00\x00\x00\x00\x00\x00\x00',2.875,3.8125,0.17481460729522377,1,2,2,1,,,,,0.17593384980982762,False,False,Aligned,1
E161,I06,b'\xea\x07\x00\x00\x00\x00\x00\x00',b'\x01\x00\x00\x00\x00\x00\x00\x00',2.622222222222222,2.8888888888888893,0.49781341561945425,1,3,3,0,,,,,0.17593384980982762,False,False,Aligned,1
E161,I06,b'\xea\x07\x00\x00\x00\x00\x00\x00',b'\x02\x00\x00\x00\x00\x00\x00\x00',2.75,3.0416666666666665,0.446169707088525,1,4,2,0,,,,,0.17593384980982762,False,False,Aligned,1
E162,I07,b'\xea\x07\x00\x00\x00\x00\x00\x00',b'\x01\x00\x00\x00\x00\x00\x00\x00',2.875,4.0,0.061275761164052985,1,2,2,1,,,,,0.1619626775269559,False,True,Anti-Aligned,0
E162,I07,b'\xea\x07\x00\x00\x00\x00\x00\x00',b'\x02\x00\x00\x00\x00\x00\x00\x00',3.1222222222222222,4.277777777777778,0.16409473889596016,1,2,3,0,,,,,0.1619626775269559,False,True,Anti-Aligned,0
E163,I07,b'\xea\x07\x00\x00\x00\x00\x00\x00',b'\x01\x00\x00\x00\x00\x00\x00\x00',3.1749999999999994,3.4375,0.04780670531797674,1,2,2,1,,,,,0.1619626775269559,False,False,Aligned,1
E163,I07,b'\xea\x07\x00\x00\x00\x00\x00\x00',b'\x02\x00\x00\x00\x00\x00\x00\x00',3.3000000000000003,3.5,0.06639061303092914,1,2,2,1,,,,,0.1619626775269559,False,False,Aligned,1
E164,I07,b'\xea\x07\x00\x00\x00\x00\x00\x00',b'\x01\x00\x00\x00\x00\x00\x00\x00',4.533333333333333,4.833333333333333,0.25972042776517423,1,4,1,0,,,,,0.1619626775269559,True,True,Aligned,1
E164,I07,b'\xea\x07\x00\x00\x00\x00\x00\x00',b'\x02\x00\x00\x00\x00\x00\x00\x00',4.400000000000001,4.5,0.2000000000000006,1,3,2,0,,,,,0.1619626775269559,True,True,Aligned,1
E165,I07,b'\xea\x07\x00\x00\x00\x00\x00\x00',b'\x01\x00\x00\x00\x00\x00\x00\x00',4.175,5.0,0.04780670531797674,1,2,2,1,,,,,0.1619626775269559,True,True,Aligned,1
E165,I07,b'\xea\x07\x00\x00\x00\x00\x00\x00',b'\x02\x00\x00\x00\x00\x00\x00\x00',4.375,5.0,0.11848790544335484,1,2,2,1,,,,,0.1619626775269559,True,True,Aligned,1
E166,I07,b'\xea\x07\x00\x00\x00\x00\x00\x00',b'\x01\x00\x00\x00\x00\x00\x00\x00',2.5500000000000003,2.1875,0.12255152232810583,1,2,2,1,,,,,0.1619626775269559,False,False,Aligned,1
E166,I07,b'\xea\x07\x00\x00\x00\x00\x00\x00',b'\x02\x00\x00\x00\x00\x00\x00\x00',2.5749999999999997,2.25,0.11724135861452045,1,2,2,1,,,,,0.1619626775269559,False,False,Aligned,1
E167,I07,b'\xea\x07\x00\x00\x00\x00\x00\x00',b'\x01\x00\x00\x00\x00\x00\x00\x00',4.425,4.875,0.09142390706250297,1,2,2,1,,,,,0.1619626775269559,True,True,Aligned,1
E167,I07,b'\xea\x07\x00\x00\x00\x00\x00\x00',b'\x02\x00\x00\x00\x00\x00\x00\x00',4.425,5.0,0.04780670531797652,1,2,2,1,,,,,0.1619626775269559,True,True,Aligned,1
E168,I07,b'\xea\x07\x00\x00\x00\x00\x00\x00',b'\x01\x00\x00\x00\x00\x00\x00\x00',2.5,2.375,0.10285189544531598,1,2,2,1,,,,,0.1619626775269559,False,False,Aligned,1
E168,I07,b'\xea\x07\x00\x00\x00\x00\x00\x00',b'\x02\x00\x00\x00\x00\x00\x00\x00',2.9250000000000003,2.9375,0.23628592351052033,1,2,2,1,,,,,0.1619626775269559,False,False,Aligned,1
E169,I07,b'\xea\x07\x00\x00\x00\x00\x00\x00',b'\x01\x00\x00\x00\x00\x00\x00\x00',4.0,4.5,0.2,1,4,1,0,,,,,0.1619626775269559,True,True,Aligned,1
E169,I07,b'\xea\x07\x00\x00\x00\x00\x00\x00',b'\x02\x00\x00\x00\x00\x00\x00\x00',4.300000000000001,4.875,0.33250773199998773,1,4,1,0,,,,,0.1619626775269559,True,True,Aligned,1
E170,I07,b'\xea\x07\x00\x00\x00\x00\x00\x00',b'\x01\x00\x00\x00\x00\x00\x00\x00',4.133333333333333,4.166666666666667,0.1777560750641796,1,2,3,0,,,,,0.1619626775269559,True,True,Aligned,1
E170,I07,b'\xea\x07\x00\x00\x00\x00\x00\x00',b'\x02\x00\x00\x00\x00\x00\x00\x00',4.125,4.1875,0.1042706092974865,1,2,2,1,,,,,0.1619626775269559,True,True,Aligned,1
E171,I07,b'\xea\x07\x00\x00\x00\x00\x00\x00',b'\x01\x00\x00\x00\x00\x00\x00\x00',2.8666666666666663,2.4444444444444446,0.08887803753208977,1,2,3,0,,,,,0.1619626775269559,False,False,Aligned,1
E171,I07,b'\xea\x07\x00\x00\x00\x00\x00\x00',b'\x02\x00\x00\x00\x00\x00\x00\x00',3.0,2.75,0.10856588963672255,1,2,2,1,,,,,0.1619626775269559,False,False,Aligned,1
E172,I07,b'\xea\x07\x00\x00\x00\x00\x00\x00',b'\x01\x00\x00\x00\x00\x00\x00\x00',4.783333333333333,4.958333333333333,0.24969039949999539,1,4,1,0,,,,,0.1619626775269559,True,True,Aligned,1
E172,I07,b'\xea\x07\x00\x00\x00\x00\x00\x00',b'\x02\x00\x00\x00\x00\x00\x00\x00',4.933333333333334,5.0,0.2597204277651745,1,4,1,0,,,,,0.1619626775269559,True,True,Aligned,1
E173,I07,b'\xea\x07\x00\x00\x00\x00\x00\x00',b'\x01\x00\x00\x00\x00\x00\x00\x00',3.1333333333333333,2.4444444444444446,0.2653286745822162,1,2,3,0,,,,,0.1619626775269559,False,False,Aligned,1
E173,I07,b'\xea\x07\x00\x00\x00\x00\x00\x00',b'\x02\x00\x00\x00\x00\x00\x00\x00',3.0749999999999997,2.5,0.1247955168604485,1,2,2,1,,,,,0.1619626775269559,False,False,Aligned,1
E174,I07,b'\xea\x07\x00\x00\x00\x00\x00\x00',b'\x01\x00\x00\x00\x00\x00\x00\x00',2.2000000000000006,2.0,0.0,1,2,3,0,,,,,0.1619626775269559,False,False,Aligned,1
E174,I07,b'\xea\x07\x00\x00\x00\x00\x00\x00',b'\x02\x00\x00\x00\x00\x00\x00\x00',2.35,2.1875,0.12255152232810583,1,2,2,1,,,,,0.1619626775269559,False,False,Aligned,1
E175,I07,b'\xea\x07\x00\x00\x00\x00\x00\x00',b'\x01\x00\x00\x00\x00\x00\x00\x00',3.2777777777777772,3.444444444444444,0.28885260030240456,1,3,2,0,,,,,0.1619626775269559,False,False,Aligned,1
E175,I07,b'\xea\x07\x00\x00\x00\x00\x00\x00',b'\x02\x00\x00\x00\x00\x00\x00\x00',3.5999999999999996,3.8333333333333335,0.37916128329552323,1,4,1,0,,,,,0.1619626775269559,False,True,Anti-Aligned,0
E176,I07,b'\xea\x07\x00\x00\x00\x00\x00\x00',b'\x01\x00\x00\x00\x00\x00\x00\x00',4.599999999999999,5.0,0.0,1,2,3,0,,,,,0.1619626775269559,True,True,Aligned,1
E176,I07,b'\xea\x07\x00\x00\x00\x00\x00\x00',b'\x02\x00\x00\x00\x00\x00\x00\x00',4.644444444444444,5.0,0.06180165405913057,1,2,3,0,,,,,0.1619626775269559,True,True,Aligned,1
E177,I07,b'\xea\x07\x00\x00\x00\x00\x00\x00',b'\x01\x00\x00\x00\x00\x00\x00\x00',3.0,4.0,0.20000000000000032,1,3,2,0,,,,,0.1619626775269559,False,True,Anti-Aligned,0
E177,I07,b'\xea\x07\x00\x00\x00\x00\x00\x00',b'\x02\x00\x00\x00\x00\x00\x00\x00',3.3,4.5,0.3807015805810503,1,3,2,0,,,,,0.1619626775269559,False,True,Anti-Aligned,0
E178,I07,b'\xea\x07\x00\x00\x00\x00\x00\x00',b'\x01\x00\x00\x00\x00\x00\x00\x00',4.400000000000001,4.5,0.0,1,2,3,0,,,,,0.1619626775269559,True,True,Aligned,1
E178,I07,b'\xea\x07\x00\x00\x00\x00\x00\x00',b'\x02\x00\x00\x00\x00\x00\x00\x00',4.511111111111112,4.5,0.06653633092779689,1,2,3,0,,,,,0.1619626775269559,True,True,Aligned,1
E179,I07,b'\xea\x07\x00\x00\x00\x00\x00\x00',b'\x01\x00\x00\x00\x00\x00\x00\x00',3.2000000000000006,3.5,0.2000000000000006,1,3,2,0,,,,,0.1619626775269559,False,False,Aligned,1
E179,I07,b'\xea\x07\x00\x00\x00\x00\x00\x00',b'\x02\x00\x00\x00\x00\x00\x00\x00',3.533333333333333,3.805555555555556,0.35686274509803917,1,2,3,0,,,,,0.1619626775269559,False,False,Aligned,1
E180,I07,b'\xea\x07\x00\x00\x00\x00\x00\x00',b'\x01\x00\x00\x00\x00\x00\x00\x00',5.0,5.0,0.10000000000000119,1,0,1,5,,,,,0.1619626775269559,True,True,Aligned,1
E180,I07,b'\xea\x07\x00\x00\x00\x00\x00\x00',b'\x02\x00\x00\x00\x00\x00\x00\x00',5.0,5.0,0.1,1,0,2,4,,,,,0.1619626775269559,True,True,Aligned,1
E181,I07,b'\xea\x07\x00\x00\x00\x00\x00\x00',b'\x01\x00\x00\x00\x00\x00\x00\x00',4.0,4.0,0.2,1,3,2,0,,,,,0.1619626775269559,True,True,Aligned,1
E181,I07,b'\xea\x07\x00\x00\x00\x00\x00\x00',b'\x02\x00\x00\x00\x00\x00\x00\x00',4.222222222222221,4.305555555555555,0.315297112003212,1,3,2,0,,,,,0.1619626775269559,True,True,Aligned,1
E182,I07,b'\xea\x07\x00\x00\x00\x00\x00\x00',b'\x01\x00\x00\x00\x00\x00\x00\x00',2.6444444444444444,1.8888888888888886,0.10540925533894596,1,2,3,0,,,,,0.1619626775269559,False,False,Aligned,1
E182,I07,b'\xea\x07\x00\x00\x00\x00\x00\x00',b'\x02\x00\x00\x00\x00\x00\x00\x00',2.9777777777777774,2.5,0.23771919709326517,1,2,3,0,,,,,0.1619626775269559,False,False,Aligned,1
E183,I07,b'\xea\x07\x00\x00\x00\x00\x00\x00',b'\x01\x00\x00\x00\x00\x00\x00\x00',3.1833333333333336,3.0,0.24969039949999539,1,4,1,0,,,,,0.1619626775269559,False,False,Aligned,1
E183,I07,b'\xea\x07\x00\x00\x00\x00\x00\x00',b'\x02\x00\x00\x00\x00\x00\x00\x00',3.266666666666667,3.111111111111111,0.2980392156862745,1,2,3,0,,,,,0.1619626775269559,False,False,Aligned,1
E184,I07,b'\xea\x07\x00\x00\x00\x00\x00\x00',b'\x01\x00\x00\x00\x00\x00\x00\x00',4.826666666666666,5.0,0.16204482610841928,1,0,1,5,,,,,0.1619626775269559,True,True,Aligned,1
E184,I07,b'\xea\x07\x00\x00\x00\x00\x00\x00',b'\x02\x00\x00\x00\x00\x00\x00\x00',4.973333333333333,5.0,0.1606658800200899,1,0,1,5,,,,,0.1619626775269559,True,True,Aligned,1
E185,I07,b'\xea\x07\x00\x00\x00\x00\x00\x00',b'\x01\x00\x00\x00\x00\x00\x00\x00',4.375,4.5,0.04780670531797674,1,2,2,1,,,,,0.1619626775269559,True,True,Aligned,1
E185,I07,b'\xea\x07\x00\x00\x00\x00\x00\x00',b'\x02\x00\x00\x00\x00\x00\x00\x00',4.6499999999999995,4.9375,0.08759387227749003,1,2,2,1,,,,,0.1619626775269559,True,True,Aligned,1
E186,I07,b'\xea\x07\x00\x00\x00\x00\x00\x00',b'\x01\x00\x00\x00\x00\x00\x00\x00',2.5,2.75,0.2602338601936835,1,3,2,0,,,,,0.1619626775269559,False,False,Aligned,1
E186,I07,b'\xea\x07\x00\x00\x00\x00\x00\x00',b'\x02\x00\x00\x00\x00\x00\x00\x00',2.8499999999999996,2.8333333333333335,0.3641371837493359,1,4,1,0,,,,,0.1619626775269559,False,False,Aligned,1
E187,I07,b'\xea\x07\x00\x00\x00\x00\x00\x00',b'\x01\x00\x00\x00\x00\x00\x00\x00',3.4,3.0,2.9605947323337506e-16,1,2,2,1,,,,,0.1619626775269559,False,False,Aligned,1
E187,I07,b'\xea\x07\x00\x00\x00\x00\x00\x00',b'\x02\x00\x00\x00\x00\x00\x00\x00',3.475,3.1875,0.06285393610547095,1,2,2,1,,,,,0.1619626775269559,False,False,Aligned,1
E188,I07,b'\xea\x07\x00\x00\x00\x00\x00\x00',b'\x01\x00\x00\x00\x00\x00\x00\x00',2.155555555555556,1.9444444444444446,0.3005021406344604,1,3,2,0,,,,,0.1619626775269559,False,False,Aligned,1
E188,I07,b'\xea\x07\x00\x00\x00\x00\x00\x00',b'\x02\x00\x00\x00\x00\x00\x00\x00',2.4222222222222225,2.25,0.31529711200321187,1,3,2,0,,,,,0.1619626775269559,False,False,Aligned,1
E189,I07,b'\xea\x07\x00\x00\x00\x00\x00\x00',b'\x01\x00\x00\x00\x00\x00\x00\x00',5.0,5.0,0.2000000000000006,1,3,2,0,,,,,0.1619626775269559,True,True,Aligned,1
E189,I07,b'\xea\x07\x00\x00\x00\x00\x00\x00',b'\x02\x00\x00\x00\x00\x00\x00\x00',5.0,5.0,0.2,1,2,3,0,,,,,0.1619626775269559,True,True,Aligned,1
E190,I07,b'\xea\x07\x00\x00\x00\x00\x00\x00',b'\x01\x00\x00\x00\x00\x00\x00\x00',4.5777777777777775,5.0,0.04841229182759254,1,2,3,0,,,,,0.1619626775269559,True,True,Aligned,1
E190,I07,b'\xea\x07\x00\x00\x00\x00\x00\x00',b'\x02\x00\x00\x00\x00\x00\x00\x00',4.7,5.0,0.06663605051503296,1,2,2,1,,,,,0.1619626775269559,True,True,Aligned,1
E191,I07,b'\xea\x07\x00\x00\x00\x00\x00\x00',b'\x01\x00\x00\x00\x00\x00\x00\x00',4.55,5.0,0.12255152232810569,1,2,2,1,,,,,0.1619626775269559,True,True,Aligned,1
E191,I07,b'\xea\x07\x00\x00\x00\x00\x00\x00',b'\x02\x00\x00\x00\x00\x00\x00\x00',4.511111111111112,5.0,0.06653633092779689,1,2,3,0,,,,,0.1619626775269559,True,True,Aligned,1
E192,I07,b'\xea\x07\x00\x00\x00\x00\x00\x00',b'\x01\x00\x00\x00\x00\x00\x00\x00',3.5,3.25,0.06075267994050856,1,2,1,2,,,,,0.1619626775269559,False,False,Aligned,1
E192,I07,b'\xea\x07\x00\x00\x00\x00\x00\x00',b'\x02\x00\x00\x00\x00\x00\x00\x00',3.755555555555556,3.3888888888888893,0.1452368754827781,1,2,3,0,,,,,0.1619626775269559,False,False,Aligned,1
E193,I07,b'\xea\x07\x00\x00\x00\x00\x00\x00',b'\x01\x00\x00\x00\x00\x00\x00\x00',3.9499999999999997,3.9583333333333335,0.349071198499986,1,4,1,0,,,,,0.1619626775269559,True,True,Aligned,1
E193,I07,b'\xea\x07\x00\x00\x00\x00\x00\x00',b'\x02\x00\x00\x00\x00\x00\x00\x00',4.177777777777778,4.0,0.32150535988101714,1,2,3,0,,,,,0.1619626775269559,True,True,Aligned,1
E194,I07,b'\xea\x07\x00\x00\x00\x00\x00\x00',b'\x01\x00\x00\x00\x00\x00\x00\x00',2.4,2.0,0.20000000000000032,1,4,1,0,,,,,0.1619626775269559,False,False,Aligned,1
E194,I07,b'\xea\x07\x00\x00\x00\x00\x00\x00',b'\x02\x00\x00\x00\x00\x00\x00\x00',2.755555555555555,2.0555555555555554,0.36189355703524406,1,3,2,0,,,,,0.1619626775269559,False,False,Aligned,1
E195,I07,b'\xea\x07\x00\x00\x00\x00\x00\x00',b'\x01\x00\x00\x00\x00\x00\x00\x00',4.466666666666667,4.722222222222222,0.18540496217739147,1,2,3,0,,,,,0.1619626775269559,True,True,Aligned,1
E195,I07,b'\xea\x07\x00\x00\x00\x00\x00\x00',b'\x02\x00\x00\x00\x00\x00\x00\x00',4.4,4.5,0.11895085353016815,1,2,3,0,,,,,0.1619626775269559,True,True,Aligned,1
E196,I07,b'\xea\x07\x00\x00\x00\x00\x00\x00',b'\x01\x00\x00\x00\x00\x00\x00\x00',2.8499999999999996,2.8333333333333335,0.3415183198114282,1,4,1,0,,,,,0.1619626775269559,False,False,Aligned,1
E196,I07,b'\xea\x07\x00\x00\x00\x00\x00\x00',b'\x02\x00\x00\x00\x00\x00\x00\x00',2.6333333333333337,2.5416666666666665,0.2628539361054708,1,4,1,0,,,,,0.1619626775269559,False,False,Aligned,1
E197,I07,b'\xea\x07\x00\x00\x00\x00\x00\x00',b'\x01\x00\x00\x00\x00\x00\x00\x00',4.688888888888888,5.0,0.06180165405913057,1,2,3,0,,,,,0.1619626775269559,True,True,Aligned,1
E197,I07,b'\xea\x07\x00\x00\x00\x00\x00\x00',b'\x02\x00\x00\x00\x00\x00\x00\x00',4.6000000000000005,5.0,0.0,1,2,2,1,,,,,0.1619626775269559,True,True,Aligned,1
E198,I07,b'\xea\x07\x00\x00\x00\x00\x00\x00',b'\x01\x00\x00\x00\x00\x00\x00\x00',4.2,4.5,5.921189464667501e-16,1,2,1,2,,,,,0.1619626775269559,True,True,Aligned,1
E198,I07,b'\xea\x07\x00\x00\x00\x00\x00\x00',b'\x02\x00\x00\x00\x00\x00\x00\x00',4.3999999999999995,4.5625,0.10856588963672231,1,2,2,1,,,,,0.1619626775269559,True,True,Aligned,1
E199,I07,b'\xea\x07\x00\x00\x00\x00\x00\x00',b'\x01\x00\x00\x00\x00\x00\x00\x00',5.0,5.0,0.2000000000000006,1,3,2,0,,,,,0.1619626775269559,True,True,Aligned,1
E199,I07,b'\xea\x07\x00\x00\x00\x00\x00\x00',b'\x02\x00\x00\x00\x00\x00\x00\x00',5.0,5.0,0.2000000000000006,1,3,2,0,,,,,0.1619626775269559,True,True,Aligned,1
E200,I07,b'\xea\x07\x00\x00\x00\x00\x00\x00',b'\x01\x00\x00\x00\x00\x00\x00\x00',3.966666666666667,4.25,0.3399708424447531,1,3,2,0,,,,,0.1619626775269559,True,True,Aligned,1
E200,I07,b'\xea\x07\x00\x00\x00\x00\x00\x00',b'\x02\x00\x00\x00\x00\x00\x00\x00',4.1000000000000005,4.333333333333333,0.307853479841193,1,4,1,0,,,,,0.1619626775269559,True,True,Aligned,1
E201,I07,b'\xea\x07\x00\x00\x00\x00\x00\x00',b'\x01\x00\x00\x00\x00\x00\x00\x00',2.9250000000000003,2.0625,0.23690691255384322,1,2,2,1,,,,,0.1619626775269559,False,False,Aligned,1
E201,I07,b'\xea\x07\x00\x00\x00\x00\x00\x00',b'\x02\x00\x00\x00\x00\x00\x00\x00',2.9777777777777774,2.2222222222222223,0.12360330811826115,1,2,3,0,,,,,0.1619626775269559,False,False,Aligned,1
E202,I07,b'\xea\x07\x00\x00\x00\x00\x00\x00',b'\x01\x00\x00\x00\x00\x00\x00\x00',4.955555555555556,4.944444444444445,0.0968245836551855,1,2,3,0,,,,,0.1619626775269559,True,True,Aligned,1
E202,I07,b'\xea\x07\x00\x00\x00\x00\x00\x00',b'\x02\x00\x00\x00\x00\x00\x00\x00',5.0,5.0,0.0,1,2,2,1,,,,,0.1619626775269559,True,True,Aligned,1
E203,I07,b'\xea\x07\x00\x00\x00\x00\x00\x00',b'\x01\x00\x00\x00\x00\x00\x00\x00',3.1555555555555554,3.222222222222222,0.341665818574027,1,2,3,0,,,,,0.1619626775269559,False,False,Aligned,1
E203,I07,b'\xea\x07\x00\x00\x00\x00\x00\x00',b'\x02\x00\x00\x00\x00\x00\x00\x00',3.716666666666667,3.7083333333333335,0.4735731157425095,1,4,1,0,,,,,0.1619626775269559,False,False,Aligned,1
E204,I07,b'\xea\x07\x00\x00\x00\x00\x00\x00',b'\x01\x00\x00\x00\x00\x00\x00\x00',3.111111111111111,2.4166666666666665,0.38245988594023694,1,3,2,0,,,,,0.1619626775269559,False,False,Aligned,1
E204,I07,b'\xea\x07\x00\x00\x00\x00\x00\x00',b'\x02\x00\x00\x00\x00\x00\x00\x00',3.333333333333334,3.111111111111111,0.3568627450980393,1,2,3,0,,,,,0.1619626775269559,False,False,Aligned,1
E205,I07,b'\xea\x07\x00\x00\x00\x00\x00\x00',b'\x01\x00\x00\x00\x00\x00\x00\x00',2.6,2.0,0.20000000000000032,1,3,2,0,,,,,0.1619626775269559,False,False,Aligned,1
E205,I07,b'\xea\x07\x00\x00\x00\x00\x00\x00',b'\x02\x00\x00\x00\x00\x00\x00\x00',2.755555555555555,2.3333333333333335,0.2644248934296676,1,3,2,0,,,,,0.1619626775269559,False,False,Aligned,1
E206,I07,b'\xea\x07\x00\x00\x00\x00\x00\x00',b'\x01\x00\x00\x00\x00\x00\x00\x00',4.3999999999999995,5.0,5.921189464667501e-16,1,2,1,2,,,,,0.1619626775269559,True,True,Aligned,1
E206,I07,b'\xea\x07\x00\x00\x00\x00\x00\x00',b'\x02\x00\x00\x00\x00\x00\x00\x00',4.48888888888889,5.0,0.0618016540591303,1,2,3,0,,,,,0.1619626775269559,True,True,Aligned,1
E207,I07,b'\xea\x07\x00\x00\x00\x00\x00\x00',b'\x01\x00\x00\x00\x00\x00\x00\x00',1.688888888888889,1.222222222222222,0.06180165405913051,1,2,3,0,,,,,0.1619626775269559,False,False,Aligned,1
E207,I07,b'\xea\x07\x00\x00\x00\x00\x00\x00',b'\x02\x00\x00\x00\x00\x00\x00\x00',1.95,1.3125,0.1618805289454925,1,2,1,2,,,,,0.1619626775269559,False,False,Aligned,1
E208,I08,b'\xea\x07\x00\x00\x00\x00\x00\x00',b'\x01\x00\x00\x00\x00\x00\x00\x00',4.375,4.5,0.05471012044321937,1,1,1,2,,,,,0.23222998267818734,True,True,Aligned,1
E208,I08,b'\xea\x07\x00\x00\x00\x00\x00\x00',b'\x02\x00\x00\x00\x00\x00\x00\x00',4.4750000000000005,4.5,0.06438718424891483,1,1,2,1,,,,,0.23222998267818734,True,True,Aligned,1
E209,I08,b'\xea\x07\x00\x00\x00\x00\x00\x00',b'\x01\x00\x00\x00\x00\x00\x00\x00',4.55,4.9375,0.10165867762208396,1,2,1,2,,,,,0.23222998267818734,True,True,Aligned,1
E209,I08,b'\xea\x07\x00\x00\x00\x00\x00\x00',b'\x02\x00\x00\x00\x00\x00\x00\x00',4.7,5.0,0.06075267994050856,1,2,1,2,,,,,0.23222998267818734,True,True,Aligned,1
E210,I08,b'\xea\x07\x00\x00\x00\x00\x00\x00',b'\x01\x00\x00\x00\x00\x00\x00\x00',2.85,3.0,0.08759387227749009,1,2,2,1,,,,,0.23222998267818734,False,False,Aligned,1
E210,I08,b'\xea\x07\x00\x00\x00\x00\x00\x00',b'\x02\x00\x00\x00\x00\x00\x00\x00',3.15,3.3125,0.18022157322472251,1,2,1,2,,,,,0.23222998267818734,False,False,Aligned,1
E211,I08,b'\xea\x07\x00\x00\x00\x00\x00\x00',b'\x01\x00\x00\x00\x00\x00\x00\x00',2.0,1.5,0.0,1,1,2,1,,,,,0.23222998267818734,False,False,Aligned,1
E211,I08,b'\xea\x07\x00\x00\x00\x00\x00\x00',b'\x02\x00\x00\x00\x00\x00\x00\x00',2.275,1.9375,0.09897433186107867,1,1,1,2,,,,,0.23222998267818734,False,False,Aligned,1
E212,I08,b'\xea\x07\x00\x00\x00\x00\x00\x00',b'\x01\x00\x00\x00\x00\x00\x00\x00',3.9833333333333334,5.0,0.24969039949999539,1,4,1,0,,,,,0.23222998267818734,True,True,Aligned,1
E212,I08,b'\xea\x07\x00\x00\x00\x00\x00\x00',b'\x02\x00\x00\x00\x00\x00\x00\x00',4.283333333333334,5.0,0.3159442654999892,1,4,1,0,,,,,0.23222998267818734,True,True,Aligned,1
E213,I08,b'\xea\x07\x00\x00\x00\x00\x00\x00',b'\x01\x00\x00\x00\x00\x00\x00\x00',3.3166666666666664,3.5,0.2876456264162906,1,4,1,0,,,,,0.23222998267818734,False,False,Aligned,1
E213,I08,b'\xea\x07\x00\x00\x00\x00\x00\x00',b'\x02\x00\x00\x00\x00\x00\x00\x00',3.6222222222222222,4.194444444444445,0.343755902964672,1,3,2,0,,,,,0.23222998267818734,False,True,Anti-Aligned,0
E214,I08,b'\xea\x07\x00\x00\x00\x00\x00\x00',b'\x01\x00\x00\x00\x00\x00\x00\x00',3.4,4.0,0.1000000000000003,1,2,2,0,,,,,0.23222998267818734,False,True,Anti-Aligned,0
E214,I08,b'\xea\x07\x00\x00\x00\x00\x00\x00',b'\x02\x00\x00\x00\x00\x00\x00\x00',3.8666666666666663,4.388888888888888,0.2576683052825954,1,3,1,0,,,,,0.23222998267818734,True,True,Aligned,1
E215,I08,b'\xea\x07\x00\x00\x00\x00\x00\x00',b'\x01\x00\x00\x00\x00\x00\x00\x00',4.786666666666666,4.5,0.2466569474815844,1,0,1,5,,,,,0.23222998267818734,True,True,Aligned,1
E215,I08,b'\xea\x07\x00\x00\x00\x00\x00\x00',b'\x02\x00\x00\x00\x00\x00\x00\x00',4.853333333333333,4.633333333333334,0.2647494541408608,1,0,1,5,,,,,0.23222998267818734,True,True,Aligned,1
E216,I08,b'\xea\x07\x00\x00\x00\x00\x00\x00',b'\x01\x00\x00\x00\x00\x00\x00\x00',3.0,3.0,2.9605947323337506e-16,1,2,1,2,,,,,0.23222998267818734,False,False,Aligned,1
E216,I08,b'\xea\x07\x00\x00\x00\x00\x00\x00',b'\x02\x00\x00\x00\x00\x00\x00\x00',3.4,3.5,0.14504503536397592,1,2,1,2,,,,,0.23222998267818734,False,False,Aligned,1
E217,I08,b'\xea\x07\x00\x00\x00\x00\x00\x00',b'\x01\x00\x00\x00\x00\x00\x00\x00',3.3333333333333335,2.3333333333333335,0.16337493679121934,1,3,1,0,,,,,0.23222998267818734,False,False,Aligned,1
E217,I08,b'\xea\x07\x00\x00\x00\x00\x00\x00',b'\x02\x00\x00\x00\x00\x00\x00\x00',3.433333333333333,2.3333333333333335,0.21780301787479028,1,2,2,0,,,,,0.23222998267818734,False,False,Aligned,1
E218,I08,b'\xea\x07\x00\x00\x00\x00\x00\x00',b'\x01\x00\x00\x00\x00\x00\x00\x00',4.155555555555555,4.0,0.26075267994050855,1,2,3,0,,,,,0.23222998267818734,True,True,Aligned,1
E218,I08,b'\xea\x07\x00\x00\x00\x00\x00\x00',b'\x02\x00\x00\x00\x00\x00\x00\x00',4.3500000000000005,4.041666666666667,0.26625386599999384,1,4,1,0,,,,,0.23222998267818734,True,True,Aligned,1
E219,I08,b'\xea\x07\x00\x00\x00\x00\x00\x00',b'\x01\x00\x00\x00\x00\x00\x00\x00',4.546666666666666,4.333333333333333,0.296760321613512,1,0,1,5,,,,,0.23222998267818734,True,True,Aligned,1
E219,I08,b'\xea\x07\x00\x00\x00\x00\x00\x00',b'\x02\x00\x00\x00\x00\x00\x00\x00',4.783333333333334,4.625,0.35029879685582227,1,0,2,4,,,,,0.23222998267818734,True,True,Aligned,1
E220,I08,b'\xea\x07\x00\x00\x00\x00\x00\x00',b'\x01\x00\x00\x00\x00\x00\x00\x00',2.2000000000000006,1.6333333333333335,0.302819903115566,1,0,1,5,,,,,0.23222998267818734,False,False,Aligned,1
E220,I08,b'\xea\x07\x00\x00\x00\x00\x00\x00',b'\x02\x00\x00\x00\x00\x00\x00\x00',2.5466666666666664,2.0,0.34239785074289397,1,0,1,5,,,,,0.23222998267818734,False,False,Aligned,1
E221,I09,b'\xea\x07\x00\x00\x00\x00\x00\x00',b'\x01\x00\x00\x00\x00\x00\x00\x00',4.0,4.0,0.0,1,3,1,0,,,,,0.06611837695368977,True,True,Aligned,1
E221,I09,b'\xea\x07\x00\x00\x00\x00\x00\x00',b'\x02\x00\x00\x00\x00\x00\x00\x00',4.488888888888888,4.444444444444444,0.14661718398419663,1,3,1,0,,,,,0.06611837695368977,True,True,Aligned,1
E222,I09,b'\xea\x07\x00\x00\x00\x00\x00\x00',b'\x01\x00\x00\x00\x00\x00\x00\x00',2.35,2.0833333333333335,0.16755624963887653,1,0,2,4,,,,,0.06611837695368977,False,False,Aligned,1
E222,I09,b'\xea\x07\x00\x00\x00\x00\x00\x00',b'\x02\x00\x00\x00\x00\x00\x00\x00',2.8666666666666667,2.611111111111111,0.18986314748727973,1,0,3,3,,,,,0.06611837695368977,False,False,Aligned,1
E223,I09,b'\xea\x07\x00\x00\x00\x00\x00\x00',b'\x01\x00\x00\x00\x00\x00\x00\x00',4.977777777777778,5.0,0.052548465466459526,1,1,3,0,,,,,0.06611837695368977,True,True,Aligned,1
E223,I09,b'\xea\x07\x00\x00\x00\x00\x00\x00',b'\x02\x00\x00\x00\x00\x00\x00\x00',5.0,5.0,5.921189464667501e-16,1,2,2,0,,,,,0.06611837695368977,True,True,Aligned,1
E224,I09,b'\xea\x07\x00\x00\x00\x00\x00\x00',b'\x01\x00\x00\x00\x00\x00\x00\x00',4.706666666666667,4.933333333333334,0.09658077637337249,1,0,5,1,,,,,0.06611837695368977,True,True,Aligned,1
E224,I09,b'\xea\x07\x00\x00\x00\x00\x00\x00',b'\x02\x00\x00\x00\x00\x00\x00\x00',4.95,5.0,0.0609424667577938,1,0,4,2,,,,,0.06611837695368977,True,True,Aligned,1
E225,I09,b'\xea\x07\x00\x00\x00\x00\x00\x00',b'\x01\x00\x00\x00\x00\x00\x00\x00',4.400000000000001,5.0,0.0,1,3,1,0,,,,,0.06611837695368977,True,True,Aligned,1
E225,I09,b'\xea\x07\x00\x00\x00\x00\x00\x00',b'\x02\x00\x00\x00\x00\x00\x00\x00',4.400000000000001,5.0,0.0,1,3,1,0,,,,,0.06611837695368977,True,True,Aligned,1
E226,I09,b'\xea\x07\x00\x00\x00\x00\x00\x00',b'\x01\x00\x00\x00\x00\x00\x00\x00',1.6333333333333335,1.9166666666666667,0.14054567378526134,1,2,2,0,,,,,0.06611837695368977,False,False,Aligned,1
E226,I09,b'\xea\x07\x00\x00\x00\x00\x00\x00',b'\x02\x00\x00\x00\x00\x00\x00\x00',1.9333333333333331,2.25,0.1807704219034383,1,2,2,0,,,,,0.06611837695368977,False,False,Aligned,1
E227,I09,b'\xea\x07\x00\x00\x00\x00\x00\x00',b'\x01\x00\x00\x00\x00\x00\x00\x00',2.2,2.1,0.1586551851155844,1,0,5,1,,,,,0.06611837695368977,False,False,Aligned,1
E227,I09,b'\xea\x07\x00\x00\x00\x00\x00\x00',b'\x02\x00\x00\x00\x00\x00\x00\x00',2.6500000000000004,2.833333333333333,0.2332847374079217,1,0,6,0,,,,,0.06611837695368977,False,False,Aligned,1
E228,I09,b'\xea\x07\x00\x00\x00\x00\x00\x00',b'\x01\x00\x00\x00\x00\x00\x00\x00',4.4222222222222225,4.333333333333333,0.10256410256410241,1,0,3,1,,,,,0.06611837695368977,True,True,Aligned,1
E228,I09,b'\xea\x07\x00\x00\x00\x00\x00\x00',b'\x02\x00\x00\x00\x00\x00\x00\x00',4.666666666666666,4.833333333333333,0.09626463550428598,1,0,2,2,,,,,0.06611837695368977,True,True,Aligned,1
E229,I09,b'\xea\x07\x00\x00\x00\x00\x00\x00',b'\x01\x00\x00\x00\x00\x00\x00\x00',4.15,4.4375,0.06531972647421815,1,0,4,0,,,,,0.06611837695368977,True,True,Aligned,1
E229,I09,b'\xea\x07\x00\x00\x00\x00\x00\x00',b'\x02\x00\x00\x00\x00\x00\x00\x00',4.25,4.5625,0.10666666666666653,1,0,4,0,,,,,0.06611837695368977,True,True,Aligned,1
E230,I09,b'\xea\x07\x00\x00\x00\x00\x00\x00',b'\x01\x00\x00\x00\x00\x00\x00\x00',3.888888888888888,4.0,0.06486723405473606,1,1,3,0,,,,,0.06611837695368977,True,True,Aligned,1
E230,I09,b'\xea\x07\x00\x00\x00\x00\x00\x00',b'\x02\x00\x00\x00\x00\x00\x00\x00',4.133333333333334,4.5,0.18077042190343848,1,2,2,0,,,,,0.06611837695368977,True,True,Aligned,1
E231,I09,b'\xea\x07\x00\x00\x00\x00\x00\x00',b'\x01\x00\x00\x00\x00\x00\x00\x00',4.333333333333334,4.333333333333333,0.06625386599999383,1,0,2,2,,,,,0.06611837695368977,True,True,Aligned,1
E231,I09,b'\xea\x07\x00\x00\x00\x00\x00\x00',b'\x02\x00\x00\x00\x00\x00\x00\x00',4.511111111111111,4.777777777777778,0.06587298758289786,1,0,3,1,,,,,0.06611837695368977,True,True,Aligned,1
E232,I09,b'\xea\x07\x00\x00\x00\x00\x00\x00',b'\x01\x00\x00\x00\x00\x00\x00\x00',3.955555555555555,4.0,0.10509693093291894,1,0,3,1,,,,,0.06611837695368977,True,True,Aligned,1
E232,I09,b'\xea\x07\x00\x00\x00\x00\x00\x00',b'\x02\x00\x00\x00\x00\x00\x00\x00',4.333333333333333,4.388888888888888,0.1776462366737309,1,0,3,1,,,,,0.06611837695368977,True,True,Aligned,1
E233,I09,b'\xea\x07\x00\x00\x00\x00\x00\x00',b'\x01\x00\x00\x00\x00\x00\x00\x00',4.400000000000001,4.5,0.0,1,0,2,2,,,,,0.06611837695368977,True,True,Aligned,1
E233,I09,b'\xea\x07\x00\x00\x00\x00\x00\x00',b'\x02\x00\x00\x00\x00\x00\x00\x00',4.425,4.5625,0.05333333333333315,1,0,4,0,,,,,0.06611837695368977,True,True,Aligned,1
E234,I09,b'\xea\x07\x00\x00\x00\x00\x00\x00',b'\x01\x00\x00\x00\x00\x00\x00\x00',4.566666666666666,5.0,0.055431961285539684,1,2,2,0,,,,,0.06611837695368977,True,True,Aligned,1
E234,I09,b'\xea\x07\x00\x00\x00\x00\x00\x00',b'\x02\x00\x00\x00\x00\x00\x00\x00',4.777777777777778,5.0,0.05471012044321937,1,3,1,0,,,,,0.06611837695368977,True,True,Aligned,1
E235,I09,b'\xea\x07\x00\x00\x00\x00\x00\x00',b'\x01\x00\x00\x00\x00\x00\x00\x00',4.566666666666666,4.916666666666667,0.05543196128553967,1,0,2,2,,,,,0.06611837695368977,True,True,Aligned,1
E235,I09,b'\xea\x07\x00\x00\x00\x00\x00\x00',b'\x02\x00\x00\x00\x00\x00\x00\x00',4.7555555555555555,5.0,0.06486723405473604,1,0,3,1,,,,,0.06611837695368977,True,True,Aligned,1
E236,I09,b'\xea\x07\x00\x00\x00\x00\x00\x00',b'\x01\x00\x00\x00\x00\x00\x00\x00',3.9,4.5,0.09977753031397178,1,0,4,0,,,,,0.06611837695368977,True,True,Aligned,1
E236,I09,b'\xea\x07\x00\x00\x00\x00\x00\x00',b'\x02\x00\x00\x00\x00\x00\x00\x00',4.1,4.75,0.19316155274674532,1,0,2,2,,,,,0.06611837695368977,True,True,Aligned,1
E237,I09,b'\xea\x07\x00\x00\x00\x00\x00\x00',b'\x01\x00\x00\x00\x00\x00\x00\x00',3.688888888888889,3.2222222222222228,0.06486723405473589,1,1,3,0,,,,,0.06611837695368977,False,False,Aligned,1
E237,I09,b'\xea\x07\x00\x00\x00\x00\x00\x00',b'\x02\x00\x00\x00\x00\x00\x00\x00',3.888888888888889,3.3888888888888893,0.11780301787479026,1,3,1,0,,,,,0.06611837695368977,True,False,Anti-Aligned,0
E238,I09,b'\xea\x07\x00\x00\x00\x00\x00\x00',b'\x01\x00\x00\x00\x00\x00\x00\x00',3.355555555555556,3.555555555555556,0.1521271484532444,1,0,3,1,,,,,0.06611837695368977,False,False,Aligned,1
E238,I09,b'\xea\x07\x00\x00\x00\x00\x00\x00',b'\x02\x00\x00\x00\x00\x00\x00\x00',3.8000000000000003,3.75,0.15108205966200844,1,0,2,2,,,,,0.06611837695368977,True,False,Anti-Aligned,0
E239,I09,b'\xea\x07\x00\x00\x00\x00\x00\x00',b'\x01\x00\x00\x00\x00\x00\x00\x00',2.6888888888888887,2.7222222222222228,0.0648672340547359,1,0,3,1,,,,,0.06611837695368977,False,False,Aligned,1
E239,I09,b'\xea\x07\x00\x00\x00\x00\x00\x00',b'\x02\x00\x00\x00\x00\x00\x00\x00',2.8,3.0,0.11971915415311539,1,0,3,1,,,,,0.06611837695368977,False,False,Aligned,1
E240,I09,b'\xea\x07\x00\x00\x00\x00\x00\x00',b'\x01\x00\x00\x00\x00\x00\x00\x00',2.6888888888888887,3.7777777777777772,0.11780301787479029,1,3,1,0,,,,,0.06611837695368977,False,False,Aligned,1
E240,I09,b'\xea\x07\x00\x00\x00\x00\x00\x00',b'\x02\x00\x00\x00\x00\x00\x00\x00',2.9,4.083333333333333,0.06438718424891511,1,2,2,0,,,,,0.06611837695368977,False,True,Anti-Aligned,0
E241,I09,b'\xea\x07\x00\x00\x00\x00\x00\x00',b'\x01\x00\x00\x00\x00\x00\x00\x00',3.8000000000000003,3.25,0.1995550606279435,1,0,4,0,,,,,0.06611837695368977,True,False,Anti-Aligned,0
E241,I09,b'\xea\x07\x00\x00\x00\x00\x00\x00',b'\x02\x00\x00\x00\x00\x00\x00\x00',3.7777777777777777,3.4444444444444446,0.12973446810947195,1,0,3,1,,,,,0.06611837695368977,False,False,Aligned,1
E242,I09,b'\xea\x07\x00\x00\x00\x00\x00\x00',b'\x01\x00\x00\x00\x00\x00\x00\x00',5.0,5.0,0.0,1,0,2,2,,,,,0.06611837695368977,True,True,Aligned,1
E242,I09,b'\xea\x07\x00\x00\x00\x00\x00\x00',b'\x02\x00\x00\x00\x00\x00\x00\x00',5.0,5.0,0.0,1,0,2,2,,,,,0.06611837695368977,True,True,Aligned,1
E243,I09,b'\xea\x07\x00\x00\x00\x00\x00\x00',b'\x01\x00\x00\x00\x00\x00\x00\x00',3.1777777777777776,4.5,0.05471012044321937,1,3,1,0,,,,,0.06611837695368977,False,True,Anti-Aligned,0
E243,I09,b'\xea\x07\x00\x00\x00\x00\x00\x00',b'\x02\x00\x00\x00\x00\x00\x00\x00',3.3666666666666663,4.583333333333333,0.055431961285539795,1,2,2,0,,,,,0.06611837695368977,False,True,Anti-Aligned,0
E244,I09,b'\xea\x07\x00\x00\x00\x00\x00\x00',b'\x01\x00\x00\x00\x00\x00\x00\x00',4.575,5.0,0.05333333333333315,1,0,4,0,,,,,0.06611837695368977,True,True,Aligned,1
E244,I09,b'\xea\x07\x00\x00\x00\x00\x00\x00',b'\x02\x00\x00\x00\x00\x00\x00\x00',4.599999999999999,5.0,5.921189464667501e-16,1,0,3,1,,,,,0.06611837695368977,True,True,Aligned,1
E245,I09,b'\xea\x07\x00\x00\x00\x00\x00\x00',b'\x01\x00\x00\x00\x00\x00\x00\x00',3.9666666666666663,3.9166666666666665,0.20325052471364627,1,0,2,2,,,,,0.06611837695368977,True,True,Aligned,1
E245,I09,b'\xea\x07\x00\x00\x00\x00\x00\x00',b'\x02\x00\x00\x00\x00\x00\x00\x00',4.3,4.3125,0.09977753031397187,1,0,4,0,,,,,0.06611837695368977,True,True,Aligned,1
E246,I09,b'\xea\x07\x00\x00\x00\x00\x00\x00',b'\x01\x00\x00\x00\x00\x00\x00\x00',4.566666666666666,4.916666666666667,0.055431961285539684,1,2,2,0,,,,,0.06611837695368977,True,True,Aligned,1
E246,I09,b'\xea\x07\x00\x00\x00\x00\x00\x00',b'\x02\x00\x00\x00\x00\x00\x00\x00',4.688888888888888,5.0,0.06486723405473604,1,1,3,0,,,,,0.06611837695368977,True,True,Aligned,1
E247,I09,b'\xea\x07\x00\x00\x00\x00\x00\x00',b'\x01\x00\x00\x00\x00\x00\x00\x00',4.555555555555555,4.666666666666667,0.1576453963993783,1,0,3,1,,,,,0.06611837695368977,True,True,Aligned,1
E247,I09,b'\xea\x07\x00\x00\x00\x00\x00\x00',b'\x02\x00\x00\x00\x00\x00\x00\x00',4.644444444444444,4.722222222222222,0.11694106924093707,1,0,3,1,,,,,0.06611837695368977,True,True,Aligned,1
E248,I09,b'\xea\x07\x00\x00\x00\x00\x00\x00',b'\x01\x00\x00\x00\x00\x00\x00\x00',4.3999999999999995,4.5,0.0,1,0,4,0,,,,,0.06611837695368977,True,True,Aligned,1
E248,I09,b'\xea\x07\x00\x00\x00\x00\x00\x00',b'\x02\x00\x00\x00\x00\x00\x00\x00',4.711111111111111,4.5,0.1297344681094718,1,0,3,1,,,,,0.06611837695368977,True,True,Aligned,1
E249,I09,b'\xea\x07\x00\x00\x00\x00\x00\x00',b'\x01\x00\x00\x00\x00\x00\x00\x00',4.75,4.4375,0.10666666666666653,1,0,4,0,,,,,0.06611837695368977,True,True,Aligned,1
E249,I09,b'\xea\x07\x00\x00\x00\x00\x00\x00',b'\x02\x00\x00\x00\x00\x00\x00\x00',4.8,4.5,0.0,1,0,3,1,,,,,0.06611837695368977,True,True,Aligned,1
E250,I09,b'\xea\x07\x00\x00\x00\x00\x00\x00',b'\x01\x00\x00\x00\x00\x00\x00\x00',4.300000000000001,4.25,0.06438718424891511,1,0,2,2,,,,,0.06611837695368977,True,True,Aligned,1
E250,I09,b'\xea\x07\x00\x00\x00\x00\x00\x00',b'\x02\x00\x00\x00\x00\x00\x00\x00',4.333333333333333,4.333333333333333,0.06551357610578573,1,0,2,2,,,,,0.06611837695368977,True,True,Aligned,1
E251,I09,b'\xea\x07\x00\x00\x00\x00\x00\x00',b'\x01\x00\x00\x00\x00\x00\x00\x00',2.511111111111111,1.9444444444444446,0.0989743318610787,1,3,1,0,,,,,0.06611837695368977,False,False,Aligned,1
E251,I09,b'\xea\x07\x00\x00\x00\x00\x00\x00',b'\x02\x00\x00\x00\x00\x00\x00\x00',2.822222222222222,2.3333333333333335,0.17766436291597745,1,3,1,0,,,,,0.06611837695368977,False,False,Aligned,1
E252,I09,b'\xea\x07\x00\x00\x00\x00\x00\x00',b'\x01\x00\x00\x00\x00\x00\x00\x00',2.666666666666666,2.3333333333333335,0.11235334512926481,1,0,3,1,,,,,0.06611837695368977,False,False,Aligned,1
E252,I09,b'\xea\x07\x00\x00\x00\x00\x00\x00',b'\x02\x00\x00\x00\x00\x00\x00\x00',3.222222222222222,3.0,0.2166628735823345,1,0,3,1,,,,,0.06611837695368977,False,False,Aligned,1
E253,I09,b'\xea\x07\x00\x00\x00\x00\x00\x00',b'\x01\x00\x00\x00\x00\x00\x00\x00',4.566666666666666,4.5,0.055431961285539684,1,2,2,0,,,,,0.06611837695368977,True,True,Aligned,1
E253,I09,b'\xea\x07\x00\x00\x00\x00\x00\x00',b'\x02\x00\x00\x00\x00\x00\x00\x00',4.7333333333333325,4.5,0.06388765649999405,1,3,1,0,,,,,0.06611837695368977,True,True,Aligned,1
E254,I09,b'\xea\x07\x00\x00\x00\x00\x00\x00',b'\x01\x00\x00\x00\x00\x00\x00\x00',2.288888888888889,2.2222222222222223,0.0648672340547359,1,1,3,0,,,,,0.06611837695368977,False,False,Aligned,1
E254,I09,b'\xea\x07\x00\x00\x00\x00\x00\x00',b'\x02\x00\x00\x00\x00\x00\x00\x00',2.3555555555555556,2.388888888888889,0.06598288790738571,1,3,1,0,,,,,0.06611837695368977,False,False,Aligned,1
E255,I09,b'\xea\x07\x00\x00\x00\x00\x00\x00',b'\x01\x00\x00\x00\x00\x00\x00\x00',4.599999999999999,4.5,5.921189464667501e-16,1,0,3,1,,,,,0.06611837695368977,True,True,Aligned,1
E255,I09,b'\xea\x07\x00\x00\x00\x00\x00\x00',b'\x02\x00\x00\x00\x00\x00\x00\x00',4.875,4.8125,0.11925695879998889,1,0,4,0,,,,,0.06611837695368977,True,True,Aligned,1
E256,I09,b'\xea\x07\x00\x00\x00\x00\x00\x00',b'\x01\x00\x00\x00\x00\x00\x00\x00',4.466666666666666,4.75,0.10072137310800548,1,0,2,2,,,,,0.06611837695368977,True,True,Aligned,1
E256,I09,b'\xea\x07\x00\x00\x00\x00\x00\x00',b'\x02\x00\x00\x00\x00\x00\x00\x00',4.511111111111111,4.722222222222222,0.06587298758289786,1,0,3,1,,,,,0.06611837695368977,True,True,Aligned,1
E257,I09,b'\xea\x07\x00\x00\x00\x00\x00\x00',b'\x01\x00\x00\x00\x00\x00\x00\x00',4.566666666666666,5.0,0.055431961285539684,1,2,2,0,,,,,0.06611837695368977,True,True,Aligned,1
E257,I09,b'\xea\x07\x00\x00\x00\x00\x00\x00',b'\x02\x00\x00\x00\x00\x00\x00\x00',4.699999999999999,5.0,0.06438718424891511,1,2,2,0,,,,,0.06611837695368977,True,True,Aligned,1
E258,I09,b'\xea\x07\x00\x00\x00\x00\x00\x00',b'\x01\x00\x00\x00\x00\x00\x00\x00',3.85,3.9375,0.15549205052920803,1,0,4,0,,,,,0.06611837695368977,True,True,Aligned,1
E258,I09,b'\xea\x07\x00\x00\x00\x00\x00\x00',b'\x02\x00\x00\x00\x00\x00\x00\x00',3.8666666666666663,4.083333333333333,0.06625386599999383,1,0,2,2,,,,,0.06611837695368977,True,True,Aligned,1
E259,I10,b'\xea\x07\x00\x00\x00\x00\x00\x00',b'\x01\x00\x00\x00\x00\x00\x00\x00',4.466666666666667,4.0,0.09797422140791164,1,1,3,0,,,,,0.06606342679144585,True,True,Aligned,1
E259,I10,b'\xea\x07\x00\x00\x00\x00\x00\x00',b'\x02\x00\x00\x00\x00\x00\x00\x00',4.400000000000001,4.0,5.921189464667501e-16,1,1,3,0,,,,,0.06606342679144585,True,True,Aligned,1
E260,I10,b'\xea\x07\x00\x00\x00\x00\x00\x00',b'\x01\x00\x00\x00\x00\x00\x00\x00',3.5999999999999996,5.0,0.12006004503753287,1,0,4,2,,,,,0.06606342679144585,False,True,Anti-Aligned,0
E260,I10,b'\xea\x07\x00\x00\x00\x00\x00\x00',b'\x02\x00\x00\x00\x00\x00\x00\x00',3.9000000000000004,5.0,0.1776397483800539,1,0,4,2,,,,,0.06606342679144585,True,True,Aligned,1
E261,I10,b'\xea\x07\x00\x00\x00\x00\x00\x00',b'\x01\x00\x00\x00\x00\x00\x00\x00',2.0,1.5,0.0,1,0,3,1,,,,,0.06606342679144585,False,False,Aligned,1
E261,I10,b'\xea\x07\x00\x00\x00\x00\x00\x00',b'\x02\x00\x00\x00\x00\x00\x00\x00',2.3555555555555556,1.9444444444444446,0.2594689362189439,1,0,3,1,,,,,0.06606342679144585,False,False,Aligned,1
E262,I10,b'\xea\x07\x00\x00\x00\x00\x00\x00',b'\x01\x00\x00\x00\x00\x00\x00\x00',3.3777777777777778,4.0,0.052548465466459415,1,1,3,0,,,,,0.06606342679144585,False,True,Anti-Aligned,0
E262,I10,b'\xea\x07\x00\x00\x00\x00\x00\x00',b'\x02\x00\x00\x00\x00\x00\x00\x00',3.755555555555555,4.444444444444444,0.259468936218944,1,1,3,0,,,,,0.06606342679144585,False,True,Anti-Aligned,0
E263,I10,b'\xea\x07\x00\x00\x00\x00\x00\x00',b'\x01\x00\x00\x00\x00\x00\x00\x00',3.9777777777777783,4.0,0.052548465466459526,1,0,3,1,,,,,0.06606342679144585,True,True,Aligned,1
E263,I10,b'\xea\x07\x00\x00\x00\x00\x00\x00',b'\x02\x00\x00\x00\x00\x00\x00\x00',4.333333333333333,4.222222222222222,0.1776462366737309,1,0,3,1,,,,,0.06606342679144585,True,True,Aligned,1
E264,I10,b'\xea\x07\x00\x00\x00\x00\x00\x00',b'\x01\x00\x00\x00\x00\x00\x00\x00',2.066666666666667,2.5,0.10072137310800566,1,0,2,2,,,,,0.06606342679144585,False,False,Aligned,1
E264,I10,b'\xea\x07\x00\x00\x00\x00\x00\x00',b'\x02\x00\x00\x00\x00\x00\x00\x00',2.2666666666666675,2.7222222222222228,0.09797422140791175,1,0,3,1,,,,,0.06606342679144585,False,False,Aligned,1
E265,I10,b'\xea\x07\x00\x00\x00\x00\x00\x00',b'\x01\x00\x00\x00\x00\x00\x00\x00',4.8,5.0,0.0,1,1,3,0,,,,,0.06606342679144585,True,True,Aligned,1
E265,I10,b'\xea\x07\x00\x00\x00\x00\x00\x00',b'\x02\x00\x00\x00\x00\x00\x00\x00',4.911111111111111,5.0,0.06587298758289817,1,1,3,0,,,,,0.06606342679144585,True,True,Aligned,1
E266,I10,b'\xea\x07\x00\x00\x00\x00\x00\x00',b'\x01\x00\x00\x00\x00\x00\x00\x00',4.7,5.0,0.09977753031397169,1,0,4,0,,,,,0.06606342679144585,True,True,Aligned,1
E266,I10,b'\xea\x07\x00\x00\x00\x00\x00\x00',b'\x02\x00\x00\x00\x00\x00\x00\x00',4.688888888888888,5.0,0.06486723405473604,1,0,3,1,,,,,0.06606342679144585,True,True,Aligned,1
E267,I10,b'\xea\x07\x00\x00\x00\x00\x00\x00',b'\x01\x00\x00\x00\x00\x00\x00\x00',3.4000000000000004,2.7222222222222228,0.11971915415311539,1,0,3,1,,,,,0.06606342679144585,False,False,Aligned,1
E267,I10,b'\xea\x07\x00\x00\x00\x00\x00\x00',b'\x02\x00\x00\x00\x00\x00\x00\x00',3.577777777777778,2.7222222222222228,0.12973446810947195,1,0,3,1,,,,,0.06606342679144585,False,False,Aligned,1
E268,I10,b'\xea\x07\x00\x00\x00\x00\x00\x00',b'\x01\x00\x00\x00\x00\x00\x00\x00',4.8,4.5,0.0,1,1,3,0,,,,,0.06606342679144585,True,True,Aligned,1
E268,I10,b'\xea\x07\x00\x00\x00\x00\x00\x00',b'\x02\x00\x00\x00\x00\x00\x00\x00',4.911111111111111,4.777777777777778,0.06587298758289817,1,1,3,0,,,,,0.06606342679144585,True,True,Aligned,1
E269,I10,b'\xea\x07\x00\x00\x00\x00\x00\x00',b'\x01\x00\x00\x00\x00\x00\x00\x00',1.9666666666666666,2.0,0.05543196128553987,1,2,2,0,,,,,0.06606342679144585,False,False,Aligned,1
E269,I10,b'\xea\x07\x00\x00\x00\x00\x00\x00',b'\x02\x00\x00\x00\x00\x00\x00\x00',2.2666666666666666,2.0,0.12777531299998796,1,3,1,0,,,,,0.06606342679144585,False,False,Aligned,1
E270,I10,b'\xea\x07\x00\x00\x00\x00\x00\x00',b'\x01\x00\x00\x00\x00\x00\x00\x00',4.533333333333333,5.0,0.06625386599999353,1,0,2,2,,,,,0.06606342679144585,True,True,Aligned,1
E270,I10,b'\xea\x07\x00\x00\x00\x00\x00\x00',b'\x02\x00\x00\x00\x00\x00\x00\x00',4.6000000000000005,5.0,0.0,1,0,4,0,,,,,0.06606342679144585,True,True,Aligned,1
E271,I10,b'\xea\x07\x00\x00\x00\x00\x00\x00',b'\x01\x00\x00\x00\x00\x00\x00\x00',4.8133333333333335,5.0,0.04760952285695238,1,0,1,5,,,,,0.06606342679144585,True,True,Aligned,1
E271,I10,b'\xea\x07\x00\x00\x00\x00\x00\x00',b'\x02\x00\x00\x00\x00\x00\x00\x00',4.946666666666667,5.0,0.06531972647421815,1,0,1,5,,,,,0.06606342679144585,True,True,Aligned,1
E272,I10,b'\xea\x07\x00\x00\x00\x00\x00\x00',b'\x01\x00\x00\x00\x00\x00\x00\x00',3.5999999999999996,3.75,0.12877436849783008,1,2,2,0,,,,,0.06606342679144585,False,False,Aligned,1
E272,I10,b'\xea\x07\x00\x00\x00\x00\x00\x00',b'\x02\x00\x00\x00\x00\x00\x00\x00',3.633333333333333,3.5833333333333335,0.1174852074406945,1,2,2,0,,,,,0.06606342679144585,False,False,Aligned,1
E273,I10,b'\xea\x07\x00\x00\x00\x00\x00\x00',b'\x01\x00\x00\x00\x00\x00\x00\x00',5.0,5.0,5.921189464667501e-16,1,2,2,0,,,,,0.06606342679144585,True,True,Aligned,1
E273,I10,b'\xea\x07\x00\x00\x00\x00\x00\x00',b'\x02\x00\x00\x00\x00\x00\x00\x00',5.0,5.0,5.921189464667501e-16,1,3,1,0,,,,,0.06606342679144585,True,True,Aligned,1
E274,I10,b'\xea\x07\x00\x00\x00\x00\x00\x00',b'\x01\x00\x00\x00\x00\x00\x00\x00',4.688888888888888,4.722222222222222,0.06486723405473604,1,1,3,0,,,,,0.06606342679144585,True,True,Aligned,1
E274,I10,b'\xea\x07\x00\x00\x00\x00\x00\x00',b'\x02\x00\x00\x00\x00\x00\x00\x00',4.8,4.722222222222222,0.11971915415311551,1,1,3,0,,,,,0.06606342679144585,True,True,Aligned,1
E275,I10,b'\xea\x07\x00\x00\x00\x00\x00\x00',b'\x01\x00\x00\x00\x00\x00\x00\x00',3.2666666666666666,3.0,0.10072137310800561,1,2,2,0,,,,,0.06606342679144585,False,False,Aligned,1
E275,I10,b'\xea\x07\x00\x00\x00\x00\x00\x00',b'\x02\x00\x00\x00\x00\x00\x00\x00',3.488888888888889,3.055555555555556,0.11780301787479026,1,3,1,0,,,,,0.06606342679144585,False,False,Aligned,1
E276,I10,b'\xea\x07\x00\x00\x00\x00\x00\x00',b'\x01\x00\x00\x00\x00\x00\x00\x00',4.688888888888888,5.0,0.06486723405473604,1,0,3,1,,,,,0.06606342679144585,True,True,Aligned,1
E276,I10,b'\xea\x07\x00\x00\x00\x00\x00\x00',b'\x02\x00\x00\x00\x00\x00\x00\x00',4.599999999999999,5.0,5.921189464667501e-16,1,0,3,1,,,,,0.06606342679144585,True,True,Aligned,1
E277,I11,b'\xea\x07\x00\x00\x00\x00\x00\x00',b'\x01\x00\x00\x00\x00\x00\x00\x00',4.666666666666666,4.75,0.194640985306437,1,2,2,0,,,,,0.16507076124999392,True,True,Aligned,1
E277,I11,b'\xea\x07\x00\x00\x00\x00\x00\x00',b'\x02\x00\x00\x00\x00\x00\x00\x00',4.711111111111111,4.5,0.16625386599999384,1,1,3,0,,,,,0.16507076124999392,True,True,Aligned,1
E278,I11,b'\xea\x07\x00\x00\x00\x00\x00\x00',b'\x01\x00\x00\x00\x00\x00\x00\x00',4.1,4.0,0.16388765649999404,1,2,2,0,,,,,0.16507076124999392,True,True,Aligned,1
E278,I11,b'\xea\x07\x00\x00\x00\x00\x00\x00',b'\x02\x00\x00\x00\x00\x00\x00\x00',4.2,4.0,0.2277753129999881,1,2,2,0,,,,,0.16507076124999392,True,True,Aligned,1
E279,I11,b'\xea\x07\x00\x00\x00\x00\x00\x00',b'\x01\x00\x00\x00\x00\x00\x00\x00',3.8166666666666664,3.0416666666666665,0.085183541999992,1,0,6,0,,,,,0.16507076124999392,True,False,Anti-Aligned,0
E279,I11,b'\xea\x07\x00\x00\x00\x00\x00\x00',b'\x02\x00\x00\x00\x00\x00\x00\x00',3.9333333333333336,3.25,0.18070158058105043,1,0,6,0,,,,,0.16507076124999392,True,False,Anti-Aligned,0
E280,I11,b'\xea\x07\x00\x00\x00\x00\x00\x00',b'\x01\x00\x00\x00\x00\x00\x00\x00',1.6000000000000003,1.5,0.10000000000000016,1,2,2,0,,,,,0.16507076124999392,False,False,Aligned,1
E280,I11,b'\xea\x07\x00\x00\x00\x00\x00\x00',b'\x02\x00\x00\x00\x00\x00\x00\x00',2.0,2.0833333333333335,0.2595771055249147,1,2,2,0,,,,,0.16507076124999392,False,False,Aligned,1
E281,I11,b'\xea\x07\x00\x00\x00\x00\x00\x00',b'\x01\x00\x00\x00\x00\x00\x00\x00',2.8666666666666667,2.5,0.1989743318610787,1,2,2,0,,,,,0.16507076124999392,False,False,Aligned,1
E281,I11,b'\xea\x07\x00\x00\x00\x00\x00\x00',b'\x02\x00\x00\x00\x00\x00\x00\x00',3.1333333333333333,2.75,0.27766436291597746,1,2,2,0,,,,,0.16507076124999392,False,False,Aligned,1
E282,I11,b'\xea\x07\x00\x00\x00\x00\x00\x00',b'\x01\x00\x00\x00\x00\x00\x00\x00',2.4250000000000003,1.75,0.18086213288334052,1,0,4,0,,,,,0.16507076124999392,False,False,Aligned,1
E282,I11,b'\xea\x07\x00\x00\x00\x00\x00\x00',b'\x02\x00\x00\x00\x00\x00\x00\x00',2.6999999999999997,1.875,0.09977753031397174,1,0,4,0,,,,,0.16507076124999392,False,False,Aligned,1
E283,I11,b'\xea\x07\x00\x00\x00\x00\x00\x00',b'\x01\x00\x00\x00\x00\x00\x00\x00',5.0,5.0,5.921189464667501e-16,1,1,2,1,,,,,0.16507076124999392,True,True,Aligned,1
E283,I11,b'\xea\x07\x00\x00\x00\x00\x00\x00',b'\x02\x00\x00\x00\x00\x00\x00\x00',5.0,5.0,0.0,1,1,1,2,,,,,0.16507076124999392,True,True,Aligned,1
E284,I11,b'\xea\x07\x00\x00\x00\x00\x00\x00',b'\x01\x00\x00\x00\x00\x00\x00\x00',4.599999999999999,4.5,0.1000000000000006,1,1,3,0,,,,,0.16507076124999392,True,True,Aligned,1
E284,I11,b'\xea\x07\x00\x00\x00\x00\x00\x00',b'\x02\x00\x00\x00\x00\x00\x00\x00',4.866666666666666,4.833333333333333,0.22674987358243892,1,3,1,0,,,,,0.16507076124999392,True,True,Aligned,1
E285,I11,b'\xea\x07\x00\x00\x00\x00\x00\x00',b'\x01\x00\x00\x00\x00\x00\x00\x00',3.975,4.25,0.2133333333333334,1,0,4,0,,,,,0.16507076124999392,True,True,Aligned,1
E285,I11,b'\xea\x07\x00\x00\x00\x00\x00\x00',b'\x02\x00\x00\x00\x00\x00\x00\x00',3.9499999999999997,4.0625,0.06531972647421815,1,0,4,0,,,,,0.16507076124999392,True,True,Aligned,1
E286,I11,b'\xea\x07\x00\x00\x00\x00\x00\x00',b'\x01\x00\x00\x00\x00\x00\x00\x00',2.053333333333333,2.566666666666667,0.30003778575611895,1,0,1,5,,,,,0.16507076124999392,False,False,Aligned,1
E286,I11,b'\xea\x07\x00\x00\x00\x00\x00\x00',b'\x02\x00\x00\x00\x00\x00\x00\x00',2.6533333333333333,3.266666666666667,0.5192579166469915,1,0,1,5,,,,,0.16507076124999392,False,False,Aligned,1
E287,I11,b'\xea\x07\x00\x00\x00\x00\x00\x00',b'\x01\x00\x00\x00\x00\x00\x00\x00',4.7,4.75,0.06388765649999405,1,1,1,2,,,,,0.16507076124999392,True,True,Aligned,1
E287,I11,b'\xea\x07\x00\x00\x00\x00\x00\x00',b'\x02\x00\x00\x00\x00\x00\x00\x00',4.8,4.75,0.1277753129999881,1,1,1,2,,,,,0.16507076124999392,True,True,Aligned,1
E288,I11,b'\xea\x07\x00\x00\x00\x00\x00\x00',b'\x01\x00\x00\x00\x00\x00\x00\x00',3.75,3.625,0.2231093404090868,1,0,4,0,,,,,0.16507076124999392,False,False,Aligned,1
E288,I11,b'\xea\x07\x00\x00\x00\x00\x00\x00',b'\x02\x00\x00\x00\x00\x00\x00\x00',3.85,3.0,0.13063945294843615,1,0,4,0,,,,,0.16507076124999392,True,False,Anti-Aligned,0
E289,I11,b'\xea\x07\x00\x00\x00\x00\x00\x00',b'\x01\x00\x00\x00\x00\x00\x00\x00',4.644444444444444,4.166666666666667,0.24054567378526123,1,1,3,0,,,,,0.16507076124999392,True,True,Aligned,1
E289,I11,b'\xea\x07\x00\x00\x00\x00\x00\x00',b'\x02\x00\x00\x00\x00\x00\x00\x00',4.766666666666667,4.416666666666667,0.15773502691896263,1,2,2,0,,,,,0.16507076124999392,True,True,Aligned,1
E290,I11,b'\xea\x07\x00\x00\x00\x00\x00\x00',b'\x01\x00\x00\x00\x00\x00\x00\x00',4.925,4.8125,0.06551357610578575,1,1,2,1,,,,,0.16507076124999392,True,True,Aligned,1
E290,I11,b'\xea\x07\x00\x00\x00\x00\x00\x00',b'\x02\x00\x00\x00\x00\x00\x00\x00',5.0,5.0,5.921189464667501e-16,1,1,2,1,,,,,0.16507076124999392,True,True,Aligned,1
E291,I11,b'\xea\x07\x00\x00\x00\x00\x00\x00',b'\x01\x00\x00\x00\x00\x00\x00\x00',2.6750000000000003,2.75,0.11925695879998877,1,0,4,0,,,,,0.16507076124999392,False,False,Aligned,1
E291,I11,b'\xea\x07\x00\x00\x00\x00\x00\x00',b'\x02\x00\x00\x00\x00\x00\x00\x00',3.15,3.1875,0.23851391759997753,1,0,4,0,,,,,0.16507076124999392,False,False,Aligned,1
E292,I12,b'\xea\x07\x00\x00\x00\x00\x00\x00',b'\x01\x00\x00\x00\x00\x00\x00\x00',2.5500000000000003,3.5,0.10587428356243965,1,5,2,1,,,,,0.42831623181369594,False,False,Aligned,1
E292,I12,b'\xea\x07\x00\x00\x00\x00\x00\x00',b'\x02\x00\x00\x00\x00\x00\x00\x00',2.62,3.75,0.10509693093291896,1,5,1,2,,,,,0.42831623181369594,False,False,Aligned,1
E293,I12,b'\xea\x07\x00\x00\x00\x00\x00\x00',b'\x01\x00\x00\x00\x00\x00\x00\x00',2.9000000000000004,3.125,0.3034152840318981,1,0,2,4,,,,,0.42831623181369594,False,False,Aligned,1
E293,I12,b'\xea\x07\x00\x00\x00\x00\x00\x00',b'\x02\x00\x00\x00\x00\x00\x00\x00',3.3499999999999996,3.5416666666666665,0.23656538655734963,1,0,2,4,,,,,0.42831623181369594,False,False,Aligned,1
E294,I12,b'\xea\x07\x00\x00\x00\x00\x00\x00',b'\x01\x00\x00\x00\x00\x00\x00\x00',4.555555555555555,3.944444444444444,0.5766612766101424,1,5,3,0,,,,,0.42831623181369594,True,True,Aligned,1
E294,I12,b'\xea\x07\x00\x00\x00\x00\x00\x00',b'\x02\x00\x00\x00\x00\x00\x00\x00',4.599999999999999,4.0,0.5,1,7,1,0,,,,,0.42831623181369594,True,True,Aligned,1
E295,I12,b'\xea\x07\x00\x00\x00\x00\x00\x00',b'\x01\x00\x00\x00\x00\x00\x00\x00',2.7238095238095235,3.4761904761904763,0.5700193195185767,1,7,1,0,,,,,0.42831623181369594,False,False,Aligned,1
E295,I12,b'\xea\x07\x00\x00\x00\x00\x00\x00',b'\x02\x00\x00\x00\x00\x00\x00\x00',2.855555555555555,3.75,0.6011274313409299,1,6,2,0,,,,,0.42831623181369594,False,False,Aligned,1
E296,I12,b'\xea\x07\x00\x00\x00\x00\x00\x00',b'\x01\x00\x00\x00\x00\x00\x00\x00',4.6499999999999995,4.4375,0.07111880004567547,1,5,2,1,,,,,0.42831623181369594,True,True,Aligned,1
E296,I12,b'\xea\x07\x00\x00\x00\x00\x00\x00',b'\x02\x00\x00\x00\x00\x00\x00\x00',4.6000000000000005,4.5,0.0,1,5,2,1,,,,,0.42831623181369594,True,True,Aligned,1
E297,I12,b'\xea\x07\x00\x00\x00\x00\x00\x00',b'\x01\x00\x00\x00\x00\x00\x00\x00',2.586666666666667,2.9333333333333336,0.514020885913022,1,0,1,5,,,,,0.42831623181369594,False,False,Aligned,1
E297,I12,b'\xea\x07\x00\x00\x00\x00\x00\x00',b'\x02\x00\x00\x00\x00\x00\x00\x00',2.966666666666667,3.1666666666666665,0.4181529734146137,1,0,2,4,,,,,0.42831623181369594,False,False,Aligned,1
E298,I12,b'\xea\x07\x00\x00\x00\x00\x00\x00',b'\x01\x00\x00\x00\x00\x00\x00\x00',5.0,5.0,0.5000000000000006,1,5,3,0,,,,,0.42831623181369594,True,True,Aligned,1
E298,I12,b'\xea\x07\x00\x00\x00\x00\x00\x00',b'\x02\x00\x00\x00\x00\x00\x00\x00',5.0,5.0,0.5,1,6,2,0,,,,,0.42831623181369594,True,True,Aligned,1
E299,I12,b'\xea\x07\x00\x00\x00\x00\x00\x00',b'\x01\x00\x00\x00\x00\x00\x00\x00',4.599999999999999,5.0,0.5,1,7,1,0,,,,,0.42831623181369594,True,True,Aligned,1
E299,I12,b'\xea\x07\x00\x00\x00\x00\x00\x00',b'\x02\x00\x00\x00\x00\x00\x00\x00',4.688888888888888,5.0,0.5514259477226581,1,5,3,0,,,,,0.42831623181369594,True,True,Aligned,1
E300,I12,b'\xea\x07\x00\x00\x00\x00\x00\x00',b'\x01\x00\x00\x00\x00\x00\x00\x00',3.5999999999999996,4.0,0.5,1,5,3,0,,,,,0.42831623181369594,False,True,Anti-Aligned,0
E300,I12,b'\xea\x07\x00\x00\x00\x00\x00\x00',b'\x02\x00\x00\x00\x00\x00\x00\x00',3.8333333333333335,4.277777777777778,0.5991745980936121,1,6,2,0,,,,,0.42831623181369594,True,True,Aligned,1
E301,I12,b'\xea\x07\x00\x00\x00\x00\x00\x00',b'\x01\x00\x00\x00\x00\x00\x00\x00',4.8999999999999995,4.75,0.052548465466459526,1,5,1,2,,,,,0.42831623181369594,True,True,Aligned,1
E301,I12,b'\xea\x07\x00\x00\x00\x00\x00\x00',b'\x02\x00\x00\x00\x00\x00\x00\x00',4.8,4.5,5.921189464667501e-16,1,5,1,2,,,,,0.42831623181369594,True,True,Aligned,1
E302,I12,b'\xea\x07\x00\x00\x00\x00\x00\x00',b'\x01\x00\x00\x00\x00\x00\x00\x00',3.04,2.466666666666667,0.42005748349997934,1,0,1,5,,,,,0.42831623181369594,False,False,Aligned,1
E302,I12,b'\xea\x07\x00\x00\x00\x00\x00\x00',b'\x02\x00\x00\x00\x00\x00\x00\x00',2.966666666666667,2.0416666666666665,0.47492034684388473,1,0,2,4,,,,,0.42831623181369594,False,False,Aligned,1
E303,I12,b'\xea\x07\x00\x00\x00\x00\x00\x00',b'\x01\x00\x00\x00\x00\x00\x00\x00',2.755555555555555,3.0,0.12000000000000001,1,5,3,0,,,,,0.42831623181369594,False,False,Aligned,1
E303,I12,b'\xea\x07\x00\x00\x00\x00\x00\x00',b'\x02\x00\x00\x00\x00\x00\x00\x00',2.81,3.0,0.10548622746055952,1,5,2,1,,,,,0.42831623181369594,False,False,Aligned,1
E304,I12,b'\xea\x07\x00\x00\x00\x00\x00\x00',b'\x01\x00\x00\x00\x00\x00\x00\x00',4.2,4.0,5.921189464667501e-16,1,5,3,0,,,,,0.42831623181369594,True,True,Aligned,1
E304,I12,b'\xea\x07\x00\x00\x00\x00\x00\x00',b'\x02\x00\x00\x00\x00\x00\x00\x00',4.385,4.2125,0.10587428356243957,1,5,2,1,,,,,0.42831623181369594,True,True,Aligned,1
E305,I12,b'\xea\x07\x00\x00\x00\x00\x00\x00',b'\x01\x00\x00\x00\x00\x00\x00\x00',2.380952380952381,3.0,0.5818379213311621,1,7,1,0,,,,,0.42831623181369594,False,False,Aligned,1
E305,I12,b'\xea\x07\x00\x00\x00\x00\x00\x00',b'\x02\x00\x00\x00\x00\x00\x00\x00',2.744444444444444,3.2777777777777772,0.6496026483086191,1,6,2,0,,,,,0.42831623181369594,False,False,Aligned,1
E306,I12,b'\xea\x07\x00\x00\x00\x00\x00\x00',b'\x01\x00\x00\x00\x00\x00\x00\x00',2.275,2.125,0.13124078847593343,1,5,2,1,,,,,0.42831623181369594,False,False,Aligned,1
E306,I12,b'\xea\x07\x00\x00\x00\x00\x00\x00',b'\x02\x00\x00\x00\x00\x00\x00\x00',2.375,2.375,0.09230769230769226,1,5,1,2,,,,,0.42831623181369594,False,False,Aligned,1
E307,I12,b'\xea\x07\x00\x00\x00\x00\x00\x00',b'\x01\x00\x00\x00\x00\x00\x00\x00',4.3500000000000005,4.375,0.042958631961189535,1,5,2,1,,,,,0.42831623181369594,True,True,Aligned,1
E307,I12,b'\xea\x07\x00\x00\x00\x00\x00\x00',b'\x02\x00\x00\x00\x00\x00\x00\x00',4.56,4.7125,0.10683825747295435,1,5,2,1,,,,,0.42831623181369594,True,True,Aligned,1
E308,I12,b'\xea\x07\x00\x00\x00\x00\x00\x00',b'\x01\x00\x00\x00\x00\x00\x00\x00',4.933333333333334,4.916666666666667,0.5760415210603397,1,6,2,0,,,,,0.42831623181369594,True,True,Aligned,1
E308,I12,b'\xea\x07\x00\x00\x00\x00\x00\x00',b'\x02\x00\x00\x00\x00\x00\x00\x00',5.0,5.0,0.5,1,6,2,0,,,,,0.42831623181369594,True,True,Aligned,1
E309,I12,b'\xea\x07\x00\x00\x00\x00\x00\x00',b'\x01\x00\x00\x00\x00\x00\x00\x00',1.8,1.0,0.0,1,5,2,1,,,,,0.42831623181369594,False,False,Aligned,1
E309,I12,b'\xea\x07\x00\x00\x00\x00\x00\x00',b'\x02\x00\x00\x00\x00\x00\x00\x00',2.16,1.4375,0.2083317313792056,1,5,2,1,,,,,0.42831623181369594,False,False,Aligned,1
E310,I12,b'\xea\x07\x00\x00\x00\x00\x00\x00',b'\x01\x00\x00\x00\x00\x00\x00\x00',1.9666666666666666,2.6666666666666665,0.6140622815905095,1,6,2,0,,,,,0.42831623181369594,False,False,Aligned,1
E310,I12,b'\xea\x07\x00\x00\x00\x00\x00\x00',b'\x02\x00\x00\x00\x00\x00\x00\x00',2.022222222222222,2.75,0.6032081752461583,1,6,2,0,,,,,0.42831623181369594,False,False,Aligned,1
E311,I12,b'\xea\x07\x00\x00\x00\x00\x00\x00',b'\x01\x00\x00\x00\x00\x00\x00\x00',3.4499999999999997,4.0,0.07111880004567553,1,5,2,1,,,,,0.42831623181369594,False,True,Anti-Aligned,0
E311,I12,b'\xea\x07\x00\x00\x00\x00\x00\x00',b'\x02\x00\x00\x00\x00\x00\x00\x00',3.6749999999999994,4.0,0.15686274509803924,1,5,2,1,,,,,0.42831623181369594,False,True,Anti-Aligned,0
E312,I12,b'\xea\x07\x00\x00\x00\x00\x00\x00',b'\x01\x00\x00\x00\x00\x00\x00\x00',4.075,4.5,0.05293714178121989,1,5,2,1,,,,,0.42831623181369594,True,True,Aligned,1
E312,I12,b'\xea\x07\x00\x00\x00\x00\x00\x00',b'\x02\x00\x00\x00\x00\x00\x00\x00',4.2250000000000005,4.5,0.10621700090875896,1,5,1,2,,,,,0.42831623181369594,True,True,Aligned,1
E313,I12,b'\xea\x07\x00\x00\x00\x00\x00\x00',b'\x01\x00\x00\x00\x00\x00\x00\x00',2.1750000000000003,1.75,0.12015768732164082,1,5,1,2,,,,,0.42831623181369594,False,False,Aligned,1
E313,I12,b'\xea\x07\x00\x00\x00\x00\x00\x00',b'\x02\x00\x00\x00\x00\x00\x00\x00',2.16,1.5,0.0665512264646163,1,5,2,1,,,,,0.42831623181369594,False,False,Aligned,1
E314,I12,b'\xea\x07\x00\x00\x00\x00\x00\x00',b'\x01\x00\x00\x00\x00\x00\x00\x00',2.0,2.0,0.5,1,6,2,0,,,,,0.42831623181369594,False,False,Aligned,1
E314,I12,b'\xea\x07\x00\x00\x00\x00\x00\x00',b'\x02\x00\x00\x00\x00\x00\x00\x00',2.2133333333333334,2.033333333333333,0.603875322596987,1,5,3,0,,,,,0.42831623181369594,False,False,Aligned,1
E315,I12,b'\xea\x07\x00\x00\x00\x00\x00\x00',b'\x01\x00\x00\x00\x00\x00\x00\x00',4.0,3.5,0.0,1,5,1,2,,,,,0.42831623181369594,True,False,Anti-Aligned,0
E315,I12,b'\xea\x07\x00\x00\x00\x00\x00\x00',b'\x02\x00\x00\x00\x00\x00\x00\x00',4.145,3.7125,0.09265383083225813,1,5,2,1,,,,,0.42831623181369594,True,False,Anti-Aligned,0
E316,I12,b'\xea\x07\x00\x00\x00\x00\x00\x00',b'\x01\x00\x00\x00\x00\x00\x00\x00',3.266666666666667,4.5,0.07180219742846002,1,5,3,0,,,,,0.42831623181369594,False,True,Anti-Aligned,0
E316,I12,b'\xea\x07\x00\x00\x00\x00\x00\x00',b'\x02\x00\x00\x00\x00\x00\x00\x00',3.36,4.7125,0.10683825747295449,1,5,2,1,,,,,0.42831623181369594,False,True,Anti-Aligned,0
E317,I12,b'\xea\x07\x00\x00\x00\x00\x00\x00',b'\x01\x00\x00\x00\x00\x00\x00\x00',3.4799999999999995,4.533333333333333,0.35529618804615887,1,0,1,5,,,,,0.42831623181369594,False,True,Anti-Aligned,0
E317,I12,b'\xea\x07\x00\x00\x00\x00\x00\x00',b'\x02\x00\x00\x00\x00\x00\x00\x00',3.6400000000000006,4.566666666666666,0.4610016122263215,1,0,1,5,,,,,0.42831623181369594,False,True,Anti-Aligned,0
E318,I12,b'\xea\x07\x00\x00\x00\x00\x00\x00',b'\x01\x00\x00\x00\x00\x00\x00\x00',4.013333333333334,3.5666666666666664,0.43657498012741247,1,0,1,5,,,,,0.42831623181369594,True,False,Anti-Aligned,0
E318,I12,b'\xea\x07\x00\x00\x00\x00\x00\x00',b'\x02\x00\x00\x00\x00\x00\x00\x00',4.183333333333334,4.041666666666667,0.4449233296573123,1,0,2,4,,,,,0.42831623181369594,True,True,Aligned,1
E319,I12,b'\xea\x07\x00\x00\x00\x00\x00\x00',b'\x01\x00\x00\x00\x00\x00\x00\x00',4.4750000000000005,4.1875,0.07324541977992655,1,5,1,2,,,,,0.42831623181369594,True,True,Aligned,1
E319,I12,b'\xea\x07\x00\x00\x00\x00\x00\x00',b'\x02\x00\x00\x00\x00\x00\x00\x00',4.515555555555556,4.2555555555555555,0.06618492611195101,1,5,3,0,,,,,0.42831623181369594,True,True,Aligned,1
E320,I12,b'\xea\x07\x00\x00\x00\x00\x00\x00',b'\x01\x00\x00\x00\x00\x00\x00\x00',3.1555555555555554,4.944444444444445,0.05333333333333338,1,5,3,0,,,,,0.42831623181369594,False,True,Anti-Aligned,0
E320,I12,b'\xea\x07\x00\x00\x00\x00\x00\x00',b'\x02\x00\x00\x00\x00\x00\x00\x00',3.4499999999999997,5.0,0.1189470657890439,1,5,2,1,,,,,0.42831623181369594,False,True,Anti-Aligned,0
E321,I12,b'\xea\x07\x00\x00\x00\x00\x00\x00',b'\x01\x00\x00\x00\x00\x00\x00\x00',3.5999999999999996,3.5,0.5,1,6,2,0,,,,,0.42831623181369594,False,False,Aligned,1
E321,I12,b'\xea\x07\x00\x00\x00\x00\x00\x00',b'\x02\x00\x00\x00\x00\x00\x00\x00',3.7333333333333334,3.8333333333333335,0.5507122418448627,1,7,1,0,,,,,0.42831623181369594,False,True,Anti-Aligned,0
E322,I12,b'\xea\x07\x00\x00\x00\x00\x00\x00',b'\x01\x00\x00\x00\x00\x00\x00\x00',2.85,2.9375,0.07111880004567554,1,5,2,1,,,,,0.42831623181369594,False,False,Aligned,1
E322,I12,b'\xea\x07\x00\x00\x00\x00\x00\x00',b'\x02\x00\x00\x00\x00\x00\x00\x00',3.025,3.1875,0.15881142534365955,1,5,2,1,,,,,0.42831623181369594,False,False,Aligned,1
E323,I12,b'\xea\x07\x00\x00\x00\x00\x00\x00',b'\x01\x00\x00\x00\x00\x00\x00\x00',3.3333333333333335,3.5,0.5507122418448627,1,7,1,0,,,,,0.42831623181369594,False,False,Aligned,1
E323,I12,b'\xea\x07\x00\x00\x00\x00\x00\x00',b'\x02\x00\x00\x00\x00\x00\x00\x00',3.5444444444444447,4.083333333333333,0.6501133358680772,1,6,2,0,,,,,0.42831623181369594,False,True,Anti-Aligned,0
E324,I12,b'\xea\x07\x00\x00\x00\x00\x00\x00',b'\x01\x00\x00\x00\x00\x00\x00\x00',4.555555555555555,4.888888888888889,0.5766612766101424,1,5,3,0,,,,,0.42831623181369594,True,True,Aligned,1
E324,I12,b'\xea\x07\x00\x00\x00\x00\x00\x00',b'\x02\x00\x00\x00\x00\x00\x00\x00',4.599999999999999,5.0,0.5,1,6,2,0,,,,,0.42831623181369594,True,True,Aligned,1
E325,I12,b'\xea\x07\x00\x00\x00\x00\x00\x00',b'\x01\x00\x00\x00\x00\x00\x00\x00',4.888888888888889,5.0,0.5706304617818635,1,6,2,0,,,,,0.42831623181369594,True,True,Aligned,1
E325,I12,b'\xea\x07\x00\x00\x00\x00\x00\x00',b'\x02\x00\x00\x00\x00\x00\x00\x00',4.8,5.0,0.5000000000000006,1,6,2,0,,,,,0.42831623181369594,True,True,Aligned,1
E326,I12,b'\xea\x07\x00\x00\x00\x00\x00\x00',b'\x01\x00\x00\x00\x00\x00\x00\x00',4.588888888888889,5.0,0.541239304942116,1,6,2,0,,,,,0.42831623181369594,True,True,Aligned,1
E326,I12,b'\xea\x07\x00\x00\x00\x00\x00\x00',b'\x02\x00\x00\x00\x00\x00\x00\x00',4.633333333333333,5.0,0.5380207605301698,1,6,2,0,,,,,0.42831623181369594,True,True,Aligned,1
E327,I12,b'\xea\x07\x00\x00\x00\x00\x00\x00',b'\x01\x00\x00\x00\x00\x00\x00\x00',3.0,3.5,0.5,1,6,2,0,,,,,0.42831623181369594,False,False,Aligned,1
E327,I12,b'\xea\x07\x00\x00\x00\x00\x00\x00',b'\x02\x00\x00\x00\x00\x00\x00\x00',3.2222222222222223,3.5,0.6029056323094015,1,6,2,0,,,,,0.42831623181369594,False,False,Aligned,1
E328,I12,b'\xea\x07\x00\x00\x00\x00\x00\x00',b'\x01\x00\x00\x00\x00\x00\x00\x00',2.5,1.5,0.5510657394988744,1,6,2,0,,,,,0.42831623181369594,False,False,Aligned,1
E328,I12,b'\xea\x07\x00\x00\x00\x00\x00\x00',b'\x02\x00\x00\x00\x00\x00\x00\x00',2.7111111111111112,1.8111111111111111,0.5897297237494388,1,5,3,0,,,,,0.42831623181369594,False,False,Aligned,1
E329,I13,b'\xea\x07\x00\x00\x00\x00\x00\x00',b'\x01\x00\x00\x00\x00\x00\x00\x00',4.826666666666666,5.0,0.29502621934663986,1,0,1,5,,,,,0.2000000000000006,True,True,Aligned,1
E329,I13,b'\xea\x07\x00\x00\x00\x00\x00\x00',b'\x02\x00\x00\x00\x00\x00\x00\x00',4.95,5.0,0.259076104470195,1,0,2,4,,,,,0.2000000000000006,True,True,Aligned,1
E330,I13,b'\xea\x07\x00\x00\x00\x00\x00\x00',b'\x01\x00\x00\x00\x00\x00\x00\x00',3.6999999999999997,4.0,0.26023386019368333,1,3,2,0,,,,,0.2000000000000006,False,True,Anti-Aligned,0
E330,I13,b'\xea\x07\x00\x00\x00\x00\x00\x00',b'\x02\x00\x00\x00\x00\x00\x00\x00',3.7666666666666666,4.055555555555555,0.2466569474815843,1,3,2,0,,,,,0.2000000000000006,False,True,Anti-Aligned,0
E331,I13,b'\xea\x07\x00\x00\x00\x00\x00\x00',b'\x01\x00\x00\x00\x00\x00\x00\x00',4.0249999999999995,3.375,0.0914239070625032,1,2,2,1,,,,,0.2000000000000006,True,False,Anti-Aligned,0
E331,I13,b'\xea\x07\x00\x00\x00\x00\x00\x00',b'\x02\x00\x00\x00\x00\x00\x00\x00',4.075,3.6875,0.061275761164052985,1,2,2,1,,,,,0.2000000000000006,True,False,Anti-Aligned,0
E332,I13,b'\xea\x07\x00\x00\x00\x00\x00\x00',b'\x01\x00\x00\x00\x00\x00\x00\x00',2.1666666666666665,1.7916666666666667,0.4898402080981087,1,0,2,4,,,,,0.2000000000000006,False,False,Aligned,1
E332,I13,b'\xea\x07\x00\x00\x00\x00\x00\x00',b'\x02\x00\x00\x00\x00\x00\x00\x00',2.6799999999999997,2.2666666666666666,0.5428522697575352,1,0,1,5,,,,,0.2000000000000006,False,False,Aligned,1
E333,I13,b'\xea\x07\x00\x00\x00\x00\x00\x00',b'\x01\x00\x00\x00\x00\x00\x00\x00',4.555555555555555,5.0,0.0618016540591303,1,2,3,0,,,,,0.2000000000000006,True,True,Aligned,1
E333,I13,b'\xea\x07\x00\x00\x00\x00\x00\x00',b'\x02\x00\x00\x00\x00\x00\x00\x00',4.7749999999999995,5.0,0.051425947722658044,1,2,2,1,,,,,0.2000000000000006,True,True,Aligned,1
E334,I13,b'\xea\x07\x00\x00\x00\x00\x00\x00',b'\x01\x00\x00\x00\x00\x00\x00\x00',4.8,5.0,5.921189464667501e-16,1,2,1,2,,,,,0.2000000000000006,True,True,Aligned,1
E334,I13,b'\xea\x07\x00\x00\x00\x00\x00\x00',b'\x02\x00\x00\x00\x00\x00\x00\x00',4.8,5.0,0.0,1,2,2,1,,,,,0.2000000000000006,True,True,Aligned,1
E335,I13,b'\xea\x07\x00\x00\x00\x00\x00\x00',b'\x01\x00\x00\x00\x00\x00\x00\x00',3.975,4.4375,0.04780670531797674,1,2,2,1,,,,,0.2000000000000006,True,True,Aligned,1
E335,I13,b'\xea\x07\x00\x00\x00\x00\x00\x00',b'\x02\x00\x00\x00\x00\x00\x00\x00',4.2,4.6875,0.11724135861452058,1,2,2,1,,,,,0.2000000000000006,True,True,Aligned,1
E336,I13,b'\xea\x07\x00\x00\x00\x00\x00\x00',b'\x01\x00\x00\x00\x00\x00\x00\x00',4.625,5.0,0.12712834523274558,1,2,2,1,,,,,0.2000000000000006,True,True,Aligned,1
E336,I13,b'\xea\x07\x00\x00\x00\x00\x00\x00',b'\x02\x00\x00\x00\x00\x00\x00\x00',4.825,5.0,0.11686011314314787,1,2,1,2,,,,,0.2000000000000006,True,True,Aligned,1
E337,I13,b'\xea\x07\x00\x00\x00\x00\x00\x00',b'\x01\x00\x00\x00\x00\x00\x00\x00',4.6000000000000005,4.5,0.0,1,2,2,1,,,,,0.2000000000000006,True,True,Aligned,1
E337,I13,b'\xea\x07\x00\x00\x00\x00\x00\x00',b'\x02\x00\x00\x00\x00\x00\x00\x00',4.6499999999999995,4.5,0.06285393610547095,1,2,2,1,,,,,0.2000000000000006,True,True,Aligned,1
E338,I13,b'\xea\x07\x00\x00\x00\x00\x00\x00',b'\x01\x00\x00\x00\x00\x00\x00\x00',3.3833333333333333,3.0,0.24969039949999527,1,4,1,0,,,,,0.2000000000000006,False,False,Aligned,1
E338,I13,b'\xea\x07\x00\x00\x00\x00\x00\x00',b'\x02\x00\x00\x00\x00\x00\x00\x00',3.7222222222222223,3.25,0.37147089424650515,1,3,2,0,,,,,0.2000000000000006,False,False,Aligned,1
E339,I13,b'\xea\x07\x00\x00\x00\x00\x00\x00',b'\x01\x00\x00\x00\x00\x00\x00\x00',4.566666666666666,5.0,0.2466569474815842,1,3,2,0,,,,,0.2000000000000006,True,True,Aligned,1
E339,I13,b'\xea\x07\x00\x00\x00\x00\x00\x00',b'\x02\x00\x00\x00\x00\x00\x00\x00',4.599999999999999,5.0,0.2000000000000006,1,4,1,0,,,,,0.2000000000000006,True,True,Aligned,1
E340,I13,b'\xea\x07\x00\x00\x00\x00\x00\x00',b'\x01\x00\x00\x00\x00\x00\x00\x00',4.177777777777779,3.9444444444444446,0.24722193952467572,1,2,3,0,,,,,0.2000000000000006,True,True,Aligned,1
E340,I13,b'\xea\x07\x00\x00\x00\x00\x00\x00',b'\x02\x00\x00\x00\x00\x00\x00\x00',4.4833333333333325,4.375,0.31493422703098434,1,4,1,0,,,,,0.2000000000000006,True,True,Aligned,1
E341,I13,b'\xea\x07\x00\x00\x00\x00\x00\x00',b'\x01\x00\x00\x00\x00\x00\x00\x00',4.8,4.5,0.2000000000000006,1,3,2,0,,,,,0.2000000000000006,True,True,Aligned,1
E341,I13,b'\xea\x07\x00\x00\x00\x00\x00\x00',b'\x02\x00\x00\x00\x00\x00\x00\x00',4.8,4.5,0.2,1,2,3,0,,,,,0.2000000000000006,True,True,Aligned,1
E342,I13,b'\xea\x07\x00\x00\x00\x00\x00\x00',b'\x01\x00\x00\x00\x00\x00\x00\x00',4.7749999999999995,4.9375,0.05082933881104209,1,2,1,2,,,,,0.2000000000000006,True,True,Aligned,1
E342,I13,b'\xea\x07\x00\x00\x00\x00\x00\x00',b'\x02\x00\x00\x00\x00\x00\x00\x00',4.8999999999999995,5.0,0.06639061303092929,1,2,2,1,,,,,0.2000000000000006,True,True,Aligned,1
E343,I13,b'\xea\x07\x00\x00\x00\x00\x00\x00',b'\x01\x00\x00\x00\x00\x00\x00\x00',3.6666666666666665,4.533333333333333,0.3709870858348601,1,0,1,5,,,,,0.2000000000000006,False,True,Anti-Aligned,0
E343,I13,b'\xea\x07\x00\x00\x00\x00\x00\x00',b'\x02\x00\x00\x00\x00\x00\x00\x00',3.8333333333333335,4.916666666666667,0.22489995996796802,1,0,2,4,,,,,0.2000000000000006,True,True,Aligned,1
E344,I13,b'\xea\x07\x00\x00\x00\x00\x00\x00',b'\x01\x00\x00\x00\x00\x00\x00\x00',4.7250000000000005,4.3125,0.06285393610547095,1,2,2,1,,,,,0.2000000000000006,True,True,Aligned,1
E344,I13,b'\xea\x07\x00\x00\x00\x00\x00\x00',b'\x02\x00\x00\x00\x00\x00\x00\x00',4.925,4.8125,0.0665512264646163,1,2,1,2,,,,,0.2000000000000006,True,True,Aligned,1
E345,I13,b'\xea\x07\x00\x00\x00\x00\x00\x00',b'\x01\x00\x00\x00\x00\x00\x00\x00',3.7999999999999994,3.5,0.20000000000000032,1,3,2,0,,,,,0.2000000000000006,True,False,Anti-Aligned,0
E345,I13,b'\xea\x07\x00\x00\x00\x00\x00\x00',b'\x02\x00\x00\x00\x00\x00\x00\x00',4.233333333333334,4.208333333333333,0.3596893417578527,1,4,1,0,,,,,0.2000000000000006,True,True,Aligned,1
E346,I13,b'\xea\x07\x00\x00\x00\x00\x00\x00',b'\x01\x00\x00\x00\x00\x00\x00\x00',3.4,3.5,0.2,1,2,3,0,,,,,0.2000000000000006,False,False,Aligned,1
E346,I13,b'\xea\x07\x00\x00\x00\x00\x00\x00',b'\x02\x00\x00\x00\x00\x00\x00\x00',3.9500000000000006,4.208333333333333,0.43010703062235667,1,4,1,0,,,,,0.2000000000000006,True,True,Aligned,1
E347,I13,b'\xea\x07\x00\x00\x00\x00\x00\x00',b'\x01\x00\x00\x00\x00\x00\x00\x00',2.0,1.75,0.3204677203873669,1,3,2,0,,,,,0.2000000000000006,False,False,Aligned,1
E347,I13,b'\xea\x07\x00\x00\x00\x00\x00\x00',b'\x02\x00\x00\x00\x00\x00\x00\x00',2.0,2.0,0.3204677203873669,1,3,2,0,,,,,0.2000000000000006,False,False,Aligned,1
E348,I13,b'\xea\x07\x00\x00\x00\x00\x00\x00',b'\x01\x00\x00\x00\x00\x00\x00\x00',4.400000000000001,4.5,0.2000000000000006,1,3,2,0,,,,,0.2000000000000006,True,True,Aligned,1
E348,I13,b'\xea\x07\x00\x00\x00\x00\x00\x00',b'\x02\x00\x00\x00\x00\x00\x00\x00',4.5,4.75,0.2602338601936832,1,3,2,0,,,,,0.2000000000000006,True,True,Aligned,1
E349,I13,b'\xea\x07\x00\x00\x00\x00\x00\x00',b'\x01\x00\x00\x00\x00\x00\x00\x00',4.366666666666667,4.416666666666667,0.2466569474815844,1,3,2,0,,,,,0.2000000000000006,True,True,Aligned,1
E349,I13,b'\xea\x07\x00\x00\x00\x00\x00\x00',b'\x02\x00\x00\x00\x00\x00\x00\x00',4.577777777777778,4.5,0.32150535988101686,1,2,3,0,,,,,0.2000000000000006,True,True,Aligned,1
E350,I13,b'\xea\x07\x00\x00\x00\x00\x00\x00',b'\x01\x00\x00\x00\x00\x00\x00\x00',2.9777777777777783,3.0,0.2502510703172302,1,3,2,0,,,,,0.2000000000000006,False,False,Aligned,1
E350,I13,b'\xea\x07\x00\x00\x00\x00\x00\x00',b'\x02\x00\x00\x00\x00\x00\x00\x00',3.0222222222222226,3.055555555555556,0.24722193952467572,1,2,3,0,,,,,0.2000000000000006,False,False,Aligned,1
E351,I13,b'\xea\x07\x00\x00\x00\x00\x00\x00',b'\x01\x00\x00\x00\x00\x00\x00\x00',4.344444444444444,4.0,0.2618974354638931,1,3,2,0,,,,,0.2000000000000006,True,True,Aligned,1
E351,I13,b'\xea\x07\x00\x00\x00\x00\x00\x00',b'\x02\x00\x00\x00\x00\x00\x00\x00',4.655555555555556,4.305555555555556,0.3093539054811985,1,3,2,0,,,,,0.2000000000000006,True,True,Aligned,1
E352,I13,b'\xea\x07\x00\x00\x00\x00\x00\x00',b'\x01\x00\x00\x00\x00\x00\x00\x00',4.777777777777778,4.944444444444445,0.2502510703172302,1,3,2,0,,,,,0.2000000000000006,True,True,Aligned,1
E352,I13,b'\xea\x07\x00\x00\x00\x00\x00\x00',b'\x02\x00\x00\x00\x00\x00\x00\x00',4.922222222222222,5.0,0.2664213172349056,1,3,2,0,,,,,0.2000000000000006,True,True,Aligned,1
E353,I13,b'\xea\x07\x00\x00\x00\x00\x00\x00',b'\x01\x00\x00\x00\x00\x00\x00\x00',2.55,2.0,0.14216252190512466,1,2,2,1,,,,,0.2000000000000006,False,False,Aligned,1
E353,I13,b'\xea\x07\x00\x00\x00\x00\x00\x00',b'\x02\x00\x00\x00\x00\x00\x00\x00',2.888888888888889,2.2222222222222223,0.1775117367011733,1,2,3,0,,,,,0.2000000000000006,False,False,Aligned,1
E354,I13,b'\xea\x07\x00\x00\x00\x00\x00\x00',b'\x01\x00\x00\x00\x00\x00\x00\x00',3.6749999999999994,3.1875,0.061275761164052846,1,2,2,1,,,,,0.2000000000000006,False,False,Aligned,1
E354,I13,b'\xea\x07\x00\x00\x00\x00\x00\x00',b'\x02\x00\x00\x00\x00\x00\x00\x00',4.022222222222222,3.527777777777778,0.23511226632776483,1,2,3,0,,,,,0.2000000000000006,True,False,Anti-Aligned,0
E355,I13,b'\xea\x07\x00\x00\x00\x00\x00\x00',b'\x01\x00\x00\x00\x00\x00\x00\x00',2.177777777777778,1.9444444444444446,0.04841229182759275,1,2,3,0,,,,,0.2000000000000006,False,False,Aligned,1
E355,I13,b'\xea\x07\x00\x00\x00\x00\x00\x00',b'\x02\x00\x00\x00\x00\x00\x00\x00',2.625,2.3125,0.23292929262615678,1,2,1,2,,,,,0.2000000000000006,False,False,Aligned,1
E356,I13,b'\xea\x07\x00\x00\x00\x00\x00\x00',b'\x01\x00\x00\x00\x00\x00\x00\x00',5.0,5.0,0.1,1,0,1,5,,,,,0.2000000000000006,True,True,Aligned,1
E356,I13,b'\xea\x07\x00\x00\x00\x00\x00\x00',b'\x02\x00\x00\x00\x00\x00\x00\x00',5.0,5.0,5.921189464667501e-16,1,0,2,4,,,,,0.2000000000000006,True,True,Aligned,1
E357,I13,b'\xea\x07\x00\x00\x00\x00\x00\x00',b'\x01\x00\x00\x00\x00\x00\x00\x00',4.6499999999999995,4.4375,0.10696613095675166,1,2,1,2,,,,,0.2000000000000006,True,True,Aligned,1
E357,I13,b'\xea\x07\x00\x00\x00\x00\x00\x00',b'\x02\x00\x00\x00\x00\x00\x00\x00',4.6000000000000005,4.5,0.0,1,2,2,1,,,,,0.2000000000000006,True,True,Aligned,1
E358,I13,b'\xea\x07\x00\x00\x00\x00\x00\x00',b'\x01\x00\x00\x00\x00\x00\x00\x00',2.9499999999999997,2.5,0.05142594772265805,1,2,2,1,,,,,0.2000000000000006,False,False,Aligned,1
E358,I13,b'\xea\x07\x00\x00\x00\x00\x00\x00',b'\x02\x00\x00\x00\x00\x00\x00\x00',3.2222222222222223,2.777777777777778,0.1102396379610246,1,2,3,0,,,,,0.2000000000000006,False,False,Aligned,1
E359,I13,b'\xea\x07\x00\x00\x00\x00\x00\x00',b'\x01\x00\x00\x00\x00\x00\x00\x00',2.4666666666666663,2.7222222222222228,0.2863635903746872,1,2,3,0,,,,,0.2000000000000006,False,False,Aligned,1
E359,I13,b'\xea\x07\x00\x00\x00\x00\x00\x00',b'\x02\x00\x00\x00\x00\x00\x00\x00',2.8,2.8333333333333335,0.37916128329552334,1,4,1,0,,,,,0.2000000000000006,False,False,Aligned,1
E360,I13,b'\xea\x07\x00\x00\x00\x00\x00\x00',b'\x01\x00\x00\x00\x00\x00\x00\x00',2.644444444444445,1.8611111111111114,0.414621958415288,1,3,2,0,,,,,0.2000000000000006,False,False,Aligned,1
E360,I13,b'\xea\x07\x00\x00\x00\x00\x00\x00',b'\x02\x00\x00\x00\x00\x00\x00\x00',2.7111111111111112,1.777777777777778,0.38141229029365303,1,2,3,0,,,,,0.2000000000000006,False,False,Aligned,1
E361,I13,b'\xea\x07\x00\x00\x00\x00\x00\x00',b'\x01\x00\x00\x00\x00\x00\x00\x00',3.933333333333333,3.5,0.2597204277651745,1,4,1,0,,,,,0.2000000000000006,True,False,Anti-Aligned,0
E361,I13,b'\xea\x07\x00\x00\x00\x00\x00\x00',b'\x02\x00\x00\x00\x00\x00\x00\x00',4.0555555555555545,3.805555555555556,0.3093539054811988,1,3,2,0,,,,,0.2000000000000006,True,False,Anti-Aligned,0
E362,I13,b'\xea\x07\x00\x00\x00\x00\x00\x00',b'\x01\x00\x00\x00\x00\x00\x00\x00',3.4499999999999997,3.6875,0.0875938722774901,1,2,2,1,,,,,0.2000000000000006,False,False,Aligned,1
E362,I13,b'\xea\x07\x00\x00\x00\x00\x00\x00',b'\x02\x00\x00\x00\x00\x00\x00\x00',3.625,3.875,0.18382728349215882,1,2,2,1,,,,,0.2000000000000006,False,True,Anti-Aligned,0
E363,I13,b'\xea\x07\x00\x00\x00\x00\x00\x00',b'\x01\x00\x00\x00\x00\x00\x00\x00',2.888888888888889,2.0,0.06180165405913057,1,2,3,0,,,,,0.2000000000000006,False,False,Aligned,1
E363,I13,b'\xea\x07\x00\x00\x00\x00\x00\x00',b'\x02\x00\x00\x00\x00\x00\x00\x00',3.0,2.277777777777778,0.11895085353016842,1,2,3,0,,,,,0.2000000000000006,False,False,Aligned,1
E364,I13,b'\xea\x07\x00\x00\x00\x00\x00\x00',b'\x01\x00\x00\x00\x00\x00\x00\x00',4.48888888888889,4.5,0.2607526799405083,1,2,3,0,,,,,0.2000000000000006,True,True,Aligned,1
E364,I13,b'\xea\x07\x00\x00\x00\x00\x00\x00',b'\x02\x00\x00\x00\x00\x00\x00\x00',4.555555555555555,4.555555555555555,0.26531972647421787,1,3,2,0,,,,,0.2000000000000006,True,True,Aligned,1
E365,I13,b'\xea\x07\x00\x00\x00\x00\x00\x00',b'\x01\x00\x00\x00\x00\x00\x00\x00',3.16,3.8666666666666667,0.3906877132403963,1,0,1,5,,,,,0.2000000000000006,False,True,Anti-Aligned,0
E365,I13,b'\xea\x07\x00\x00\x00\x00\x00\x00',b'\x02\x00\x00\x00\x00\x00\x00\x00',3.2800000000000002,3.9,0.33318207595811444,1,0,1,5,,,,,0.2000000000000006,False,True,Anti-Aligned,0
E366,I13,b'\xea\x07\x00\x00\x00\x00\x00\x00',b'\x01\x00\x00\x00\x00\x00\x00\x00',4.599999999999999,5.0,0.2000000000000006,1,3,2,0,,,,,0.2000000000000006,True,True,Aligned,1
E366,I13,b'\xea\x07\x00\x00\x00\x00\x00\x00',b'\x02\x00\x00\x00\x00\x00\x00\x00',4.599999999999999,5.0,0.2000000000000006,1,3,2,0,,,,,0.2000000000000006,True,True,Aligned,1
E367,I13,b'\xea\x07\x00\x00\x00\x00\x00\x00',b'\x01\x00\x00\x00\x00\x00\x00\x00',2.8666666666666667,2.2222222222222223,0.18540496217739158,1,2,3,0,,,,,0.2000000000000006,False,False,Aligned,1
E367,I13,b'\xea\x07\x00\x00\x00\x00\x00\x00',b'\x02\x00\x00\x00\x00\x00\x00\x00',2.688888888888889,2.0,0.06180165405913044,1,2,3,0,,,,,0.2000000000000006,False,False,Aligned,1
E368,I13,b'\xea\x07\x00\x00\x00\x00\x00\x00',b'\x01\x00\x00\x00\x00\x00\x00\x00',2.4000000000000004,2.75,0.3204677203873668,1,3,2,0,,,,,0.2000000000000006,False,False,Aligned,1
E368,I13,b'\xea\x07\x00\x00\x00\x00\x00\x00',b'\x02\x00\x00\x00\x00\x00\x00\x00',2.6222222222222227,2.8611111111111107,0.31642443268522763,1,3,2,0,,,,,0.2000000000000006,False,False,Aligned,1
E369,I13,b'\xea\x07\x00\x00\x00\x00\x00\x00',b'\x01\x00\x00\x00\x00\x00\x00\x00',3.75,5.0,0.05142594772265793,1,2,2,1,,,,,0.2000000000000006,False,True,Anti-Aligned,0
E369,I13,b'\xea\x07\x00\x00\x00\x00\x00\x00',b'\x02\x00\x00\x00\x00\x00\x00\x00',4.0,5.0,0.11895085353016842,1,2,3,0,,,,,0.2000000000000006,True,True,Aligned,1
E370,I13,b'\xea\x07\x00\x00\x00\x00\x00\x00',b'\x01\x00\x00\x00\x00\x00\x00\x00',4.173333333333334,4.3999999999999995,0.061101009266077914,1,0,1,5,,,,,0.2000000000000006,True,True,Aligned,1
E370,I13,b'\xea\x07\x00\x00\x00\x00\x00\x00',b'\x02\x00\x00\x00\x00\x00\x00\x00',4.506666666666665,4.433333333333334,0.4046819088230459,1,0,1,5,,,,,0.2000000000000006,True,True,Aligned,1
E371,I13,b'\xea\x07\x00\x00\x00\x00\x00\x00',b'\x01\x00\x00\x00\x00\x00\x00\x00',3.8000000000000003,5.0,0.10628643586235074,1,2,2,1,,,,,0.2000000000000006,True,True,Aligned,1
E371,I13,b'\xea\x07\x00\x00\x00\x00\x00\x00',b'\x02\x00\x00\x00\x00\x00\x00\x00',3.85,5.0,0.06285393610547095,1,2,2,1,,,,,0.2000000000000006,True,True,Aligned,1
E372,I13,b'\xea\x07\x00\x00\x00\x00\x00\x00',b'\x01\x00\x00\x00\x00\x00\x00\x00',2.888888888888889,2.5,0.06180165405913057,1,2,3,0,,,,,0.2000000000000006,False,False,Aligned,1
E372,I13,b'\xea\x07\x00\x00\x00\x00\x00\x00',b'\x02\x00\x00\x00\x00\x00\x00\x00',3.025,2.875,0.18382728349215885,1,2,2,1,,,,,0.2000000000000006,False,False,Aligned,1
E373,I13,b'\xea\x07\x00\x00\x00\x00\x00\x00',b'\x01\x00\x00\x00\x00\x00\x00\x00',2.9,4.25,0.2602338601936835,1,3,2,0,,,,,0.2000000000000006,False,True,Anti-Aligned,0
E373,I13,b'\xea\x07\x00\x00\x00\x00\x00\x00',b'\x02\x00\x00\x00\x00\x00\x00\x00',3.088888888888889,4.083333333333333,0.32130806345211943,1,3,2,0,,,,,0.2000000000000006,False,True,Anti-Aligned,0
E374,I13,b'\xea\x07\x00\x00\x00\x00\x00\x00',b'\x01\x00\x00\x00\x00\x00\x00\x00',2.2777777777777772,2.0,0.28885260030240456,1,3,2,0,,,,,0.2000000000000006,False,False,Aligned,1
E374,I13,b'\xea\x07\x00\x00\x00\x00\x00\x00',b'\x02\x00\x00\x00\x00\x00\x00\x00',2.5444444444444447,2.5555555555555554,0.3572553709756212,1,3,2,0,,,,,0.2000000000000006,False,False,Aligned,1
E375,I13,b'\xea\x07\x00\x00\x00\x00\x00\x00',b'\x01\x00\x00\x00\x00\x00\x00\x00',2.6,2.5,0.2,1,2,3,0,,,,,0.2000000000000006,False,False,Aligned,1
E375,I13,b'\xea\x07\x00\x00\x00\x00\x00\x00',b'\x02\x00\x00\x00\x00\x00\x00\x00',2.9555555555555553,2.888888888888889,0.3416658185740271,1,2,3,0,,,,,0.2000000000000006,False,False,Aligned,1
E376,I13,b'\xea\x07\x00\x00\x00\x00\x00\x00',b'\x01\x00\x00\x00\x00\x00\x00\x00',3.1999999999999997,4.0,5.921189464667501e-16,1,2,1,2,,,,,0.2000000000000006,False,True,Anti-Aligned,0
E376,I13,b'\xea\x07\x00\x00\x00\x00\x00\x00',b'\x02\x00\x00\x00\x00\x00\x00\x00',3.525,4.25,0.17396920010053976,1,2,1,2,,,,,0.2000000000000006,False,True,Anti-Aligned,0
E377,I14,b'\xea\x07\x00\x00\x00\x00\x00\x00',b'\x01\x00\x00\x00\x00\x00\x00\x00',4.044444444444445,4.444444444444445,0.1184697755518185,1,3,3,0,,,,,0.11839568560690533,True,True,Aligned,1
E377,I14,b'\xea\x07\x00\x00\x00\x00\x00\x00',b'\x02\x00\x00\x00\x00\x00\x00\x00',4.2444444444444445,4.722222222222222,0.12235505806429971,1,3,3,0,,,,,0.11839568560690533,True,True,Aligned,1
E378,I14,b'\xea\x07\x00\x00\x00\x00\x00\x00',b'\x01\x00\x00\x00\x00\x00\x00\x00',2.7999999999999994,3.0,0.0,1,1,3,0,,,,,0.11839568560690533,False,False,Aligned,1
E378,I14,b'\xea\x07\x00\x00\x00\x00\x00\x00',b'\x02\x00\x00\x00\x00\x00\x00\x00',3.066666666666667,3.2222222222222228,0.19460170216420802,1,1,3,0,,,,,0.11839568560690533,False,False,Aligned,1
E379,I14,b'\xea\x07\x00\x00\x00\x00\x00\x00',b'\x01\x00\x00\x00\x00\x00\x00\x00',4.355555555555556,4.166666666666667,0.1352129745122644,1,3,3,0,,,,,0.11839568560690533,True,True,Aligned,1
E379,I14,b'\xea\x07\x00\x00\x00\x00\x00\x00',b'\x02\x00\x00\x00\x00\x00\x00\x00',4.4444444444444455,4.5,0.1012084568551294,1,3,3,0,,,,,0.11839568560690533,True,True,Aligned,1
E380,I14,b'\xea\x07\x00\x00\x00\x00\x00\x00',b'\x01\x00\x00\x00\x00\x00\x00\x00',3.0166666666666666,2.5416666666666665,0.23840359661351135,1,0,2,4,,,,,0.11839568560690533,False,False,Aligned,1
E380,I14,b'\xea\x07\x00\x00\x00\x00\x00\x00',b'\x02\x00\x00\x00\x00\x00\x00\x00',3.1333333333333333,2.6666666666666665,0.144644073855085,1,0,2,4,,,,,0.11839568560690533,False,False,Aligned,1
E381,I14,b'\xea\x07\x00\x00\x00\x00\x00\x00',b'\x01\x00\x00\x00\x00\x00\x00\x00',4.088888888888889,4.0,0.06486723405473604,1,1,3,0,,,,,0.11839568560690533,True,True,Aligned,1
E381,I14,b'\xea\x07\x00\x00\x00\x00\x00\x00',b'\x02\x00\x00\x00\x00\x00\x00\x00',4.177777777777778,4.222222222222222,0.12973446810947212,1,1,3,0,,,,,0.11839568560690533,True,True,Aligned,1
E382,I14,b'\xea\x07\x00\x00\x00\x00\x00\x00',b'\x01\x00\x00\x00\x00\x00\x00\x00',4.966666666666667,4.916666666666667,0.04457574294155661,1,0,2,4,,,,,0.11839568560690533,True,True,Aligned,1
E382,I14,b'\xea\x07\x00\x00\x00\x00\x00\x00',b'\x02\x00\x00\x00\x00\x00\x00\x00',5.0,5.0,0.1,1,0,2,4,,,,,0.11839568560690533,True,True,Aligned,1
E383,I14,b'\xea\x07\x00\x00\x00\x00\x00\x00',b'\x01\x00\x00\x00\x00\x00\x00\x00',3.75,5.0,0.11644024865590698,1,3,2,1,,,,,0.11839568560690533,False,True,Anti-Aligned,0
E383,I14,b'\xea\x07\x00\x00\x00\x00\x00\x00',b'\x02\x00\x00\x00\x00\x00\x00\x00',3.6222222222222222,5.0,0.045070991504088116,1,3,3,0,,,,,0.11839568560690533,False,True,Anti-Aligned,0
E384,I14,b'\xea\x07\x00\x00\x00\x00\x00\x00',b'\x01\x00\x00\x00\x00\x00\x00\x00',4.955555555555557,5.0,0.06486723405473604,1,1,3,0,,,,,0.11839568560690533,True,True,Aligned,1
E384,I14,b'\xea\x07\x00\x00\x00\x00\x00\x00',b'\x02\x00\x00\x00\x00\x00\x00\x00',5.0,5.0,5.921189464667501e-16,1,1,3,0,,,,,0.11839568560690533,True,True,Aligned,1
E385,I14,b'\xea\x07\x00\x00\x00\x00\x00\x00',b'\x01\x00\x00\x00\x00\x00\x00\x00',2.55,2.0,0.24847371634213392,1,0,2,4,,,,,0.11839568560690533,False,False,Aligned,1
E385,I14,b'\xea\x07\x00\x00\x00\x00\x00\x00',b'\x02\x00\x00\x00\x00\x00\x00\x00',2.6933333333333334,2.533333333333333,0.3512708132953738,1,0,1,5,,,,,0.11839568560690533,False,False,Aligned,1
E386,I14,b'\xea\x07\x00\x00\x00\x00\x00\x00',b'\x01\x00\x00\x00\x00\x00\x00\x00',3.888888888888888,3.5,0.05871298431818079,1,3,3,0,,,,,0.11839568560690533,True,False,Anti-Aligned,0
E386,I14,b'\xea\x07\x00\x00\x00\x00\x00\x00',b'\x02\x00\x00\x00\x00\x00\x00\x00',4.066666666666666,3.944444444444444,0.1761389529545424,1,3,3,0,,,,,0.11839568560690533,True,True,Aligned,1
E387,I14,b'\xea\x07\x00\x00\x00\x00\x00\x00',b'\x01\x00\x00\x00\x00\x00\x00\x00',4.266666666666667,4.133333333333334,0.11832159566199218,1,0,1,5,,,,,0.11839568560690533,True,True,Aligned,1
E387,I14,b'\xea\x07\x00\x00\x00\x00\x00\x00',b'\x02\x00\x00\x00\x00\x00\x00\x00',4.359999999999999,4.2,0.26532998322843193,1,0,1,5,,,,,0.11839568560690533,True,True,Aligned,1
E388,I14,b'\xea\x07\x00\x00\x00\x00\x00\x00',b'\x01\x00\x00\x00\x00\x00\x00\x00',3.9499999999999997,4.375,0.048106828305881366,1,3,2,1,,,,,0.11839568560690533,True,True,Aligned,1
E388,I14,b'\xea\x07\x00\x00\x00\x00\x00\x00',b'\x02\x00\x00\x00\x00\x00\x00\x00',4.175,4.6875,0.11492469274510514,1,3,2,1,,,,,0.11839568560690533,True,True,Aligned,1
E389,I14,b'\xea\x07\x00\x00\x00\x00\x00\x00',b'\x01\x00\x00\x00\x00\x00\x00\x00',4.56,4.933333333333334,0.39637376910338007,1,5,1,0,,,,,0.11839568560690533,True,True,Aligned,1
E389,I14,b'\xea\x07\x00\x00\x00\x00\x00\x00',b'\x02\x00\x00\x00\x00\x00\x00\x00',4.613333333333333,5.0,0.34620050984729106,1,5,1,0,,,,,0.11839568560690533,True,True,Aligned,1
E390,I15,b'\xea\x07\x00\x00\x00\x00\x00\x00',b'\x01\x00\x00\x00\x00\x00\x00\x00',4.6000000000000005,5.0,0.0,1,2,2,1,,,,,0.19894281932778024,True,True,Aligned,1
E390,I15,b'\xea\x07\x00\x00\x00\x00\x00\x00',b'\x02\x00\x00\x00\x00\x00\x00\x00',4.711111111111111,5.0,0.06653633092779719,1,2,3,0,,,,,0.19894281932778024,True,True,Aligned,1
E391,I15,b'\xea\x07\x00\x00\x00\x00\x00\x00',b'\x01\x00\x00\x00\x00\x00\x00\x00',2.733333333333333,2.3333333333333335,0.2597204277651744,1,4,1,0,,,,,0.19894281932778024,False,False,Aligned,1
E391,I15,b'\xea\x07\x00\x00\x00\x00\x00\x00',b'\x02\x00\x00\x00\x00\x00\x00\x00',3.0500000000000003,2.7916666666666665,0.3445393800080583,1,4,1,0,,,,,0.19894281932778024,False,False,Aligned,1
E392,I15,b'\xea\x07\x00\x00\x00\x00\x00\x00',b'\x01\x00\x00\x00\x00\x00\x00\x00',2.875,2.6875,0.061275761164052985,1,2,2,1,,,,,0.19894281932778024,False,False,Aligned,1
E392,I15,b'\xea\x07\x00\x00\x00\x00\x00\x00',b'\x02\x00\x00\x00\x00\x00\x00\x00',3.125,2.625,0.18060199303941024,1,2,2,1,,,,,0.19894281932778024,False,False,Aligned,1
E393,I15,b'\xea\x07\x00\x00\x00\x00\x00\x00',b'\x01\x00\x00\x00\x00\x00\x00\x00',2.966666666666667,4.166666666666667,0.3399708424447531,1,3,2,0,,,,,0.19894281932778024,False,True,Anti-Aligned,0
E393,I15,b'\xea\x07\x00\x00\x00\x00\x00\x00',b'\x02\x00\x00\x00\x00\x00\x00\x00',3.1555555555555554,4.222222222222222,0.4430107197620341,1,2,3,0,,,,,0.19894281932778024,False,True,Anti-Aligned,0
E394,I15,b'\xea\x07\x00\x00\x00\x00\x00\x00',b'\x01\x00\x00\x00\x00\x00\x00\x00',4.425,4.625,0.12712834523274555,1,2,2,1,,,,,0.19894281932778024,True,True,Aligned,1
E394,I15,b'\xea\x07\x00\x00\x00\x00\x00\x00',b'\x02\x00\x00\x00\x00\x00\x00\x00',4.48888888888889,4.722222222222222,0.0618016540591303,1,2,3,0,,,,,0.19894281932778024,True,True,Aligned,1
E395,I15,b'\xea\x07\x00\x00\x00\x00\x00\x00',b'\x01\x00\x00\x00\x00\x00\x00\x00',2.516666666666667,1.9583333333333333,0.2876456264162906,1,4,1,0,,,,,0.19894281932778024,False,False,Aligned,1
E395,I15,b'\xea\x07\x00\x00\x00\x00\x00\x00',b'\x02\x00\x00\x00\x00\x00\x00\x00',2.7555555555555555,2.305555555555556,0.36189355703524406,1,3,2,0,,,,,0.19894281932778024,False,False,Aligned,1
E396,I15,b'\xea\x07\x00\x00\x00\x00\x00\x00',b'\x01\x00\x00\x00\x00\x00\x00\x00',3.3000000000000003,3.5,0.06075267994050842,1,2,1,2,,,,,0.19894281932778024,False,False,Aligned,1
E396,I15,b'\xea\x07\x00\x00\x00\x00\x00\x00',b'\x02\x00\x00\x00\x00\x00\x00\x00',3.3250000000000006,3.5,0.06655122646461614,1,2,1,2,,,,,0.19894281932778024,False,False,Aligned,1
E397,I15,b'\xea\x07\x00\x00\x00\x00\x00\x00',b'\x01\x00\x00\x00\x00\x00\x00\x00',4.8,5.0,0.2,1,2,3,0,,,,,0.19894281932778024,True,True,Aligned,1
E397,I15,b'\xea\x07\x00\x00\x00\x00\x00\x00',b'\x02\x00\x00\x00\x00\x00\x00\x00',4.949999999999999,5.0,0.26625386599999384,1,4,1,0,,,,,0.19894281932778024,True,True,Aligned,1
E398,I15,b'\xea\x07\x00\x00\x00\x00\x00\x00',b'\x01\x00\x00\x00\x00\x00\x00\x00',3.4444444444444446,3.6666666666666665,0.10540925533894595,1,2,3,0,,,,,0.19894281932778024,False,False,Aligned,1
E398,I15,b'\xea\x07\x00\x00\x00\x00\x00\x00',b'\x02\x00\x00\x00\x00\x00\x00\x00',3.7222222222222223,3.7777777777777772,0.16409473889596016,1,2,3,0,,,,,0.19894281932778024,False,False,Aligned,1
E399,I15,b'\xea\x07\x00\x00\x00\x00\x00\x00',b'\x01\x00\x00\x00\x00\x00\x00\x00',1.6499999999999997,1.1875,0.08759387227749012,1,2,2,1,,,,,0.19894281932778024,False,False,Aligned,1
E399,I15,b'\xea\x07\x00\x00\x00\x00\x00\x00',b'\x02\x00\x00\x00\x00\x00\x00\x00',1.75,1.1875,0.12255152232810583,1,2,2,1,,,,,0.19894281932778024,False,False,Aligned,1
E400,I15,b'\xea\x07\x00\x00\x00\x00\x00\x00',b'\x01\x00\x00\x00\x00\x00\x00\x00',3.1555555555555554,3.5,0.14523687548277814,1,2,3,0,,,,,0.19894281932778024,False,False,Aligned,1
E400,I15,b'\xea\x07\x00\x00\x00\x00\x00\x00',b'\x02\x00\x00\x00\x00\x00\x00\x00',3.3777777777777778,4.0,0.23771919709326517,1,2,3,0,,,,,0.19894281932778024,False,True,Anti-Aligned,0
E401,I15,b'\xea\x07\x00\x00\x00\x00\x00\x00',b'\x01\x00\x00\x00\x00\x00\x00\x00',4.05,3.6875,0.10696613095675189,1,2,1,2,,,,,0.19894281932778024,True,False,Anti-Aligned,0
E401,I15,b'\xea\x07\x00\x00\x00\x00\x00\x00',b'\x02\x00\x00\x00\x00\x00\x00\x00',4.1499999999999995,3.5,0.06413942572277802,1,2,2,1,,,,,0.19894281932778024,True,False,Anti-Aligned,0
E402,I15,b'\xea\x07\x00\x00\x00\x00\x00\x00',b'\x01\x00\x00\x00\x00\x00\x00\x00',5.0,5.0,0.0,1,2,2,1,,,,,0.19894281932778024,True,True,Aligned,1
E402,I15,b'\xea\x07\x00\x00\x00\x00\x00\x00',b'\x02\x00\x00\x00\x00\x00\x00\x00',5.0,5.0,0.0,1,2,3,0,,,,,0.19894281932778024,True,True,Aligned,1
E403,I15,b'\xea\x07\x00\x00\x00\x00\x00\x00',b'\x01\x00\x00\x00\x00\x00\x00\x00',2.2,1.6666666666666667,0.24491353349475994,1,2,3,0,,,,,0.19894281932778024,False,False,Aligned,1
E403,I15,b'\xea\x07\x00\x00\x00\x00\x00\x00',b'\x02\x00\x00\x00\x00\x00\x00\x00',2.15,1.875,0.12255152232810583,1,2,2,1,,,,,0.19894281932778024,False,False,Aligned,1
E404,I15,b'\xea\x07\x00\x00\x00\x00\x00\x00',b'\x01\x00\x00\x00\x00\x00\x00\x00',2.4,2.0,0.0,1,2,3,0,,,,,0.19894281932778024,False,False,Aligned,1
E404,I15,b'\xea\x07\x00\x00\x00\x00\x00\x00',b'\x02\x00\x00\x00\x00\x00\x00\x00',2.5749999999999997,2.25,0.11724135861452045,1,2,2,1,,,,,0.19894281932778024,False,False,Aligned,1
E405,I15,b'\xea\x07\x00\x00\x00\x00\x00\x00',b'\x01\x00\x00\x00\x00\x00\x00\x00',3.5555555555555554,2.944444444444444,0.26075267994050855,1,2,3,0,,,,,0.19894281932778024,False,False,Aligned,1
E405,I15,b'\xea\x07\x00\x00\x00\x00\x00\x00',b'\x02\x00\x00\x00\x00\x00\x00\x00',3.8833333333333337,3.6666666666666665,0.31493422703098445,1,4,1,0,,,,,0.19894281932778024,True,False,Anti-Aligned,0
E406,I15,b'\xea\x07\x00\x00\x00\x00\x00\x00',b'\x01\x00\x00\x00\x00\x00\x00\x00',4.583333333333332,5.0,0.04810682830588115,1,0,2,4,,,,,0.19894281932778024,True,True,Aligned,1
E406,I15,b'\xea\x07\x00\x00\x00\x00\x00\x00',b'\x02\x00\x00\x00\x00\x00\x00\x00',4.786666666666666,5.0,0.14712642844289253,1,0,1,5,,,,,0.19894281932778024,True,True,Aligned,1
E407,I15,b'\xea\x07\x00\x00\x00\x00\x00\x00',b'\x01\x00\x00\x00\x00\x00\x00\x00',2.775,2.4375,0.050829338811041964,1,2,1,2,,,,,0.19894281932778024,False,False,Aligned,1
E407,I15,b'\xea\x07\x00\x00\x00\x00\x00\x00',b'\x02\x00\x00\x00\x00\x00\x00\x00',3.025,2.75,0.10628643586235086,1,2,2,1,,,,,0.19894281932778024,False,False,Aligned,1
E408,I15,b'\xea\x07\x00\x00\x00\x00\x00\x00',b'\x01\x00\x00\x00\x00\x00\x00\x00',3.7999999999999994,3.5,0.2000000000000006,1,4,1,0,,,,,0.19894281932778024,True,False,Anti-Aligned,0
E408,I15,b'\xea\x07\x00\x00\x00\x00\x00\x00',b'\x02\x00\x00\x00\x00\x00\x00\x00',4.1,4.0,0.3807015805810504,1,3,2,0,,,,,0.19894281932778024,True,True,Aligned,1
E409,I15,b'\xea\x07\x00\x00\x00\x00\x00\x00',b'\x01\x00\x00\x00\x00\x00\x00\x00',2.8444444444444446,2.6666666666666665,0.32524485821703,1,2,3,0,,,,,0.19894281932778024,False,False,Aligned,1
E409,I15,b'\xea\x07\x00\x00\x00\x00\x00\x00',b'\x02\x00\x00\x00\x00\x00\x00\x00',3.211111111111111,2.8888888888888893,0.34734536842524744,1,3,2,0,,,,,0.19894281932778024,False,False,Aligned,1
E410,I15,b'\xea\x07\x00\x00\x00\x00\x00\x00',b'\x01\x00\x00\x00\x00\x00\x00\x00',2.6,2.0,0.2,1,2,3,0,,,,,0.19894281932778024,False,False,Aligned,1
E410,I15,b'\xea\x07\x00\x00\x00\x00\x00\x00',b'\x02\x00\x00\x00\x00\x00\x00\x00',2.8333333333333335,2.3333333333333335,0.3174174095803614,1,3,2,0,,,,,0.19894281932778024,False,False,Aligned,1
E411,I15,b'\xea\x07\x00\x00\x00\x00\x00\x00',b'\x01\x00\x00\x00\x00\x00\x00\x00',4.45,4.0,0.08759387227748994,1,2,2,1,,,,,0.19894281932778024,True,True,Aligned,1
E411,I15,b'\xea\x07\x00\x00\x00\x00\x00\x00',b'\x02\x00\x00\x00\x00\x00\x00\x00',4.5,4.125,0.06639061303092898,1,2,2,1,,,,,0.19894281932778024,True,True,Aligned,1
E412,I15,b'\xea\x07\x00\x00\x00\x00\x00\x00',b'\x01\x00\x00\x00\x00\x00\x00\x00',4.033333333333334,2.9166666666666665,0.3234426799696736,1,3,2,0,,,,,0.19894281932778024,True,False,Anti-Aligned,0
E412,I15,b'\xea\x07\x00\x00\x00\x00\x00\x00',b'\x02\x00\x00\x00\x00\x00\x00\x00',4.2,3.25,0.32046772038736693,1,3,2,0,,,,,0.19894281932778024,True,False,Anti-Aligned,0
E413,I15,b'\xea\x07\x00\x00\x00\x00\x00\x00',b'\x01\x00\x00\x00\x00\x00\x00\x00',3.625,3.875,0.09142390706250308,1,2,2,1,,,,,0.19894281932778024,False,True,Anti-Aligned,0
E413,I15,b'\xea\x07\x00\x00\x00\x00\x00\x00',b'\x02\x00\x00\x00\x00\x00\x00\x00',3.775,4.1875,0.11724135861452045,1,2,2,1,,,,,0.19894281932778024,False,True,Anti-Aligned,0
E414,I15,b'\xea\x07\x00\x00\x00\x00\x00\x00',b'\x01\x00\x00\x00\x00\x00\x00\x00',4.6000000000000005,5.0,5.921189464667501e-16,1,2,1,2,,,,,0.19894281932778024,True,True,Aligned,1
E414,I15,b'\xea\x07\x00\x00\x00\x00\x00\x00',b'\x02\x00\x00\x00\x00\x00\x00\x00',4.6000000000000005,5.0,0.0,1,2,2,1,,,,,0.19894281932778024,True,True,Aligned,1
E415,I15,b'\xea\x07\x00\x00\x00\x00\x00\x00',b'\x01\x00\x00\x00\x00\x00\x00\x00',3.566666666666667,3.4166666666666665,0.2466569474815844,1,3,2,0,,,,,0.19894281932778024,False,False,Aligned,1
E415,I15,b'\xea\x07\x00\x00\x00\x00\x00\x00',b'\x02\x00\x00\x00\x00\x00\x00\x00',3.8833333333333337,3.875,0.3159442654999891,1,4,1,0,,,,,0.19894281932778024,True,True,Aligned,1
E416,I15,b'\xea\x07\x00\x00\x00\x00\x00\x00',b'\x01\x00\x00\x00\x00\x00\x00\x00',3.5555555555555554,3.2222222222222228,0.14523687548277806,1,2,3,0,,,,,0.19894281932778024,False,False,Aligned,1
E416,I15,b'\xea\x07\x00\x00\x00\x00\x00\x00',b'\x02\x00\x00\x00\x00\x00\x00\x00',3.7222222222222223,3.5,0.16409473889596016,1,2,3,0,,,,,0.19894281932778024,False,False,Aligned,1
E417,I15,b'\xea\x07\x00\x00\x00\x00\x00\x00',b'\x01\x00\x00\x00\x00\x00\x00\x00',2.5666666666666664,3.0,0.33997084244475295,1,3,2,0,,,,,0.19894281932778024,False,False,Aligned,1
E417,I15,b'\xea\x07\x00\x00\x00\x00\x00\x00',b'\x02\x00\x00\x00\x00\x00\x00\x00',2.4777777777777774,2.5,0.29835244081556433,1,2,3,0,,,,,0.19894281932778024,False,False,Aligned,1
E418,I15,b'\xea\x07\x00\x00\x00\x00\x00\x00',b'\x01\x00\x00\x00\x00\x00\x00\x00',1.6000000000000003,1.5,0.20000000000000032,1,3,2,0,,,,,0.19894281932778024,False,False,Aligned,1
E418,I15,b'\xea\x07\x00\x00\x00\x00\x00\x00',b'\x02\x00\x00\x00\x00\x00\x00\x00',1.8444444444444446,1.75,0.3054350666902708,1,3,2,0,,,,,0.19894281932778024,False,False,Aligned,1
E419,I15,b'\xea\x07\x00\x00\x00\x00\x00\x00',b'\x01\x00\x00\x00\x00\x00\x00\x00',4.583333333333332,4.5,0.24969039949999516,1,4,1,0,,,,,0.19894281932778024,True,True,Aligned,1
E419,I15,b'\xea\x07\x00\x00\x00\x00\x00\x00',b'\x02\x00\x00\x00\x00\x00\x00\x00',4.699999999999999,4.5,0.2602338601936835,1,3,2,0,,,,,0.19894281932778024,True,True,Aligned,1
E420,I15,b'\xea\x07\x00\x00\x00\x00\x00\x00',b'\x01\x00\x00\x00\x00\x00\x00\x00',2.2000000000000006,1.5,0.20000000000000032,1,3,2,0,,,,,0.19894281932778024,False,False,Aligned,1
E420,I15,b'\xea\x07\x00\x00\x00\x00\x00\x00',b'\x02\x00\x00\x00\x00\x00\x00\x00',2.4000000000000004,2.0,0.3204677203873668,1,3,2,0,,,,,0.19894281932778024,False,False,Aligned,1
E421,I15,b'\xea\x07\x00\x00\x00\x00\x00\x00',b'\x01\x00\x00\x00\x00\x00\x00\x00',4.7,4.5,0.06075267994050856,1,2,1,2,,,,,0.19894281932778024,True,True,Aligned,1
E421,I15,b'\xea\x07\x00\x00\x00\x00\x00\x00',b'\x02\x00\x00\x00\x00\x00\x00\x00',4.6000000000000005,4.5,0.0,1,2,2,1,,,,,0.19894281932778024,True,True,Aligned,1
E422,I15,b'\xea\x07\x00\x00\x00\x00\x00\x00',b'\x01\x00\x00\x00\x00\x00\x00\x00',4.699999999999999,4.75,0.2602338601936835,1,3,2,0,,,,,0.19894281932778024,True,True,Aligned,1
E422,I15,b'\xea\x07\x00\x00\x00\x00\x00\x00',b'\x02\x00\x00\x00\x00\x00\x00\x00',4.711111111111111,4.777777777777778,0.26620369810248684,1,2,3,0,,,,,0.19894281932778024,True,True,Aligned,1
E423,I15,b'\xea\x07\x00\x00\x00\x00\x00\x00',b'\x01\x00\x00\x00\x00\x00\x00\x00',2.4,2.0,0.20000000000000032,1,3,2,0,,,,,0.19894281932778024,False,False,Aligned,1
E423,I15,b'\xea\x07\x00\x00\x00\x00\x00\x00',b'\x02\x00\x00\x00\x00\x00\x00\x00',2.8333333333333335,2.375,0.3596893417578526,1,4,1,0,,,,,0.19894281932778024,False,False,Aligned,1
E424,I15,b'\xea\x07\x00\x00\x00\x00\x00\x00',b'\x01\x00\x00\x00\x00\x00\x00\x00',4.400000000000001,4.5,0.2000000000000006,1,3,2,0,,,,,0.19894281932778024,True,True,Aligned,1
E424,I15,b'\xea\x07\x00\x00\x00\x00\x00\x00',b'\x02\x00\x00\x00\x00\x00\x00\x00',4.5,4.5,0.2602338601936832,1,3,2,0,,,,,0.19894281932778024,True,True,Aligned,1
E425,I15,b'\xea\x07\x00\x00\x00\x00\x00\x00',b'\x01\x00\x00\x00\x00\x00\x00\x00',4.733333333333333,4.944444444444445,0.09991315673568156,1,2,3,0,,,,,0.19894281932778024,True,True,Aligned,1
E425,I15,b'\xea\x07\x00\x00\x00\x00\x00\x00',b'\x02\x00\x00\x00\x00\x00\x00\x00',4.8,5.0,0.0,1,2,2,1,,,,,0.19894281932778024,True,True,Aligned,1
E426,I15,b'\xea\x07\x00\x00\x00\x00\x00\x00',b'\x01\x00\x00\x00\x00\x00\x00\x00',4.7749999999999995,5.0,0.04780670531797674,1,2,2,1,,,,,0.19894281932778024,True,True,Aligned,1
E426,I15,b'\xea\x07\x00\x00\x00\x00\x00\x00',b'\x02\x00\x00\x00\x00\x00\x00\x00',4.8,5.0,0.0,1,2,2,1,,,,,0.19894281932778024,True,True,Aligned,1
E427,I15,b'\xea\x07\x00\x00\x00\x00\x00\x00',b'\x01\x00\x00\x00\x00\x00\x00\x00',5.0,5.0,0.0,1,2,3,0,,,,,0.19894281932778024,True,True,Aligned,1
E427,I15,b'\xea\x07\x00\x00\x00\x00\x00\x00',b'\x02\x00\x00\x00\x00\x00\x00\x00',5.0,5.0,0.0,1,2,2,1,,,,,0.19894281932778024,True,True,Aligned,1
E428,I15,b'\xea\x07\x00\x00\x00\x00\x00\x00',b'\x01\x00\x00\x00\x00\x00\x00\x00',4.16,3.5666666666666664,0.1978856386555605,1,0,1,5,,,,,0.19894281932778024,True,False,Anti-Aligned,0
E428,I15,b'\xea\x07\x00\x00\x00\x00\x00\x00',b'\x02\x00\x00\x00\x00\x00\x00\x00',4.533333333333333,4.333333333333333,0.4005032720588968,1,0,1,5,,,,,0.19894281932778024,True,True,Aligned,1
E429,I15,b'\xea\x07\x00\x00\x00\x00\x00\x00',b'\x01\x00\x00\x00\x00\x00\x00\x00',4.983333333333333,4.958333333333333,0.24969039949999539,1,4,1,0,,,,,0.19894281932778024,True,True,Aligned,1
E429,I15,b'\xea\x07\x00\x00\x00\x00\x00\x00',b'\x02\x00\x00\x00\x00\x00\x00\x00',5.0,5.0,0.2000000000000006,1,3,2,0,,,,,0.19894281932778024,True,True,Aligned,1
E430,I15,b'\xea\x07\x00\x00\x00\x00\x00\x00',b'\x01\x00\x00\x00\x00\x00\x00\x00',3.725,4.0,0.10345808594723854,1,2,1,2,,,,,0.19894281932778024,False,True,Anti-Aligned,0
E430,I15,b'\xea\x07\x00\x00\x00\x00\x00\x00',b'\x02\x00\x00\x00\x00\x00\x00\x00',3.9250000000000003,4.1875,0.06663605051503295,1,2,2,1,,,,,0.19894281932778024,True,True,Aligned,1
E431,I15,b'\xea\x07\x00\x00\x00\x00\x00\x00',b'\x01\x00\x00\x00\x00\x00\x00\x00',2.7999999999999994,3.0,0.20000000000000032,1,2,3,0,,,,,0.19894281932778024,False,False,Aligned,1
E431,I15,b'\xea\x07\x00\x00\x00\x00\x00\x00',b'\x02\x00\x00\x00\x00\x00\x00\x00',2.966666666666667,3.0416666666666665,0.2649997362029047,1,4,1,0,,,,,0.19894281932778024,False,False,Aligned,1
E432,I15,b'\xea\x07\x00\x00\x00\x00\x00\x00',b'\x01\x00\x00\x00\x00\x00\x00\x00',3.933333333333333,2.9166666666666665,0.3703670839999841,1,3,2,0,,,,,0.19894281932778024,True,False,Anti-Aligned,0
E432,I15,b'\xea\x07\x00\x00\x00\x00\x00\x00',b'\x02\x00\x00\x00\x00\x00\x00\x00',4.2555555555555555,3.6388888888888893,0.4193703626497214,1,3,2,0,,,,,0.19894281932778024,True,False,Anti-Aligned,0
E001,I01,b'\xea\x07\x00\x00\x00\x00\x00\x00',b'\x01\x00\x00\x00\x00\x00\x00\x00',1.8933333333333333,2.1333333333333333,0.5052141656778207,1,0,1,5,,,,,0.1672639042836426,False,False,Aligned,1
E001,I01,b'\xea\x07\x00\x00\x00\x00\x00\x00',b'\x02\x00\x00\x00\x00\x00\x00\x00',2.24,2.466666666666667,0.2588510535521277,1,0,1,5,,,,,0.1672639042836426,False,False,Aligned,1
E002,I01,b'\xea\x07\x00\x00\x00\x00\x00\x00',b'\x01\x00\x00\x00\x00\x00\x00\x00',4.599999999999999,5.0,5.921189464667501e-16,1,1,3,0,,,,,0.1672639042836426,True,True,Aligned,1
E002,I01,b'\xea\x07\x00\x00\x00\x00\x00\x00',b'\x02\x00\x00\x00\x00\x00\x00\x00',4.699999999999999,5.0,0.06438718424891511,1,2,2,0,,,,,0.1672639042836426,True,True,Aligned,1
E003,I01,b'\xea\x07\x00\x00\x00\x00\x00\x00',b'\x01\x00\x00\x00\x00\x00\x00\x00',3.0777777777777775,2.444444444444444,0.28885260030240467,1,3,2,0,,,,,0.1672639042836426,False,False,Aligned,1
E003,I01,b'\xea\x07\x00\x00\x00\x00\x00\x00',b'\x02\x00\x00\x00\x00\x00\x00\x00',3.2222222222222223,2.805555555555556,0.31642443268522763,1,3,2,0,,,,,0.1672639042836426,False,False,Aligned,1
E004,I01,b'\xea\x07\x00\x00\x00\x00\x00\x00',b'\x01\x00\x00\x00\x00\x00\x00\x00',3.7777777777777777,4.0,0.3432502527768623,1,3,2,0,,,,,0.1672639042836426,False,True,Anti-Aligned,0
E004,I01,b'\xea\x07\x00\x00\x00\x00\x00\x00',b'\x02\x00\x00\x00\x00\x00\x00\x00',3.9666666666666663,3.8333333333333335,0.3807015805810503,1,3,2,0,,,,,0.1672639042836426,True,True,Aligned,1
E005,I01,b'\xea\x07\x00\x00\x00\x00\x00\x00',b'\x01\x00\x00\x00\x00\x00\x00\x00',3.7666666666666666,4.0,0.15537908861780025,1,2,2,0,,,,,0.1672639042836426,False,True,Anti-Aligned,0
E005,I01,b'\xea\x07\x00\x00\x00\x00\x00\x00',b'\x02\x00\x00\x00\x00\x00\x00\x00',3.7777777777777777,4.0,0.12973446810947195,1,1,3,0,,,,,0.1672639042836426,False,True,Anti-Aligned,0
E006,I01,b'\xea\x07\x00\x00\x00\x00\x00\x00',b'\x01\x00\x00\x00\x00\x00\x00\x00',3.525,3.625,0.14342011595393003,1,2,2,1,,,,,0.1672639042836426,False,False,Aligned,1
E006,I01,b'\xea\x07\x00\x00\x00\x00\x00\x00',b'\x02\x00\x00\x00\x00\x00\x00\x00',3.725,4.0,0.18060199303941019,1,2,2,1,,,,,0.1672639042836426,False,True,Anti-Aligned,0
E007,I01,b'\xea\x07\x00\x00\x00\x00\x00\x00',b'\x01\x00\x00\x00\x00\x00\x00\x00',3.3666666666666667,3.5,0.33997084244475306,1,3,2,0,,,,,0.1672639042836426,False,False,Aligned,1
E007,I01,b'\xea\x07\x00\x00\x00\x00\x00\x00',b'\x02\x00\x00\x00\x00\x00\x00\x00',3.4444444444444446,3.75,0.33327890045360686,1,3,2,0,,,,,0.1672639042836426,False,False,Aligned,1
E008,I01,b'\xea\x07\x00\x00\x00\x00\x00\x00',b'\x01\x00\x00\x00\x00\x00\x00\x00',4.566666666666666,4.5,0.051793029539266566,1,2,2,0,,,,,0.1672639042836426,True,True,Aligned,1
E008,I01,b'\xea\x07\x00\x00\x00\x00\x00\x00',b'\x02\x00\x00\x00\x00\x00\x00\x00',4.711111111111111,4.777777777777778,0.06587298758289815,1,1,3,0,,,,,0.1672639042836426,True,True,Aligned,1
E009,I01,b'\xea\x07\x00\x00\x00\x00\x00\x00',b'\x01\x00\x00\x00\x00\x00\x00\x00',2.7555555555555555,3.5,0.341665818574027,1,2,3,0,,,,,0.1672639042836426,False,False,Aligned,1
E009,I01,b'\xea\x07\x00\x00\x00\x00\x00\x00',b'\x02\x00\x00\x00\x00\x00\x00\x00',2.7777777777777777,3.8888888888888893,0.29607253495556946,1,3,2,0,,,,,0.1672639042836426,False,True,Anti-Aligned,0
E010,I01,b'\xea\x07\x00\x00\x00\x00\x00\x00',b'\x01\x00\x00\x00\x00\x00\x00\x00',3.275,3.9375,0.0901107866123612,1,2,1,2,,,,,0.1672639042836426,False,True,Anti-Aligned,0
E010,I01,b'\xea\x07\x00\x00\x00\x00\x00\x00',b'\x02\x00\x00\x00\x00\x00\x00\x00',3.475,4.1875,0.17481460729522366,1,2,2,1,,,,,0.1672639042836426,False,True,Anti-Aligned,0
E011,I01,b'\xea\x07\x00\x00\x00\x00\x00\x00',b'\x01\x00\x00\x00\x00\x00\x00\x00',3.3333333333333335,2.6666666666666665,0.13223302294573477,1,0,2,4,,,,,0.1672639042836426,False,False,Aligned,1
E011,I01,b'\xea\x07\x00\x00\x00\x00\x00\x00',b'\x02\x00\x00\x00\x00\x00\x00\x00',3.6222222222222222,3.0,0.13738085579264478,1,0,3,3,,,,,0.1672639042836426,False,False,Aligned,1
E012,I01,b'\xea\x07\x00\x00\x00\x00\x00\x00',b'\x01\x00\x00\x00\x00\x00\x00\x00',3.5749999999999997,3.4375,0.04780670531797674,1,2,2,1,,,,,0.1672639042836426,False,False,Aligned,1
E012,I01,b'\xea\x07\x00\x00\x00\x00\x00\x00',b'\x02\x00\x00\x00\x00\x00\x00\x00',3.725,3.75,0.06655122646461614,1,2,1,2,,,,,0.1672639042836426,False,False,Aligned,1
E013,I01,b'\xea\x07\x00\x00\x00\x00\x00\x00',b'\x01\x00\x00\x00\x00\x00\x00\x00',1.9000000000000001,2.2916666666666665,0.3293648088635036,1,4,1,0,,,,,0.1672639042836426,False,False,Aligned,1
E013,I01,b'\xea\x07\x00\x00\x00\x00\x00\x00',b'\x02\x00\x00\x00\x00\x00\x00\x00',2.2333333333333334,2.4444444444444446,0.40635799399094696,1,2,3,0,,,,,0.1672639042836426,False,False,Aligned,1
E014,I01,b'\xea\x07\x00\x00\x00\x00\x00\x00',b'\x01\x00\x00\x00\x00\x00\x00\x00',3.1666666666666665,2.9166666666666665,0.15971320127206154,1,0,2,2,,,,,0.1672639042836426,False,False,Aligned,1
E014,I01,b'\xea\x07\x00\x00\x00\x00\x00\x00',b'\x02\x00\x00\x00\x00\x00\x00\x00',3.1333333333333337,2.5,0.06625386599999382,1,0,2,2,,,,,0.1672639042836426,False,False,Aligned,1
E015,I01,b'\xea\x07\x00\x00\x00\x00\x00\x00',b'\x01\x00\x00\x00\x00\x00\x00\x00',4.3999999999999995,4.5,0.0,1,2,2,1,,,,,0.1672639042836426,True,True,Aligned,1
E015,I01,b'\xea\x07\x00\x00\x00\x00\x00\x00',b'\x02\x00\x00\x00\x00\x00\x00\x00',4.577777777777778,4.722222222222222,0.12360330811826088,1,2,3,0,,,,,0.1672639042836426,True,True,Aligned,1
E016,I01,b'\xea\x07\x00\x00\x00\x00\x00\x00',b'\x01\x00\x00\x00\x00\x00\x00\x00',4.466666666666667,4.666666666666667,0.28636359037468706,1,2,3,0,,,,,0.1672639042836426,True,True,Aligned,1
E016,I01,b'\xea\x07\x00\x00\x00\x00\x00\x00',b'\x02\x00\x00\x00\x00\x00\x00\x00',4.666666666666667,4.833333333333333,0.31944085553034873,1,4,1,0,,,,,0.1672639042836426,True,True,Aligned,1
E017,I01,b'\xea\x07\x00\x00\x00\x00\x00\x00',b'\x01\x00\x00\x00\x00\x00\x00\x00',4.400000000000001,4.0,5.921189464667501e-16,1,1,3,0,,,,,0.1672639042836426,True,True,Aligned,1
E017,I01,b'\xea\x07\x00\x00\x00\x00\x00\x00',b'\x02\x00\x00\x00\x00\x00\x00\x00',4.6,4.277777777777778,0.11971915415311525,1,1,3,0,,,,,0.1672639042836426,True,True,Aligned,1
E018,I01,b'\xea\x07\x00\x00\x00\x00\x00\x00',b'\x01\x00\x00\x00\x00\x00\x00\x00',4.8,5.0,0.2000000000000006,1,0,1,5,,,,,0.1672639042836426,True,True,Aligned,1
E018,I01,b'\xea\x07\x00\x00\x00\x00\x00\x00',b'\x02\x00\x00\x00\x00\x00\x00\x00',4.816666666666666,5.0,0.24712642844289254,1,0,2,4,,,,,0.1672639042836426,True,True,Aligned,1
E019,I02,b'\xea\x07\x00\x00\x00\x00\x00\x00',b'\x01\x00\x00\x00\x00\x00\x00\x00',4.599999999999999,5.0,5.921189464667501e-16,1,1,3,0,,,,,0.06486723405473604,True,True,Aligned,1
E019,I02,b'\xea\x07\x00\x00\x00\x00\x00\x00',b'\x02\x00\x00\x00\x00\x00\x00\x00',4.8,5.0,0.11971915415311551,1,1,3,0,,,,,0.06486723405473604,True,True,Aligned,1
E020,I02,b'\xea\x07\x00\x00\x00\x00\x00\x00',b'\x01\x00\x00\x00\x00\x00\x00\x00',4.0,4.0,0.0,1,2,2,0,,,,,0.06486723405473604,True,True,Aligned,1
E020,I02,b'\xea\x07\x00\x00\x00\x00\x00\x00',b'\x02\x00\x00\x00\x00\x00\x00\x00',4.133333333333333,4.333333333333333,0.06551357610578575,1,2,2,0,,,,,0.06486723405473604,True,True,Aligned,1
E021,I02,b'\xea\x07\x00\x00\x00\x00\x00\x00',b'\x01\x00\x00\x00\x00\x00\x00\x00',2.6,2.5,2.9605947323337506e-16,1,1,3,0,,,,,0.06486723405473604,False,False,Aligned,1
E021,I02,b'\xea\x07\x00\x00\x00\x00\x00\x00',b'\x02\x00\x00\x00\x00\x00\x00\x00',2.8,2.611111111111111,0.13808114890088477,1,1,3,0,,,,,0.06486723405473604,False,False,Aligned,1
E022,I02,b'\xea\x07\x00\x00\x00\x00\x00\x00',b'\x01\x00\x00\x00\x00\x00\x00\x00',3.9777777777777774,3.944444444444444,0.052548465466459526,1,1,3,0,,,,,0.06486723405473604,True,True,Aligned,1
E022,I02,b'\xea\x07\x00\x00\x00\x00\x00\x00',b'\x02\x00\x00\x00\x00\x00\x00\x00',4.377777777777777,4.444444444444444,0.15384615384615374,1,1,3,0,,,,,0.06486723405473604,True,True,Aligned,1
E023,I02,b'\xea\x07\x00\x00\x00\x00\x00\x00',b'\x01\x00\x00\x00\x00\x00\x00\x00',3.7600000000000002,3.033333333333333,0.06633249580710791,1,0,1,5,,,,,0.06486723405473604,False,False,Aligned,1
E023,I02,b'\xea\x07\x00\x00\x00\x00\x00\x00',b'\x02\x00\x00\x00\x00\x00\x00\x00',3.822222222222222,3.2777777777777772,0.22213602514167605,1,0,3,3,,,,,0.06486723405473604,True,False,Anti-Aligned,0
E024,I02,b'\xea\x07\x00\x00\x00\x00\x00\x00',b'\x01\x00\x00\x00\x00\x00\x00\x00',3.6666666666666665,3.944444444444444,0.09797422140791175,1,1,3,0,,,,,0.06486723405473604,False,True,Anti-Aligned,0
E024,I02,b'\xea\x07\x00\x00\x00\x00\x00\x00',b'\x02\x00\x00\x00\x00\x00\x00\x00',3.644444444444444,4.111111111111111,0.0648672340547359,1,1,3,0,,,,,0.06486723405473604,False,True,Anti-Aligned,0
E025,I02,b'\xea\x07\x00\x00\x00\x00\x00\x00',b'\x01\x00\x00\x00\x00\x00\x00\x00',3.0888888888888886,3.0,0.06486723405473606,1,1,3,0,,,,,0.06486723405473604,False,False,Aligned,1
E025,I02,b'\xea\x07\x00\x00\x00\x00\x00\x00',b'\x02\x00\x00\x00\x00\x00\x00\x00',3.111111111111111,3.0,0.06587298758289815,1,1,3,0,,,,,0.06486723405473604,False,False,Aligned,1
E026,I02,b'\xea\x07\x00\x00\x00\x00\x00\x00',b'\x01\x00\x00\x00\x00\x00\x00\x00',3.888888888888888,4.0,0.06486723405473606,1,1,3,0,,,,,0.06486723405473604,True,True,Aligned,1
E026,I02,b'\xea\x07\x00\x00\x00\x00\x00\x00',b'\x02\x00\x00\x00\x00\x00\x00\x00',3.822222222222222,4.055555555555556,0.052548465466459526,1,1,3,0,,,,,0.06486723405473604,True,True,Aligned,1
E027,I02,b'\xea\x07\x00\x00\x00\x00\x00\x00',b'\x01\x00\x00\x00\x00\x00\x00\x00',4.7555555555555555,4.944444444444445,0.06486723405473604,1,1,3,0,,,,,0.06486723405473604,True,True,Aligned,1
E027,I02,b'\xea\x07\x00\x00\x00\x00\x00\x00',b'\x02\x00\x00\x00\x00\x00\x00\x00',4.888888888888889,5.0,0.06486723405473604,1,1,3,0,,,,,0.06486723405473604,True,True,Aligned,1
E028,I02,b'\xea\x07\x00\x00\x00\x00\x00\x00',b'\x01\x00\x00\x00\x00\x00\x00\x00',4.777777777777778,4.944444444444445,0.052548465466459526,1,1,3,0,,,,,0.06486723405473604,True,True,Aligned,1
E028,I02,b'\xea\x07\x00\x00\x00\x00\x00\x00',b'\x02\x00\x00\x00\x00\x00\x00\x00',4.888888888888889,5.0,0.06486723405473604,1,1,3,0,,,,,0.06486723405473604,True,True,Aligned,1
E029,I02,b'\xea\x07\x00\x00\x00\x00\x00\x00',b'\x01\x00\x00\x00\x00\x00\x00\x00',4.366666666666667,4.5,0.055431961285539934,1,2,2,0,,,,,0.06486723405473604,True,True,Aligned,1
E029,I02,b'\xea\x07\x00\x00\x00\x00\x00\x00',b'\x02\x00\x00\x00\x00\x00\x00\x00',4.5,4.75,0.06438718424891483,1,2,2,0,,,,,0.06486723405473604,True,True,Aligned,1
E030,I02,b'\xea\x07\x00\x00\x00\x00\x00\x00',b'\x01\x00\x00\x00\x00\x00\x00\x00',4.2666666666666675,4.0,0.09797422140791189,1,1,3,0,,,,,0.06486723405473604,True,True,Aligned,1
E030,I02,b'\xea\x07\x00\x00\x00\x00\x00\x00',b'\x02\x00\x00\x00\x00\x00\x00\x00',4.311111111111111,4.277777777777778,0.06587298758289815,1,1,3,0,,,,,0.06486723405473604,True,True,Aligned,1
E031,I02,b'\xea\x07\x00\x00\x00\x00\x00\x00',b'\x01\x00\x00\x00\x00\x00\x00\x00',3.5999999999999996,3.9333333333333336,0.16329931618554516,1,0,1,5,,,,,0.06486723405473604,False,True,Anti-Aligned,0
E031,I02,b'\xea\x07\x00\x00\x00\x00\x00\x00',b'\x02\x00\x00\x00\x00\x00\x00\x00',3.866666666666667,3.733333333333333,0.2016597794967224,1,0,1,5,,,,,0.06486723405473604,True,False,Anti-Aligned,0
E032,I02,b'\xea\x07\x00\x00\x00\x00\x00\x00',b'\x01\x00\x00\x00\x00\x00\x00\x00',4.766666666666667,4.416666666666667,0.05543196128553992,1,0,2,2,,,,,0.06486723405473604,True,True,Aligned,1
E032,I02,b'\xea\x07\x00\x00\x00\x00\x00\x00',b'\x02\x00\x00\x00\x00\x00\x00\x00',4.9,4.75,0.06438718424891511,1,0,2,2,,,,,0.06486723405473604,True,True,Aligned,1
E033,I02,b'\xea\x07\x00\x00\x00\x00\x00\x00',b'\x01\x00\x00\x00\x00\x00\x00\x00',4.288888888888889,4.0,0.06486723405473604,1,1,3,0,,,,,0.06486723405473604,True,True,Aligned,1
E033,I02,b'\xea\x07\x00\x00\x00\x00\x00\x00',b'\x02\x00\x00\x00\x00\x00\x00\x00',4.422222222222221,4.388888888888888,0.10256410256410246,1,1,3,0,,,,,0.06486723405473604,True,True,Aligned,1
E034,I02,b'\xea\x07\x00\x00\x00\x00\x00\x00',b'\x01\x00\x00\x00\x00\x00\x00\x00',4.377777777777777,4.444444444444444,0.052548465466459526,1,1,3,0,,,,,0.06486723405473604,True,True,Aligned,1
E034,I02,b'\xea\x07\x00\x00\x00\x00\x00\x00',b'\x02\x00\x00\x00\x00\x00\x00\x00',4.533333333333333,4.611111111111112,0.05617667256463222,1,1,3,0,,,,,0.06486723405473604,True,True,Aligned,1
E035,I03,b'\xea\x07\x00\x00\x00\x00\x00\x00',b'\x01\x00\x00\x00\x00\x00\x00\x00',4.533333333333333,4.5,0.16337493679121917,1,3,1,0,,,,,0.14700474057388607,True,True,Aligned,1
E035,I03,b'\xea\x07\x00\x00\x00\x00\x00\x00',b'\x02\x00\x00\x00\x00\x00\x00\x00',4.5777777777777775,4.555555555555555,0.1540107591929687,1,3,1,0,,,,,0.14700474057388607,True,True,Aligned,1
E036,I03,b'\xea\x07\x00\x00\x00\x00\x00\x00',b'\x01\x00\x00\x00\x00\x00\x00\x00',3.2666666666666666,3.4166666666666665,0.3188404817728773,1,2,2,0,,,,,0.14700474057388607,False,False,Aligned,1
E036,I03,b'\xea\x07\x00\x00\x00\x00\x00\x00',b'\x02\x00\x00\x00\x00\x00\x00\x00',3.4000000000000004,3.6666666666666665,0.2901248103736583,1,3,1,0,,,,,0.14700474057388607,False,False,Aligned,1
E037,I03,b'\xea\x07\x00\x00\x00\x00\x00\x00',b'\x01\x00\x00\x00\x00\x00\x00\x00',4.413333333333333,4.5,0.046110739251809967,1,0,5,1,,,,,0.14700474057388607,True,True,Aligned,1
E037,I03,b'\xea\x07\x00\x00\x00\x00\x00\x00',b'\x02\x00\x00\x00\x00\x00\x00\x00',4.533333333333333,4.625,0.14919093005033826,1,0,4,2,,,,,0.14700474057388607,True,True,Aligned,1
E038,I03,b'\xea\x07\x00\x00\x00\x00\x00\x00',b'\x01\x00\x00\x00\x00\x00\x00\x00',3.1999999999999997,2.6875,0.2175083016843975,1,1,2,1,,,,,0.14700474057388607,False,False,Aligned,1
E038,I03,b'\xea\x07\x00\x00\x00\x00\x00\x00',b'\x02\x00\x00\x00\x00\x00\x00\x00',3.0,2.5,2.9605947323337506e-16,1,1,3,0,,,,,0.14700474057388607,False,False,Aligned,1
E039,I03,b'\xea\x07\x00\x00\x00\x00\x00\x00',b'\x01\x00\x00\x00\x00\x00\x00\x00',4.888888888888889,5.0,0.16438718424891513,1,1,3,0,,,,,0.14700474057388607,True,True,Aligned,1
E039,I03,b'\xea\x07\x00\x00\x00\x00\x00\x00',b'\x02\x00\x00\x00\x00\x00\x00\x00',4.933333333333334,5.0,0.16337493679121945,1,3,1,0,,,,,0.14700474057388607,True,True,Aligned,1
E040,I03,b'\xea\x07\x00\x00\x00\x00\x00\x00',b'\x01\x00\x00\x00\x00\x00\x00\x00',3.266666666666667,3.6666666666666665,0.09626463550428603,1,2,2,0,,,,,0.14700474057388607,False,False,Aligned,1
E040,I03,b'\xea\x07\x00\x00\x00\x00\x00\x00',b'\x02\x00\x00\x00\x00\x00\x00\x00',3.4000000000000004,3.75,0.12877436849783008,1,2,2,0,,,,,0.14700474057388607,False,False,Aligned,1
E041,I03,b'\xea\x07\x00\x00\x00\x00\x00\x00',b'\x01\x00\x00\x00\x00\x00\x00\x00',4.177777777777778,4.5,0.15401075919296892,1,3,1,0,,,,,0.14700474057388607,True,True,Aligned,1
E041,I03,b'\xea\x07\x00\x00\x00\x00\x00\x00',b'\x02\x00\x00\x00\x00\x00\x00\x00',4.366666666666667,4.833333333333333,0.15773502691896263,1,2,2,0,,,,,0.14700474057388607,True,True,Aligned,1
E042,I03,b'\xea\x07\x00\x00\x00\x00\x00\x00',b'\x01\x00\x00\x00\x00\x00\x00\x00',2.7555555555555546,3.0,0.0648672340547359,1,1,3,0,,,,,0.14700474057388607,False,False,Aligned,1
E042,I03,b'\xea\x07\x00\x00\x00\x00\x00\x00',b'\x02\x00\x00\x00\x00\x00\x00\x00',3.0222222222222217,3.055555555555556,0.1317459751657963,1,1,3,0,,,,,0.14700474057388607,False,False,Aligned,1
E043,I03,b'\xea\x07\x00\x00\x00\x00\x00\x00',b'\x01\x00\x00\x00\x00\x00\x00\x00',2.8666666666666663,3.4166666666666665,0.09626463550428606,1,2,2,0,,,,,0.14700474057388607,False,False,Aligned,1
E043,I03,b'\xea\x07\x00\x00\x00\x00\x00\x00',b'\x02\x00\x00\x00\x00\x00\x00\x00',3.0,3.8333333333333335,0.1448185510974339,1,2,2,0,,,,,0.14700474057388607,False,True,Anti-Aligned,0
E044,I03,b'\xea\x07\x00\x00\x00\x00\x00\x00',b'\x01\x00\x00\x00\x00\x00\x00\x00',3.4,3.5,0.0,1,1,2,1,,,,,0.14700474057388607,False,False,Aligned,1
E044,I03,b'\xea\x07\x00\x00\x00\x00\x00\x00',b'\x02\x00\x00\x00\x00\x00\x00\x00',3.822222222222222,4.333333333333333,0.15255871569890786,1,1,3,0,,,,,0.14700474057388607,True,True,Aligned,1
E045,I03,b'\xea\x07\x00\x00\x00\x00\x00\x00',b'\x01\x00\x00\x00\x00\x00\x00\x00',3.373333333333333,3.8666666666666667,0.36137926890939986,1,0,1,5,,,,,0.14700474057388607,False,True,Anti-Aligned,0
E045,I03,b'\xea\x07\x00\x00\x00\x00\x00\x00',b'\x02\x00\x00\x00\x00\x00\x00\x00',3.626666666666667,4.3,0.3881605271458723,1,0,1,5,,,,,0.14700474057388607,False,True,Anti-Aligned,0
E046,I03,b'\xea\x07\x00\x00\x00\x00\x00\x00',b'\x01\x00\x00\x00\x00\x00\x00\x00',4.48888888888889,4.5,0.06486723405473575,1,0,3,1,,,,,0.14700474057388607,True,True,Aligned,1
E046,I03,b'\xea\x07\x00\x00\x00\x00\x00\x00',b'\x02\x00\x00\x00\x00\x00\x00\x00',4.675,4.875,0.11925695879998864,1,0,4,0,,,,,0.14700474057388607,True,True,Aligned,1
E047,I03,b'\xea\x07\x00\x00\x00\x00\x00\x00',b'\x01\x00\x00\x00\x00\x00\x00\x00',4.0,4.5,0.0,1,1,2,1,,,,,0.14700474057388607,True,True,Aligned,1
E047,I03,b'\xea\x07\x00\x00\x00\x00\x00\x00',b'\x02\x00\x00\x00\x00\x00\x00\x00',4.2,4.5625,0.13250773199998767,1,1,2,1,,,,,0.14700474057388607,True,True,Aligned,1
E048,I03,b'\xea\x07\x00\x00\x00\x00\x00\x00',b'\x01\x00\x00\x00\x00\x00\x00\x00',3.2666666666666666,2.6666666666666665,0.19897433186107866,1,2,2,0,,,,,0.14700474057388607,False,False,Aligned,1
E048,I03,b'\xea\x07\x00\x00\x00\x00\x00\x00',b'\x02\x00\x00\x00\x00\x00\x00\x00',3.533333333333333,3.0833333333333335,0.2803875897607219,1,2,2,0,,,,,0.14700474057388607,False,False,Aligned,1
E049,I03,b'\xea\x07\x00\x00\x00\x00\x00\x00',b'\x01\x00\x00\x00\x00\x00\x00\x00',2.733333333333333,2.3333333333333335,0.05617667256463235,1,0,3,1,,,,,0.14700474057388607,False,False,Aligned,1
E049,I03,b'\xea\x07\x00\x00\x00\x00\x00\x00',b'\x02\x00\x00\x00\x00\x00\x00\x00',3.35,3.125,0.23851391759997764,1,0,4,0,,,,,0.14700474057388607,False,False,Aligned,1
E050,I03,b'\xea\x07\x00\x00\x00\x00\x00\x00',b'\x01\x00\x00\x00\x00\x00\x00\x00',3.644444444444445,3.7777777777777772,0.2551000256867402,1,3,1,0,,,,,0.14700474057388607,False,False,Aligned,1
E050,I03,b'\xea\x07\x00\x00\x00\x00\x00\x00',b'\x02\x00\x00\x00\x00\x00\x00\x00',3.6999999999999997,3.75,0.291662969499982,1,2,2,0,,,,,0.14700474057388607,False,False,Aligned,1
E051,I03,b'\xea\x07\x00\x00\x00\x00\x00\x00',b'\x01\x00\x00\x00\x00\x00\x00\x00',2.3777777777777778,2.0,0.052548465466459415,1,1,3,0,,,,,0.14700474057388607,False,False,Aligned,1
E051,I03,b'\xea\x07\x00\x00\x00\x00\x00\x00',b'\x02\x00\x00\x00\x00\x00\x00\x00',2.625,2.1875,0.19316155274674518,1,1,2,1,,,,,0.14700474057388607,False,False,Aligned,1
E052,I03,b'\xea\x07\x00\x00\x00\x00\x00\x00',b'\x01\x00\x00\x00\x00\x00\x00\x00',4.4,4.5,0.11971915415311525,1,0,3,1,,,,,0.14700474057388607,True,True,Aligned,1
E052,I03,b'\xea\x07\x00\x00\x00\x00\x00\x00',b'\x02\x00\x00\x00\x00\x00\x00\x00',4.7749999999999995,4.8125,0.19595917942265415,1,0,4,0,,,,,0.14700474057388607,True,True,Aligned,1
E053,I03,b'\xea\x07\x00\x00\x00\x00\x00\x00',b'\x01\x00\x00\x00\x00\x00\x00\x00',3.9499999999999997,3.875,0.05543196128553993,1,1,2,1,,,,,0.14700474057388607,True,True,Aligned,1
E053,I03,b'\xea\x07\x00\x00\x00\x00\x00\x00',b'\x02\x00\x00\x00\x00\x00\x00\x00',4.25,4.25,0.11780301787479042,1,1,1,2,,,,,0.14700474057388607,True,True,Aligned,1
E054,I03,b'\xea\x07\x00\x00\x00\x00\x00\x00',b'\x01\x00\x00\x00\x00\x00\x00\x00',2.9250000000000003,2.5,0.10816968277714806,1,1,1,2,,,,,0.14700474057388607,False,False,Aligned,1
E054,I03,b'\xea\x07\x00\x00\x00\x00\x00\x00',b'\x02\x00\x00\x00\x00\x00\x00\x00',3.4250000000000003,3.0,0.23961420238874512,1,1,1,2,,,,,0.14700474057388607,False,False,Aligned,1
E055,I03,b'\xea\x07\x00\x00\x00\x00\x00\x00',b'\x01\x00\x00\x00\x00\x00\x00\x00',3.3333333333333335,3.3333333333333335,0.11086392257107973,1,0,2,2,,,,,0.14700474057388607,False,False,Aligned,1
E055,I03,b'\xea\x07\x00\x00\x00\x00\x00\x00',b'\x02\x00\x00\x00\x00\x00\x00\x00',3.644444444444444,3.7222222222222228,0.11694106924093721,1,0,3,1,,,,,0.14700474057388607,False,False,Aligned,1
E056,I04,b'\xea\x07\x00\x00\x00\x00\x00\x00',b'\x01\x00\x00\x00\x00\x00\x00\x00',1.8999999999999997,2.0,0.26023386019368344,1,3,2,0,,,,,0.21013343976112364,False,False,Aligned,1
E056,I04,b'\xea\x07\x00\x00\x00\x00\x00\x00',b'\x02\x00\x00\x00\x00\x00\x00\x00',2.4999999999999996,2.6666666666666665,0.47464904654018386,1,4,1,0,,,,,0.21013343976112364,False,False,Aligned,1
E057,I04,b'\xea\x07\x00\x00\x00\x00\x00\x00',b'\x01\x00\x00\x00\x00\x00\x00\x00',2.475,3.1875,0.061275761164052985,1,2,2,1,,,,,0.21013343976112364,False,False,Aligned,1
E057,I04,b'\xea\x07\x00\x00\x00\x00\x00\x00',b'\x02\x00\x00\x00\x00\x00\x00\x00',2.7111111111111112,3.555555555555556,0.16666666666666666,1,2,3,0,,,,,0.21013343976112364,False,False,Aligned,1
E058,I04,b'\xea\x07\x00\x00\x00\x00\x00\x00',b'\x01\x00\x00\x00\x00\x00\x00\x00',2.488888888888889,2.2222222222222223,0.06180165405913057,1,2,3,0,,,,,0.21013343976112364,False,False,Aligned,1
E058,I04,b'\xea\x07\x00\x00\x00\x00\x00\x00',b'\x02\x00\x00\x00\x00\x00\x00\x00',2.5500000000000003,2.25,0.09142390706250313,1,2,2,1,,,,,0.21013343976112364,False,False,Aligned,1
E059,I04,b'\xea\x07\x00\x00\x00\x00\x00\x00',b'\x01\x00\x00\x00\x00\x00\x00\x00',5.0,5.0,0.2000000000000006,1,3,2,0,,,,,0.21013343976112364,True,True,Aligned,1
E059,I04,b'\xea\x07\x00\x00\x00\x00\x00\x00',b'\x02\x00\x00\x00\x00\x00\x00\x00',5.0,5.0,0.2,1,2,3,0,,,,,0.21013343976112364,True,True,Aligned,1
E060,I04,b'\xea\x07\x00\x00\x00\x00\x00\x00',b'\x01\x00\x00\x00\x00\x00\x00\x00',4.5888888888888895,4.416666666666667,0.3591815803106756,1,3,2,0,,,,,0.21013343976112364,True,True,Aligned,1
E060,I04,b'\xea\x07\x00\x00\x00\x00\x00\x00',b'\x02\x00\x00\x00\x00\x00\x00\x00',4.7333333333333325,4.5,0.2659828879073859,1,3,2,0,,,,,0.21013343976112364,True,True,Aligned,1
E061,I04,b'\xea\x07\x00\x00\x00\x00\x00\x00',b'\x01\x00\x00\x00\x00\x00\x00\x00',3.5,3.0,0.2602338601936835,1,3,2,0,,,,,0.21013343976112364,False,False,Aligned,1
E061,I04,b'\xea\x07\x00\x00\x00\x00\x00\x00',b'\x02\x00\x00\x00\x00\x00\x00\x00',3.6999999999999997,3.3333333333333335,0.3059932446018829,1,4,1,0,,,,,0.21013343976112364,False,False,Aligned,1
E062,I04,b'\xea\x07\x00\x00\x00\x00\x00\x00',b'\x01\x00\x00\x00\x00\x00\x00\x00',4.5,5.0,0.2602338601936832,1,3,2,0,,,,,0.21013343976112364,True,True,Aligned,1
E062,I04,b'\xea\x07\x00\x00\x00\x00\x00\x00',b'\x02\x00\x00\x00\x00\x00\x00\x00',4.566666666666666,5.0,0.2649997362029044,1,4,1,0,,,,,0.21013343976112364,True,True,Aligned,1
E063,I04,b'\xea\x07\x00\x00\x00\x00\x00\x00',b'\x01\x00\x00\x00\x00\x00\x00\x00',4.2,3.5,0.2000000000000006,1,3,2,0,,,,,0.21013343976112364,True,False,Anti-Aligned,0
E063,I04,b'\xea\x07\x00\x00\x00\x00\x00\x00',b'\x02\x00\x00\x00\x00\x00\x00\x00',4.366666666666667,3.5416666666666665,0.2640430239473726,1,4,1,0,,,,,0.21013343976112364,True,False,Anti-Aligned,0
E064,I04,b'\xea\x07\x00\x00\x00\x00\x00\x00',b'\x01\x00\x00\x00\x00\x00\x00\x00',4.2,4.0,5.921189464667501e-16,1,2,3,0,,,,,0.21013343976112364,True,True,Aligned,1
E064,I04,b'\xea\x07\x00\x00\x00\x00\x00\x00',b'\x02\x00\x00\x00\x00\x00\x00\x00',4.344444444444444,4.222222222222222,0.06332785063987782,1,2,3,0,,,,,0.21013343976112364,True,True,Aligned,1
E065,I04,b'\xea\x07\x00\x00\x00\x00\x00\x00',b'\x01\x00\x00\x00\x00\x00\x00\x00',3.5999999999999996,3.0,0.20000000000000032,1,3,2,0,,,,,0.21013343976112364,False,False,Aligned,1
E065,I04,b'\xea\x07\x00\x00\x00\x00\x00\x00',b'\x02\x00\x00\x00\x00\x00\x00\x00',3.7777777777777777,3.2222222222222228,0.32150535988101697,1,2,3,0,,,,,0.21013343976112364,False,False,Aligned,1
E066,I04,b'\xea\x07\x00\x00\x00\x00\x00\x00',b'\x01\x00\x00\x00\x00\x00\x00\x00',4.866666666666666,4.666666666666667,0.2851835419999921,1,3,2,0,,,,,0.21013343976112364,True,True,Aligned,1
E066,I04,b'\xea\x07\x00\x00\x00\x00\x00\x00',b'\x02\x00\x00\x00\x00\x00\x00\x00',4.922222222222222,4.805555555555555,0.2664213172349056,1,3,2,0,,,,,0.21013343976112364,True,True,Aligned,1
E067,I04,b'\xea\x07\x00\x00\x00\x00\x00\x00',b'\x01\x00\x00\x00\x00\x00\x00\x00',3.8444444444444446,3.9166666666666665,0.3032092737839548,1,3,2,0,,,,,0.21013343976112364,True,True,Aligned,1
E067,I04,b'\xea\x07\x00\x00\x00\x00\x00\x00',b'\x02\x00\x00\x00\x00\x00\x00\x00',4.0,4.25,0.32046772038736693,1,3,2,0,,,,,0.21013343976112364,True,True,Aligned,1
E068,I04,b'\xea\x07\x00\x00\x00\x00\x00\x00',b'\x01\x00\x00\x00\x00\x00\x00\x00',4.2749999999999995,5.0,0.061275761164052985,1,2,2,1,,,,,0.21013343976112364,True,True,Aligned,1
E068,I04,b'\xea\x07\x00\x00\x00\x00\x00\x00',b'\x02\x00\x00\x00\x00\x00\x00\x00',4.2749999999999995,5.0,0.061275761164052985,1,2,2,1,,,,,0.21013343976112364,True,True,Aligned,1
E069,I04,b'\xea\x07\x00\x00\x00\x00\x00\x00',b'\x01\x00\x00\x00\x00\x00\x00\x00',3.1999999999999997,4.25,0.12150535988101696,1,2,1,2,,,,,0.21013343976112364,False,True,Anti-Aligned,0
E069,I04,b'\xea\x07\x00\x00\x00\x00\x00\x00',b'\x02\x00\x00\x00\x00\x00\x00\x00',3.3111111111111113,4.055555555555555,0.18257418583505539,1,2,3,0,,,,,0.21013343976112364,False,True,Anti-Aligned,0
E070,I04,b'\xea\x07\x00\x00\x00\x00\x00\x00',b'\x01\x00\x00\x00\x00\x00\x00\x00',2.55,3.3333333333333335,0.4510524095666073,1,0,2,4,,,,,0.21013343976112364,False,False,Aligned,1
E070,I04,b'\xea\x07\x00\x00\x00\x00\x00\x00',b'\x02\x00\x00\x00\x00\x00\x00\x00',3.0,3.8666666666666667,0.34275066805231247,1,0,1,5,,,,,0.21013343976112364,False,True,Anti-Aligned,0
E071,I04,b'\xea\x07\x00\x00\x00\x00\x00\x00',b'\x01\x00\x00\x00\x00\x00\x00\x00',4.400000000000001,4.5,0.2000000000000006,1,3,2,0,,,,,0.21013343976112364,True,True,Aligned,1
E071,I04,b'\xea\x07\x00\x00\x00\x00\x00\x00',b'\x02\x00\x00\x00\x00\x00\x00\x00',4.533333333333333,4.777777777777778,0.26562039423796646,1,2,3,0,,,,,0.21013343976112364,True,True,Aligned,1
E072,I04,b'\xea\x07\x00\x00\x00\x00\x00\x00',b'\x01\x00\x00\x00\x00\x00\x00\x00',2.7777777777777777,2.5,0.2502510703172301,1,3,2,0,,,,,0.21013343976112364,False,False,Aligned,1
E072,I04,b'\xea\x07\x00\x00\x00\x00\x00\x00',b'\x02\x00\x00\x00\x00\x00\x00\x00',3.211111111111111,2.9166666666666665,0.36976975203929296,1,3,2,0,,,,,0.21013343976112364,False,False,Aligned,1
E073,I04,b'\xea\x07\x00\x00\x00\x00\x00\x00',b'\x01\x00\x00\x00\x00\x00\x00\x00',4.583333333333332,5.0,0.24969039949999516,1,4,1,0,,,,,0.21013343976112364,True,True,Aligned,1
E073,I04,b'\xea\x07\x00\x00\x00\x00\x00\x00',b'\x02\x00\x00\x00\x00\x00\x00\x00',4.688888888888888,5.0,0.26075267994050855,1,2,3,0,,,,,0.21013343976112364,True,True,Aligned,1
E074,I04,b'\xea\x07\x00\x00\x00\x00\x00\x00',b'\x01\x00\x00\x00\x00\x00\x00\x00',4.0,4.5,0.2,1,3,2,0,,,,,0.21013343976112364,True,True,Aligned,1
E074,I04,b'\xea\x07\x00\x00\x00\x00\x00\x00',b'\x02\x00\x00\x00\x00\x00\x00\x00',4.233333333333333,4.555555555555555,0.3069661309567519,1,2,3,0,,,,,0.21013343976112364,True,True,Aligned,1
E075,I04,b'\xea\x07\x00\x00\x00\x00\x00\x00',b'\x01\x00\x00\x00\x00\x00\x00\x00',4.377777777777777,4.5,0.04841229182759275,1,2,3,0,,,,,0.21013343976112364,True,True,Aligned,1
E075,I04,b'\xea\x07\x00\x00\x00\x00\x00\x00',b'\x02\x00\x00\x00\x00\x00\x00\x00',4.5249999999999995,4.75,0.066551226464616,1,2,1,2,,,,,0.21013343976112364,True,True,Aligned,1
E076,I04,b'\xea\x07\x00\x00\x00\x00\x00\x00',b'\x01\x00\x00\x00\x00\x00\x00\x00',2.4,1.5,2.9605947323337506e-16,1,2,1,2,,,,,0.21013343976112364,False,False,Aligned,1
E076,I04,b'\xea\x07\x00\x00\x00\x00\x00\x00',b'\x02\x00\x00\x00\x00\x00\x00\x00',2.6750000000000003,1.5,0.11890051692575482,1,2,2,1,,,,,0.21013343976112364,False,False,Aligned,1
E077,I04,b'\xea\x07\x00\x00\x00\x00\x00\x00',b'\x01\x00\x00\x00\x00\x00\x00\x00',4.5,4.375,0.127435896543309,1,2,1,2,,,,,0.21013343976112364,True,True,Aligned,1
E077,I04,b'\xea\x07\x00\x00\x00\x00\x00\x00',b'\x02\x00\x00\x00\x00\x00\x00\x00',4.625,4.5625,0.04780670531797674,1,2,2,1,,,,,0.21013343976112364,True,True,Aligned,1
E078,I04,b'\xea\x07\x00\x00\x00\x00\x00\x00',b'\x01\x00\x00\x00\x00\x00\x00\x00',3.8666666666666663,3.444444444444444,0.08887803753208977,1,2,3,0,,,,,0.21013343976112364,True,False,Anti-Aligned,0
E078,I04,b'\xea\x07\x00\x00\x00\x00\x00\x00',b'\x02\x00\x00\x00\x00\x00\x00\x00',4.111111111111111,4.0,0.16666666666666682,1,2,3,0,,,,,0.21013343976112364,True,True,Aligned,1
E079,I04,b'\xea\x07\x00\x00\x00\x00\x00\x00',b'\x01\x00\x00\x00\x00\x00\x00\x00',3.3833333333333333,2.4583333333333335,0.24969039949999527,1,4,1,0,,,,,0.21013343976112364,False,False,Aligned,1
E079,I04,b'\xea\x07\x00\x00\x00\x00\x00\x00',b'\x02\x00\x00\x00\x00\x00\x00\x00',3.677777777777778,2.75,0.29221880713836346,1,3,2,0,,,,,0.21013343976112364,False,False,Aligned,1
E080,I04,b'\xea\x07\x00\x00\x00\x00\x00\x00',b'\x01\x00\x00\x00\x00\x00\x00\x00',3.9,4.0,0.06075267994050856,1,2,1,2,,,,,0.21013343976112364,True,True,Aligned,1
E080,I04,b'\xea\x07\x00\x00\x00\x00\x00\x00',b'\x02\x00\x00\x00\x00\x00\x00\x00',3.9250000000000003,4.3125,0.06663605051503295,1,2,2,1,,,,,0.21013343976112364,True,True,Aligned,1
E081,I04,b'\xea\x07\x00\x00\x00\x00\x00\x00',b'\x01\x00\x00\x00\x00\x00\x00\x00',3.966666666666667,4.0,0.2466569474815844,1,3,2,0,,,,,0.21013343976112364,True,True,Aligned,1
E081,I04,b'\xea\x07\x00\x00\x00\x00\x00\x00',b'\x02\x00\x00\x00\x00\x00\x00\x00',4.133333333333334,4.0,0.2656203942379668,1,2,3,0,,,,,0.21013343976112364,True,True,Aligned,1
E082,I04,b'\xea\x07\x00\x00\x00\x00\x00\x00',b'\x01\x00\x00\x00\x00\x00\x00\x00',2.15,1.0,0.05142594772265805,1,2,2,1,,,,,0.21013343976112364,False,False,Aligned,1
E082,I04,b'\xea\x07\x00\x00\x00\x00\x00\x00',b'\x02\x00\x00\x00\x00\x00\x00\x00',2.4499999999999997,1.375,0.1765799869366638,1,2,2,1,,,,,0.21013343976112364,False,False,Aligned,1
E083,I04,b'\xea\x07\x00\x00\x00\x00\x00\x00',b'\x01\x00\x00\x00\x00\x00\x00\x00',4.175,3.9375,0.04780670531797674,1,2,2,1,,,,,0.21013343976112364,True,True,Aligned,1
E083,I04,b'\xea\x07\x00\x00\x00\x00\x00\x00',b'\x02\x00\x00\x00\x00\x00\x00\x00',4.3,4.0,0.06075267994050856,1,2,1,2,,,,,0.21013343976112364,True,True,Aligned,1
E084,I04,b'\xea\x07\x00\x00\x00\x00\x00\x00',b'\x01\x00\x00\x00\x00\x00\x00\x00',4.8500000000000005,4.875,0.13310245292923237,1,2,1,2,,,,,0.21013343976112364,True,True,Aligned,1
E084,I04,b'\xea\x07\x00\x00\x00\x00\x00\x00',b'\x02\x00\x00\x00\x00\x00\x00\x00',4.8,5.0,5.921189464667501e-16,1,2,1,2,,,,,0.21013343976112364,True,True,Aligned,1
E085,I04,b'\xea\x07\x00\x00\x00\x00\x00\x00',b'\x01\x00\x00\x00\x00\x00\x00\x00',2.8777777777777773,2.0,0.40100428126892074,1,3,2,0,,,,,0.21013343976112364,False,False,Aligned,1
E085,I04,b'\xea\x07\x00\x00\x00\x00\x00\x00',b'\x02\x00\x00\x00\x00\x00\x00\x00',2.9333333333333336,2.2222222222222223,0.3702611242830778,1,2,3,0,,,,,0.21013343976112364,False,False,Aligned,1
E086,I04,b'\xea\x07\x00\x00\x00\x00\x00\x00',b'\x01\x00\x00\x00\x00\x00\x00\x00',3.8444444444444446,3.6666666666666665,0.30226199851298274,1,2,3,0,,,,,0.21013343976112364,True,False,Anti-Aligned,0
E086,I04,b'\xea\x07\x00\x00\x00\x00\x00\x00',b'\x02\x00\x00\x00\x00\x00\x00\x00',4.022222222222222,3.8055555555555554,0.31642443268522774,1,3,2,0,,,,,0.21013343976112364,True,False,Anti-Aligned,0
E087,I04,b'\xea\x07\x00\x00\x00\x00\x00\x00',b'\x01\x00\x00\x00\x00\x00\x00\x00',4.2250000000000005,4.125,0.1924182771683338,1,2,2,1,,,,,0.21013343976112364,True,True,Aligned,1
E087,I04,b'\xea\x07\x00\x00\x00\x00\x00\x00',b'\x02\x00\x00\x00\x00\x00\x00\x00',4.425,4.4375,0.1062864358623506,1,2,2,1,,,,,0.21013343976112364,True,True,Aligned,1
E088,I04,b'\xea\x07\x00\x00\x00\x00\x00\x00',b'\x01\x00\x00\x00\x00\x00\x00\x00',4.625,5.0,0.09142390706250303,1,2,2,1,,,,,0.21013343976112364,True,True,Aligned,1
E088,I04,b'\xea\x07\x00\x00\x00\x00\x00\x00',b'\x02\x00\x00\x00\x00\x00\x00\x00',4.7,5.0,0.06663605051503295,1,2,2,1,,,,,0.21013343976112364,True,True,Aligned,1
E089,I04,b'\xea\x07\x00\x00\x00\x00\x00\x00',b'\x01\x00\x00\x00\x00\x00\x00\x00',2.4,3.0,0.0,1,2,2,1,,,,,0.21013343976112364,False,False,Aligned,1
E089,I04,b'\xea\x07\x00\x00\x00\x00\x00\x00',b'\x02\x00\x00\x00\x00\x00\x00\x00',2.75,3.4375,0.2202668795222467,1,2,2,1,,,,,0.21013343976112364,False,False,Aligned,1
E090,I04,b'\xea\x07\x00\x00\x00\x00\x00\x00',b'\x01\x00\x00\x00\x00\x00\x00\x00',3.7999999999999994,3.0666666666666664,0.26645832705131356,1,0,1,5,,,,,0.21013343976112364,True,False,Anti-Aligned,0
E090,I04,b'\xea\x07\x00\x00\x00\x00\x00\x00',b'\x02\x00\x00\x00\x00\x00\x00\x00',4.28,3.8666666666666667,0.5084219209526335,1,0,1,5,,,,,0.21013343976112364,True,True,Aligned,1
E091,I04,b'\xea\x07\x00\x00\x00\x00\x00\x00',b'\x01\x00\x00\x00\x00\x00\x00\x00',2.488888888888889,2.2222222222222223,0.26075267994050855,1,2,3,0,,,,,0.21013343976112364,False,False,Aligned,1
E091,I04,b'\xea\x07\x00\x00\x00\x00\x00\x00',b'\x02\x00\x00\x00\x00\x00\x00\x00',2.8555555555555556,2.5833333333333335,0.42160822205331805,1,3,2,0,,,,,0.21013343976112364,False,False,Aligned,1
E092,I04,b'\xea\x07\x00\x00\x00\x00\x00\x00',b'\x01\x00\x00\x00\x00\x00\x00\x00',4.375,4.4375,0.04780670531797674,1,2,2,1,,,,,0.21013343976112364,True,True,Aligned,1
E092,I04,b'\xea\x07\x00\x00\x00\x00\x00\x00',b'\x02\x00\x00\x00\x00\x00\x00\x00',4.3999999999999995,4.5,0.0,1,2,2,1,,,,,0.21013343976112364,True,True,Aligned,1
E093,I04,b'\xea\x07\x00\x00\x00\x00\x00\x00',b'\x01\x00\x00\x00\x00\x00\x00\x00',3.1,3.75,0.2602338601936835,1,3,2,0,,,,,0.21013343976112364,False,False,Aligned,1
E093,I04,b'\xea\x07\x00\x00\x00\x00\x00\x00',b'\x02\x00\x00\x00\x00\x00\x00\x00',3.1333333333333337,3.7222222222222228,0.2656203942379668,1,2,3,0,,,,,0.21013343976112364,False,False,Aligned,1
E094,I04,b'\xea\x07\x00\x00\x00\x00\x00\x00',b'\x01\x00\x00\x00\x00\x00\x00\x00',2.377777777777778,1.4444444444444446,0.2502510703172301,1,3,2,0,,,,,0.21013343976112364,False,False,Aligned,1
E094,I04,b'\xea\x07\x00\x00\x00\x00\x00\x00',b'\x02\x00\x00\x00\x00\x00\x00\x00',2.588888888888889,1.5833333333333333,0.29206130265595864,1,3,2,0,,,,,0.21013343976112364,False,False,Aligned,1
E095,I04,b'\xea\x07\x00\x00\x00\x00\x00\x00',b'\x01\x00\x00\x00\x00\x00\x00\x00',3.45,3.7916666666666665,0.3415183198114282,1,4,1,0,,,,,0.21013343976112364,False,False,Aligned,1
E095,I04,b'\xea\x07\x00\x00\x00\x00\x00\x00',b'\x02\x00\x00\x00\x00\x00\x00\x00',3.411111111111111,3.722222222222222,0.31560316057242094,1,2,3,0,,,,,0.21013343976112364,False,False,Aligned,1
E096,I04,b'\xea\x07\x00\x00\x00\x00\x00\x00',b'\x01\x00\x00\x00\x00\x00\x00\x00',4.777777777777778,4.944444444444445,0.04841229182759275,1,2,3,0,,,,,0.21013343976112364,True,True,Aligned,1
E096,I04,b'\xea\x07\x00\x00\x00\x00\x00\x00',b'\x02\x00\x00\x00\x00\x00\x00\x00',4.833333333333333,5.0,0.052041649986653366,1,2,3,0,,,,,0.21013343976112364,True,True,Aligned,1
E097,I04,b'\xea\x07\x00\x00\x00\x00\x00\x00',b'\x01\x00\x00\x00\x00\x00\x00\x00',4.977777777777778,5.0,0.24722193952467572,1,2,3,0,,,,,0.21013343976112364,True,True,Aligned,1
E097,I04,b'\xea\x07\x00\x00\x00\x00\x00\x00',b'\x02\x00\x00\x00\x00\x00\x00\x00',5.0,5.0,0.2000000000000006,1,3,2,0,,,,,0.21013343976112364,True,True,Aligned,1
E098,I05,b'\xea\x07\x00\x00\x00\x00\x00\x00',b'\x01\x00\x00\x00\x00\x00\x00\x00',2.933333333333333,2.25,0.1699434396043473,1,0,4,2,,,,,0.06462720915182552,False,False,Aligned,1
E098,I05,b'\xea\x07\x00\x00\x00\x00\x00\x00',b'\x02\x00\x00\x00\x00\x00\x00\x00',3.2666666666666675,2.466666666666667,0.1915570450516408,1,0,5,1,,,,,0.06462720915182552,False,False,Aligned,1
E099,I05,b'\xea\x07\x00\x00\x00\x00\x00\x00',b'\x01\x00\x00\x00\x00\x00\x00\x00',4.816666666666666,5.0,0.050829338811042075,1,0,1,4,,,,,0.06462720915182552,True,True,Aligned,1
E099,I05,b'\xea\x07\x00\x00\x00\x00\x00\x00',b'\x02\x00\x00\x00\x00\x00\x00\x00',4.966666666666667,5.0,0.06371794827165464,1,0,1,4,,,,,0.06462720915182552,True,True,Aligned,1
E100,I05,b'\xea\x07\x00\x00\x00\x00\x00\x00',b'\x01\x00\x00\x00\x00\x00\x00\x00',4.0,4.0,0.0,1,1,3,0,,,,,0.06462720915182552,True,True,Aligned,1
E100,I05,b'\xea\x07\x00\x00\x00\x00\x00\x00',b'\x02\x00\x00\x00\x00\x00\x00\x00',4.033333333333333,4.083333333333333,0.051793029539266795,1,2,2,0,,,,,0.06462720915182552,True,True,Aligned,1
E101,I05,b'\xea\x07\x00\x00\x00\x00\x00\x00',b'\x01\x00\x00\x00\x00\x00\x00\x00',3.6666666666666665,3.6666666666666665,0.09797422140791177,1,0,3,1,,,,,0.06462720915182552,False,False,Aligned,1
E101,I05,b'\xea\x07\x00\x00\x00\x00\x00\x00',b'\x02\x00\x00\x00\x00\x00\x00\x00',3.777777777777777,3.722222222222222,0.12973446810947195,1,0,3,1,,,,,0.06462720915182552,False,False,Aligned,1
E102,I05,b'\xea\x07\x00\x00\x00\x00\x00\x00',b'\x01\x00\x00\x00\x00\x00\x00\x00',3.933333333333334,3.8333333333333335,0.06551357610578575,1,2,2,0,,,,,0.06462720915182552,True,True,Aligned,1
E102,I05,b'\xea\x07\x00\x00\x00\x00\x00\x00',b'\x02\x00\x00\x00\x00\x00\x00\x00',4.088888888888889,4.222222222222222,0.06486723405473604,1,1,3,0,,,,,0.06462720915182552,True,True,Aligned,1
E103,I05,b'\xea\x07\x00\x00\x00\x00\x00\x00',b'\x01\x00\x00\x00\x00\x00\x00\x00',3.1666666666666665,3.0,0.15971320127206154,1,2,2,0,,,,,0.06462720915182552,False,False,Aligned,1
E103,I05,b'\xea\x07\x00\x00\x00\x00\x00\x00',b'\x02\x00\x00\x00\x00\x00\x00\x00',3.3,3.1666666666666665,0.06438718424891497,1,2,2,0,,,,,0.06462720915182552,False,False,Aligned,1
E104,I05,b'\xea\x07\x00\x00\x00\x00\x00\x00',b'\x01\x00\x00\x00\x00\x00\x00\x00',4.400000000000001,4.5,0.0,1,3,1,0,,,,,0.06462720915182552,True,True,Aligned,1
E104,I05,b'\xea\x07\x00\x00\x00\x00\x00\x00',b'\x02\x00\x00\x00\x00\x00\x00\x00',4.400000000000001,4.5,0.0,1,3,1,0,,,,,0.06462720915182552,True,True,Aligned,1
E105,I05,b'\xea\x07\x00\x00\x00\x00\x00\x00',b'\x01\x00\x00\x00\x00\x00\x00\x00',4.777777777777778,5.0,0.052548465466459526,1,1,3,0,,,,,0.06462720915182552,True,True,Aligned,1
E105,I05,b'\xea\x07\x00\x00\x00\x00\x00\x00',b'\x02\x00\x00\x00\x00\x00\x00\x00',4.911111111111111,5.0,0.06587298758289817,1,1,3,0,,,,,0.06462720915182552,True,True,Aligned,1
E106,I05,b'\xea\x07\x00\x00\x00\x00\x00\x00',b'\x01\x00\x00\x00\x00\x00\x00\x00',3.0333333333333337,2.9166666666666665,0.19686118271390016,1,0,1,4,,,,,0.06462720915182552,False,False,Aligned,1
E106,I05,b'\xea\x07\x00\x00\x00\x00\x00\x00',b'\x02\x00\x00\x00\x00\x00\x00\x00',2.9833333333333334,3.0416666666666665,0.14631182828374614,1,0,1,4,,,,,0.06462720915182552,False,False,Aligned,1
E107,I05,b'\xea\x07\x00\x00\x00\x00\x00\x00',b'\x01\x00\x00\x00\x00\x00\x00\x00',4.377777777777777,5.0,0.052548465466459526,1,0,3,1,,,,,0.06462720915182552,True,True,Aligned,1
E107,I05,b'\xea\x07\x00\x00\x00\x00\x00\x00',b'\x02\x00\x00\x00\x00\x00\x00\x00',4.400000000000001,5.0,5.921189464667501e-16,1,0,3,1,,,,,0.06462720915182552,True,True,Aligned,1
E108,I06,b'\xea\x07\x00\x00\x00\x00\x00\x00',b'\x01\x00\x00\x00\x00\x00\x00\x00',2.7999999999999994,2.5,0.0,1,2,3,0,,,,,0.17593384980982762,False,False,Aligned,1
E108,I06,b'\xea\x07\x00\x00\x00\x00\x00\x00',b'\x02\x00\x00\x00\x00\x00\x00\x00',3.0750000000000006,2.6875,0.17481460729522372,1,2,2,1,,,,,0.17593384980982762,False,False,Aligned,1
E109,I06,b'\xea\x07\x00\x00\x00\x00\x00\x00',b'\x01\x00\x00\x00\x00\x00\x00\x00',4.766666666666667,5.0,0.34317927145630306,1,4,2,0,,,,,0.17593384980982762,True,True,Aligned,1
E109,I06,b'\xea\x07\x00\x00\x00\x00\x00\x00',b'\x02\x00\x00\x00\x00\x00\x00\x00',4.8,5.0,0.30000000000000004,1,3,3,0,,,,,0.17593384980982762,True,True,Aligned,1
E110,I06,b'\xea\x07\x00\x00\x00\x00\x00\x00',b'\x01\x00\x00\x00\x00\x00\x00\x00',4.0,4.033333333333333,0.2040650406504066,1,0,1,5,,,,,0.17593384980982762,True,True,Aligned,1
E110,I06,b'\xea\x07\x00\x00\x00\x00\x00\x00',b'\x02\x00\x00\x00\x00\x00\x00\x00',4.04,4.1000000000000005,0.19810148376584308,1,0,1,5,,,,,0.17593384980982762,True,True,Aligned,1
E111,I06,b'\xea\x07\x00\x00\x00\x00\x00\x00',b'\x01\x00\x00\x00\x00\x00\x00\x00',4.288888888888889,3.722222222222222,0.06486723405473604,1,1,3,0,,,,,0.17593384980982762,True,False,Anti-Aligned,0
E111,I06,b'\xea\x07\x00\x00\x00\x00\x00\x00',b'\x02\x00\x00\x00\x00\x00\x00\x00',4.425,4.0,0.11780301787479015,1,1,1,2,,,,,0.17593384980982762,True,True,Aligned,1
E112,I06,b'\xea\x07\x00\x00\x00\x00\x00\x00',b'\x01\x00\x00\x00\x00\x00\x00\x00',2.8666666666666667,2.3333333333333335,0.3194408555303489,1,4,1,0,,,,,0.17593384980982762,False,False,Aligned,1
E112,I06,b'\xea\x07\x00\x00\x00\x00\x00\x00',b'\x02\x00\x00\x00\x00\x00\x00\x00',2.922222222222222,2.0,0.37147089424650515,1,3,2,0,,,,,0.17593384980982762,False,False,Aligned,1
E113,I06,b'\xea\x07\x00\x00\x00\x00\x00\x00',b'\x01\x00\x00\x00\x00\x00\x00\x00',4.533333333333333,4.333333333333333,0.3563283786808834,1,5,1,0,,,,,0.17593384980982762,True,True,Aligned,1
E113,I06,b'\xea\x07\x00\x00\x00\x00\x00\x00',b'\x02\x00\x00\x00\x00\x00\x00\x00',4.400000000000001,4.0,0.30000000000000004,1,4,2,0,,,,,0.17593384980982762,True,True,Aligned,1
E114,I06,b'\xea\x07\x00\x00\x00\x00\x00\x00',b'\x01\x00\x00\x00\x00\x00\x00\x00',3.8666666666666663,4.416666666666667,0.37808491349999274,1,4,2,0,,,,,0.17593384980982762,True,True,Aligned,1
E114,I06,b'\xea\x07\x00\x00\x00\x00\x00\x00',b'\x02\x00\x00\x00\x00\x00\x00\x00',4.066666666666666,4.791666666666667,0.4241346971175694,1,4,2,0,,,,,0.17593384980982762,True,True,Aligned,1
E115,I06,b'\xea\x07\x00\x00\x00\x00\x00\x00',b'\x01\x00\x00\x00\x00\x00\x00\x00',4.0,4.466666666666667,0.20201227409013423,1,0,1,5,,,,,0.17593384980982762,True,True,Aligned,1
E115,I06,b'\xea\x07\x00\x00\x00\x00\x00\x00',b'\x02\x00\x00\x00\x00\x00\x00\x00',4.3066666666666675,4.8,0.2754289945920155,1,0,1,5,,,,,0.17593384980982762,True,True,Aligned,1
E116,I06,b'\xea\x07\x00\x00\x00\x00\x00\x00',b'\x01\x00\x00\x00\x00\x00\x00\x00',3.1999999999999997,4.5,5.921189464667501e-16,1,2,2,1,,,,,0.17593384980982762,False,True,Anti-Aligned,0
E116,I06,b'\xea\x07\x00\x00\x00\x00\x00\x00',b'\x02\x00\x00\x00\x00\x00\x00\x00',3.577777777777778,4.722222222222222,0.23771919709326517,1,2,3,0,,,,,0.17593384980982762,False,True,Anti-Aligned,0
E117,I06,b'\xea\x07\x00\x00\x00\x00\x00\x00',b'\x01\x00\x00\x00\x00\x00\x00\x00',3.0933333333333333,3.8666666666666667,0.3626190282522629,1,0,1,5,,,,,0.17593384980982762,False,True,Anti-Aligned,0
E117,I06,b'\xea\x07\x00\x00\x00\x00\x00\x00',b'\x02\x00\x00\x00\x00\x00\x00\x00',3.3200000000000003,3.966666666666667,0.3162051400142395,1,0,1,5,,,,,0.17593384980982762,False,True,Anti-Aligned,0
E118,I06,b'\xea\x07\x00\x00\x00\x00\x00\x00',b'\x01\x00\x00\x00\x00\x00\x00\x00',3.1833333333333336,2.5,0.34665694748158443,1,4,2,0,,,,,0.17593384980982762,False,False,Aligned,1
E118,I06,b'\xea\x07\x00\x00\x00\x00\x00\x00',b'\x02\x00\x00\x00\x00\x00\x00\x00',3.36,2.533333333333333,0.36621443877228715,1,5,1,0,,,,,0.17593384980982762,False,False,Aligned,1
E119,I06,b'\xea\x07\x00\x00\x00\x00\x00\x00',b'\x01\x00\x00\x00\x00\x00\x00\x00',2.977777777777778,3.611111111111111,0.31604303677187556,1,3,1,0,,,,,0.17593384980982762,False,False,Aligned,1
E119,I06,b'\xea\x07\x00\x00\x00\x00\x00\x00',b'\x02\x00\x00\x00\x00\x00\x00\x00',2.8666666666666667,3.0,0.20290563230940145,1,2,2,0,,,,,0.17593384980982762,False,False,Aligned,1
E120,I06,b'\xea\x07\x00\x00\x00\x00\x00\x00',b'\x01\x00\x00\x00\x00\x00\x00\x00',2.0749999999999997,1.1875,0.061275761164052985,1,2,2,1,,,,,0.17593384980982762,False,False,Aligned,1
E120,I06,b'\xea\x07\x00\x00\x00\x00\x00\x00',b'\x02\x00\x00\x00\x00\x00\x00\x00',2.3249999999999997,1.25,0.17396920010053987,1,2,1,2,,,,,0.17593384980982762,False,False,Aligned,1
E121,I06,b'\xea\x07\x00\x00\x00\x00\x00\x00',b'\x01\x00\x00\x00\x00\x00\x00\x00',2.355555555555556,3.444444444444444,0.13521297451226452,1,3,3,0,,,,,0.17593384980982762,False,False,Aligned,1
E121,I06,b'\xea\x07\x00\x00\x00\x00\x00\x00',b'\x02\x00\x00\x00\x00\x00\x00\x00',2.35,3.1875,0.11644024865590698,1,3,2,1,,,,,0.17593384980982762,False,False,Aligned,1
E122,I06,b'\xea\x07\x00\x00\x00\x00\x00\x00',b'\x01\x00\x00\x00\x00\x00\x00\x00',5.0,5.0,0.30000000000000066,1,5,1,0,,,,,0.17593384980982762,True,True,Aligned,1
E122,I06,b'\xea\x07\x00\x00\x00\x00\x00\x00',b'\x02\x00\x00\x00\x00\x00\x00\x00',5.0,5.0,0.30000000000000004,1,4,2,0,,,,,0.17593384980982762,True,True,Aligned,1
E123,I06,b'\xea\x07\x00\x00\x00\x00\x00\x00',b'\x01\x00\x00\x00\x00\x00\x00\x00',4.175,3.875,0.21633936555429625,1,1,1,2,,,,,0.17593384980982762,True,True,Aligned,1
E123,I06,b'\xea\x07\x00\x00\x00\x00\x00\x00',b'\x02\x00\x00\x00\x00\x00\x00\x00',4.2,4.0,0.0,1,1,1,2,,,,,0.17593384980982762,True,True,Aligned,1
E124,I06,b'\xea\x07\x00\x00\x00\x00\x00\x00',b'\x01\x00\x00\x00\x00\x00\x00\x00',3.0133333333333336,3.1,0.286821663523986,1,0,1,5,,,,,0.17593384980982762,False,False,Aligned,1
E124,I06,b'\xea\x07\x00\x00\x00\x00\x00\x00',b'\x02\x00\x00\x00\x00\x00\x00\x00',3.3333333333333335,3.5,0.3366555126986088,1,0,1,5,,,,,0.17593384980982762,False,False,Aligned,1
E125,I06,b'\xea\x07\x00\x00\x00\x00\x00\x00',b'\x01\x00\x00\x00\x00\x00\x00\x00',5.0,5.0,5.921189464667501e-16,1,3,3,0,,,,,0.17593384980982762,True,True,Aligned,1
E125,I06,b'\xea\x07\x00\x00\x00\x00\x00\x00',b'\x02\x00\x00\x00\x00\x00\x00\x00',5.0,5.0,0.0,1,3,1,2,,,,,0.17593384980982762,True,True,Aligned,1
E126,I06,b'\xea\x07\x00\x00\x00\x00\x00\x00',b'\x01\x00\x00\x00\x00\x00\x00\x00',4.177777777777779,4.5,0.04507099150408822,1,3,3,0,,,,,0.17593384980982762,True,True,Aligned,1
E126,I06,b'\xea\x07\x00\x00\x00\x00\x00\x00',b'\x02\x00\x00\x00\x00\x00\x00\x00',4.311111111111111,4.722222222222222,0.06583039662910083,1,3,3,0,,,,,0.17593384980982762,True,True,Aligned,1
E127,I06,b'\xea\x07\x00\x00\x00\x00\x00\x00',b'\x01\x00\x00\x00\x00\x00\x00\x00',4.8,5.0,5.921189464667501e-16,1,1,2,1,,,,,0.17593384980982762,True,True,Aligned,1
E127,I06,b'\xea\x07\x00\x00\x00\x00\x00\x00',b'\x02\x00\x00\x00\x00\x00\x00\x00',4.8999999999999995,5.0,0.06388765649999405,1,1,1,2,,,,,0.17593384980982762,True,True,Aligned,1
E128,I06,b'\xea\x07\x00\x00\x00\x00\x00\x00',b'\x01\x00\x00\x00\x00\x00\x00\x00',2.5777777777777775,2.2222222222222223,0.12360330811826102,1,2,3,0,,,,,0.17593384980982762,False,False,Aligned,1
E128,I06,b'\xea\x07\x00\x00\x00\x00\x00\x00',b'\x02\x00\x00\x00\x00\x00\x00\x00',2.755555555555555,2.4444444444444446,0.24720661623652215,1,2,3,0,,,,,0.17593384980982762,False,False,Aligned,1
E129,I06,b'\xea\x07\x00\x00\x00\x00\x00\x00',b'\x01\x00\x00\x00\x00\x00\x00\x00',3.5,3.0625,0.13666663994055847,1,3,2,1,,,,,0.17593384980982762,False,False,Aligned,1
E129,I06,b'\xea\x07\x00\x00\x00\x00\x00\x00',b'\x02\x00\x00\x00\x00\x00\x00\x00',3.725,3.5,0.17705309232443148,1,3,2,1,,,,,0.17593384980982762,False,False,Aligned,1
E130,I06,b'\xea\x07\x00\x00\x00\x00\x00\x00',b'\x01\x00\x00\x00\x00\x00\x00\x00',3.4266666666666663,2.533333333333333,0.39876159799998134,1,0,1,5,,,,,0.17593384980982762,False,False,Aligned,1
E130,I06,b'\xea\x07\x00\x00\x00\x00\x00\x00',b'\x02\x00\x00\x00\x00\x00\x00\x00',3.8800000000000003,3.3000000000000003,0.3662958838566196,1,0,1,5,,,,,0.17593384980982762,True,False,Anti-Aligned,0
E131,I06,b'\xea\x07\x00\x00\x00\x00\x00\x00',b'\x01\x00\x00\x00\x00\x00\x00\x00',3.8333333333333335,3.75,0.23801311186847088,1,2,2,0,,,,,0.17593384980982762,True,False,Anti-Aligned,0
E131,I06,b'\xea\x07\x00\x00\x00\x00\x00\x00',b'\x02\x00\x00\x00\x00\x00\x00\x00',3.9111111111111114,3.722222222222222,0.1662538659999938,1,1,3,0,,,,,0.17593384980982762,True,False,Anti-Aligned,0
E132,I06,b'\xea\x07\x00\x00\x00\x00\x00\x00',b'\x01\x00\x00\x00\x00\x00\x00\x00',3.626666666666667,3.1,0.5036149477132652,1,0,1,5,,,,,0.17593384980982762,False,False,Aligned,1
E132,I06,b'\xea\x07\x00\x00\x00\x00\x00\x00',b'\x02\x00\x00\x00\x00\x00\x00\x00',3.826666666666666,3.466666666666667,0.21868804937167263,1,0,1,5,,,,,0.17593384980982762,True,False,Anti-Aligned,0
E133,I06,b'\xea\x07\x00\x00\x00\x00\x00\x00',b'\x01\x00\x00\x00\x00\x00\x00\x00',3.9866666666666664,3.966666666666667,0.34620050984729106,1,5,1,0,,,,,0.17593384980982762,True,True,Aligned,1
E133,I06,b'\xea\x07\x00\x00\x00\x00\x00\x00',b'\x02\x00\x00\x00\x00\x00\x00\x00',4.28,4.0,0.41188600652817825,1,5,1,0,,,,,0.17593384980982762,True,True,Aligned,1
E134,I06,b'\xea\x07\x00\x00\x00\x00\x00\x00',b'\x01\x00\x00\x00\x00\x00\x00\x00',2.288888888888889,2.0,0.3572579410135252,1,3,3,0,,,,,0.17593384980982762,False,False,Aligned,1
E134,I06,b'\xea\x07\x00\x00\x00\x00\x00\x00',b'\x02\x00\x00\x00\x00\x00\x00\x00',2.5666666666666664,2.125,0.4676539165271224,1,4,2,0,,,,,0.17593384980982762,False,False,Aligned,1
E135,I06,b'\xea\x07\x00\x00\x00\x00\x00\x00',b'\x01\x00\x00\x00\x00\x00\x00\x00',3.9777777777777783,4.0,0.1517930295392668,1,1,3,0,,,,,0.17593384980982762,True,True,Aligned,1
E135,I06,b'\xea\x07\x00\x00\x00\x00\x00\x00',b'\x02\x00\x00\x00\x00\x00\x00\x00',4.133333333333334,4.0,0.16337493679121945,1,3,1,0,,,,,0.17593384980982762,True,True,Aligned,1
E136,I06,b'\xea\x07\x00\x00\x00\x00\x00\x00',b'\x01\x00\x00\x00\x00\x00\x00\x00',3.166666666666667,3.4166666666666665,0.2466569474815844,1,3,2,0,,,,,0.17593384980982762,False,False,Aligned,1
E136,I06,b'\xea\x07\x00\x00\x00\x00\x00\x00',b'\x02\x00\x00\x00\x00\x00\x00\x00',3.5999999999999996,4.166666666666667,0.37916128329552323,1,4,1,0,,,,,0.17593384980982762,False,True,Anti-Aligned,0
E137,I06,b'\xea\x07\x00\x00\x00\x00\x00\x00',b'\x01\x00\x00\x00\x00\x00\x00\x00',2.2,2.0,0.41357805599998937,1,4,2,0,,,,,0.17593384980982762,False,False,Aligned,1
E137,I06,b'\xea\x07\x00\x00\x00\x00\x00\x00',b'\x02\x00\x00\x00\x00\x00\x00\x00',2.2799999999999994,2.3333333333333335,0.41145550856193136,1,5,1,0,,,,,0.17593384980982762,False,False,Aligned,1
E138,I06,b'\xea\x07\x00\x00\x00\x00\x00\x00',b'\x01\x00\x00\x00\x00\x00\x00\x00',4.7749999999999995,4.9375,0.047609522856952365,1,3,1,2,,,,,0.17593384980982762,True,True,Aligned,1
E138,I06,b'\xea\x07\x00\x00\x00\x00\x00\x00',b'\x02\x00\x00\x00\x00\x00\x00\x00',4.925,5.0,0.06558402083162698,1,3,2,1,,,,,0.17593384980982762,True,True,Aligned,1
E139,I06,b'\xea\x07\x00\x00\x00\x00\x00\x00',b'\x01\x00\x00\x00\x00\x00\x00\x00',3.577777777777778,4.444444444444445,0.052548465466459526,1,1,3,0,,,,,0.17593384980982762,False,True,Anti-Aligned,0
E139,I06,b'\xea\x07\x00\x00\x00\x00\x00\x00',b'\x02\x00\x00\x00\x00\x00\x00\x00',3.9499999999999997,4.75,0.1573591584938887,1,1,1,2,,,,,0.17593384980982762,True,True,Aligned,1
E140,I06,b'\xea\x07\x00\x00\x00\x00\x00\x00',b'\x01\x00\x00\x00\x00\x00\x00\x00',4.222222222222222,4.944444444444445,0.13787826756478594,1,2,3,0,,,,,0.17593384980982762,True,True,Aligned,1
E140,I06,b'\xea\x07\x00\x00\x00\x00\x00\x00',b'\x02\x00\x00\x00\x00\x00\x00\x00',4.311111111111111,5.0,0.06653633092779719,1,2,3,0,,,,,0.17593384980982762,True,True,Aligned,1
E141,I06,b'\xea\x07\x00\x00\x00\x00\x00\x00',b'\x01\x00\x00\x00\x00\x00\x00\x00',4.9750000000000005,5.0,0.047609522856952365,1,3,1,2,,,,,0.17593384980982762,True,True,Aligned,1
E141,I06,b'\xea\x07\x00\x00\x00\x00\x00\x00',b'\x02\x00\x00\x00\x00\x00\x00\x00',5.0,5.0,5.921189464667501e-16,1,3,2,1,,,,,0.17593384980982762,True,True,Aligned,1
E142,I06,b'\xea\x07\x00\x00\x00\x00\x00\x00',b'\x01\x00\x00\x00\x00\x00\x00\x00',4.977777777777778,4.944444444444445,0.04507099150408821,1,3,3,0,,,,,0.17593384980982762,True,True,Aligned,1
E142,I06,b'\xea\x07\x00\x00\x00\x00\x00\x00',b'\x02\x00\x00\x00\x00\x00\x00\x00',5.0,5.0,5.921189464667501e-16,1,3,2,1,,,,,0.17593384980982762,True,True,Aligned,1
E143,I06,b'\xea\x07\x00\x00\x00\x00\x00\x00',b'\x01\x00\x00\x00\x00\x00\x00\x00',4.1,4.5,0.16388765649999404,1,2,2,0,,,,,0.17593384980982762,True,True,Aligned,1
E143,I06,b'\xea\x07\x00\x00\x00\x00\x00\x00',b'\x02\x00\x00\x00\x00\x00\x00\x00',4.233333333333333,4.583333333333333,0.21999622065099206,1,2,2,0,,,,,0.17593384980982762,True,True,Aligned,1
E144,I06,b'\xea\x07\x00\x00\x00\x00\x00\x00',b'\x01\x00\x00\x00\x00\x00\x00\x00',4.3999999999999995,4.0,0.0,1,2,2,1,,,,,0.17593384980982762,True,True,Aligned,1
E144,I06,b'\xea\x07\x00\x00\x00\x00\x00\x00',b'\x02\x00\x00\x00\x00\x00\x00\x00',4.611111111111111,4.305555555555556,0.11755613316388219,1,2,3,0,,,,,0.17593384980982762,True,True,Aligned,1
E145,I06,b'\xea\x07\x00\x00\x00\x00\x00\x00',b'\x01\x00\x00\x00\x00\x00\x00\x00',4.7749999999999995,4.5,0.047609522856952365,1,3,1,2,,,,,0.17593384980982762,True,True,Aligned,1
E145,I06,b'\xea\x07\x00\x00\x00\x00\x00\x00',b'\x02\x00\x00\x00\x00\x00\x00\x00',4.888888888888889,4.722222222222222,0.05871298431818079,1,3,3,0,,,,,0.17593384980982762,True,True,Aligned,1
E146,I06,b'\xea\x07\x00\x00\x00\x00\x00\x00',b'\x01\x00\x00\x00\x00\x00\x00\x00',4.9750000000000005,4.9375,0.04457574294155661,1,3,2,1,,,,,0.17593384980982762,True,True,Aligned,1
E146,I06,b'\xea\x07\x00\x00\x00\x00\x00\x00',b'\x02\x00\x00\x00\x00\x00\x00\x00',5.0,5.0,5.921189464667501e-16,1,3,2,1,,,,,0.17593384980982762,True,True,Aligned,1
E147,I06,b'\xea\x07\x00\x00\x00\x00\x00\x00',b'\x01\x00\x00\x00\x00\x00\x00\x00',3.311111111111111,4.5,0.197314990751801,1,3,1,0,,,,,0.17593384980982762,False,True,Anti-Aligned,0
E147,I06,b'\xea\x07\x00\x00\x00\x00\x00\x00',b'\x02\x00\x00\x00\x00\x00\x00\x00',3.4444444444444446,4.722222222222222,0.21475506210984938,1,1,3,0,,,,,0.17593384980982762,False,True,Anti-Aligned,0
E148,I06,b'\xea\x07\x00\x00\x00\x00\x00\x00',b'\x01\x00\x00\x00\x00\x00\x00\x00',4.777777777777778,4.5,0.04841229182759275,1,2,3,0,,,,,0.17593384980982762,True,True,Aligned,1
E148,I06,b'\xea\x07\x00\x00\x00\x00\x00\x00',b'\x02\x00\x00\x00\x00\x00\x00\x00',4.911111111111111,4.777777777777778,0.06653633092779719,1,2,3,0,,,,,0.17593384980982762,True,True,Aligned,1
E149,I06,b'\xea\x07\x00\x00\x00\x00\x00\x00',b'\x01\x00\x00\x00\x00\x00\x00\x00',4.8,5.0,5.921189464667501e-16,1,3,3,0,,,,,0.17593384980982762,True,True,Aligned,1
E149,I06,b'\xea\x07\x00\x00\x00\x00\x00\x00',b'\x02\x00\x00\x00\x00\x00\x00\x00',4.888888888888889,5.0,0.05871298431818079,1,3,3,0,,,,,0.17593384980982762,True,True,Aligned,1
E150,I06,b'\xea\x07\x00\x00\x00\x00\x00\x00',b'\x01\x00\x00\x00\x00\x00\x00\x00',4.400000000000001,5.0,0.30000000000000066,1,5,1,0,,,,,0.17593384980982762,True,True,Aligned,1
E150,I06,b'\xea\x07\x00\x00\x00\x00\x00\x00',b'\x02\x00\x00\x00\x00\x00\x00\x00',4.616666666666666,5.0,0.4125082231534561,1,4,2,0,,,,,0.17593384980982762,True,True,Aligned,1
E151,I06,b'\xea\x07\x00\x00\x00\x00\x00\x00',b'\x01\x00\x00\x00\x00\x00\x00\x00',4.599999999999999,4.5,5.921189464667501e-16,1,1,3,0,,,,,0.17593384980982762,True,True,Aligned,1
E151,I06,b'\xea\x07\x00\x00\x00\x00\x00\x00',b'\x02\x00\x00\x00\x00\x00\x00\x00',4.711111111111111,4.777777777777778,0.06587298758289815,1,1,3,0,,,,,0.17593384980982762,True,True,Aligned,1
E152,I06,b'\xea\x07\x00\x00\x00\x00\x00\x00',b'\x01\x00\x00\x00\x00\x00\x00\x00',4.566666666666666,4.5,0.2466569474815842,1,3,2,0,,,,,0.17593384980982762,True,True,Aligned,1
E152,I06,b'\xea\x07\x00\x00\x00\x00\x00\x00',b'\x02\x00\x00\x00\x00\x00\x00\x00',4.75,4.833333333333333,0.26656370650226463,1,4,1,0,,,,,0.17593384980982762,True,True,Aligned,1
E153,I06,b'\xea\x07\x00\x00\x00\x00\x00\x00',b'\x01\x00\x00\x00\x00\x00\x00\x00',4.599999999999999,5.0,0.30000000000000066,1,3,3,0,,,,,0.17593384980982762,True,True,Aligned,1
E153,I06,b'\xea\x07\x00\x00\x00\x00\x00\x00',b'\x02\x00\x00\x00\x00\x00\x00\x00',4.711111111111112,5.0,0.36568783699747703,1,3,3,0,,,,,0.17593384980982762,True,True,Aligned,1
E154,I06,b'\xea\x07\x00\x00\x00\x00\x00\x00',b'\x01\x00\x00\x00\x00\x00\x00\x00',4.5,4.875,0.09412581126793969,1,3,2,1,,,,,0.17593384980982762,True,True,Aligned,1
E154,I06,b'\xea\x07\x00\x00\x00\x00\x00\x00',b'\x02\x00\x00\x00\x00\x00\x00\x00',4.675,5.0,0.05822012432795356,1,3,2,1,,,,,0.17593384980982762,True,True,Aligned,1
E155,I06,b'\xea\x07\x00\x00\x00\x00\x00\x00',b'\x01\x00\x00\x00\x00\x00\x00\x00',3.9499999999999997,3.9375,0.10358605907853347,1,1,2,1,,,,,0.17593384980982762,True,True,Aligned,1
E155,I06,b'\xea\x07\x00\x00\x00\x00\x00\x00',b'\x02\x00\x00\x00\x00\x00\x00\x00',4.311111111111111,4.222222222222222,0.16216808513683986,1,1,3,0,,,,,0.17593384980982762,True,True,Aligned,1
E156,I06,b'\xea\x07\x00\x00\x00\x00\x00\x00',b'\x01\x00\x00\x00\x00\x00\x00\x00',4.7749999999999995,5.0,0.05082933881104209,1,2,1,2,,,,,0.17593384980982762,True,True,Aligned,1
E156,I06,b'\xea\x07\x00\x00\x00\x00\x00\x00',b'\x02\x00\x00\x00\x00\x00\x00\x00',4.8,5.0,0.0,1,2,3,0,,,,,0.17593384980982762,True,True,Aligned,1
E157,I06,b'\xea\x07\x00\x00\x00\x00\x00\x00',b'\x01\x00\x00\x00\x00\x00\x00\x00',4.166666666666667,4.416666666666667,0.3431792714563031,1,4,2,0,,,,,0.17593384980982762,True,True,Aligned,1
E157,I06,b'\xea\x07\x00\x00\x00\x00\x00\x00',b'\x02\x00\x00\x00\x00\x00\x00\x00',4.288888888888888,4.722222222222222,0.3572579410135253,1,3,3,0,,,,,0.17593384980982762,True,True,Aligned,1
E158,I06,b'\xea\x07\x00\x00\x00\x00\x00\x00',b'\x01\x00\x00\x00\x00\x00\x00\x00',4.175,3.9375,0.047609522856952365,1,3,1,2,,,,,0.17593384980982762,True,True,Aligned,1
E158,I06,b'\xea\x07\x00\x00\x00\x00\x00\x00',b'\x02\x00\x00\x00\x00\x00\x00\x00',4.366666666666666,4.416666666666666,0.1143128444259861,1,3,2,1,,,,,0.17593384980982762,True,True,Aligned,1
E159,I06,b'\xea\x07\x00\x00\x00\x00\x00\x00',b'\x01\x00\x00\x00\x00\x00\x00\x00',3.475,4.1875,0.2188404817728772,1,1,1,2,,,,,0.17593384980982762,False,True,Anti-Aligned,0
E159,I06,b'\xea\x07\x00\x00\x00\x00\x00\x00',b'\x02\x00\x00\x00\x00\x00\x00\x00',3.525,4.1875,0.15537908861780017,1,1,2,1,,,,,0.17593384980982762,False,True,Anti-Aligned,0
E160,I06,b'\xea\x07\x00\x00\x00\x00\x00\x00',b'\x01\x00\x00\x00\x00\x00\x00\x00',2.7111111111111112,3.888888888888889,0.18888378261071892,1,2,3,0,,,,,0.17593384980982762,False,True,Anti-Aligned,0
E160,I06,b'\xea\x07\x00\x00\x00\x00\x00\x00',b'\x02\x00\x00\x00\x00\x00\x00\x00',2.875,3.8125,0.17481460729522377,1,2,2,1,,,,,0.17593384980982762,False,False,Aligned,1
E161,I06,b'\xea\x07\x00\x00\x00\x00\x00\x00',b'\x01\x00\x00\x00\x00\x00\x00\x00',2.622222222222222,2.8888888888888893,0.49781341561945425,1,3,3,0,,,,,0.17593384980982762,False,False,Aligned,1
E161,I06,b'\xea\x07\x00\x00\x00\x00\x00\x00',b'\x02\x00\x00\x00\x00\x00\x00\x00',2.75,3.0416666666666665,0.446169707088525,1,4,2,0,,,,,0.17593384980982762,False,False,Aligned,1
E162,I07,b'\xea\x07\x00\x00\x00\x00\x00\x00',b'\x01\x00\x00\x00\x00\x00\x00\x00',2.875,4.0,0.061275761164052985,1,2,2,1,,,,,0.1619626775269559,False,True,Anti-Aligned,0
E162,I07,b'\xea\x07\x00\x00\x00\x00\x00\x00',b'\x02\x00\x00\x00\x00\x00\x00\x00',3.1222222222222222,4.277777777777778,0.16409473889596016,1,2,3,0,,,,,0.1619626775269559,False,True,Anti-Aligned,0
E163,I07,b'\xea\x07\x00\x00\x00\x00\x00\x00',b'\x01\x00\x00\x00\x00\x00\x00\x00',3.1749999999999994,3.4375,0.04780670531797674,1,2,2,1,,,,,0.1619626775269559,False,False,Aligned,1
E163,I07,b'\xea\x07\x00\x00\x00\x00\x00\x00',b'\x02\x00\x00\x00\x00\x00\x00\x00',3.3000000000000003,3.5,0.06639061303092914,1,2,2,1,,,,,0.1619626775269559,False,False,Aligned,1
E164,I07,b'\xea\x07\x00\x00\x00\x00\x00\x00',b'\x01\x00\x00\x00\x00\x00\x00\x00',4.533333333333333,4.833333333333333,0.25972042776517423,1,4,1,0,,,,,0.1619626775269559,True,True,Aligned,1
E164,I07,b'\xea\x07\x00\x00\x00\x00\x00\x00',b'\x02\x00\x00\x00\x00\x00\x00\x00',4.400000000000001,4.5,0.2000000000000006,1,3,2,0,,,,,0.1619626775269559,True,True,Aligned,1
E165,I07,b'\xea\x07\x00\x00\x00\x00\x00\x00',b'\x01\x00\x00\x00\x00\x00\x00\x00',4.175,5.0,0.04780670531797674,1,2,2,1,,,,,0.1619626775269559,True,True,Aligned,1
E165,I07,b'\xea\x07\x00\x00\x00\x00\x00\x00',b'\x02\x00\x00\x00\x00\x00\x00\x00',4.375,5.0,0.11848790544335484,1,2,2,1,,,,,0.1619626775269559,True,True,Aligned,1
E166,I07,b'\xea\x07\x00\x00\x00\x00\x00\x00',b'\x01\x00\x00\x00\x00\x00\x00\x00',2.5500000000000003,2.1875,0.12255152232810583,1,2,2,1,,,,,0.1619626775269559,False,False,Aligned,1
E166,I07,b'\xea\x07\x00\x00\x00\x00\x00\x00',b'\x02\x00\x00\x00\x00\x00\x00\x00',2.5749999999999997,2.25,0.11724135861452045,1,2,2,1,,,,,0.1619626775269559,False,False,Aligned,1
E167,I07,b'\xea\x07\x00\x00\x00\x00\x00\x00',b'\x01\x00\x00\x00\x00\x00\x00\x00',4.425,4.875,0.09142390706250297,1,2,2,1,,,,,0.1619626775269559,True,True,Aligned,1
E167,I07,b'\xea\x07\x00\x00\x00\x00\x00\x00',b'\x02\x00\x00\x00\x00\x00\x00\x00',4.425,5.0,0.04780670531797652,1,2,2,1,,,,,0.1619626775269559,True,True,Aligned,1
E168,I07,b'\xea\x07\x00\x00\x00\x00\x00\x00',b'\x01\x00\x00\x00\x00\x00\x00\x00',2.5,2.375,0.10285189544531598,1,2,2,1,,,,,0.1619626775269559,False,False,Aligned,1
E168,I07,b'\xea\x07\x00\x00\x00\x00\x00\x00',b'\x02\x00\x00\x00\x00\x00\x00\x00',2.9250000000000003,2.9375,0.23628592351052033,1,2,2,1,,,,,0.1619626775269559,False,False,Aligned,1
E169,I07,b'\xea\x07\x00\x00\x00\x00\x00\x00',b'\x01\x00\x00\x00\x00\x00\x00\x00',4.0,4.5,0.2,1,4,1,0,,,,,0.1619626775269559,True,True,Aligned,1
E169,I07,b'\xea\x07\x00\x00\x00\x00\x00\x00',b'\x02\x00\x00\x00\x00\x00\x00\x00',4.300000000000001,4.875,0.33250773199998773,1,4,1,0,,,,,0.1619626775269559,True,True,Aligned,1
E170,I07,b'\xea\x07\x00\x00\x00\x00\x00\x00',b'\x01\x00\x00\x00\x00\x00\x00\x00',4.133333333333333,4.166666666666667,0.1777560750641796,1,2,3,0,,,,,0.1619626775269559,True,True,Aligned,1
E170,I07,b'\xea\x07\x00\x00\x00\x00\x00\x00',b'\x02\x00\x00\x00\x00\x00\x00\x00',4.125,4.1875,0.1042706092974865,1,2,2,1,,,,,0.1619626775269559,True,True,Aligned,1
E171,I07,b'\xea\x07\x00\x00\x00\x00\x00\x00',b'\x01\x00\x00\x00\x00\x00\x00\x00',2.8666666666666663,2.4444444444444446,0.08887803753208977,1,2,3,0,,,,,0.1619626775269559,False,False,Aligned,1
E171,I07,b'\xea\x07\x00\x00\x00\x00\x00\x00',b'\x02\x00\x00\x00\x00\x00\x00\x00',3.0,2.75,0.10856588963672255,1,2,2,1,,,,,0.1619626775269559,False,False,Aligned,1
E172,I07,b'\xea\x07\x00\x00\x00\x00\x00\x00',b'\x01\x00\x00\x00\x00\x00\x00\x00',4.783333333333333,4.958333333333333,0.24969039949999539,1,4,1,0,,,,,0.1619626775269559,True,True,Aligned,1
E172,I07,b'\xea\x07\x00\x00\x00\x00\x00\x00',b'\x02\x00\x00\x00\x00\x00\x00\x00',4.933333333333334,5.0,0.2597204277651745,1,4,1,0,,,,,0.1619626775269559,True,True,Aligned,1
E173,I07,b'\xea\x07\x00\x00\x00\x00\x00\x00',b'\x01\x00\x00\x00\x00\x00\x00\x00',3.1333333333333333,2.4444444444444446,0.2653286745822162,1,2,3,0,,,,,0.1619626775269559,False,False,Aligned,1
E173,I07,b'\xea\x07\x00\x00\x00\x00\x00\x00',b'\x02\x00\x00\x00\x00\x00\x00\x00',3.0749999999999997,2.5,0.1247955168604485,1,2,2,1,,,,,0.1619626775269559,False,False,Aligned,1
E174,I07,b'\xea\x07\x00\x00\x00\x00\x00\x00',b'\x01\x00\x00\x00\x00\x00\x00\x00',2.2000000000000006,2.0,0.0,1,2,3,0,,,,,0.1619626775269559,False,False,Aligned,1
E174,I07,b'\xea\x07\x00\x00\x00\x00\x00\x00',b'\x02\x00\x00\x00\x00\x00\x00\x00',2.35,2.1875,0.12255152232810583,1,2,2,1,,,,,0.1619626775269559,False,False,Aligned,1
E175,I07,b'\xea\x07\x00\x00\x00\x00\x00\x00',b'\x01\x00\x00\x00\x00\x00\x00\x00',3.2777777777777772,3.444444444444444,0.28885260030240456,1,3,2,0,,,,,0.1619626775269559,False,False,Aligned,1
E175,I07,b'\xea\x07\x00\x00\x00\x00\x00\x00',b'\x02\x00\x00\x00\x00\x00\x00\x00',3.5999999999999996,3.8333333333333335,0.37916128329552323,1,4,1,0,,,,,0.1619626775269559,False,True,Anti-Aligned,0
E176,I07,b'\xea\x07\x00\x00\x00\x00\x00\x00',b'\x01\x00\x00\x00\x00\x00\x00\x00',4.599999999999999,5.0,0.0,1,2,3,0,,,,,0.1619626775269559,True,True,Aligned,1
E176,I07,b'\xea\x07\x00\x00\x00\x00\x00\x00',b'\x02\x00\x00\x00\x00\x00\x00\x00',4.644444444444444,5.0,0.06180165405913057,1,2,3,0,,,,,0.1619626775269559,True,True,Aligned,1
E177,I07,b'\xea\x07\x00\x00\x00\x00\x00\x00',b'\x01\x00\x00\x00\x00\x00\x00\x00',3.0,4.0,0.20000000000000032,1,3,2,0,,,,,0.1619626775269559,False,True,Anti-Aligned,0
E177,I07,b'\xea\x07\x00\x00\x00\x00\x00\x00',b'\x02\x00\x00\x00\x00\x00\x00\x00',3.3,4.5,0.3807015805810503,1,3,2,0,,,,,0.1619626775269559,False,True,Anti-Aligned,0
E178,I07,b'\xea\x07\x00\x00\x00\x00\x00\x00',b'\x01\x00\x00\x00\x00\x00\x00\x00',4.400000000000001,4.5,0.0,1,2,3,0,,,,,0.1619626775269559,True,True,Aligned,1
E178,I07,b'\xea\x07\x00\x00\x00\x00\x00\x00',b'\x02\x00\x00\x00\x00\x00\x00\x00',4.511111111111112,4.5,0.06653633092779689,1,2,3,0,,,,,0.1619626775269559,True,True,Aligned,1
E179,I07,b'\xea\x07\x00\x00\x00\x00\x00\x00',b'\x01\x00\x00\x00\x00\x00\x00\x00',3.2000000000000006,3.5,0.2000000000000006,1,3,2,0,,,,,0.1619626775269559,False,False,Aligned,1
E179,I07,b'\xea\x07\x00\x00\x00\x00\x00\x00',b'\x02\x00\x00\x00\x00\x00\x00\x00',3.533333333333333,3.805555555555556,0.35686274509803917,1,2,3,0,,,,,0.1619626775269559,False,False,Aligned,1
E180,I07,b'\xea\x07\x00\x00\x00\x00\x00\x00',b'\x01\x00\x00\x00\x00\x00\x00\x00',5.0,5.0,0.10000000000000119,1,0,1,5,,,,,0.1619626775269559,True,True,Aligned,1
E180,I07,b'\xea\x07\x00\x00\x00\x00\x00\x00',b'\x02\x00\x00\x00\x00\x00\x00\x00',5.0,5.0,0.1,1,0,2,4,,,,,0.1619626775269559,True,True,Aligned,1
E181,I07,b'\xea\x07\x00\x00\x00\x00\x00\x00',b'\x01\x00\x00\x00\x00\x00\x00\x00',4.0,4.0,0.2,1,3,2,0,,,,,0.1619626775269559,True,True,Aligned,1
E181,I07,b'\xea\x07\x00\x00\x00\x00\x00\x00',b'\x02\x00\x00\x00\x00\x00\x00\x00',4.222222222222221,4.305555555555555,0.315297112003212,1,3,2,0,,,,,0.1619626775269559,True,True,Aligned,1
E182,I07,b'\xea\x07\x00\x00\x00\x00\x00\x00',b'\x01\x00\x00\x00\x00\x00\x00\x00',2.6444444444444444,1.8888888888888886,0.10540925533894596,1,2,3,0,,,,,0.1619626775269559,False,False,Aligned,1
E182,I07,b'\xea\x07\x00\x00\x00\x00\x00\x00',b'\x02\x00\x00\x00\x00\x00\x00\x00',2.9777777777777774,2.5,0.23771919709326517,1,2,3,0,,,,,0.1619626775269559,False,False,Aligned,1
E183,I07,b'\xea\x07\x00\x00\x00\x00\x00\x00',b'\x01\x00\x00\x00\x00\x00\x00\x00',3.1833333333333336,3.0,0.24969039949999539,1,4,1,0,,,,,0.1619626775269559,False,False,Aligned,1
E183,I07,b'\xea\x07\x00\x00\x00\x00\x00\x00',b'\x02\x00\x00\x00\x00\x00\x00\x00',3.266666666666667,3.111111111111111,0.2980392156862745,1,2,3,0,,,,,0.1619626775269559,False,False,Aligned,1
E184,I07,b'\xea\x07\x00\x00\x00\x00\x00\x00',b'\x01\x00\x00\x00\x00\x00\x00\x00',4.826666666666666,5.0,0.16204482610841928,1,0,1,5,,,,,0.1619626775269559,True,True,Aligned,1
E184,I07,b'\xea\x07\x00\x00\x00\x00\x00\x00',b'\x02\x00\x00\x00\x00\x00\x00\x00',4.973333333333333,5.0,0.1606658800200899,1,0,1,5,,,,,0.1619626775269559,True,True,Aligned,1
E185,I07,b'\xea\x07\x00\x00\x00\x00\x00\x00',b'\x01\x00\x00\x00\x00\x00\x00\x00',4.375,4.5,0.04780670531797674,1,2,2,1,,,,,0.1619626775269559,True,True,Aligned,1
E185,I07,b'\xea\x07\x00\x00\x00\x00\x00\x00',b'\x02\x00\x00\x00\x00\x00\x00\x00',4.6499999999999995,4.9375,0.08759387227749003,1,2,2,1,,,,,0.1619626775269559,True,True,Aligned,1
E186,I07,b'\xea\x07\x00\x00\x00\x00\x00\x00',b'\x01\x00\x00\x00\x00\x00\x00\x00',2.5,2.75,0.2602338601936835,1,3,2,0,,,,,0.1619626775269559,False,False,Aligned,1
E186,I07,b'\xea\x07\x00\x00\x00\x00\x00\x00',b'\x02\x00\x00\x00\x00\x00\x00\x00',2.8499999999999996,2.8333333333333335,0.3641371837493359,1,4,1,0,,,,,0.1619626775269559,False,False,Aligned,1
E187,I07,b'\xea\x07\x00\x00\x00\x00\x00\x00',b'\x01\x00\x00\x00\x00\x00\x00\x00',3.4,3.0,2.9605947323337506e-16,1,2,2,1,,,,,0.1619626775269559,False,False,Aligned,1
E187,I07,b'\xea\x07\x00\x00\x00\x00\x00\x00',b'\x02\x00\x00\x00\x00\x00\x00\x00',3.475,3.1875,0.06285393610547095,1,2,2,1,,,,,0.1619626775269559,False,False,Aligned,1
E188,I07,b'\xea\x07\x00\x00\x00\x00\x00\x00',b'\x01\x00\x00\x00\x00\x00\x00\x00',2.155555555555556,1.9444444444444446,0.3005021406344604,1,3,2,0,,,,,0.1619626775269559,False,False,Aligned,1
E188,I07,b'\xea\x07\x00\x00\x00\x00\x00\x00',b'\x02\x00\x00\x00\x00\x00\x00\x00',2.4222222222222225,2.25,0.31529711200321187,1,3,2,0,,,,,0.1619626775269559,False,False,Aligned,1
E189,I07,b'\xea\x07\x00\x00\x00\x00\x00\x00',b'\x01\x00\x00\x00\x00\x00\x00\x00',5.0,5.0,0.2000000000000006,1,3,2,0,,,,,0.1619626775269559,True,True,Aligned,1
E189,I07,b'\xea\x07\x00\x00\x00\x00\x00\x00',b'\x02\x00\x00\x00\x00\x00\x00\x00',5.0,5.0,0.2,1,2,3,0,,,,,0.1619626775269559,True,True,Aligned,1
E190,I07,b'\xea\x07\x00\x00\x00\x00\x00\x00',b'\x01\x00\x00\x00\x00\x00\x00\x00',4.5777777777777775,5.0,0.04841229182759254,1,2,3,0,,,,,0.1619626775269559,True,True,Aligned,1
E190,I07,b'\xea\x07\x00\x00\x00\x00\x00\x00',b'\x02\x00\x00\x00\x00\x00\x00\x00',4.7,5.0,0.06663605051503296,1,2,2,1,,,,,0.1619626775269559,True,True,Aligned,1
E191,I07,b'\xea\x07\x00\x00\x00\x00\x00\x00',b'\x01\x00\x00\x00\x00\x00\x00\x00',4.55,5.0,0.12255152232810569,1,2,2,1,,,,,0.1619626775269559,True,True,Aligned,1
E191,I07,b'\xea\x07\x00\x00\x00\x00\x00\x00',b'\x02\x00\x00\x00\x00\x00\x00\x00',4.511111111111112,5.0,0.06653633092779689,1,2,3,0,,,,,0.1619626775269559,True,True,Aligned,1
E192,I07,b'\xea\x07\x00\x00\x00\x00\x00\x00',b'\x01\x00\x00\x00\x00\x00\x00\x00',3.5,3.25,0.06075267994050856,1,2,1,2,,,,,0.1619626775269559,False,False,Aligned,1
E192,I07,b'\xea\x07\x00\x00\x00\x00\x00\x00',b'\x02\x00\x00\x00\x00\x00\x00\x00',3.755555555555556,3.3888888888888893,0.1452368754827781,1,2,3,0,,,,,0.1619626775269559,False,False,Aligned,1
E193,I07,b'\xea\x07\x00\x00\x00\x00\x00\x00',b'\x01\x00\x00\x00\x00\x00\x00\x00',3.9499999999999997,3.9583333333333335,0.349071198499986,1,4,1,0,,,,,0.1619626775269559,True,True,Aligned,1
E193,I07,b'\xea\x07\x00\x00\x00\x00\x00\x00',b'\x02\x00\x00\x00\x00\x00\x00\x00',4.177777777777778,4.0,0.32150535988101714,1,2,3,0,,,,,0.1619626775269559,True,True,Aligned,1
E194,I07,b'\xea\x07\x00\x00\x00\x00\x00\x00',b'\x01\x00\x00\x00\x00\x00\x00\x00',2.4,2.0,0.20000000000000032,1,4,1,0,,,,,0.1619626775269559,False,False,Aligned,1
E194,I07,b'\xea\x07\x00\x00\x00\x00\x00\x00',b'\x02\x00\x00\x00\x00\x00\x00\x00',2.755555555555555,2.0555555555555554,0.36189355703524406,1,3,2,0,,,,,0.1619626775269559,False,False,Aligned,1
E195,I07,b'\xea\x07\x00\x00\x00\x00\x00\x00',b'\x01\x00\x00\x00\x00\x00\x00\x00',4.466666666666667,4.722222222222222,0.18540496217739147,1,2,3,0,,,,,0.1619626775269559,True,True,Aligned,1
E195,I07,b'\xea\x07\x00\x00\x00\x00\x00\x00',b'\x02\x00\x00\x00\x00\x00\x00\x00',4.4,4.5,0.11895085353016815,1,2,3,0,,,,,0.1619626775269559,True,True,Aligned,1
E196,I07,b'\xea\x07\x00\x00\x00\x00\x00\x00',b'\x01\x00\x00\x00\x00\x00\x00\x00',2.8499999999999996,2.8333333333333335,0.3415183198114282,1,4,1,0,,,,,0.1619626775269559,False,False,Aligned,1
E196,I07,b'\xea\x07\x00\x00\x00\x00\x00\x00',b'\x02\x00\x00\x00\x00\x00\x00\x00',2.6333333333333337,2.5416666666666665,0.2628539361054708,1,4,1,0,,,,,0.1619626775269559,False,False,Aligned,1
E197,I07,b'\xea\x07\x00\x00\x00\x00\x00\x00',b'\x01\x00\x00\x00\x00\x00\x00\x00',4.688888888888888,5.0,0.06180165405913057,1,2,3,0,,,,,0.1619626775269559,True,True,Aligned,1
E197,I07,b'\xea\x07\x00\x00\x00\x00\x00\x00',b'\x02\x00\x00\x00\x00\x00\x00\x00',4.6000000000000005,5.0,0.0,1,2,2,1,,,,,0.1619626775269559,True,True,Aligned,1
E198,I07,b'\xea\x07\x00\x00\x00\x00\x00\x00',b'\x01\x00\x00\x00\x00\x00\x00\x00',4.2,4.5,5.921189464667501e-16,1,2,1,2,,,,,0.1619626775269559,True,True,Aligned,1
E198,I07,b'\xea\x07\x00\x00\x00\x00\x00\x00',b'\x02\x00\x00\x00\x00\x00\x00\x00',4.3999999999999995,4.5625,0.10856588963672231,1,2,2,1,,,,,0.1619626775269559,True,True,Aligned,1
E199,I07,b'\xea\x07\x00\x00\x00\x00\x00\x00',b'\x01\x00\x00\x00\x00\x00\x00\x00',5.0,5.0,0.2000000000000006,1,3,2,0,,,,,0.1619626775269559,True,True,Aligned,1
E199,I07,b'\xea\x07\x00\x00\x00\x00\x00\x00',b'\x02\x00\x00\x00\x00\x00\x00\x00',5.0,5.0,0.2000000000000006,1,3,2,0,,,,,0.1619626775269559,True,True,Aligned,1
E200,I07,b'\xea\x07\x00\x00\x00\x00\x00\x00',b'\x01\x00\x00\x00\x00\x00\x00\x00',3.966666666666667,4.25,0.3399708424447531,1,3,2,0,,,,,0.1619626775269559,True,True,Aligned,1
E200,I07,b'\xea\x07\x00\x00\x00\x00\x00\x00',b'\x02\x00\x00\x00\x00\x00\x00\x00',4.1000000000000005,4.333333333333333,0.307853479841193,1,4,1,0,,,,,0.1619626775269559,True,True,Aligned,1
E201,I07,b'\xea\x07\x00\x00\x00\x00\x00\x00',b'\x01\x00\x00\x00\x00\x00\x00\x00',2.9250000000000003,2.0625,0.23690691255384322,1,2,2,1,,,,,0.1619626775269559,False,False,Aligned,1
E201,I07,b'\xea\x07\x00\x00\x00\x00\x00\x00',b'\x02\x00\x00\x00\x00\x00\x00\x00',2.9777777777777774,2.2222222222222223,0.12360330811826115,1,2,3,0,,,,,0.1619626775269559,False,False,Aligned,1
E202,I07,b'\xea\x07\x00\x00\x00\x00\x00\x00',b'\x01\x00\x00\x00\x00\x00\x00\x00',4.955555555555556,4.944444444444445,0.0968245836551855,1,2,3,0,,,,,0.1619626775269559,True,True,Aligned,1
E202,I07,b'\xea\x07\x00\x00\x00\x00\x00\x00',b'\x02\x00\x00\x00\x00\x00\x00\x00',5.0,5.0,0.0,1,2,2,1,,,,,0.1619626775269559,True,True,Aligned,1
E203,I07,b'\xea\x07\x00\x00\x00\x00\x00\x00',b'\x01\x00\x00\x00\x00\x00\x00\x00',3.1555555555555554,3.222222222222222,0.341665818574027,1,2,3,0,,,,,0.1619626775269559,False,False,Aligned,1
E203,I07,b'\xea\x07\x00\x00\x00\x00\x00\x00',b'\x02\x00\x00\x00\x00\x00\x00\x00',3.716666666666667,3.7083333333333335,0.4735731157425095,1,4,1,0,,,,,0.1619626775269559,False,False,Aligned,1
E204,I07,b'\xea\x07\x00\x00\x00\x00\x00\x00',b'\x01\x00\x00\x00\x00\x00\x00\x00',3.111111111111111,2.4166666666666665,0.38245988594023694,1,3,2,0,,,,,0.1619626775269559,False,False,Aligned,1
E204,I07,b'\xea\x07\x00\x00\x00\x00\x00\x00',b'\x02\x00\x00\x00\x00\x00\x00\x00',3.333333333333334,3.111111111111111,0.3568627450980393,1,2,3,0,,,,,0.1619626775269559,False,False,Aligned,1
E205,I07,b'\xea\x07\x00\x00\x00\x00\x00\x00',b'\x01\x00\x00\x00\x00\x00\x00\x00',2.6,2.0,0.20000000000000032,1,3,2,0,,,,,0.1619626775269559,False,False,Aligned,1
E205,I07,b'\xea\x07\x00\x00\x00\x00\x00\x00',b'\x02\x00\x00\x00\x00\x00\x00\x00',2.755555555555555,2.3333333333333335,0.2644248934296676,1,3,2,0,,,,,0.1619626775269559,False,False,Aligned,1
E206,I07,b'\xea\x07\x00\x00\x00\x00\x00\x00',b'\x01\x00\x00\x00\x00\x00\x00\x00',4.3999999999999995,5.0,5.921189464667501e-16,1,2,1,2,,,,,0.1619626775269559,True,True,Aligned,1
E206,I07,b'\xea\x07\x00\x00\x00\x00\x00\x00',b'\x02\x00\x00\x00\x00\x00\x00\x00',4.48888888888889,5.0,0.0618016540591303,1,2,3,0,,,,,0.1619626775269559,True,True,Aligned,1
E207,I07,b'\xea\x07\x00\x00\x00\x00\x00\x00',b'\x01\x00\x00\x00\x00\x00\x00\x00',1.688888888888889,1.222222222222222,0.06180165405913051,1,2,3,0,,,,,0.1619626775269559,False,False,Aligned,1
E207,I07,b'\xea\x07\x00\x00\x00\x00\x00\x00',b'\x02\x00\x00\x00\x00\x00\x00\x00',1.95,1.3125,0.1618805289454925,1,2,1,2,,,,,0.1619626775269559,False,False,Aligned,1
E208,I08,b'\xea\x07\x00\x00\x00\x00\x00\x00',b'\x01\x00\x00\x00\x00\x00\x00\x00',4.375,4.5,0.05471012044321937,1,1,1,2,,,,,0.23222998267818734,True,True,Aligned,1
E208,I08,b'\xea\x07\x00\x00\x00\x00\x00\x00',b'\x02\x00\x00\x00\x00\x00\x00\x00',4.4750000000000005,4.5,0.06438718424891483,1,1,2,1,,,,,0.23222998267818734,True,True,Aligned,1
E209,I08,b'\xea\x07\x00\x00\x00\x00\x00\x00',b'\x01\x00\x00\x00\x00\x00\x00\x00',4.55,4.9375,0.10165867762208396,1,2,1,2,,,,,0.23222998267818734,True,True,Aligned,1
E209,I08,b'\xea\x07\x00\x00\x00\x00\x00\x00',b'\x02\x00\x00\x00\x00\x00\x00\x00',4.7,5.0,0.06075267994050856,1,2,1,2,,,,,0.23222998267818734,True,True,Aligned,1
E210,I08,b'\xea\x07\x00\x00\x00\x00\x00\x00',b'\x01\x00\x00\x00\x00\x00\x00\x00',2.85,3.0,0.08759387227749009,1,2,2,1,,,,,0.23222998267818734,False,False,Aligned,1
E210,I08,b'\xea\x07\x00\x00\x00\x00\x00\x00',b'\x02\x00\x00\x00\x00\x00\x00\x00',3.15,3.3125,0.18022157322472251,1,2,1,2,,,,,0.23222998267818734,False,False,Aligned,1
E211,I08,b'\xea\x07\x00\x00\x00\x00\x00\x00',b'\x01\x00\x00\x00\x00\x00\x00\x00',2.0,1.5,0.0,1,1,2,1,,,,,0.23222998267818734,False,False,Aligned,1
E211,I08,b'\xea\x07\x00\x00\x00\x00\x00\x00',b'\x02\x00\x00\x00\x00\x00\x00\x00',2.275,1.9375,0.09897433186107867,1,1,1,2,,,,,0.23222998267818734,False,False,Aligned,1
E212,I08,b'\xea\x07\x00\x00\x00\x00\x00\x00',b'\x01\x00\x00\x00\x00\x00\x00\x00',3.9833333333333334,5.0,0.24969039949999539,1,4,1,0,,,,,0.23222998267818734,True,True,Aligned,1
E212,I08,b'\xea\x07\x00\x00\x00\x00\x00\x00',b'\x02\x00\x00\x00\x00\x00\x00\x00',4.283333333333334,5.0,0.3159442654999892,1,4,1,0,,,,,0.23222998267818734,True,True,Aligned,1
E213,I08,b'\xea\x07\x00\x00\x00\x00\x00\x00',b'\x01\x00\x00\x00\x00\x00\x00\x00',3.3166666666666664,3.5,0.2876456264162906,1,4,1,0,,,,,0.23222998267818734,False,False,Aligned,1
E213,I08,b'\xea\x07\x00\x00\x00\x00\x00\x00',b'\x02\x00\x00\x00\x00\x00\x00\x00',3.6222222222222222,4.194444444444445,0.343755902964672,1,3,2,0,,,,,0.23222998267818734,False,True,Anti-Aligned,0
E214,I08,b'\xea\x07\x00\x00\x00\x00\x00\x00',b'\x01\x00\x00\x00\x00\x00\x00\x00',3.4,4.0,0.1000000000000003,1,2,2,0,,,,,0.23222998267818734,False,True,Anti-Aligned,0
E214,I08,b'\xea\x07\x00\x00\x00\x00\x00\x00',b'\x02\x00\x00\x00\x00\x00\x00\x00',3.8666666666666663,4.388888888888888,0.2576683052825954,1,3,1,0,,,,,0.23222998267818734,True,True,Aligned,1
E215,I08,b'\xea\x07\x00\x00\x00\x00\x00\x00',b'\x01\x00\x00\x00\x00\x00\x00\x00',4.786666666666666,4.5,0.2466569474815844,1,0,1,5,,,,,0.23222998267818734,True,True,Aligned,1
E215,I08,b'\xea\x07\x00\x00\x00\x00\x00\x00',b'\x02\x00\x00\x00\x00\x00\x00\x00',4.853333333333333,4.633333333333334,0.2647494541408608,1,0,1,5,,,,,0.23222998267818734,True,True,Aligned,1
E216,I08,b'\xea\x07\x00\x00\x00\x00\x00\x00',b'\x01\x00\x00\x00\x00\x00\x00\x00',3.0,3.0,2.9605947323337506e-16,1,2,1,2,,,,,0.23222998267818734,False,False,Aligned,1
E216,I08,b'\xea\x07\x00\x00\x00\x00\x00\x00',b'\x02\x00\x00\x00\x00\x00\x00\x00',3.4,3.5,0.14504503536397592,1,2,1,2,,,,,0.23222998267818734,False,False,Aligned,1
E217,I08,b'\xea\x07\x00\x00\x00\x00\x00\x00',b'\x01\x00\x00\x00\x00\x00\x00\x00',3.3333333333333335,2.3333333333333335,0.16337493679121934,1,3,1,0,,,,,0.23222998267818734,False,False,Aligned,1
E217,I08,b'\xea\x07\x00\x00\x00\x00\x00\x00',b'\x02\x00\x00\x00\x00\x00\x00\x00',3.433333333333333,2.3333333333333335,0.21780301787479028,1,2,2,0,,,,,0.23222998267818734,False,False,Aligned,1
E218,I08,b'\xea\x07\x00\x00\x00\x00\x00\x00',b'\x01\x00\x00\x00\x00\x00\x00\x00',4.155555555555555,4.0,0.26075267994050855,1,2,3,0,,,,,0.23222998267818734,True,True,Aligned,1
E218,I08,b'\xea\x07\x00\x00\x00\x00\x00\x00',b'\x02\x00\x00\x00\x00\x00\x00\x00',4.3500000000000005,4.041666666666667,0.26625386599999384,1,4,1,0,,,,,0.23222998267818734,True,True,Aligned,1
E219,I08,b'\xea\x07\x00\x00\x00\x00\x00\x00',b'\x01\x00\x00\x00\x00\x00\x00\x00',4.546666666666666,4.333333333333333,0.296760321613512,1,0,1,5,,,,,0.23222998267818734,True,True,Aligned,1
E219,I08,b'\xea\x07\x00\x00\x00\x00\x00\x00',b'\x02\x00\x00\x00\x00\x00\x00\x00',4.783333333333334,4.625,0.35029879685582227,1,0,2,4,,,,,0.23222998267818734,True,True,Aligned,1
E220,I08,b'\xea\x07\x00\x00\x00\x00\x00\x00',b'\x01\x00\x00\x00\x00\x00\x00\x00',2.2000000000000006,1.6333333333333335,0.302819903115566,1,0,1,5,,,,,0.23222998267818734,False,False,Aligned,1
E220,I08,b'\xea\x07\x00\x00\x00\x00\x00\x00',b'\x02\x00\x00\x00\x00\x00\x00\x00',2.5466666666666664,2.0,0.34239785074289397,1,0,1,5,,,,,0.23222998267818734,False,False,Aligned,1
E221,I09,b'\xea\x07\x00\x00\x00\x00\x00\x00',b'\x01\x00\x00\x00\x00\x00\x00\x00',4.0,4.0,0.0,1,3,1,0,,,,,0.06611837695368977,True,True,Aligned,1
E221,I09,b'\xea\x07\x00\x00\x00\x00\x00\x00',b'\x02\x00\x00\x00\x00\x00\x00\x00',4.488888888888888,4.444444444444444,0.14661718398419663,1,3,1,0,,,,,0.06611837695368977,True,True,Aligned,1
E222,I09,b'\xea\x07\x00\x00\x00\x00\x00\x00',b'\x01\x00\x00\x00\x00\x00\x00\x00',2.35,2.0833333333333335,0.16755624963887653,1,0,2,4,,,,,0.06611837695368977,False,False,Aligned,1
E222,I09,b'\xea\x07\x00\x00\x00\x00\x00\x00',b'\x02\x00\x00\x00\x00\x00\x00\x00',2.8666666666666667,2.611111111111111,0.18986314748727973,1,0,3,3,,,,,0.06611837695368977,False,False,Aligned,1
E223,I09,b'\xea\x07\x00\x00\x00\x00\x00\x00',b'\x01\x00\x00\x00\x00\x00\x00\x00',4.977777777777778,5.0,0.052548465466459526,1,1,3,0,,,,,0.06611837695368977,True,True,Aligned,1
E223,I09,b'\xea\x07\x00\x00\x00\x00\x00\x00',b'\x02\x00\x00\x00\x00\x00\x00\x00',5.0,5.0,5.921189464667501e-16,1,2,2,0,,,,,0.06611837695368977,True,True,Aligned,1
E224,I09,b'\xea\x07\x00\x00\x00\x00\x00\x00',b'\x01\x00\x00\x00\x00\x00\x00\x00',4.706666666666667,4.933333333333334,0.09658077637337249,1,0,5,1,,,,,0.06611837695368977,True,True,Aligned,1
E224,I09,b'\xea\x07\x00\x00\x00\x00\x00\x00',b'\x02\x00\x00\x00\x00\x00\x00\x00',4.95,5.0,0.0609424667577938,1,0,4,2,,,,,0.06611837695368977,True,True,Aligned,1
E225,I09,b'\xea\x07\x00\x00\x00\x00\x00\x00',b'\x01\x00\x00\x00\x00\x00\x00\x00',4.400000000000001,5.0,0.0,1,3,1,0,,,,,0.06611837695368977,True,True,Aligned,1
E225,I09,b'\xea\x07\x00\x00\x00\x00\x00\x00',b'\x02\x00\x00\x00\x00\x00\x00\x00',4.400000000000001,5.0,0.0,1,3,1,0,,,,,0.06611837695368977,True,True,Aligned,1
E226,I09,b'\xea\x07\x00\x00\x00\x00\x00\x00',b'\x01\x00\x00\x00\x00\x00\x00\x00',1.6333333333333335,1.9166666666666667,0.14054567378526134,1,2,2,0,,,,,0.06611837695368977,False,False,Aligned,1
E226,I09,b'\xea\x07\x00\x00\x00\x00\x00\x00',b'\x02\x00\x00\x00\x00\x00\x00\x00',1.9333333333333331,2.25,0.1807704219034383,1,2,2,0,,,,,0.06611837695368977,False,False,Aligned,1
E227,I09,b'\xea\x07\x00\x00\x00\x00\x00\x00',b'\x01\x00\x00\x00\x00\x00\x00\x00',2.2,2.1,0.1586551851155844,1,0,5,1,,,,,0.06611837695368977,False,False,Aligned,1
E227,I09,b'\xea\x07\x00\x00\x00\x00\x00\x00',b'\x02\x00\x00\x00\x00\x00\x00\x00',2.6500000000000004,2.833333333333333,0.2332847374079217,1,0,6,0,,,,,0.06611837695368977,False,False,Aligned,1
E228,I09,b'\xea\x07\x00\x00\x00\x00\x00\x00',b'\x01\x00\x00\x00\x00\x00\x00\x00',4.4222222222222225,4.333333333333333,0.10256410256410241,1,0,3,1,,,,,0.06611837695368977,True,True,Aligned,1
E228,I09,b'\xea\x07\x00\x00\x00\x00\x00\x00',b'\x02\x00\x00\x00\x00\x00\x00\x00',4.666666666666666,4.833333333333333,0.09626463550428598,1,0,2,2,,,,,0.06611837695368977,True,True,Aligned,1
E229,I09,b'\xea\x07\x00\x00\x00\x00\x00\x00',b'\x01\x00\x00\x00\x00\x00\x00\x00',4.15,4.4375,0.06531972647421815,1,0,4,0,,,,,0.06611837695368977,True,True,Aligned,1
E229,I09,b'\xea\x07\x00\x00\x00\x00\x00\x00',b'\x02\x00\x00\x00\x00\x00\x00\x00',4.25,4.5625,0.10666666666666653,1,0,4,0,,,,,0.06611837695368977,True,True,Aligned,1
E230,I09,b'\xea\x07\x00\x00\x00\x00\x00\x00',b'\x01\x00\x00\x00\x00\x00\x00\x00',3.888888888888888,4.0,0.06486723405473606,1,1,3,0,,,,,0.06611837695368977,True,True,Aligned,1
E230,I09,b'\xea\x07\x00\x00\x00\x00\x00\x00',b'\x02\x00\x00\x00\x00\x00\x00\x00',4.133333333333334,4.5,0.18077042190343848,1,2,2,0,,,,,0.06611837695368977,True,True,Aligned,1
E231,I09,b'\xea\x07\x00\x00\x00\x00\x00\x00',b'\x01\x00\x00\x00\x00\x00\x00\x00',4.333333333333334,4.333333333333333,0.06625386599999383,1,0,2,2,,,,,0.06611837695368977,True,True,Aligned,1
E231,I09,b'\xea\x07\x00\x00\x00\x00\x00\x00',b'\x02\x00\x00\x00\x00\x00\x00\x00',4.511111111111111,4.777777777777778,0.06587298758289786,1,0,3,1,,,,,0.06611837695368977,True,True,Aligned,1
E232,I09,b'\xea\x07\x00\x00\x00\x00\x00\x00',b'\x01\x00\x00\x00\x00\x00\x00\x00',3.955555555555555,4.0,0.10509693093291894,1,0,3,1,,,,,0.06611837695368977,True,True,Aligned,1
E232,I09,b'\xea\x07\x00\x00\x00\x00\x00\x00',b'\x02\x00\x00\x00\x00\x00\x00\x00',4.333333333333333,4.388888888888888,0.1776462366737309,1,0,3,1,,,,,0.06611837695368977,True,True,Aligned,1
E233,I09,b'\xea\x07\x00\x00\x00\x00\x00\x00',b'\x01\x00\x00\x00\x00\x00\x00\x00',4.400000000000001,4.5,0.0,1,0,2,2,,,,,0.06611837695368977,True,True,Aligned,1
E233,I09,b'\xea\x07\x00\x00\x00\x00\x00\x00',b'\x02\x00\x00\x00\x00\x00\x00\x00',4.425,4.5625,0.05333333333333315,1,0,4,0,,,,,0.06611837695368977,True,True,Aligned,1
E234,I09,b'\xea\x07\x00\x00\x00\x00\x00\x00',b'\x01\x00\x00\x00\x00\x00\x00\x00',4.566666666666666,5.0,0.055431961285539684,1,2,2,0,,,,,0.06611837695368977,True,True,Aligned,1
E234,I09,b'\xea\x07\x00\x00\x00\x00\x00\x00',b'\x02\x00\x00\x00\x00\x00\x00\x00',4.777777777777778,5.0,0.05471012044321937,1,3,1,0,,,,,0.06611837695368977,True,True,Aligned,1
E235,I09,b'\xea\x07\x00\x00\x00\x00\x00\x00',b'\x01\x00\x00\x00\x00\x00\x00\x00',4.566666666666666,4.916666666666667,0.05543196128553967,1,0,2,2,,,,,0.06611837695368977,True,True,Aligned,1
E235,I09,b'\xea\x07\x00\x00\x00\x00\x00\x00',b'\x02\x00\x00\x00\x00\x00\x00\x00',4.7555555555555555,5.0,0.06486723405473604,1,0,3,1,,,,,0.06611837695368977,True,True,Aligned,1
E236,I09,b'\xea\x07\x00\x00\x00\x00\x00\x00',b'\x01\x00\x00\x00\x00\x00\x00\x00',3.9,4.5,0.09977753031397178,1,0,4,0,,,,,0.06611837695368977,True,True,Aligned,1
E236,I09,b'\xea\x07\x00\x00\x00\x00\x00\x00',b'\x02\x00\x00\x00\x00\x00\x00\x00',4.1,4.75,0.19316155274674532,1,0,2,2,,,,,0.06611837695368977,True,True,Aligned,1
E237,I09,b'\xea\x07\x00\x00\x00\x00\x00\x00',b'\x01\x00\x00\x00\x00\x00\x00\x00',3.688888888888889,3.2222222222222228,0.06486723405473589,1,1,3,0,,,,,0.06611837695368977,False,False,Aligned,1
E237,I09,b'\xea\x07\x00\x00\x00\x00\x00\x00',b'\x02\x00\x00\x00\x00\x00\x00\x00',3.888888888888889,3.3888888888888893,0.11780301787479026,1,3,1,0,,,,,0.06611837695368977,True,False,Anti-Aligned,0
E238,I09,b'\xea\x07\x00\x00\x00\x00\x00\x00',b'\x01\x00\x00\x00\x00\x00\x00\x00',3.355555555555556,3.555555555555556,0.1521271484532444,1,0,3,1,,,,,0.06611837695368977,False,False,Aligned,1
E238,I09,b'\xea\x07\x00\x00\x00\x00\x00\x00',b'\x02\x00\x00\x00\x00\x00\x00\x00',3.8000000000000003,3.75,0.15108205966200844,1,0,2,2,,,,,0.06611837695368977,True,False,Anti-Aligned,0
E239,I09,b'\xea\x07\x00\x00\x00\x00\x00\x00',b'\x01\x00\x00\x00\x00\x00\x00\x00',2.6888888888888887,2.7222222222222228,0.0648672340547359,1,0,3,1,,,,,0.06611837695368977,False,False,Aligned,1
E239,I09,b'\xea\x07\x00\x00\x00\x00\x00\x00',b'\x02\x00\x00\x00\x00\x00\x00\x00',2.8,3.0,0.11971915415311539,1,0,3,1,,,,,0.06611837695368977,False,False,Aligned,1
E240,I09,b'\xea\x07\x00\x00\x00\x00\x00\x00',b'\x01\x00\x00\x00\x00\x00\x00\x00',2.6888888888888887,3.7777777777777772,0.11780301787479029,1,3,1,0,,,,,0.06611837695368977,False,False,Aligned,1
E240,I09,b'\xea\x07\x00\x00\x00\x00\x00\x00',b'\x02\x00\x00\x00\x00\x00\x00\x00',2.9,4.083333333333333,0.06438718424891511,1,2,2,0,,,,,0.06611837695368977,False,True,Anti-Aligned,0
E241,I09,b'\xea\x07\x00\x00\x00\x00\x00\x00',b'\x01\x00\x00\x00\x00\x00\x00\x00',3.8000000000000003,3.25,0.1995550606279435,1,0,4,0,,,,,0.06611837695368977,True,False,Anti-Aligned,0
E241,I09,b'\xea\x07\x00\x00\x00\x00\x00\x00',b'\x02\x00\x00\x00\x00\x00\x00\x00',3.7777777777777777,3.4444444444444446,0.12973446810947195,1,0,3,1,,,,,0.06611837695368977,False,False,Aligned,1
E242,I09,b'\xea\x07\x00\x00\x00\x00\x00\x00',b'\x01\x00\x00\x00\x00\x00\x00\x00',5.0,5.0,0.0,1,0,2,2,,,,,0.06611837695368977,True,True,Aligned,1
E242,I09,b'\xea\x07\x00\x00\x00\x00\x00\x00',b'\x02\x00\x00\x00\x00\x00\x00\x00',5.0,5.0,0.0,1,0,2,2,,,,,0.06611837695368977,True,True,Aligned,1
E243,I09,b'\xea\x07\x00\x00\x00\x00\x00\x00',b'\x01\x00\x00\x00\x00\x00\x00\x00',3.1777777777777776,4.5,0.05471012044321937,1,3,1,0,,,,,0.06611837695368977,False,True,Anti-Aligned,0
E243,I09,b'\xea\x07\x00\x00\x00\x00\x00\x00',b'\x02\x00\x00\x00\x00\x00\x00\x00',3.3666666666666663,4.583333333333333,0.055431961285539795,1,2,2,0,,,,,0.06611837695368977,False,True,Anti-Aligned,0
E244,I09,b'\xea\x07\x00\x00\x00\x00\x00\x00',b'\x01\x00\x00\x00\x00\x00\x00\x00',4.575,5.0,0.05333333333333315,1,0,4,0,,,,,0.06611837695368977,True,True,Aligned,1
E244,I09,b'\xea\x07\x00\x00\x00\x00\x00\x00',b'\x02\x00\x00\x00\x00\x00\x00\x00',4.599999999999999,5.0,5.921189464667501e-16,1,0,3,1,,,,,0.06611837695368977,True,True,Aligned,1
E245,I09,b'\xea\x07\x00\x00\x00\x00\x00\x00',b'\x01\x00\x00\x00\x00\x00\x00\x00',3.9666666666666663,3.9166666666666665,0.20325052471364627,1,0,2,2,,,,,0.06611837695368977,True,True,Aligned,1
E245,I09,b'\xea\x07\x00\x00\x00\x00\x00\x00',b'\x02\x00\x00\x00\x00\x00\x00\x00',4.3,4.3125,0.09977753031397187,1,0,4,0,,,,,0.06611837695368977,True,True,Aligned,1
E246,I09,b'\xea\x07\x00\x00\x00\x00\x00\x00',b'\x01\x00\x00\x00\x00\x00\x00\x00',4.566666666666666,4.916666666666667,0.055431961285539684,1,2,2,0,,,,,0.06611837695368977,True,True,Aligned,1
E246,I09,b'\xea\x07\x00\x00\x00\x00\x00\x00',b'\x02\x00\x00\x00\x00\x00\x00\x00',4.688888888888888,5.0,0.06486723405473604,1,1,3,0,,,,,0.06611837695368977,True,True,Aligned,1
E247,I09,b'\xea\x07\x00\x00\x00\x00\x00\x00',b'\x01\x00\x00\x00\x00\x00\x00\x00',4.555555555555555,4.666666666666667,0.1576453963993783,1,0,3,1,,,,,0.06611837695368977,True,True,Aligned,1
E247,I09,b'\xea\x07\x00\x00\x00\x00\x00\x00',b'\x02\x00\x00\x00\x00\x00\x00\x00',4.644444444444444,4.722222222222222,0.11694106924093707,1,0,3,1,,,,,0.06611837695368977,True,True,Aligned,1
E248,I09,b'\xea\x07\x00\x00\x00\x00\x00\x00',b'\x01\x00\x00\x00\x00\x00\x00\x00',4.3999999999999995,4.5,0.0,1,0,4,0,,,,,0.06611837695368977,True,True,Aligned,1
E248,I09,b'\xea\x07\x00\x00\x00\x00\x00\x00',b'\x02\x00\x00\x00\x00\x00\x00\x00',4.711111111111111,4.5,0.1297344681094718,1,0,3,1,,,,,0.06611837695368977,True,True,Aligned,1
E249,I09,b'\xea\x07\x00\x00\x00\x00\x00\x00',b'\x01\x00\x00\x00\x00\x00\x00\x00',4.75,4.4375,0.10666666666666653,1,0,4,0,,,,,0.06611837695368977,True,True,Aligned,1
E249,I09,b'\xea\x07\x00\x00\x00\x00\x00\x00',b'\x02\x00\x00\x00\x00\x00\x00\x00',4.8,4.5,0.0,1,0,3,1,,,,,0.06611837695368977,True,True,Aligned,1
E250,I09,b'\xea\x07\x00\x00\x00\x00\x00\x00',b'\x01\x00\x00\x00\x00\x00\x00\x00',4.300000000000001,4.25,0.06438718424891511,1,0,2,2,,,,,0.06611837695368977,True,True,Aligned,1
E250,I09,b'\xea\x07\x00\x00\x00\x00\x00\x00',b'\x02\x00\x00\x00\x00\x00\x00\x00',4.333333333333333,4.333333333333333,0.06551357610578573,1,0,2,2,,,,,0.06611837695368977,True,True,Aligned,1
E251,I09,b'\xea\x07\x00\x00\x00\x00\x00\x00',b'\x01\x00\x00\x00\x00\x00\x00\x00',2.511111111111111,1.9444444444444446,0.0989743318610787,1,3,1,0,,,,,0.06611837695368977,False,False,Aligned,1
E251,I09,b'\xea\x07\x00\x00\x00\x00\x00\x00',b'\x02\x00\x00\x00\x00\x00\x00\x00',2.822222222222222,2.3333333333333335,0.17766436291597745,1,3,1,0,,,,,0.06611837695368977,False,False,Aligned,1
E252,I09,b'\xea\x07\x00\x00\x00\x00\x00\x00',b'\x01\x00\x00\x00\x00\x00\x00\x00',2.666666666666666,2.3333333333333335,0.11235334512926481,1,0,3,1,,,,,0.06611837695368977,False,False,Aligned,1
E252,I09,b'\xea\x07\x00\x00\x00\x00\x00\x00',b'\x02\x00\x00\x00\x00\x00\x00\x00',3.222222222222222,3.0,0.2166628735823345,1,0,3,1,,,,,0.06611837695368977,False,False,Aligned,1
E253,I09,b'\xea\x07\x00\x00\x00\x00\x00\x00',b'\x01\x00\x00\x00\x00\x00\x00\x00',4.566666666666666,4.5,0.055431961285539684,1,2,2,0,,,,,0.06611837695368977,True,True,Aligned,1
E253,I09,b'\xea\x07\x00\x00\x00\x00\x00\x00',b'\x02\x00\x00\x00\x00\x00\x00\x00',4.7333333333333325,4.5,0.06388765649999405,1,3,1,0,,,,,0.06611837695368977,True,True,Aligned,1
E254,I09,b'\xea\x07\x00\x00\x00\x00\x00\x00',b'\x01\x00\x00\x00\x00\x00\x00\x00',2.288888888888889,2.2222222222222223,0.0648672340547359,1,1,3,0,,,,,0.06611837695368977,False,False,Aligned,1
E254,I09,b'\xea\x07\x00\x00\x00\x00\x00\x00',b'\x02\x00\x00\x00\x00\x00\x00\x00',2.3555555555555556,2.388888888888889,0.06598288790738571,1,3,1,0,,,,,0.06611837695368977,False,False,Aligned,1
E255,I09,b'\xea\x07\x00\x00\x00\x00\x00\x00',b'\x01\x00\x00\x00\x00\x00\x00\x00',4.599999999999999,4.5,5.921189464667501e-16,1,0,3,1,,,,,0.06611837695368977,True,True,Aligned,1
E255,I09,b'\xea\x07\x00\x00\x00\x00\x00\x00',b'\x02\x00\x00\x00\x00\x00\x00\x00',4.875,4.8125,0.11925695879998889,1,0,4,0,,,,,0.06611837695368977,True,True,Aligned,1
E256,I09,b'\xea\x07\x00\x00\x00\x00\x00\x00',b'\x01\x00\x00\x00\x00\x00\x00\x00',4.466666666666666,4.75,0.10072137310800548,1,0,2,2,,,,,0.06611837695368977,True,True,Aligned,1
E256,I09,b'\xea\x07\x00\x00\x00\x00\x00\x00',b'\x02\x00\x00\x00\x00\x00\x00\x00',4.511111111111111,4.722222222222222,0.06587298758289786,1,0,3,1,,,,,0.06611837695368977,True,True,Aligned,1
E257,I09,b'\xea\x07\x00\x00\x00\x00\x00\x00',b'\x01\x00\x00\x00\x00\x00\x00\x00',4.566666666666666,5.0,0.055431961285539684,1,2,2,0,,,,,0.06611837695368977,True,True,Aligned,1
E257,I09,b'\xea\x07\x00\x00\x00\x00\x00\x00',b'\x02\x00\x00\x00\x00\x00\x00\x00',4.699999999999999,5.0,0.06438718424891511,1,2,2,0,,,,,0.06611837695368977,True,True,Aligned,1
E258,I09,b'\xea\x07\x00\x00\x00\x00\x00\x00',b'\x01\x00\x00\x00\x00\x00\x00\x00',3.85,3.9375,0.15549205052920803,1,0,4,0,,,,,0.06611837695368977,True,True,Aligned,1
E258,I09,b'\xea\x07\x00\x00\x00\x00\x00\x00',b'\x02\x00\x00\x00\x00\x00\x00\x00',3.8666666666666663,4.083333333333333,0.06625386599999383,1,0,2,2,,,,,0.06611837695368977,True,True,Aligned,1
E259,I10,b'\xea\x07\x00\x00\x00\x00\x00\x00',b'\x01\x00\x00\x00\x00\x00\x00\x00',4.466666666666667,4.0,0.09797422140791164,1,1,3,0,,,,,0.06606342679144585,True,True,Aligned,1
E259,I10,b'\xea\x07\x00\x00\x00\x00\x00\x00',b'\x02\x00\x00\x00\x00\x00\x00\x00',4.400000000000001,4.0,5.921189464667501e-16,1,1,3,0,,,,,0.06606342679144585,True,True,Aligned,1
E260,I10,b'\xea\x07\x00\x00\x00\x00\x00\x00',b'\x01\x00\x00\x00\x00\x00\x00\x00',3.5999999999999996,5.0,0.12006004503753287,1,0,4,2,,,,,0.06606342679144585,False,True,Anti-Aligned,0
E260,I10,b'\xea\x07\x00\x00\x00\x00\x00\x00',b'\x02\x00\x00\x00\x00\x00\x00\x00',3.9000000000000004,5.0,0.1776397483800539,1,0,4,2,,,,,0.06606342679144585,True,True,Aligned,1
E261,I10,b'\xea\x07\x00\x00\x00\x00\x00\x00',b'\x01\x00\x00\x00\x00\x00\x00\x00',2.0,1.5,0.0,1,0,3,1,,,,,0.06606342679144585,False,False,Aligned,1
E261,I10,b'\xea\x07\x00\x00\x00\x00\x00\x00',b'\x02\x00\x00\x00\x00\x00\x00\x00',2.3555555555555556,1.9444444444444446,0.2594689362189439,1,0,3,1,,,,,0.06606342679144585,False,False,Aligned,1
E262,I10,b'\xea\x07\x00\x00\x00\x00\x00\x00',b'\x01\x00\x00\x00\x00\x00\x00\x00',3.3777777777777778,4.0,0.052548465466459415,1,1,3,0,,,,,0.06606342679144585,False,True,Anti-Aligned,0
E262,I10,b'\xea\x07\x00\x00\x00\x00\x00\x00',b'\x02\x00\x00\x00\x00\x00\x00\x00',3.755555555555555,4.444444444444444,0.259468936218944,1,1,3,0,,,,,0.06606342679144585,False,True,Anti-Aligned,0
E263,I10,b'\xea\x07\x00\x00\x00\x00\x00\x00',b'\x01\x00\x00\x00\x00\x00\x00\x00',3.9777777777777783,4.0,0.052548465466459526,1,0,3,1,,,,,0.06606342679144585,True,True,Aligned,1
E263,I10,b'\xea\x07\x00\x00\x00\x00\x00\x00',b'\x02\x00\x00\x00\x00\x00\x00\x00',4.333333333333333,4.222222222222222,0.1776462366737309,1,0,3,1,,,,,0.06606342679144585,True,True,Aligned,1
E264,I10,b'\xea\x07\x00\x00\x00\x00\x00\x00',b'\x01\x00\x00\x00\x00\x00\x00\x00',2.066666666666667,2.5,0.10072137310800566,1,0,2,2,,,,,0.06606342679144585,False,False,Aligned,1
E264,I10,b'\xea\x07\x00\x00\x00\x00\x00\x00',b'\x02\x00\x00\x00\x00\x00\x00\x00',2.2666666666666675,2.7222222222222228,0.09797422140791175,1,0,3,1,,,,,0.06606342679144585,False,False,Aligned,1
E265,I10,b'\xea\x07\x00\x00\x00\x00\x00\x00',b'\x01\x00\x00\x00\x00\x00\x00\x00',4.8,5.0,0.0,1,1,3,0,,,,,0.06606342679144585,True,True,Aligned,1
E265,I10,b'\xea\x07\x00\x00\x00\x00\x00\x00',b'\x02\x00\x00\x00\x00\x00\x00\x00',4.911111111111111,5.0,0.06587298758289817,1,1,3,0,,,,,0.06606342679144585,True,True,Aligned,1
E266,I10,b'\xea\x07\x00\x00\x00\x00\x00\x00',b'\x01\x00\x00\x00\x00\x00\x00\x00',4.7,5.0,0.09977753031397169,1,0,4,0,,,,,0.06606342679144585,True,True,Aligned,1
E266,I10,b'\xea\x07\x00\x00\x00\x00\x00\x00',b'\x02\x00\x00\x00\x00\x00\x00\x00',4.688888888888888,5.0,0.06486723405473604,1,0,3,1,,,,,0.06606342679144585,True,True,Aligned,1
E267,I10,b'\xea\x07\x00\x00\x00\x00\x00\x00',b'\x01\x00\x00\x00\x00\x00\x00\x00',3.4000000000000004,2.7222222222222228,0.11971915415311539,1,0,3,1,,,,,0.06606342679144585,False,False,Aligned,1
E267,I10,b'\xea\x07\x00\x00\x00\x00\x00\x00',b'\x02\x00\x00\x00\x00\x00\x00\x00',3.577777777777778,2.7222222222222228,0.12973446810947195,1,0,3,1,,,,,0.06606342679144585,False,False,Aligned,1
E268,I10,b'\xea\x07\x00\x00\x00\x00\x00\x00',b'\x01\x00\x00\x00\x00\x00\x00\x00',4.8,4.5,0.0,1,1,3,0,,,,,0.06606342679144585,True,True,Aligned,1
E268,I10,b'\xea\x07\x00\x00\x00\x00\x00\x00',b'\x02\x00\x00\x00\x00\x00\x00\x00',4.911111111111111,4.777777777777778,0.06587298758289817,1,1,3,0,,,,,0.06606342679144585,True,True,Aligned,1
E269,I10,b'\xea\x07\x00\x00\x00\x00\x00\x00',b'\x01\x00\x00\x00\x00\x00\x00\x00',1.9666666666666666,2.0,0.05543196128553987,1,2,2,0,,,,,0.06606342679144585,False,False,Aligned,1
E269,I10,b'\xea\x07\x00\x00\x00\x00\x00\x00',b'\x02\x00\x00\x00\x00\x00\x00\x00',2.2666666666666666,2.0,0.12777531299998796,1,3,1,0,,,,,0.06606342679144585,False,False,Aligned,1
E270,I10,b'\xea\x07\x00\x00\x00\x00\x00\x00',b'\x01\x00\x00\x00\x00\x00\x00\x00',4.533333333333333,5.0,0.06625386599999353,1,0,2,2,,,,,0.06606342679144585,True,True,Aligned,1
E270,I10,b'\xea\x07\x00\x00\x00\x00\x00\x00',b'\x02\x00\x00\x00\x00\x00\x00\x00',4.6000000000000005,5.0,0.0,1,0,4,0,,,,,0.06606342679144585,True,True,Aligned,1
E271,I10,b'\xea\x07\x00\x00\x00\x00\x00\x00',b'\x01\x00\x00\x00\x00\x00\x00\x00',4.8133333333333335,5.0,0.04760952285695238,1,0,1,5,,,,,0.06606342679144585,True,True,Aligned,1
E271,I10,b'\xea\x07\x00\x00\x00\x00\x00\x00',b'\x02\x00\x00\x00\x00\x00\x00\x00',4.946666666666667,5.0,0.06531972647421815,1,0,1,5,,,,,0.06606342679144585,True,True,Aligned,1
E272,I10,b'\xea\x07\x00\x00\x00\x00\x00\x00',b'\x01\x00\x00\x00\x00\x00\x00\x00',3.5999999999999996,3.75,0.12877436849783008,1,2,2,0,,,,,0.06606342679144585,False,False,Aligned,1
E272,I10,b'\xea\x07\x00\x00\x00\x00\x00\x00',b'\x02\x00\x00\x00\x00\x00\x00\x00',3.633333333333333,3.5833333333333335,0.1174852074406945,1,2,2,0,,,,,0.06606342679144585,False,False,Aligned,1
E273,I10,b'\xea\x07\x00\x00\x00\x00\x00\x00',b'\x01\x00\x00\x00\x00\x00\x00\x00',5.0,5.0,5.921189464667501e-16,1,2,2,0,,,,,0.06606342679144585,True,True,Aligned,1
E273,I10,b'\xea\x07\x00\x00\x00\x00\x00\x00',b'\x02\x00\x00\x00\x00\x00\x00\x00',5.0,5.0,5.921189464667501e-16,1,3,1,0,,,,,0.06606342679144585,True,True,Aligned,1
E274,I10,b'\xea\x07\x00\x00\x00\x00\x00\x00',b'\x01\x00\x00\x00\x00\x00\x00\x00',4.688888888888888,4.722222222222222,0.06486723405473604,1,1,3,0,,,,,0.06606342679144585,True,True,Aligned,1
E274,I10,b'\xea\x07\x00\x00\x00\x00\x00\x00',b'\x02\x00\x00\x00\x00\x00\x00\x00',4.8,4.722222222222222,0.11971915415311551,1,1,3,0,,,,,0.06606342679144585,True,True,Aligned,1
E275,I10,b'\xea\x07\x00\x00\x00\x00\x00\x00',b'\x01\x00\x00\x00\x00\x00\x00\x00',3.2666666666666666,3.0,0.10072137310800561,1,2,2,0,,,,,0.06606342679144585,False,False,Aligned,1
E275,I10,b'\xea\x07\x00\x00\x00\x00\x00\x00',b'\x02\x00\x00\x00\x00\x00\x00\x00',3.488888888888889,3.055555555555556,0.11780301787479026,1,3,1,0,,,,,0.06606342679144585,False,False,Aligned,1
E276,I10,b'\xea\x07\x00\x00\x00\x00\x00\x00',b'\x01\x00\x00\x00\x00\x00\x00\x00',4.688888888888888,5.0,0.06486723405473604,1,0,3,1,,,,,0.06606342679144585,True,True,Aligned,1
E276,I10,b'\xea\x07\x00\x00\x00\x00\x00\x00',b'\x02\x00\x00\x00\x00\x00\x00\x00',4.599999999999999,5.0,5.921189464667501e-16,1,0,3,1,,,,,0.06606342679144585,True,True,Aligned,1
E277,I11,b'\xea\x07\x00\x00\x00\x00\x00\x00',b'\x01\x00\x00\x00\x00\x00\x00\x00',4.666666666666666,4.75,0.194640985306437,1,2,2,0,,,,,0.16507076124999392,True,True,Aligned,1
E277,I11,b'\xea\x07\x00\x00\x00\x00\x00\x00',b'\x02\x00\x00\x00\x00\x00\x00\x00',4.711111111111111,4.5,0.16625386599999384,1,1,3,0,,,,,0.16507076124999392,True,True,Aligned,1
E278,I11,b'\xea\x07\x00\x00\x00\x00\x00\x00',b'\x01\x00\x00\x00\x00\x00\x00\x00',4.1,4.0,0.16388765649999404,1,2,2,0,,,,,0.16507076124999392,True,True,Aligned,1
E278,I11,b'\xea\x07\x00\x00\x00\x00\x00\x00',b'\x02\x00\x00\x00\x00\x00\x00\x00',4.2,4.0,0.2277753129999881,1,2,2,0,,,,,0.16507076124999392,True,True,Aligned,1
E279,I11,b'\xea\x07\x00\x00\x00\x00\x00\x00',b'\x01\x00\x00\x00\x00\x00\x00\x00',3.8166666666666664,3.0416666666666665,0.085183541999992,1,0,6,0,,,,,0.16507076124999392,True,False,Anti-Aligned,0
E279,I11,b'\xea\x07\x00\x00\x00\x00\x00\x00',b'\x02\x00\x00\x00\x00\x00\x00\x00',3.9333333333333336,3.25,0.18070158058105043,1,0,6,0,,,,,0.16507076124999392,True,False,Anti-Aligned,0
E280,I11,b'\xea\x07\x00\x00\x00\x00\x00\x00',b'\x01\x00\x00\x00\x00\x00\x00\x00',1.6000000000000003,1.5,0.10000000000000016,1,2,2,0,,,,,0.16507076124999392,False,False,Aligned,1
E280,I11,b'\xea\x07\x00\x00\x00\x00\x00\x00',b'\x02\x00\x00\x00\x00\x00\x00\x00',2.0,2.0833333333333335,0.2595771055249147,1,2,2,0,,,,,0.16507076124999392,False,False,Aligned,1
E281,I11,b'\xea\x07\x00\x00\x00\x00\x00\x00',b'\x01\x00\x00\x00\x00\x00\x00\x00',2.8666666666666667,2.5,0.1989743318610787,1,2,2,0,,,,,0.16507076124999392,False,False,Aligned,1
E281,I11,b'\xea\x07\x00\x00\x00\x00\x00\x00',b'\x02\x00\x00\x00\x00\x00\x00\x00',3.1333333333333333,2.75,0.27766436291597746,1,2,2,0,,,,,0.16507076124999392,False,False,Aligned,1
E282,I11,b'\xea\x07\x00\x00\x00\x00\x00\x00',b'\x01\x00\x00\x00\x00\x00\x00\x00',2.4250000000000003,1.75,0.18086213288334052,1,0,4,0,,,,,0.16507076124999392,False,False,Aligned,1
E282,I11,b'\xea\x07\x00\x00\x00\x00\x00\x00',b'\x02\x00\x00\x00\x00\x00\x00\x00',2.6999999999999997,1.875,0.09977753031397174,1,0,4,0,,,,,0.16507076124999392,False,False,Aligned,1
E283,I11,b'\xea\x07\x00\x00\x00\x00\x00\x00',b'\x01\x00\x00\x00\x00\x00\x00\x00',5.0,5.0,5.921189464667501e-16,1,1,2,1,,,,,0.16507076124999392,True,True,Aligned,1
E283,I11,b'\xea\x07\x00\x00\x00\x00\x00\x00',b'\x02\x00\x00\x00\x00\x00\x00\x00',5.0,5.0,0.0,1,1,1,2,,,,,0.16507076124999392,True,True,Aligned,1
E284,I11,b'\xea\x07\x00\x00\x00\x00\x00\x00',b'\x01\x00\x00\x00\x00\x00\x00\x00',4.599999999999999,4.5,0.1000000000000006,1,1,3,0,,,,,0.16507076124999392,True,True,Aligned,1
E284,I11,b'\xea\x07\x00\x00\x00\x00\x00\x00',b'\x02\x00\x00\x00\x00\x00\x00\x00',4.866666666666666,4.833333333333333,0.22674987358243892,1,3,1,0,,,,,0.16507076124999392,True,True,Aligned,1
E285,I11,b'\xea\x07\x00\x00\x00\x00\x00\x00',b'\x01\x00\x00\x00\x00\x00\x00\x00',3.975,4.25,0.2133333333333334,1,0,4,0,,,,,0.16507076124999392,True,True,Aligned,1
E285,I11,b'\xea\x07\x00\x00\x00\x00\x00\x00',b'\x02\x00\x00\x00\x00\x00\x00\x00',3.9499999999999997,4.0625,0.06531972647421815,1,0,4,0,,,,,0.16507076124999392,True,True,Aligned,1
E286,I11,b'\xea\x07\x00\x00\x00\x00\x00\x00',b'\x01\x00\x00\x00\x00\x00\x00\x00',2.053333333333333,2.566666666666667,0.30003778575611895,1,0,1,5,,,,,0.16507076124999392,False,False,Aligned,1
E286,I11,b'\xea\x07\x00\x00\x00\x00\x00\x00',b'\x02\x00\x00\x00\x00\x00\x00\x00',2.6533333333333333,3.266666666666667,0.5192579166469915,1,0,1,5,,,,,0.16507076124999392,False,False,Aligned,1
E287,I11,b'\xea\x07\x00\x00\x00\x00\x00\x00',b'\x01\x00\x00\x00\x00\x00\x00\x00',4.7,4.75,0.06388765649999405,1,1,1,2,,,,,0.16507076124999392,True,True,Aligned,1
E287,I11,b'\xea\x07\x00\x00\x00\x00\x00\x00',b'\x02\x00\x00\x00\x00\x00\x00\x00',4.8,4.75,0.1277753129999881,1,1,1,2,,,,,0.16507076124999392,True,True,Aligned,1
E288,I11,b'\xea\x07\x00\x00\x00\x00\x00\x00',b'\x01\x00\x00\x00\x00\x00\x00\x00',3.75,3.625,0.2231093404090868,1,0,4,0,,,,,0.16507076124999392,False,False,Aligned,1
E288,I11,b'\xea\x07\x00\x00\x00\x00\x00\x00',b'\x02\x00\x00\x00\x00\x00\x00\x00',3.85,3.0,0.13063945294843615,1,0,4,0,,,,,0.16507076124999392,True,False,Anti-Aligned,0
E289,I11,b'\xea\x07\x00\x00\x00\x00\x00\x00',b'\x01\x00\x00\x00\x00\x00\x00\x00',4.644444444444444,4.166666666666667,0.24054567378526123,1,1,3,0,,,,,0.16507076124999392,True,True,Aligned,1
E289,I11,b'\xea\x07\x00\x00\x00\x00\x00\x00',b'\x02\x00\x00\x00\x00\x00\x00\x00',4.766666666666667,4.416666666666667,0.15773502691896263,1,2,2,0,,,,,0.16507076124999392,True,True,Aligned,1
E290,I11,b'\xea\x07\x00\x00\x00\x00\x00\x00',b'\x01\x00\x00\x00\x00\x00\x00\x00',4.925,4.8125,0.06551357610578575,1,1,2,1,,,,,0.16507076124999392,True,True,Aligned,1
E290,I11,b'\xea\x07\x00\x00\x00\x00\x00\x00',b'\x02\x00\x00\x00\x00\x00\x00\x00',5.0,5.0,5.921189464667501e-16,1,1,2,1,,,,,0.16507076124999392,True,True,Aligned,1
E291,I11,b'\xea\x07\x00\x00\x00\x00\x00\x00',b'\x01\x00\x00\x00\x00\x00\x00\x00',2.6750000000000003,2.75,0.11925695879998877,1,0,4,0,,,,,0.16507076124999392,False,False,Aligned,1
E291,I11,b'\xea\x07\x00\x00\x00\x00\x00\x00',b'\x02\x00\x00\x00\x00\x00\x00\x00',3.15,3.1875,0.23851391759997753,1,0,4,0,,,,,0.16507076124999392,False,False,Aligned,1
E292,I12,b'\xea\x07\x00\x00\x00\x00\x00\x00',b'\x01\x00\x00\x00\x00\x00\x00\x00',2.5500000000000003,3.5,0.10587428356243965,1,5,2,1,,,,,0.42831623181369594,False,False,Aligned,1
E292,I12,b'\xea\x07\x00\x00\x00\x00\x00\x00',b'\x02\x00\x00\x00\x00\x00\x00\x00',2.62,3.75,0.10509693093291896,1,5,1,2,,,,,0.42831623181369594,False,False,Aligned,1
E293,I12,b'\xea\x07\x00\x00\x00\x00\x00\x00',b'\x01\x00\x00\x00\x00\x00\x00\x00',2.9000000000000004,3.125,0.3034152840318981,1,0,2,4,,,,,0.42831623181369594,False,False,Aligned,1
E293,I12,b'\xea\x07\x00\x00\x00\x00\x00\x00',b'\x02\x00\x00\x00\x00\x00\x00\x00',3.3499999999999996,3.5416666666666665,0.23656538655734963,1,0,2,4,,,,,0.42831623181369594,False,False,Aligned,1
E294,I12,b'\xea\x07\x00\x00\x00\x00\x00\x00',b'\x01\x00\x00\x00\x00\x00\x00\x00',4.555555555555555,3.944444444444444,0.5766612766101424,1,5,3,0,,,,,0.42831623181369594,True,True,Aligned,1
E294,I12,b'\xea\x07\x00\x00\x00\x00\x00\x00',b'\x02\x00\x00\x00\x00\x00\x00\x00',4.599999999999999,4.0,0.5,1,7,1,0,,,,,0.42831623181369594,True,True,Aligned,1
E295,I12,b'\xea\x07\x00\x00\x00\x00\x00\x00',b'\x01\x00\x00\x00\x00\x00\x00\x00',2.7238095238095235,3.4761904761904763,0.5700193195185767,1,7,1,0,,,,,0.42831623181369594,False,False,Aligned,1
E295,I12,b'\xea\x07\x00\x00\x00\x00\x00\x00',b'\x02\x00\x00\x00\x00\x00\x00\x00',2.855555555555555,3.75,0.6011274313409299,1,6,2,0,,,,,0.42831623181369594,False,False,Aligned,1
E296,I12,b'\xea\x07\x00\x00\x00\x00\x00\x00',b'\x01\x00\x00\x00\x00\x00\x00\x00',4.6499999999999995,4.4375,0.07111880004567547,1,5,2,1,,,,,0.42831623181369594,True,True,Aligned,1
E296,I12,b'\xea\x07\x00\x00\x00\x00\x00\x00',b'\x02\x00\x00\x00\x00\x00\x00\x00',4.6000000000000005,4.5,0.0,1,5,2,1,,,,,0.42831623181369594,True,True,Aligned,1
E297,I12,b'\xea\x07\x00\x00\x00\x00\x00\x00',b'\x01\x00\x00\x00\x00\x00\x00\x00',2.586666666666667,2.9333333333333336,0.514020885913022,1,0,1,5,,,,,0.42831623181369594,False,False,Aligned,1
E297,I12,b'\xea\x07\x00\x00\x00\x00\x00\x00',b'\x02\x00\x00\x00\x00\x00\x00\x00',2.966666666666667,3.1666666666666665,0.4181529734146137,1,0,2,4,,,,,0.42831623181369594,False,False,Aligned,1
E298,I12,b'\xea\x07\x00\x00\x00\x00\x00\x00',b'\x01\x00\x00\x00\x00\x00\x00\x00',5.0,5.0,0.5000000000000006,1,5,3,0,,,,,0.42831623181369594,True,True,Aligned,1
E298,I12,b'\xea\x07\x00\x00\x00\x00\x00\x00',b'\x02\x00\x00\x00\x00\x00\x00\x00',5.0,5.0,0.5,1,6,2,0,,,,,0.42831623181369594,True,True,Aligned,1
E299,I12,b'\xea\x07\x00\x00\x00\x00\x00\x00',b'\x01\x00\x00\x00\x00\x00\x00\x00',4.599999999999999,5.0,0.5,1,7,1,0,,,,,0.42831623181369594,True,True,Aligned,1
E299,I12,b'\xea\x07\x00\x00\x00\x00\x00\x00',b'\x02\x00\x00\x00\x00\x00\x00\x00',4.688888888888888,5.0,0.5514259477226581,1,5,3,0,,,,,0.42831623181369594,True,True,Aligned,1
E300,I12,b'\xea\x07\x00\x00\x00\x00\x00\x00',b'\x01\x00\x00\x00\x00\x00\x00\x00',3.5999999999999996,4.0,0.5,1,5,3,0,,,,,0.42831623181369594,False,True,Anti-Aligned,0
E300,I12,b'\xea\x07\x00\x00\x00\x00\x00\x00',b'\x02\x00\x00\x00\x00\x00\x00\x00',3.8333333333333335,4.277777777777778,0.5991745980936121,1,6,2,0,,,,,0.42831623181369594,True,True,Aligned,1
E301,I12,b'\xea\x07\x00\x00\x00\x00\x00\x00',b'\x01\x00\x00\x00\x00\x00\x00\x00',4.8999999999999995,4.75,0.052548465466459526,1,5,1,2,,,,,0.42831623181369594,True,True,Aligned,1
E301,I12,b'\xea\x07\x00\x00\x00\x00\x00\x00',b'\x02\x00\x00\x00\x00\x00\x00\x00',4.8,4.5,5.921189464667501e-16,1,5,1,2,,,,,0.42831623181369594,True,True,Aligned,1
E302,I12,b'\xea\x07\x00\x00\x00\x00\x00\x00',b'\x01\x00\x00\x00\x00\x00\x00\x00',3.04,2.466666666666667,0.42005748349997934,1,0,1,5,,,,,0.42831623181369594,False,False,Aligned,1
E302,I12,b'\xea\x07\x00\x00\x00\x00\x00\x00',b'\x02\x00\x00\x00\x00\x00\x00\x00',2.966666666666667,2.0416666666666665,0.47492034684388473,1,0,2,4,,,,,0.42831623181369594,False,False,Aligned,1
E303,I12,b'\xea\x07\x00\x00\x00\x00\x00\x00',b'\x01\x00\x00\x00\x00\x00\x00\x00',2.755555555555555,3.0,0.12000000000000001,1,5,3,0,,,,,0.42831623181369594,False,False,Aligned,1
E303,I12,b'\xea\x07\x00\x00\x00\x00\x00\x00',b'\x02\x00\x00\x00\x00\x00\x00\x00',2.81,3.0,0.10548622746055952,1,5,2,1,,,,,0.42831623181369594,False,False,Aligned,1
E304,I12,b'\xea\x07\x00\x00\x00\x00\x00\x00',b'\x01\x00\x00\x00\x00\x00\x00\x00',4.2,4.0,5.921189464667501e-16,1,5,3,0,,,,,0.42831623181369594,True,True,Aligned,1
E304,I12,b'\xea\x07\x00\x00\x00\x00\x00\x00',b'\x02\x00\x00\x00\x00\x00\x00\x00',4.385,4.2125,0.10587428356243957,1,5,2,1,,,,,0.42831623181369594,True,True,Aligned,1
E305,I12,b'\xea\x07\x00\x00\x00\x00\x00\x00',b'\x01\x00\x00\x00\x00\x00\x00\x00',2.380952380952381,3.0,0.5818379213311621,1,7,1,0,,,,,0.42831623181369594,False,False,Aligned,1
E305,I12,b'\xea\x07\x00\x00\x00\x00\x00\x00',b'\x02\x00\x00\x00\x00\x00\x00\x00',2.744444444444444,3.2777777777777772,0.6496026483086191,1,6,2,0,,,,,0.42831623181369594,False,False,Aligned,1
E306,I12,b'\xea\x07\x00\x00\x00\x00\x00\x00',b'\x01\x00\x00\x00\x00\x00\x00\x00',2.275,2.125,0.13124078847593343,1,5,2,1,,,,,0.42831623181369594,False,False,Aligned,1
E306,I12,b'\xea\x07\x00\x00\x00\x00\x00\x00',b'\x02\x00\x00\x00\x00\x00\x00\x00',2.375,2.375,0.09230769230769226,1,5,1,2,,,,,0.42831623181369594,False,False,Aligned,1
E307,I12,b'\xea\x07\x00\x00\x00\x00\x00\x00',b'\x01\x00\x00\x00\x00\x00\x00\x00',4.3500000000000005,4.375,0.042958631961189535,1,5,2,1,,,,,0.42831623181369594,True,True,Aligned,1
E307,I12,b'\xea\x07\x00\x00\x00\x00\x00\x00',b'\x02\x00\x00\x00\x00\x00\x00\x00',4.56,4.7125,0.10683825747295435,1,5,2,1,,,,,0.42831623181369594,True,True,Aligned,1
E308,I12,b'\xea\x07\x00\x00\x00\x00\x00\x00',b'\x01\x00\x00\x00\x00\x00\x00\x00',4.933333333333334,4.916666666666667,0.5760415210603397,1,6,2,0,,,,,0.42831623181369594,True,True,Aligned,1
E308,I12,b'\xea\x07\x00\x00\x00\x00\x00\x00',b'\x02\x00\x00\x00\x00\x00\x00\x00',5.0,5.0,0.5,1,6,2,0,,,,,0.42831623181369594,True,True,Aligned,1
E309,I12,b'\xea\x07\x00\x00\x00\x00\x00\x00',b'\x01\x00\x00\x00\x00\x00\x00\x00',1.8,1.0,0.0,1,5,2,1,,,,,0.42831623181369594,False,False,Aligned,1
E309,I12,b'\xea\x07\x00\x00\x00\x00\x00\x00',b'\x02\x00\x00\x00\x00\x00\x00\x00',2.16,1.4375,0.2083317313792056,1,5,2,1,,,,,0.42831623181369594,False,False,Aligned,1
E310,I12,b'\xea\x07\x00\x00\x00\x00\x00\x00',b'\x01\x00\x00\x00\x00\x00\x00\x00',1.9666666666666666,2.6666666666666665,0.6140622815905095,1,6,2,0,,,,,0.42831623181369594,False,False,Aligned,1
E310,I12,b'\xea\x07\x00\x00\x00\x00\x00\x00',b'\x02\x00\x00\x00\x00\x00\x00\x00',2.022222222222222,2.75,0.6032081752461583,1,6,2,0,,,,,0.42831623181369594,False,False,Aligned,1
E311,I12,b'\xea\x07\x00\x00\x00\x00\x00\x00',b'\x01\x00\x00\x00\x00\x00\x00\x00',3.4499999999999997,4.0,0.07111880004567553,1,5,2,1,,,,,0.42831623181369594,False,True,Anti-Aligned,0
E311,I12,b'\xea\x07\x00\x00\x00\x00\x00\x00',b'\x02\x00\x00\x00\x00\x00\x00\x00',3.6749999999999994,4.0,0.15686274509803924,1,5,2,1,,,,,0.42831623181369594,False,True,Anti-Aligned,0
E312,I12,b'\xea\x07\x00\x00\x00\x00\x00\x00',b'\x01\x00\x00\x00\x00\x00\x00\x00',4.075,4.5,0.05293714178121989,1,5,2,1,,,,,0.42831623181369594,True,True,Aligned,1
E312,I12,b'\xea\x07\x00\x00\x00\x00\x00\x00',b'\x02\x00\x00\x00\x00\x00\x00\x00',4.2250000000000005,4.5,0.10621700090875896,1,5,1,2,,,,,0.42831623181369594,True,True,Aligned,1
E313,I12,b'\xea\x07\x00\x00\x00\x00\x00\x00',b'\x01\x00\x00\x00\x00\x00\x00\x00',2.1750000000000003,1.75,0.12015768732164082,1,5,1,2,,,,,0.42831623181369594,False,False,Aligned,1
E313,I12,b'\xea\x07\x00\x00\x00\x00\x00\x00',b'\x02\x00\x00\x00\x00\x00\x00\x00',2.16,1.5,0.0665512264646163,1,5,2,1,,,,,0.42831623181369594,False,False,Aligned,1
E314,I12,b'\xea\x07\x00\x00\x00\x00\x00\x00',b'\x01\x00\x00\x00\x00\x00\x00\x00',2.0,2.0,0.5,1,6,2,0,,,,,0.42831623181369594,False,False,Aligned,1
E314,I12,b'\xea\x07\x00\x00\x00\x00\x00\x00',b'\x02\x00\x00\x00\x00\x00\x00\x00',2.2133333333333334,2.033333333333333,0.603875322596987,1,5,3,0,,,,,0.42831623181369594,False,False,Aligned,1
E315,I12,b'\xea\x07\x00\x00\x00\x00\x00\x00',b'\x01\x00\x00\x00\x00\x00\x00\x00',4.0,3.5,0.0,1,5,1,2,,,,,0.42831623181369594,True,False,Anti-Aligned,0
E315,I12,b'\xea\x07\x00\x00\x00\x00\x00\x00',b'\x02\x00\x00\x00\x00\x00\x00\x00',4.145,3.7125,0.09265383083225813,1,5,2,1,,,,,0.42831623181369594,True,False,Anti-Aligned,0
E316,I12,b'\xea\x07\x00\x00\x00\x00\x00\x00',b'\x01\x00\x00\x00\x00\x00\x00\x00',3.266666666666667,4.5,0.07180219742846002,1,5,3,0,,,,,0.42831623181369594,False,True,Anti-Aligned,0
E316,I12,b'\xea\x07\x00\x00\x00\x00\x00\x00',b'\x02\x00\x00\x00\x00\x00\x00\x00',3.36,4.7125,0.10683825747295449,1,5,2,1,,,,,0.42831623181369594,False,True,Anti-Aligned,0
E317,I12,b'\xea\x07\x00\x00\x00\x00\x00\x00',b'\x01\x00\x00\x00\x00\x00\x00\x00',3.4799999999999995,4.533333333333333,0.35529618804615887,1,0,1,5,,,,,0.42831623181369594,False,True,Anti-Aligned,0
E317,I12,b'\xea\x07\x00\x00\x00\x00\x00\x00',b'\x02\x00\x00\x00\x00\x00\x00\x00',3.6400000000000006,4.566666666666666,0.4610016122263215,1,0,1,5,,,,,0.42831623181369594,False,True,Anti-Aligned,0
E318,I12,b'\xea\x07\x00\x00\x00\x00\x00\x00',b'\x01\x00\x00\x00\x00\x00\x00\x00',4.013333333333334,3.5666666666666664,0.43657498012741247,1,0,1,5,,,,,0.42831623181369594,True,False,Anti-Aligned,0
E318,I12,b'\xea\x07\x00\x00\x00\x00\x00\x00',b'\x02\x00\x00\x00\x00\x00\x00\x00',4.183333333333334,4.041666666666667,0.4449233296573123,1,0,2,4,,,,,0.42831623181369594,True,True,Aligned,1
E319,I12,b'\xea\x07\x00\x00\x00\x00\x00\x00',b'\x01\x00\x00\x00\x00\x00\x00\x00',4.4750000000000005,4.1875,0.07324541977992655,1,5,1,2,,,,,0.42831623181369594,True,True,Aligned,1
E319,I12,b'\xea\x07\x00\x00\x00\x00\x00\x00',b'\x02\x00\x00\x00\x00\x00\x00\x00',4.515555555555556,4.2555555555555555,0.06618492611195101,1,5,3,0,,,,,0.42831623181369594,True,True,Aligned,1
E320,I12,b'\xea\x07\x00\x00\x00\x00\x00\x00',b'\x01\x00\x00\x00\x00\x00\x00\x00',3.1555555555555554,4.944444444444445,0.05333333333333338,1,5,3,0,,,,,0.42831623181369594,False,True,Anti-Aligned,0
E320,I12,b'\xea\x07\x00\x00\x00\x00\x00\x00',b'\x02\x00\x00\x00\x00\x00\x00\x00',3.4499999999999997,5.0,0.1189470657890439,1,5,2,1,,,,,0.42831623181369594,False,True,Anti-Aligned,0
E321,I12,b'\xea\x07\x00\x00\x00\x00\x00\x00',b'\x01\x00\x00\x00\x00\x00\x00\x00',3.5999999999999996,3.5,0.5,1,6,2,0,,,,,0.42831623181369594,False,False,Aligned,1
E321,I12,b'\xea\x07\x00\x00\x00\x00\x00\x00',b'\x02\x00\x00\x00\x00\x00\x00\x00',3.7333333333333334,3.8333333333333335,0.5507122418448627,1,7,1,0,,,,,0.42831623181369594,False,True,Anti-Aligned,0
E322,I12,b'\xea\x07\x00\x00\x00\x00\x00\x00',b'\x01\x00\x00\x00\x00\x00\x00\x00',2.85,2.9375,0.07111880004567554,1,5,2,1,,,,,0.42831623181369594,False,False,Aligned,1
E322,I12,b'\xea\x07\x00\x00\x00\x00\x00\x00',b'\x02\x00\x00\x00\x00\x00\x00\x00',3.025,3.1875,0.15881142534365955,1,5,2,1,,,,,0.42831623181369594,False,False,Aligned,1
E323,I12,b'\xea\x07\x00\x00\x00\x00\x00\x00',b'\x01\x00\x00\x00\x00\x00\x00\x00',3.3333333333333335,3.5,0.5507122418448627,1,7,1,0,,,,,0.42831623181369594,False,False,Aligned,1
E323,I12,b'\xea\x07\x00\x00\x00\x00\x00\x00',b'\x02\x00\x00\x00\x00\x00\x00\x00',3.5444444444444447,4.083333333333333,0.6501133358680772,1,6,2,0,,,,,0.42831623181369594,False,True,Anti-Aligned,0
E324,I12,b'\xea\x07\x00\x00\x00\x00\x00\x00',b'\x01\x00\x00\x00\x00\x00\x00\x00',4.555555555555555,4.888888888888889,0.5766612766101424,1,5,3,0,,,,,0.42831623181369594,True,True,Aligned,1
E324,I12,b'\xea\x07\x00\x00\x00\x00\x00\x00',b'\x02\x00\x00\x00\x00\x00\x00\x00',4.599999999999999,5.0,0.5,1,6,2,0,,,,,0.42831623181369594,True,True,Aligned,1
E325,I12,b'\xea\x07\x00\x00\x00\x00\x00\x00',b'\x01\x00\x00\x00\x00\x00\x00\x00',4.888888888888889,5.0,0.5706304617818635,1,6,2,0,,,,,0.42831623181369594,True,True,Aligned,1
E325,I12,b'\xea\x07\x00\x00\x00\x00\x00\x00',b'\x02\x00\x00\x00\x00\x00\x00\x00',4.8,5.0,0.5000000000000006,1,6,2,0,,,,,0.42831623181369594,True,True,Aligned,1
E326,I12,b'\xea\x07\x00\x00\x00\x00\x00\x00',b'\x01\x00\x00\x00\x00\x00\x00\x00',4.588888888888889,5.0,0.541239304942116,1,6,2,0,,,,,0.42831623181369594,True,True,Aligned,1
E326,I12,b'\xea\x07\x00\x00\x00\x00\x00\x00',b'\x02\x00\x00\x00\x00\x00\x00\x00',4.633333333333333,5.0,0.5380207605301698,1,6,2,0,,,,,0.42831623181369594,True,True,Aligned,1
E327,I12,b'\xea\x07\x00\x00\x00\x00\x00\x00',b'\x01\x00\x00\x00\x00\x00\x00\x00',3.0,3.5,0.5,1,6,2,0,,,,,0.42831623181369594,False,False,Aligned,1
E327,I12,b'\xea\x07\x00\x00\x00\x00\x00\x00',b'\x02\x00\x00\x00\x00\x00\x00\x00',3.2222222222222223,3.5,0.6029056323094015,1,6,2,0,,,,,0.42831623181369594,False,False,Aligned,1
E328,I12,b'\xea\x07\x00\x00\x00\x00\x00\x00',b'\x01\x00\x00\x00\x00\x00\x00\x00',2.5,1.5,0.5510657394988744,1,6,2,0,,,,,0.42831623181369594,False,False,Aligned,1
E328,I12,b'\xea\x07\x00\x00\x00\x00\x00\x00',b'\x02\x00\x00\x00\x00\x00\x00\x00',2.7111111111111112,1.8111111111111111,0.5897297237494388,1,5,3,0,,,,,0.42831623181369594,False,False,Aligned,1
E329,I13,b'\xea\x07\x00\x00\x00\x00\x00\x00',b'\x01\x00\x00\x00\x00\x00\x00\x00',4.826666666666666,5.0,0.29502621934663986,1,0,1,5,,,,,0.2000000000000006,True,True,Aligned,1
E329,I13,b'\xea\x07\x00\x00\x00\x00\x00\x00',b'\x02\x00\x00\x00\x00\x00\x00\x00',4.95,5.0,0.259076104470195,1,0,2,4,,,,,0.2000000000000006,True,True,Aligned,1
E330,I13,b'\xea\x07\x00\x00\x00\x00\x00\x00',b'\x01\x00\x00\x00\x00\x00\x00\x00',3.6999999999999997,4.0,0.26023386019368333,1,3,2,0,,,,,0.2000000000000006,False,True,Anti-Aligned,0
E330,I13,b'\xea\x07\x00\x00\x00\x00\x00\x00',b'\x02\x00\x00\x00\x00\x00\x00\x00',3.7666666666666666,4.055555555555555,0.2466569474815843,1,3,2,0,,,,,0.2000000000000006,False,True,Anti-Aligned,0
E331,I13,b'\xea\x07\x00\x00\x00\x00\x00\x00',b'\x01\x00\x00\x00\x00\x00\x00\x00',4.0249999999999995,3.375,0.0914239070625032,1,2,2,1,,,,,0.2000000000000006,True,False,Anti-Aligned,0
E331,I13,b'\xea\x07\x00\x00\x00\x00\x00\x00',b'\x02\x00\x00\x00\x00\x00\x00\x00',4.075,3.6875,0.061275761164052985,1,2,2,1,,,,,0.2000000000000006,True,False,Anti-Aligned,0
E332,I13,b'\xea\x07\x00\x00\x00\x00\x00\x00',b'\x01\x00\x00\x00\x00\x00\x00\x00',2.1666666666666665,1.7916666666666667,0.4898402080981087,1,0,2,4,,,,,0.2000000000000006,False,False,Aligned,1
E332,I13,b'\xea\x07\x00\x00\x00\x00\x00\x00',b'\x02\x00\x00\x00\x00\x00\x00\x00',2.6799999999999997,2.2666666666666666,0.5428522697575352,1,0,1,5,,,,,0.2000000000000006,False,False,Aligned,1
E333,I13,b'\xea\x07\x00\x00\x00\x00\x00\x00',b'\x01\x00\x00\x00\x00\x00\x00\x00',4.555555555555555,5.0,0.0618016540591303,1,2,3,0,,,,,0.2000000000000006,True,True,Aligned,1
E333,I13,b'\xea\x07\x00\x00\x00\x00\x00\x00',b'\x02\x00\x00\x00\x00\x00\x00\x00',4.7749999999999995,5.0,0.051425947722658044,1,2,2,1,,,,,0.2000000000000006,True,True,Aligned,1
E334,I13,b'\xea\x07\x00\x00\x00\x00\x00\x00',b'\x01\x00\x00\x00\x00\x00\x00\x00',4.8,5.0,5.921189464667501e-16,1,2,1,2,,,,,0.2000000000000006,True,True,Aligned,1
E334,I13,b'\xea\x07\x00\x00\x00\x00\x00\x00',b'\x02\x00\x00\x00\x00\x00\x00\x00',4.8,5.0,0.0,1,2,2,1,,,,,0.2000000000000006,True,True,Aligned,1
E335,I13,b'\xea\x07\x00\x00\x00\x00\x00\x00',b'\x01\x00\x00\x00\x00\x00\x00\x00',3.975,4.4375,0.04780670531797674,1,2,2,1,,,,,0.2000000000000006,True,True,Aligned,1
E335,I13,b'\xea\x07\x00\x00\x00\x00\x00\x00',b'\x02\x00\x00\x00\x00\x00\x00\x00',4.2,4.6875,0.11724135861452058,1,2,2,1,,,,,0.2000000000000006,True,True,Aligned,1
E336,I13,b'\xea\x07\x00\x00\x00\x00\x00\x00',b'\x01\x00\x00\x00\x00\x00\x00\x00',4.625,5.0,0.12712834523274558,1,2,2,1,,,,,0.2000000000000006,True,True,Aligned,1
E336,I13,b'\xea\x07\x00\x00\x00\x00\x00\x00',b'\x02\x00\x00\x00\x00\x00\x00\x00',4.825,5.0,0.11686011314314787,1,2,1,2,,,,,0.2000000000000006,True,True,Aligned,1
E337,I13,b'\xea\x07\x00\x00\x00\x00\x00\x00',b'\x01\x00\x00\x00\x00\x00\x00\x00',4.6000000000000005,4.5,0.0,1,2,2,1,,,,,0.2000000000000006,True,True,Aligned,1
E337,I13,b'\xea\x07\x00\x00\x00\x00\x00\x00',b'\x02\x00\x00\x00\x00\x00\x00\x00',4.6499999999999995,4.5,0.06285393610547095,1,2,2,1,,,,,0.2000000000000006,True,True,Aligned,1
E338,I13,b'\xea\x07\x00\x00\x00\x00\x00\x00',b'\x01\x00\x00\x00\x00\x00\x00\x00',3.3833333333333333,3.0,0.24969039949999527,1,4,1,0,,,,,0.2000000000000006,False,False,Aligned,1
E338,I13,b'\xea\x07\x00\x00\x00\x00\x00\x00',b'\x02\x00\x00\x00\x00\x00\x00\x00',3.7222222222222223,3.25,0.37147089424650515,1,3,2,0,,,,,0.2000000000000006,False,False,Aligned,1
E339,I13,b'\xea\x07\x00\x00\x00\x00\x00\x00',b'\x01\x00\x00\x00\x00\x00\x00\x00',4.566666666666666,5.0,0.2466569474815842,1,3,2,0,,,,,0.2000000000000006,True,True,Aligned,1
E339,I13,b'\xea\x07\x00\x00\x00\x00\x00\x00',b'\x02\x00\x00\x00\x00\x00\x00\x00',4.599999999999999,5.0,0.2000000000000006,1,4,1,0,,,,,0.2000000000000006,True,True,Aligned,1
E340,I13,b'\xea\x07\x00\x00\x00\x00\x00\x00',b'\x01\x00\x00\x00\x00\x00\x00\x00',4.177777777777779,3.9444444444444446,0.24722193952467572,1,2,3,0,,,,,0.2000000000000006,True,True,Aligned,1
E340,I13,b'\xea\x07\x00\x00\x00\x00\x00\x00',b'\x02\x00\x00\x00\x00\x00\x00\x00',4.4833333333333325,4.375,0.31493422703098434,1,4,1,0,,,,,0.2000000000000006,True,True,Aligned,1
E341,I13,b'\xea\x07\x00\x00\x00\x00\x00\x00',b'\x01\x00\x00\x00\x00\x00\x00\x00',4.8,4.5,0.2000000000000006,1,3,2,0,,,,,0.2000000000000006,True,True,Aligned,1
E341,I13,b'\xea\x07\x00\x00\x00\x00\x00\x00',b'\x02\x00\x00\x00\x00\x00\x00\x00',4.8,4.5,0.2,1,2,3,0,,,,,0.2000000000000006,True,True,Aligned,1
E342,I13,b'\xea\x07\x00\x00\x00\x00\x00\x00',b'\x01\x00\x00\x00\x00\x00\x00\x00',4.7749999999999995,4.9375,0.05082933881104209,1,2,1,2,,,,,0.2000000000000006,True,True,Aligned,1
E342,I13,b'\xea\x07\x00\x00\x00\x00\x00\x00',b'\x02\x00\x00\x00\x00\x00\x00\x00',4.8999999999999995,5.0,0.06639061303092929,1,2,2,1,,,,,0.2000000000000006,True,True,Aligned,1
E343,I13,b'\xea\x07\x00\x00\x00\x00\x00\x00',b'\x01\x00\x00\x00\x00\x00\x00\x00',3.6666666666666665,4.533333333333333,0.3709870858348601,1,0,1,5,,,,,0.2000000000000006,False,True,Anti-Aligned,0
E343,I13,b'\xea\x07\x00\x00\x00\x00\x00\x00',b'\x02\x00\x00\x00\x00\x00\x00\x00',3.8333333333333335,4.916666666666667,0.22489995996796802,1,0,2,4,,,,,0.2000000000000006,True,True,Aligned,1
E344,I13,b'\xea\x07\x00\x00\x00\x00\x00\x00',b'\x01\x00\x00\x00\x00\x00\x00\x00',4.7250000000000005,4.3125,0.06285393610547095,1,2,2,1,,,,,0.2000000000000006,True,True,Aligned,1
E344,I13,b'\xea\x07\x00\x00\x00\x00\x00\x00',b'\x02\x00\x00\x00\x00\x00\x00\x00',4.925,4.8125,0.0665512264646163,1,2,1,2,,,,,0.2000000000000006,True,True,Aligned,1
E345,I13,b'\xea\x07\x00\x00\x00\x00\x00\x00',b'\x01\x00\x00\x00\x00\x00\x00\x00',3.7999999999999994,3.5,0.20000000000000032,1,3,2,0,,,,,0.2000000000000006,True,False,Anti-Aligned,0
E345,I13,b'\xea\x07\x00\x00\x00\x00\x00\x00',b'\x02\x00\x00\x00\x00\x00\x00\x00',4.233333333333334,4.208333333333333,0.3596893417578527,1,4,1,0,,,,,0.2000000000000006,True,True,Aligned,1
E346,I13,b'\xea\x07\x00\x00\x00\x00\x00\x00',b'\x01\x00\x00\x00\x00\x00\x00\x00',3.4,3.5,0.2,1,2,3,0,,,,,0.2000000000000006,False,False,Aligned,1
E346,I13,b'\xea\x07\x00\x00\x00\x00\x00\x00',b'\x02\x00\x00\x00\x00\x00\x00\x00',3.9500000000000006,4.208333333333333,0.43010703062235667,1,4,1,0,,,,,0.2000000000000006,True,True,Aligned,1
E347,I13,b'\xea\x07\x00\x00\x00\x00\x00\x00',b'\x01\x00\x00\x00\x00\x00\x00\x00',2.0,1.75,0.3204677203873669,1,3,2,0,,,,,0.2000000000000006,False,False,Aligned,1
E347,I13,b'\xea\x07\x00\x00\x00\x00\x00\x00',b'\x02\x00\x00\x00\x00\x00\x00\x00',2.0,2.0,0.3204677203873669,1,3,2,0,,,,,0.2000000000000006,False,False,Aligned,1
E348,I13,b'\xea\x07\x00\x00\x00\x00\x00\x00',b'\x01\x00\x00\x00\x00\x00\x00\x00',4.400000000000001,4.5,0.2000000000000006,1,3,2,0,,,,,0.2000000000000006,True,True,Aligned,1
E348,I13,b'\xea\x07\x00\x00\x00\x00\x00\x00',b'\x02\x00\x00\x00\x00\x00\x00\x00',4.5,4.75,0.2602338601936832,1,3,2,0,,,,,0.2000000000000006,True,True,Aligned,1
E349,I13,b'\xea\x07\x00\x00\x00\x00\x00\x00',b'\x01\x00\x00\x00\x00\x00\x00\x00',4.366666666666667,4.416666666666667,0.2466569474815844,1,3,2,0,,,,,0.2000000000000006,True,True,Aligned,1
E349,I13,b'\xea\x07\x00\x00\x00\x00\x00\x00',b'\x02\x00\x00\x00\x00\x00\x00\x00',4.577777777777778,4.5,0.32150535988101686,1,2,3,0,,,,,0.2000000000000006,True,True,Aligned,1
E350,I13,b'\xea\x07\x00\x00\x00\x00\x00\x00',b'\x01\x00\x00\x00\x00\x00\x00\x00',2.9777777777777783,3.0,0.2502510703172302,1,3,2,0,,,,,0.2000000000000006,False,False,Aligned,1
E350,I13,b'\xea\x07\x00\x00\x00\x00\x00\x00',b'\x02\x00\x00\x00\x00\x00\x00\x00',3.0222222222222226,3.055555555555556,0.24722193952467572,1,2,3,0,,,,,0.2000000000000006,False,False,Aligned,1
E351,I13,b'\xea\x07\x00\x00\x00\x00\x00\x00',b'\x01\x00\x00\x00\x00\x00\x00\x00',4.344444444444444,4.0,0.2618974354638931,1,3,2,0,,,,,0.2000000000000006,True,True,Aligned,1
E351,I13,b'\xea\x07\x00\x00\x00\x00\x00\x00',b'\x02\x00\x00\x00\x00\x00\x00\x00',4.655555555555556,4.305555555555556,0.3093539054811985,1,3,2,0,,,,,0.2000000000000006,True,True,Aligned,1
E352,I13,b'\xea\x07\x00\x00\x00\x00\x00\x00',b'\x01\x00\x00\x00\x00\x00\x00\x00',4.777777777777778,4.944444444444445,0.2502510703172302,1,3,2,0,,,,,0.2000000000000006,True,True,Aligned,1
E352,I13,b'\xea\x07\x00\x00\x00\x00\x00\x00',b'\x02\x00\x00\x00\x00\x00\x00\x00',4.922222222222222,5.0,0.2664213172349056,1,3,2,0,,,,,0.2000000000000006,True,True,Aligned,1
E353,I13,b'\xea\x07\x00\x00\x00\x00\x00\x00',b'\x01\x00\x00\x00\x00\x00\x00\x00',2.55,2.0,0.14216252190512466,1,2,2,1,,,,,0.2000000000000006,False,False,Aligned,1
E353,I13,b'\xea\x07\x00\x00\x00\x00\x00\x00',b'\x02\x00\x00\x00\x00\x00\x00\x00',2.888888888888889,2.2222222222222223,0.1775117367011733,1,2,3,0,,,,,0.2000000000000006,False,False,Aligned,1
E354,I13,b'\xea\x07\x00\x00\x00\x00\x00\x00',b'\x01\x00\x00\x00\x00\x00\x00\x00',3.6749999999999994,3.1875,0.061275761164052846,1,2,2,1,,,,,0.2000000000000006,False,False,Aligned,1
E354,I13,b'\xea\x07\x00\x00\x00\x00\x00\x00',b'\x02\x00\x00\x00\x00\x00\x00\x00',4.022222222222222,3.527777777777778,0.23511226632776483,1,2,3,0,,,,,0.2000000000000006,True,False,Anti-Aligned,0
E355,I13,b'\xea\x07\x00\x00\x00\x00\x00\x00',b'\x01\x00\x00\x00\x00\x00\x00\x00',2.177777777777778,1.9444444444444446,0.04841229182759275,1,2,3,0,,,,,0.2000000000000006,False,False,Aligned,1
E355,I13,b'\xea\x07\x00\x00\x00\x00\x00\x00',b'\x02\x00\x00\x00\x00\x00\x00\x00',2.625,2.3125,0.23292929262615678,1,2,1,2,,,,,0.2000000000000006,False,False,Aligned,1
E356,I13,b'\xea\x07\x00\x00\x00\x00\x00\x00',b'\x01\x00\x00\x00\x00\x00\x00\x00',5.0,5.0,0.1,1,0,1,5,,,,,0.2000000000000006,True,True,Aligned,1
E356,I13,b'\xea\x07\x00\x00\x00\x00\x00\x00',b'\x02\x00\x00\x00\x00\x00\x00\x00',5.0,5.0,5.921189464667501e-16,1,0,2,4,,,,,0.2000000000000006,True,True,Aligned,1
E357,I13,b'\xea\x07\x00\x00\x00\x00\x00\x00',b'\x01\x00\x00\x00\x00\x00\x00\x00',4.6499999999999995,4.4375,0.10696613095675166,1,2,1,2,,,,,0.2000000000000006,True,True,Aligned,1
E357,I13,b'\xea\x07\x00\x00\x00\x00\x00\x00',b'\x02\x00\x00\x00\x00\x00\x00\x00',4.6000000000000005,4.5,0.0,1,2,2,1,,,,,0.2000000000000006,True,True,Aligned,1
E358,I13,b'\xea\x07\x00\x00\x00\x00\x00\x00',b'\x01\x00\x00\x00\x00\x00\x00\x00',2.9499999999999997,2.5,0.05142594772265805,1,2,2,1,,,,,0.2000000000000006,False,False,Aligned,1
E358,I13,b'\xea\x07\x00\x00\x00\x00\x00\x00',b'\x02\x00\x00\x00\x00\x00\x00\x00',3.2222222222222223,2.777777777777778,0.1102396379610246,1,2,3,0,,,,,0.2000000000000006,False,False,Aligned,1
E359,I13,b'\xea\x07\x00\x00\x00\x00\x00\x00',b'\x01\x00\x00\x00\x00\x00\x00\x00',2.4666666666666663,2.7222222222222228,0.2863635903746872,1,2,3,0,,,,,0.2000000000000006,False,False,Aligned,1
E359,I13,b'\xea\x07\x00\x00\x00\x00\x00\x00',b'\x02\x00\x00\x00\x00\x00\x00\x00',2.8,2.8333333333333335,0.37916128329552334,1,4,1,0,,,,,0.2000000000000006,False,False,Aligned,1
E360,I13,b'\xea\x07\x00\x00\x00\x00\x00\x00',b'\x01\x00\x00\x00\x00\x00\x00\x00',2.644444444444445,1.8611111111111114,0.414621958415288,1,3,2,0,,,,,0.2000000000000006,False,False,Aligned,1
E360,I13,b'\xea\x07\x00\x00\x00\x00\x00\x00',b'\x02\x00\x00\x00\x00\x00\x00\x00',2.7111111111111112,1.777777777777778,0.38141229029365303,1,2,3,0,,,,,0.2000000000000006,False,False,Aligned,1
E361,I13,b'\xea\x07\x00\x00\x00\x00\x00\x00',b'\x01\x00\x00\x00\x00\x00\x00\x00',3.933333333333333,3.5,0.2597204277651745,1,4,1,0,,,,,0.2000000000000006,True,False,Anti-Aligned,0
E361,I13,b'\xea\x07\x00\x00\x00\x00\x00\x00',b'\x02\x00\x00\x00\x00\x00\x00\x00',4.0555555555555545,3.805555555555556,0.3093539054811988,1,3,2,0,,,,,0.2000000000000006,True,False,Anti-Aligned,0
E362,I13,b'\xea\x07\x00\x00\x00\x00\x00\x00',b'\x01\x00\x00\x00\x00\x00\x00\x00',3.4499999999999997,3.6875,0.0875938722774901,1,2,2,1,,,,,0.2000000000000006,False,False,Aligned,1
E362,I13,b'\xea\x07\x00\x00\x00\x00\x00\x00',b'\x02\x00\x00\x00\x00\x00\x00\x00',3.625,3.875,0.18382728349215882,1,2,2,1,,,,,0.2000000000000006,False,True,Anti-Aligned,0
E363,I13,b'\xea\x07\x00\x00\x00\x00\x00\x00',b'\x01\x00\x00\x00\x00\x00\x00\x00',2.888888888888889,2.0,0.06180165405913057,1,2,3,0,,,,,0.2000000000000006,False,False,Aligned,1
E363,I13,b'\xea\x07\x00\x00\x00\x00\x00\x00',b'\x02\x00\x00\x00\x00\x00\x00\x00',3.0,2.277777777777778,0.11895085353016842,1,2,3,0,,,,,0.2000000000000006,False,False,Aligned,1
E364,I13,b'\xea\x07\x00\x00\x00\x00\x00\x00',b'\x01\x00\x00\x00\x00\x00\x00\x00',4.48888888888889,4.5,0.2607526799405083,1,2,3,0,,,,,0.2000000000000006,True,True,Aligned,1
E364,I13,b'\xea\x07\x00\x00\x00\x00\x00\x00',b'\x02\x00\x00\x00\x00\x00\x00\x00',4.555555555555555,4.555555555555555,0.26531972647421787,1,3,2,0,,,,,0.2000000000000006,True,True,Aligned,1
E365,I13,b'\xea\x07\x00\x00\x00\x00\x00\x00',b'\x01\x00\x00\x00\x00\x00\x00\x00',3.16,3.8666666666666667,0.3906877132403963,1,0,1,5,,,,,0.2000000000000006,False,True,Anti-Aligned,0
E365,I13,b'\xea\x07\x00\x00\x00\x00\x00\x00',b'\x02\x00\x00\x00\x00\x00\x00\x00',3.2800000000000002,3.9,0.33318207595811444,1,0,1,5,,,,,0.2000000000000006,False,True,Anti-Aligned,0
E366,I13,b'\xea\x07\x00\x00\x00\x00\x00\x00',b'\x01\x00\x00\x00\x00\x00\x00\x00',4.599999999999999,5.0,0.2000000000000006,1,3,2,0,,,,,0.2000000000000006,True,True,Aligned,1
E366,I13,b'\xea\x07\x00\x00\x00\x00\x00\x00',b'\x02\x00\x00\x00\x00\x00\x00\x00',4.599999999999999,5.0,0.2000000000000006,1,3,2,0,,,,,0.2000000000000006,True,True,Aligned,1
E367,I13,b'\xea\x07\x00\x00\x00\x00\x00\x00',b'\x01\x00\x00\x00\x00\x00\x00\x00',2.8666666666666667,2.2222222222222223,0.18540496217739158,1,2,3,0,,,,,0.2000000000000006,False,False,Aligned,1
E367,I13,b'\xea\x07\x00\x00\x00\x00\x00\x00',b'\x02\x00\x00\x00\x00\x00\x00\x00',2.688888888888889,2.0,0.06180165405913044,1,2,3,0,,,,,0.2000000000000006,False,False,Aligned,1
E368,I13,b'\xea\x07\x00\x00\x00\x00\x00\x00',b'\x01\x00\x00\x00\x00\x00\x00\x00',2.4000000000000004,2.75,0.3204677203873668,1,3,2,0,,,,,0.2000000000000006,False,False,Aligned,1
E368,I13,b'\xea\x07\x00\x00\x00\x00\x00\x00',b'\x02\x00\x00\x00\x00\x00\x00\x00',2.6222222222222227,2.8611111111111107,0.31642443268522763,1,3,2,0,,,,,0.2000000000000006,False,False,Aligned,1
E369,I13,b'\xea\x07\x00\x00\x00\x00\x00\x00',b'\x01\x00\x00\x00\x00\x00\x00\x00',3.75,5.0,0.05142594772265793,1,2,2,1,,,,,0.2000000000000006,False,True,Anti-Aligned,0
E369,I13,b'\xea\x07\x00\x00\x00\x00\x00\x00',b'\x02\x00\x00\x00\x00\x00\x00\x00',4.0,5.0,0.11895085353016842,1,2,3,0,,,,,0.2000000000000006,True,True,Aligned,1
E370,I13,b'\xea\x07\x00\x00\x00\x00\x00\x00',b'\x01\x00\x00\x00\x00\x00\x00\x00',4.173333333333334,4.3999999999999995,0.061101009266077914,1,0,1,5,,,,,0.2000000000000006,True,True,Aligned,1
E370,I13,b'\xea\x07\x00\x00\x00\x00\x00\x00',b'\x02\x00\x00\x00\x00\x00\x00\x00',4.506666666666665,4.433333333333334,0.4046819088230459,1,0,1,5,,,,,0.2000000000000006,True,True,Aligned,1
E371,I13,b'\xea\x07\x00\x00\x00\x00\x00\x00',b'\x01\x00\x00\x00\x00\x00\x00\x00',3.8000000000000003,5.0,0.10628643586235074,1,2,2,1,,,,,0.2000000000000006,True,True,Aligned,1
E371,I13,b'\xea\x07\x00\x00\x00\x00\x00\x00',b'\x02\x00\x00\x00\x00\x00\x00\x00',3.85,5.0,0.06285393610547095,1,2,2,1,,,,,0.2000000000000006,True,True,Aligned,1
E372,I13,b'\xea\x07\x00\x00\x00\x00\x00\x00',b'\x01\x00\x00\x00\x00\x00\x00\x00',2.888888888888889,2.5,0.06180165405913057,1,2,3,0,,,,,0.2000000000000006,False,False,Aligned,1
E372,I13,b'\xea\x07\x00\x00\x00\x00\x00\x00',b'\x02\x00\x00\x00\x00\x00\x00\x00',3.025,2.875,0.18382728349215885,1,2,2,1,,,,,0.2000000000000006,False,False,Aligned,1
E373,I13,b'\xea\x07\x00\x00\x00\x00\x00\x00',b'\x01\x00\x00\x00\x00\x00\x00\x00',2.9,4.25,0.2602338601936835,1,3,2,0,,,,,0.2000000000000006,False,True,Anti-Aligned,0
E373,I13,b'\xea\x07\x00\x00\x00\x00\x00\x00',b'\x02\x00\x00\x00\x00\x00\x00\x00',3.088888888888889,4.083333333333333,0.32130806345211943,1,3,2,0,,,,,0.2000000000000006,False,True,Anti-Aligned,0
E374,I13,b'\xea\x07\x00\x00\x00\x00\x00\x00',b'\x01\x00\x00\x00\x00\x00\x00\x00',2.2777777777777772,2.0,0.28885260030240456,1,3,2,0,,,,,0.2000000000000006,False,False,Aligned,1
E374,I13,b'\xea\x07\x00\x00\x00\x00\x00\x00',b'\x02\x00\x00\x00\x00\x00\x00\x00',2.5444444444444447,2.5555555555555554,0.3572553709756212,1,3,2,0,,,,,0.2000000000000006,False,False,Aligned,1
E375,I13,b'\xea\x07\x00\x00\x00\x00\x00\x00',b'\x01\x00\x00\x00\x00\x00\x00\x00',2.6,2.5,0.2,1,2,3,0,,,,,0.2000000000000006,False,False,Aligned,1
E375,I13,b'\xea\x07\x00\x00\x00\x00\x00\x00',b'\x02\x00\x00\x00\x00\x00\x00\x00',2.9555555555555553,2.888888888888889,0.3416658185740271,1,2,3,0,,,,,0.2000000000000006,False,False,Aligned,1
E376,I13,b'\xea\x07\x00\x00\x00\x00\x00\x00',b'\x01\x00\x00\x00\x00\x00\x00\x00',3.1999999999999997,4.0,5.921189464667501e-16,1,2,1,2,,,,,0.2000000000000006,False,True,Anti-Aligned,0
E376,I13,b'\xea\x07\x00\x00\x00\x00\x00\x00',b'\x02\x00\x00\x00\x00\x00\x00\x00',3.525,4.25,0.17396920010053976,1,2,1,2,,,,,0.2000000000000006,False,True,Anti-Aligned,0
E377,I14,b'\xea\x07\x00\x00\x00\x00\x00\x00',b'\x01\x00\x00\x00\x00\x00\x00\x00',4.044444444444445,4.444444444444445,0.1184697755518185,1,3,3,0,,,,,0.11839568560690533,True,True,Aligned,1
E377,I14,b'\xea\x07\x00\x00\x00\x00\x00\x00',b'\x02\x00\x00\x00\x00\x00\x00\x00',4.2444444444444445,4.722222222222222,0.12235505806429971,1,3,3,0,,,,,0.11839568560690533,True,True,Aligned,1
E378,I14,b'\xea\x07\x00\x00\x00\x00\x00\x00',b'\x01\x00\x00\x00\x00\x00\x00\x00',2.7999999999999994,3.0,0.0,1,1,3,0,,,,,0.11839568560690533,False,False,Aligned,1
E378,I14,b'\xea\x07\x00\x00\x00\x00\x00\x00',b'\x02\x00\x00\x00\x00\x00\x00\x00',3.066666666666667,3.2222222222222228,0.19460170216420802,1,1,3,0,,,,,0.11839568560690533,False,False,Aligned,1
E379,I14,b'\xea\x07\x00\x00\x00\x00\x00\x00',b'\x01\x00\x00\x00\x00\x00\x00\x00',4.355555555555556,4.166666666666667,0.1352129745122644,1,3,3,0,,,,,0.11839568560690533,True,True,Aligned,1
E379,I14,b'\xea\x07\x00\x00\x00\x00\x00\x00',b'\x02\x00\x00\x00\x00\x00\x00\x00',4.4444444444444455,4.5,0.1012084568551294,1,3,3,0,,,,,0.11839568560690533,True,True,Aligned,1
E380,I14,b'\xea\x07\x00\x00\x00\x00\x00\x00',b'\x01\x00\x00\x00\x00\x00\x00\x00',3.0166666666666666,2.5416666666666665,0.23840359661351135,1,0,2,4,,,,,0.11839568560690533,False,False,Aligned,1
E380,I14,b'\xea\x07\x00\x00\x00\x00\x00\x00',b'\x02\x00\x00\x00\x00\x00\x00\x00',3.1333333333333333,2.6666666666666665,0.144644073855085,1,0,2,4,,,,,0.11839568560690533,False,False,Aligned,1
E381,I14,b'\xea\x07\x00\x00\x00\x00\x00\x00',b'\x01\x00\x00\x00\x00\x00\x00\x00',4.088888888888889,4.0,0.06486723405473604,1,1,3,0,,,,,0.11839568560690533,True,True,Aligned,1
E381,I14,b'\xea\x07\x00\x00\x00\x00\x00\x00',b'\x02\x00\x00\x00\x00\x00\x00\x00',4.177777777777778,4.222222222222222,0.12973446810947212,1,1,3,0,,,,,0.11839568560690533,True,True,Aligned,1
E382,I14,b'\xea\x07\x00\x00\x00\x00\x00\x00',b'\x01\x00\x00\x00\x00\x00\x00\x00',4.966666666666667,4.916666666666667,0.04457574294155661,1,0,2,4,,,,,0.11839568560690533,True,True,Aligned,1
E382,I14,b'\xea\x07\x00\x00\x00\x00\x00\x00',b'\x02\x00\x00\x00\x00\x00\x00\x00',5.0,5.0,0.1,1,0,2,4,,,,,0.11839568560690533,True,True,Aligned,1
E383,I14,b'\xea\x07\x00\x00\x00\x00\x00\x00',b'\x01\x00\x00\x00\x00\x00\x00\x00',3.75,5.0,0.11644024865590698,1,3,2,1,,,,,0.11839568560690533,False,True,Anti-Aligned,0
E383,I14,b'\xea\x07\x00\x00\x00\x00\x00\x00',b'\x02\x00\x00\x00\x00\x00\x00\x00',3.6222222222222222,5.0,0.045070991504088116,1,3,3,0,,,,,0.11839568560690533,False,True,Anti-Aligned,0
E384,I14,b'\xea\x07\x00\x00\x00\x00\x00\x00',b'\x01\x00\x00\x00\x00\x00\x00\x00',4.955555555555557,5.0,0.06486723405473604,1,1,3,0,,,,,0.11839568560690533,True,True,Aligned,1
E384,I14,b'\xea\x07\x00\x00\x00\x00\x00\x00',b'\x02\x00\x00\x00\x00\x00\x00\x00',5.0,5.0,5.921189464667501e-16,1,1,3,0,,,,,0.11839568560690533,True,True,Aligned,1
E385,I14,b'\xea\x07\x00\x00\x00\x00\x00\x00',b'\x01\x00\x00\x00\x00\x00\x00\x00',2.55,2.0,0.24847371634213392,1,0,2,4,,,,,0.11839568560690533,False,False,Aligned,1
E385,I14,b'\xea\x07\x00\x00\x00\x00\x00\x00',b'\x02\x00\x00\x00\x00\x00\x00\x00',2.6933333333333334,2.533333333333333,0.3512708132953738,1,0,1,5,,,,,0.11839568560690533,False,False,Aligned,1
E386,I14,b'\xea\x07\x00\x00\x00\x00\x00\x00',b'\x01\x00\x00\x00\x00\x00\x00\x00',3.888888888888888,3.5,0.05871298431818079,1,3,3,0,,,,,0.11839568560690533,True,False,Anti-Aligned,0
E386,I14,b'\xea\x07\x00\x00\x00\x00\x00\x00',b'\x02\x00\x00\x00\x00\x00\x00\x00',4.066666666666666,3.944444444444444,0.1761389529545424,1,3,3,0,,,,,0.11839568560690533,True,True,Aligned,1
E387,I14,b'\xea\x07\x00\x00\x00\x00\x00\x00',b'\x01\x00\x00\x00\x00\x00\x00\x00',4.266666666666667,4.133333333333334,0.11832159566199218,1,0,1,5,,,,,0.11839568560690533,True,True,Aligned,1
E387,I14,b'\xea\x07\x00\x00\x00\x00\x00\x00',b'\x02\x00\x00\x00\x00\x00\x00\x00',4.359999999999999,4.2,0.26532998322843193,1,0,1,5,,,,,0.11839568560690533,True,True,Aligned,1
E388,I14,b'\xea\x07\x00\x00\x00\x00\x00\x00',b'\x01\x00\x00\x00\x00\x00\x00\x00',3.9499999999999997,4.375,0.048106828305881366,1,3,2,1,,,,,0.11839568560690533,True,True,Aligned,1
E388,I14,b'\xea\x07\x00\x00\x00\x00\x00\x00',b'\x02\x00\x00\x00\x00\x00\x00\x00',4.175,4.6875,0.11492469274510514,1,3,2,1,,,,,0.11839568560690533,True,True,Aligned,1
E389,I14,b'\xea\x07\x00\x00\x00\x00\x00\x00',b'\x01\x00\x00\x00\x00\x00\x00\x00',4.56,4.933333333333334,0.39637376910338007,1,5,1,0,,,,,0.11839568560690533,True,True,Aligned,1
E389,I14,b'\xea\x07\x00\x00\x00\x00\x00\x00',b'\x02\x00\x00\x00\x00\x00\x00\x00',4.613333333333333,5.0,0.34620050984729106,1,5,1,0,,,,,0.11839568560690533,True,True,Aligned,1
E390,I15,b'\xea\x07\x00\x00\x00\x00\x00\x00',b'\x01\x00\x00\x00\x00\x00\x00\x00',4.6000000000000005,5.0,0.0,1,2,2,1,,,,,0.19894281932778024,True,True,Aligned,1
E390,I15,b'\xea\x07\x00\x00\x00\x00\x00\x00',b'\x02\x00\x00\x00\x00\x00\x00\x00',4.711111111111111,5.0,0.06653633092779719,1,2,3,0,,,,,0.19894281932778024,True,True,Aligned,1
E391,I15,b'\xea\x07\x00\x00\x00\x00\x00\x00',b'\x01\x00\x00\x00\x00\x00\x00\x00',2.733333333333333,2.3333333333333335,0.2597204277651744,1,4,1,0,,,,,0.19894281932778024,False,False,Aligned,1
E391,I15,b'\xea\x07\x00\x00\x00\x00\x00\x00',b'\x02\x00\x00\x00\x00\x00\x00\x00',3.0500000000000003,2.7916666666666665,0.3445393800080583,1,4,1,0,,,,,0.19894281932778024,False,False,Aligned,1
E392,I15,b'\xea\x07\x00\x00\x00\x00\x00\x00',b'\x01\x00\x00\x00\x00\x00\x00\x00',2.875,2.6875,0.061275761164052985,1,2,2,1,,,,,0.19894281932778024,False,False,Aligned,1
E392,I15,b'\xea\x07\x00\x00\x00\x00\x00\x00',b'\x02\x00\x00\x00\x00\x00\x00\x00',3.125,2.625,0.18060199303941024,1,2,2,1,,,,,0.19894281932778024,False,False,Aligned,1
E393,I15,b'\xea\x07\x00\x00\x00\x00\x00\x00',b'\x01\x00\x00\x00\x00\x00\x00\x00',2.966666666666667,4.166666666666667,0.3399708424447531,1,3,2,0,,,,,0.19894281932778024,False,True,Anti-Aligned,0
E393,I15,b'\xea\x07\x00\x00\x00\x00\x00\x00',b'\x02\x00\x00\x00\x00\x00\x00\x00',3.1555555555555554,4.222222222222222,0.4430107197620341,1,2,3,0,,,,,0.19894281932778024,False,True,Anti-Aligned,0
E394,I15,b'\xea\x07\x00\x00\x00\x00\x00\x00',b'\x01\x00\x00\x00\x00\x00\x00\x00',4.425,4.625,0.12712834523274555,1,2,2,1,,,,,0.19894281932778024,True,True,Aligned,1
E394,I15,b'\xea\x07\x00\x00\x00\x00\x00\x00',b'\x02\x00\x00\x00\x00\x00\x00\x00',4.48888888888889,4.722222222222222,0.0618016540591303,1,2,3,0,,,,,0.19894281932778024,True,True,Aligned,1
E395,I15,b'\xea\x07\x00\x00\x00\x00\x00\x00',b'\x01\x00\x00\x00\x00\x00\x00\x00',2.516666666666667,1.9583333333333333,0.2876456264162906,1,4,1,0,,,,,0.19894281932778024,False,False,Aligned,1
E395,I15,b'\xea\x07\x00\x00\x00\x00\x00\x00',b'\x02\x00\x00\x00\x00\x00\x00\x00',2.7555555555555555,2.305555555555556,0.36189355703524406,1,3,2,0,,,,,0.19894281932778024,False,False,Aligned,1
E396,I15,b'\xea\x07\x00\x00\x00\x00\x00\x00',b'\x01\x00\x00\x00\x00\x00\x00\x00',3.3000000000000003,3.5,0.06075267994050842,1,2,1,2,,,,,0.19894281932778024,False,False,Aligned,1
E396,I15,b'\xea\x07\x00\x00\x00\x00\x00\x00',b'\x02\x00\x00\x00\x00\x00\x00\x00',3.3250000000000006,3.5,0.06655122646461614,1,2,1,2,,,,,0.19894281932778024,False,False,Aligned,1
E397,I15,b'\xea\x07\x00\x00\x00\x00\x00\x00',b'\x01\x00\x00\x00\x00\x00\x00\x00',4.8,5.0,0.2,1,2,3,0,,,,,0.19894281932778024,True,True,Aligned,1
E397,I15,b'\xea\x07\x00\x00\x00\x00\x00\x00',b'\x02\x00\x00\x00\x00\x00\x00\x00',4.949999999999999,5.0,0.26625386599999384,1,4,1,0,,,,,0.19894281932778024,True,True,Aligned,1
E398,I15,b'\xea\x07\x00\x00\x00\x00\x00\x00',b'\x01\x00\x00\x00\x00\x00\x00\x00',3.4444444444444446,3.6666666666666665,0.10540925533894595,1,2,3,0,,,,,0.19894281932778024,False,False,Aligned,1
E398,I15,b'\xea\x07\x00\x00\x00\x00\x00\x00',b'\x02\x00\x00\x00\x00\x00\x00\x00',3.7222222222222223,3.7777777777777772,0.16409473889596016,1,2,3,0,,,,,0.19894281932778024,False,False,Aligned,1
E399,I15,b'\xea\x07\x00\x00\x00\x00\x00\x00',b'\x01\x00\x00\x00\x00\x00\x00\x00',1.6499999999999997,1.1875,0.08759387227749012,1,2,2,1,,,,,0.19894281932778024,False,False,Aligned,1
E399,I15,b'\xea\x07\x00\x00\x00\x00\x00\x00',b'\x02\x00\x00\x00\x00\x00\x00\x00',1.75,1.1875,0.12255152232810583,1,2,2,1,,,,,0.19894281932778024,False,False,Aligned,1
E400,I15,b'\xea\x07\x00\x00\x00\x00\x00\x00',b'\x01\x00\x00\x00\x00\x00\x00\x00',3.1555555555555554,3.5,0.14523687548277814,1,2,3,0,,,,,0.19894281932778024,False,False,Aligned,1
E400,I15,b'\xea\x07\x00\x00\x00\x00\x00\x00',b'\x02\x00\x00\x00\x00\x00\x00\x00',3.3777777777777778,4.0,0.23771919709326517,1,2,3,0,,,,,0.19894281932778024,False,True,Anti-Aligned,0
E401,I15,b'\xea\x07\x00\x00\x00\x00\x00\x00',b'\x01\x00\x00\x00\x00\x00\x00\x00',4.05,3.6875,0.10696613095675189,1,2,1,2,,,,,0.19894281932778024,True,False,Anti-Aligned,0
E401,I15,b'\xea\x07\x00\x00\x00\x00\x00\x00',b'\x02\x00\x00\x00\x00\x00\x00\x00',4.1499999999999995,3.5,0.06413942572277802,1,2,2,1,,,,,0.19894281932778024,True,False,Anti-Aligned,0
E402,I15,b'\xea\x07\x00\x00\x00\x00\x00\x00',b'\x01\x00\x00\x00\x00\x00\x00\x00',5.0,5.0,0.0,1,2,2,1,,,,,0.19894281932778024,True,True,Aligned,1
E402,I15,b'\xea\x07\x00\x00\x00\x00\x00\x00',b'\x02\x00\x00\x00\x00\x00\x00\x00',5.0,5.0,0.0,1,2,3,0,,,,,0.19894281932778024,True,True,Aligned,1
E403,I15,b'\xea\x07\x00\x00\x00\x00\x00\x00',b'\x01\x00\x00\x00\x00\x00\x00\x00',2.2,1.6666666666666667,0.24491353349475994,1,2,3,0,,,,,0.19894281932778024,False,False,Aligned,1
E403,I15,b'\xea\x07\x00\x00\x00\x00\x00\x00',b'\x02\x00\x00\x00\x00\x00\x00\x00',2.15,1.875,0.12255152232810583,1,2,2,1,,,,,0.19894281932778024,False,False,Aligned,1
E404,I15,b'\xea\x07\x00\x00\x00\x00\x00\x00',b'\x01\x00\x00\x00\x00\x00\x00\x00',2.4,2.0,0.0,1,2,3,0,,,,,0.19894281932778024,False,False,Aligned,1
E404,I15,b'\xea\x07\x00\x00\x00\x00\x00\x00',b'\x02\x00\x00\x00\x00\x00\x00\x00',2.5749999999999997,2.25,0.11724135861452045,1,2,2,1,,,,,0.19894281932778024,False,False,Aligned,1
E405,I15,b'\xea\x07\x00\x00\x00\x00\x00\x00',b'\x01\x00\x00\x00\x00\x00\x00\x00',3.5555555555555554,2.944444444444444,0.26075267994050855,1,2,3,0,,,,,0.19894281932778024,False,False,Aligned,1
E405,I15,b'\xea\x07\x00\x00\x00\x00\x00\x00',b'\x02\x00\x00\x00\x00\x00\x00\x00',3.8833333333333337,3.6666666666666665,0.31493422703098445,1,4,1,0,,,,,0.19894281932778024,True,False,Anti-Aligned,0
E406,I15,b'\xea\x07\x00\x00\x00\x00\x00\x00',b'\x01\x00\x00\x00\x00\x00\x00\x00',4.583333333333332,5.0,0.04810682830588115,1,0,2,4,,,,,0.19894281932778024,True,True,Aligned,1
E406,I15,b'\xea\x07\x00\x00\x00\x00\x00\x00',b'\x02\x00\x00\x00\x00\x00\x00\x00',4.786666666666666,5.0,0.14712642844289253,1,0,1,5,,,,,0.19894281932778024,True,True,Aligned,1
E407,I15,b'\xea\x07\x00\x00\x00\x00\x00\x00',b'\x01\x00\x00\x00\x00\x00\x00\x00',2.775,2.4375,0.050829338811041964,1,2,1,2,,,,,0.19894281932778024,False,False,Aligned,1
E407,I15,b'\xea\x07\x00\x00\x00\x00\x00\x00',b'\x02\x00\x00\x00\x00\x00\x00\x00',3.025,2.75,0.10628643586235086,1,2,2,1,,,,,0.19894281932778024,False,False,Aligned,1
E408,I15,b'\xea\x07\x00\x00\x00\x00\x00\x00',b'\x01\x00\x00\x00\x00\x00\x00\x00',3.7999999999999994,3.5,0.2000000000000006,1,4,1,0,,,,,0.19894281932778024,True,False,Anti-Aligned,0
E408,I15,b'\xea\x07\x00\x00\x00\x00\x00\x00',b'\x02\x00\x00\x00\x00\x00\x00\x00',4.1,4.0,0.3807015805810504,1,3,2,0,,,,,0.19894281932778024,True,True,Aligned,1
E409,I15,b'\xea\x07\x00\x00\x00\x00\x00\x00',b'\x01\x00\x00\x00\x00\x00\x00\x00',2.8444444444444446,2.6666666666666665,0.32524485821703,1,2,3,0,,,,,0.19894281932778024,False,False,Aligned,1
E409,I15,b'\xea\x07\x00\x00\x00\x00\x00\x00',b'\x02\x00\x00\x00\x00\x00\x00\x00',3.211111111111111,2.8888888888888893,0.34734536842524744,1,3,2,0,,,,,0.19894281932778024,False,False,Aligned,1
E410,I15,b'\xea\x07\x00\x00\x00\x00\x00\x00',b'\x01\x00\x00\x00\x00\x00\x00\x00',2.6,2.0,0.2,1,2,3,0,,,,,0.19894281932778024,False,False,Aligned,1
E410,I15,b'\xea\x07\x00\x00\x00\x00\x00\x00',b'\x02\x00\x00\x00\x00\x00\x00\x00',2.8333333333333335,2.3333333333333335,0.3174174095803614,1,3,2,0,,,,,0.19894281932778024,False,False,Aligned,1
E411,I15,b'\xea\x07\x00\x00\x00\x00\x00\x00',b'\x01\x00\x00\x00\x00\x00\x00\x00',4.45,4.0,0.08759387227748994,1,2,2,1,,,,,0.19894281932778024,True,True,Aligned,1
E411,I15,b'\xea\x07\x00\x00\x00\x00\x00\x00',b'\x02\x00\x00\x00\x00\x00\x00\x00',4.5,4.125,0.06639061303092898,1,2,2,1,,,,,0.19894281932778024,True,True,Aligned,1
E412,I15,b'\xea\x07\x00\x00\x00\x00\x00\x00',b'\x01\x00\x00\x00\x00\x00\x00\x00',4.033333333333334,2.9166666666666665,0.3234426799696736,1,3,2,0,,,,,0.19894281932778024,True,False,Anti-Aligned,0
E412,I15,b'\xea\x07\x00\x00\x00\x00\x00\x00',b'\x02\x00\x00\x00\x00\x00\x00\x00',4.2,3.25,0.32046772038736693,1,3,2,0,,,,,0.19894281932778024,True,False,Anti-Aligned,0
E413,I15,b'\xea\x07\x00\x00\x00\x00\x00\x00',b'\x01\x00\x00\x00\x00\x00\x00\x00',3.625,3.875,0.09142390706250308,1,2,2,1,,,,,0.19894281932778024,False,True,Anti-Aligned,0
E413,I15,b'\xea\x07\x00\x00\x00\x00\x00\x00',b'\x02\x00\x00\x00\x00\x00\x00\x00',3.775,4.1875,0.11724135861452045,1,2,2,1,,,,,0.19894281932778024,False,True,Anti-Aligned,0
E414,I15,b'\xea\x07\x00\x00\x00\x00\x00\x00',b'\x01\x00\x00\x00\x00\x00\x00\x00',4.6000000000000005,5.0,5.921189464667501e-16,1,2,1,2,,,,,0.19894281932778024,True,True,Aligned,1
E414,I15,b'\xea\x07\x00\x00\x00\x00\x00\x00',b'\x02\x00\x00\x00\x00\x00\x00\x00',4.6000000000000005,5.0,0.0,1,2,2,1,,,,,0.19894281932778024,True,True,Aligned,1
E415,I15,b'\xea\x07\x00\x00\x00\x00\x00\x00',b'\x01\x00\x00\x00\x00\x00\x00\x00',3.566666666666667,3.4166666666666665,0.2466569474815844,1,3,2,0,,,,,0.19894281932778024,False,False,Aligned,1
E415,I15,b'\xea\x07\x00\x00\x00\x00\x00\x00',b'\x02\x00\x00\x00\x00\x00\x00\x00',3.8833333333333337,3.875,0.3159442654999891,1,4,1,0,,,,,0.19894281932778024,True,True,Aligned,1
E416,I15,b'\xea\x07\x00\x00\x00\x00\x00\x00',b'\x01\x00\x00\x00\x00\x00\x00\x00',3.5555555555555554,3.2222222222222228,0.14523687548277806,1,2,3,0,,,,,0.19894281932778024,False,False,Aligned,1
E416,I15,b'\xea\x07\x00\x00\x00\x00\x00\x00',b'\x02\x00\x00\x00\x00\x00\x00\x00',3.7222222222222223,3.5,0.16409473889596016,1,2,3,0,,,,,0.19894281932778024,False,False,Aligned,1
E417,I15,b'\xea\x07\x00\x00\x00\x00\x00\x00',b'\x01\x00\x00\x00\x00\x00\x00\x00',2.5666666666666664,3.0,0.33997084244475295,1,3,2,0,,,,,0.19894281932778024,False,False,Aligned,1
E417,I15,b'\xea\x07\x00\x00\x00\x00\x00\x00',b'\x02\x00\x00\x00\x00\x00\x00\x00',2.4777777777777774,2.5,0.29835244081556433,1,2,3,0,,,,,0.19894281932778024,False,False,Aligned,1
E418,I15,b'\xea\x07\x00\x00\x00\x00\x00\x00',b'\x01\x00\x00\x00\x00\x00\x00\x00',1.6000000000000003,1.5,0.20000000000000032,1,3,2,0,,,,,0.19894281932778024,False,False,Aligned,1
E418,I15,b'\xea\x07\x00\x00\x00\x00\x00\x00',b'\x02\x00\x00\x00\x00\x00\x00\x00',1.8444444444444446,1.75,0.3054350666902708,1,3,2,0,,,,,0.19894281932778024,False,False,Aligned,1
E419,I15,b'\xea\x07\x00\x00\x00\x00\x00\x00',b'\x01\x00\x00\x00\x00\x00\x00\x00',4.583333333333332,4.5,0.24969039949999516,1,4,1,0,,,,,0.19894281932778024,True,True,Aligned,1
E419,I15,b'\xea\x07\x00\x00\x00\x00\x00\x00',b'\x02\x00\x00\x00\x00\x00\x00\x00',4.699999999999999,4.5,0.2602338601936835,1,3,2,0,,,,,0.19894281932778024,True,True,Aligned,1
E420,I15,b'\xea\x07\x00\x00\x00\x00\x00\x00',b'\x01\x00\x00\x00\x00\x00\x00\x00',2.2000000000000006,1.5,0.20000000000000032,1,3,2,0,,,,,0.19894281932778024,False,False,Aligned,1
E420,I15,b'\xea\x07\x00\x00\x00\x00\x00\x00',b'\x02\x00\x00\x00\x00\x00\x00\x00',2.4000000000000004,2.0,0.3204677203873668,1,3,2,0,,,,,0.19894281932778024,False,False,Aligned,1
E421,I15,b'\xea\x07\x00\x00\x00\x00\x00\x00',b'\x01\x00\x00\x00\x00\x00\x00\x00',4.7,4.5,0.06075267994050856,1,2,1,2,,,,,0.19894281932778024,True,True,Aligned,1
E421,I15,b'\xea\x07\x00\x00\x00\x00\x00\x00',b'\x02\x00\x00\x00\x00\x00\x00\x00',4.6000000000000005,4.5,0.0,1,2,2,1,,,,,0.19894281932778024,True,True,Aligned,1
E422,I15,b'\xea\x07\x00\x00\x00\x00\x00\x00',b'\x01\x00\x00\x00\x00\x00\x00\x00',4.699999999999999,4.75,0.2602338601936835,1,3,2,0,,,,,0.19894281932778024,True,True,Aligned,1
E422,I15,b'\xea\x07\x00\x00\x00\x00\x00\x00',b'\x02\x00\x00\x00\x00\x00\x00\x00',4.711111111111111,4.777777777777778,0.26620369810248684,1,2,3,0,,,,,0.19894281932778024,True,True,Aligned,1
E423,I15,b'\xea\x07\x00\x00\x00\x00\x00\x00',b'\x01\x00\x00\x00\x00\x00\x00\x00',2.4,2.0,0.20000000000000032,1,3,2,0,,,,,0.19894281932778024,False,False,Aligned,1
E423,I15,b'\xea\x07\x00\x00\x00\x00\x00\x00',b'\x02\x00\x00\x00\x00\x00\x00\x00',2.8333333333333335,2.375,0.3596893417578526,1,4,1,0,,,,,0.19894281932778024,False,False,Aligned,1
E424,I15,b'\xea\x07\x00\x00\x00\x00\x00\x00',b'\x01\x00\x00\x00\x00\x00\x00\x00',4.400000000000001,4.5,0.2000000000000006,1,3,2,0,,,,,0.19894281932778024,True,True,Aligned,1
E424,I15,b'\xea\x07\x00\x00\x00\x00\x00\x00',b'\x02\x00\x00\x00\x00\x00\x00\x00',4.5,4.5,0.2602338601936832,1,3,2,0,,,,,0.19894281932778024,True,True,Aligned,1
E425,I15,b'\xea\x07\x00\x00\x00\x00\x00\x00',b'\x01\x00\x00\x00\x00\x00\x00\x00',4.733333333333333,4.944444444444445,0.09991315673568156,1,2,3,0,,,,,0.19894281932778024,True,True,Aligned,1
E425,I15,b'\xea\x07\x00\x00\x00\x00\x00\x00',b'\x02\x00\x00\x00\x00\x00\x00\x00',4.8,5.0,0.0,1,2,2,1,,,,,0.19894281932778024,True,True,Aligned,1
E426,I15,b'\xea\x07\x00\x00\x00\x00\x00\x00',b'\x01\x00\x00\x00\x00\x00\x00\x00',4.7749999999999995,5.0,0.04780670531797674,1,2,2,1,,,,,0.19894281932778024,True,True,Aligned,1
E426,I15,b'\xea\x07\x00\x00\x00\x00\x00\x00',b'\x02\x00\x00\x00\x00\x00\x00\x00',4.8,5.0,0.0,1,2,2,1,,,,,0.19894281932778024,True,True,Aligned,1
E427,I15,b'\xea\x07\x00\x00\x00\x00\x00\x00',b'\x01\x00\x00\x00\x00\x00\x00\x00',5.0,5.0,0.0,1,2,3,0,,,,,0.19894281932778024,True,True,Aligned,1
E427,I15,b'\xea\x07\x00\x00\x00\x00\x00\x00',b'\x02\x00\x00\x00\x00\x00\x00\x00',5.0,5.0,0.0,1,2,2,1,,,,,0.19894281932778024,True,True,Aligned,1
E428,I15,b'\xea\x07\x00\x00\x00\x00\x00\x00',b'\x01\x00\x00\x00\x00\x00\x00\x00',4.16,3.5666666666666664,0.1978856386555605,1,0,1,5,,,,,0.19894281932778024,True,False,Anti-Aligned,0
E428,I15,b'\xea\x07\x00\x00\x00\x00\x00\x00',b'\x02\x00\x00\x00\x00\x00\x00\x00',4.533333333333333,4.333333333333333,0.4005032720588968,1,0,1,5,,,,,0.19894281932778024,True,True,Aligned,1
E429,I15,b'\xea\x07\x00\x00\x00\x00\x00\x00',b'\x01\x00\x00\x00\x00\x00\x00\x00',4.983333333333333,4.958333333333333,0.24969039949999539,1,4,1,0,,,,,0.19894281932778024,True,True,Aligned,1
E429,I15,b'\xea\x07\x00\x00\x00\x00\x00\x00',b'\x02\x00\x00\x00\x00\x00\x00\x00',5.0,5.0,0.2000000000000006,1,3,2,0,,,,,0.19894281932778024,True,True,Aligned,1
E430,I15,b'\xea\x07\x00\x00\x00\x00\x00\x00',b'\x01\x00\x00\x00\x00\x00\x00\x00',3.725,4.0,0.10345808594723854,1,2,1,2,,,,,0.19894281932778024,False,True,Anti-Aligned,0
E430,I15,b'\xea\x07\x00\x00\x00\x00\x00\x00',b'\x02\x00\x00\x00\x00\x00\x00\x00',3.9250000000000003,4.1875,0.06663605051503295,1,2,2,1,,,,,0.19894281932778024,True,True,Aligned,1
E431,I15,b'\xea\x07\x00\x00\x00\x00\x00\x00',b'\x01\x00\x00\x00\x00\x00\x00\x00',2.7999999999999994,3.0,0.20000000000000032,1,2,3,0,,,,,0.19894281932778024,False,False,Aligned,1
E431,I15,b'\xea\x07\x00\x00\x00\x00\x00\x00',b'\x02\x00\x00\x00\x00\x00\x00\x00',2.966666666666667,3.0416666666666665,0.2649997362029047,1,4,1,0,,,,,0.19894281932778024,False,False,Aligned,1
E432,I15,b'\xea\x07\x00\x00\x00\x00\x00\x00',b'\x01\x00\x00\x00\x00\x00\x00\x00',3.933333333333333,2.9166666666666665,0.3703670839999841,1,3,2,0,,,,,0.19894281932778024,True,False,Anti-Aligned,0
E432,I15,b'\xea\x07\x00\x00\x00\x00\x00\x00',b'\x02\x00\x00\x00\x00\x00\x00\x00',4.2555555555555555,3.6388888888888893,0.4193703626497214,1,3,2,0,,,,,0.19894281932778024,True,False,Anti-Aligned,0
