employee_id,institution,date_of_birth,gender,age_group,job_role,years_of_experience,department,language_proficiency,ethnicity,educational_institute,punctuality,problem_solving,leadership,collaboration,communication,deadline_adherence_rate,adherence_level,avg_response_time,response_time_level,no_of_meetings_attended,no_of_subordinates,decision_contribution,learning_hours_per_month,type_of_learning,team_engagement_frequency,completed_storypoint_ratio,completed_story_points,assigned_story_points,project_id,project_name,duration_weeks,relative_effort,team_size,project_complexity,rework_count,no_pay_leave,blockers,metric_1_name,metric_1_value,metric_2_name,metric_2_value,metric_3_name,metric_3_value,metric_4_name,metric_4_value,metric_5_name,metric_5_value,metric_6_name,metric_6_value,metric_7_name,metric_7_value
1,Company_J,2001-10-01,Female,20-25,Software Engineer,3,Development,Sinhala,Sinhala,University_J,2,5,5,1,5,32.16,1,4.07,1,39,6,2,30,Online courses / certifications,5,0.83,84,101,1,Logistics Dashboard,9,352,8,1.29,0,3,1,tasks_assigned,21,tasks_completed,20,tasks_on_time,0,bug_count,17,bugs_fixed_count,6,code_quality (1-10),7,rework_count,5
2,Company_F,2001-11-18,Male,20-25,Project Manager,3,Project Management,Sinhala,Muslim,University_G,3,1,2,1,4,92.22,4,4,1,28,2,3,24,None observed,4,0.71,81,114,7,Payroll Automation,22,474,12,6.57,2,9,1,tasks_assigned,27,tasks_completed,3,tasks_on_time,0,bug_count,7,bugs_fixed_count,4,code_quality (1-10),10,rework_count,1
3,Company_G,1986-11-27,Female,36-40,QA Engineer,18,QA,Tamil,Tamil,University_U,3,2,2,5,5,95.52,5,3.72,1,30,5,2,10,Formal training,9,0.93,96,103,2,ERP Integration Module,21,83,5,9.22,4,5,1,tasks_completed,16,project_delay (days),12,changing_relative_effort,167,sprint_velocity,19,team_velocity,36,stakeholder_satisfaction(1-5),2,milestone_completion_rate,4
4,Company_I,2000-08-27,Male,20-25,DevOps Engineer,4,DevOps,Tamil,Tamil,University_Q,5,2,2,3,2,95.56,5,4.78,3,38,0,5,22,Research & innovation,3,0.49,49,99,10,Government Tax Portal,4,398,13,2.03,4,4,5,tasks_completed,11,project_delay (days),3,changing_relative_effort,125,sprint_velocity,37,team_velocity,30,stakeholder_satisfaction(1-5),3,milestone_completion_rate,5
5,Company_I,2003-01-05,Female,20-25,Project Manager,1,Project Management,Sinhala,Sinhala,University_M,3,1,5,5,2,73.54,3,0.54,2,8,3,1,4,Online courses / certifications,8,0.56,58,104,12,Fleet Management System,7,173,11,9.52,0,7,0,tasks_assigned,29,tasks_completed,18,tasks_on_time,4,bug_count,4,bugs_fixed_count,3,code_quality (1-10),10,rework_count,1
6,Company_T,1996-09-23,Male,26-30,Project Manager,8,Project Management,Sinhala,Muslim,University_D,2,4,2,3,4,74.33,3,5.58,1,33,8,1,5,Online courses / certifications,3,0.68,70,103,3,Insurance Claims Platform,41,162,2,1.64,5,0,1,tasks_completed,3,project_delay (days),28,changing_relative_effort,58,sprint_velocity,31,team_velocity,24,stakeholder_satisfaction(1-5),3,milestone_completion_rate,2
7,Company_P,1986-08-20,Male,36-40,Project Manager,18,Project Management,Tamil,Muslim,University_A,1,5,1,2,1,95.58,5,4.21,2,20,6,1,38,Online courses / certifications,8,0.88,22,25,11,Telecom Billing System,16,147,10,5.04,3,2,2,tasks_completed,15,project_delay (days),7,changing_relative_effort,69,sprint_velocity,38,team_velocity,71,stakeholder_satisfaction(1-5),4,milestone_completion_rate,3
8,Company_G,1992-04-11,Male,31-35,DevOps Engineer,12,DevOps,English,Sinhala,University_D,5,3,5,5,1,90.7,4,3.55,3,11,2,3,9,Formal training,2,0.79,54,68,4,Loan Origination System,17,79,11,7.62,0,5,0,tasks_completed,2,project_delay (days),18,changing_relative_effort,172,sprint_velocity,42,team_velocity,78,stakeholder_satisfaction(1-5),4,milestone_completion_rate,2
9,Company_G,1992-07-15,Male,31-35,DevOps Engineer,12,DevOps,Tamil,Muslim,University_A,4,2,1,3,3,99.73,5,4.88,1,7,5,2,17,Formal training,4,0.86,24,28,4,Loan Origination System,33,211,14,9.42,0,7,4,total_deployments,19,successful_deployments,3,deployment_time_efficiency,0.35,incident_count,3,system_downtime (hrs),24.3,automated_pipeline_stages,3,total_pipeline_stages,8
10,Company_D,1996-08-11,Male,26-30,Software Engineer,8,Development,English,Tamil,University_M,1,3,3,5,4,95.16,5,5.14,2,26,0,1,18,Research & innovation,9,0.64,74,115,5,Hospital Information System,47,374,15,3.38,3,4,0,tasks_assigned,7,tasks_completed,6,tasks_on_time,3,bug_count,8,bugs_fixed_count,0,code_quality (1-10),1,rework_count,1
11,Company_B,1985-11-17,Female,36-40,QA Engineer,19,QA,English,Tamil,University_Q,5,2,2,4,4,47.59,1,5.47,1,24,6,5,2,None observed,8,0.47,55,117,6,Supply Chain Tracker,39,497,8,9.76,5,2,1,tasks_assigned,10,tasks_completed,3,tasks_on_time,3,bug_count,0,bugs_fixed_count,0,code_quality (1-10),8,rework_count,2
12,Company_F,1985-01-18,Female,36-40,QA Engineer,19,QA,Tamil,Muslim,University_E,4,4,4,2,2,28.37,1,0.53,2,11,6,2,13,None observed,9,0.8,70,87,7,Payroll Automation,8,445,6,4.16,4,6,5,tasks_completed,18,project_delay (days),10,changing_relative_effort,57,sprint_velocity,17,team_velocity,76,stakeholder_satisfaction(1-5),5,milestone_completion_rate,2
13,Company_J,1989-03-09,Male,31-35,Project Manager,15,Project Management,Sinhala,Tamil,University_C,3,5,1,2,2,76.2,3,4.32,5,18,1,4,28,Self-learning,8,0.73,82,112,8,Microfinance Management System,24,389,15,2.12,2,8,2,tasks_completed,14,project_delay (days),10,changing_relative_effort,153,sprint_velocity,54,team_velocity,38,stakeholder_satisfaction(1-5),3,milestone_completion_rate,2
14,Company_O,1994-02-03,Female,26-30,Project Manager,10,Project Management,Tamil,Muslim,University_K,4,5,5,1,1,88.47,4,1.25,3,34,2,1,18,Knowledge sharing,9,0.6,28,47,20,Banking Mobile App,25,97,15,9.57,1,10,2,tasks_completed,8,project_delay (days),25,changing_relative_effort,100,sprint_velocity,19,team_velocity,21,stakeholder_satisfaction(1-5),1,milestone_completion_rate,5
15,Company_A,1990-01-01,Female,31-35,QA Engineer,14,QA,Sinhala,Muslim,University_O,1,2,3,1,5,78.06,3,2.22,4,29,6,2,6,None observed,6,0.97,36,37,9,Customer Portal,33,391,10,9.89,4,5,3,total_test_cases_executed,88,total_pass_test_cases,64,total_bugs_detected,13,defect_reopened_count,13,total_documents_created,15,document_quality (1-5),3,test_execution_time (hrs),9
16,Company_K,1987-07-11,Female,36-40,DevOps Engineer,17,DevOps,English,Muslim,University_G,3,3,2,1,3,86.67,4,1.84,1,34,9,5,26,On-the-job learning,2,0.57,33,58,14,Digital Wallet Platform,49,159,3,4.73,2,8,3,total_deployments,14,successful_deployments,0,deployment_time_efficiency,0.44,incident_count,6,system_downtime (hrs),18.7,automated_pipeline_stages,1,total_pipeline_stages,10
17,Company_A,1989-07-11,Female,31-35,Project Manager,15,Project Management,English,Muslim,University_L,3,4,5,3,3,99.43,5,1.99,5,21,3,1,14,Formal training,1,1,111,111,9,Customer Portal,46,63,3,6.78,1,7,1,tasks_completed,2,project_delay (days),8,changing_relative_effort,147,sprint_velocity,30,team_velocity,33,stakeholder_satisfaction(1-5),3,milestone_completion_rate,2
18,Company_O,2001-04-09,Male,20-25,Software Engineer,3,Development,Tamil,Tamil,University_M,4,4,3,2,1,73.06,3,5.24,1,12,1,4,33,Self-learning,3,0.39,13,33,20,Banking Mobile App,17,288,13,3.31,2,2,4,total_test_cases_executed,87,total_pass_test_cases,14,total_bugs_detected,24,defect_reopened_count,5,total_documents_created,5,document_quality (1-5),1,test_execution_time (hrs),1
19,Company_F,2002-11-24,Female,20-25,DevOps Engineer,2,DevOps,Sinhala,Sinhala,University_U,5,1,2,1,4,99.33,5,3.77,4,23,0,2,20,Online courses / certifications,1,0.85,52,61,7,Payroll Automation,10,271,7,6.72,3,2,3,tasks_assigned,10,tasks_completed,9,tasks_on_time,4,bug_count,19,bugs_fixed_count,17,code_quality (1-10),8,rework_count,3
20,Company_K,1985-08-30,Male,36-40,Software Engineer,19,Development,Tamil,Tamil,University_M,3,1,1,2,5,56.71,2,0.61,5,22,9,1,13,Research & innovation,4,0.38,11,29,14,Digital Wallet Platform,48,500,6,6,4,3,0,tasks_completed,8,project_delay (days),23,changing_relative_effort,154,sprint_velocity,41,team_velocity,55,stakeholder_satisfaction(1-5),4,milestone_completion_rate,4
21,Company_F,1999-12-19,Female,20-25,Project Manager,5,Project Management,Tamil,Muslim,University_L,4,1,2,5,3,57.1,2,3.24,3,33,0,2,19,Research & innovation,2,0.96,49,51,7,Payroll Automation,24,111,13,5.82,5,2,1,total_deployments,7,successful_deployments,7,deployment_time_efficiency,0.49,incident_count,9,system_downtime (hrs),46.9,automated_pipeline_stages,5,total_pipeline_stages,5
22,Company_H,1984-08-03,Male,36-40,QA Engineer,20,QA,Sinhala,Muslim,University_Q,2,1,3,4,3,57.62,2,3.29,2,5,4,3,39,Online courses / certifications,5,0.76,58,76,17,Learning Management System,34,108,15,1.59,3,1,4,tasks_assigned,25,tasks_completed,22,tasks_on_time,1,bug_count,4,bugs_fixed_count,1,code_quality (1-10),8,rework_count,2
23,Company_I,2000-09-18,Female,20-25,Project Manager,4,Project Management,English,Sinhala,University_Q,4,1,2,4,2,85.1,4,4.8,1,21,5,5,27,Self-learning,3,0.58,67,116,12,Fleet Management System,39,88,4,1.02,3,9,3,tasks_assigned,14,tasks_completed,1,tasks_on_time,0,bug_count,9,bugs_fixed_count,4,code_quality (1-10),7,rework_count,3
24,Company_P,1991-10-23,Female,31-35,Software Engineer,13,Development,English,Sinhala,University_A,5,4,5,2,2,36.88,1,3.85,5,29,9,2,33,Research & innovation,9,0.99,74,75,11,Telecom Billing System,48,205,13,4.62,2,8,4,tasks_assigned,20,tasks_completed,15,tasks_on_time,2,bug_count,19,bugs_fixed_count,1,code_quality (1-10),9,rework_count,5
25,Company_H,1985-12-06,Male,36-40,DevOps Engineer,19,DevOps,English,Sinhala,University_C,1,5,4,3,2,36.93,1,2.44,1,17,9,3,10,Research & innovation,5,0.69,51,74,17,Learning Management System,46,103,15,2.45,3,7,2,total_test_cases_executed,94,total_pass_test_cases,51,total_bugs_detected,26,defect_reopened_count,24,total_documents_created,9,document_quality (1-5),1,test_execution_time (hrs),2
26,Company_N,1985-11-07,Male,36-40,QA Engineer,19,QA,Tamil,Tamil,University_Q,4,1,3,5,1,45.93,1,4.2,3,21,9,4,25,None observed,5,0.83,19,23,16,HR Management System,11,64,12,6.48,1,2,2,tasks_completed,18,project_delay (days),0,changing_relative_effort,191,sprint_velocity,36,team_velocity,25,stakeholder_satisfaction(1-5),2,milestone_completion_rate,4
27,Company_Q,1984-03-14,Male,36-40,Project Manager,20,Project Management,Tamil,Sinhala,University_O,5,4,3,1,3,99.41,5,2.95,2,20,5,1,25,Knowledge sharing,10,0.73,70,96,18,Smart Grid Monitor,41,346,12,5.41,1,7,4,total_test_cases_executed,71,total_pass_test_cases,44,total_bugs_detected,10,defect_reopened_count,8,total_documents_created,13,document_quality (1-5),3,test_execution_time (hrs),5
28,Company_M,1996-10-29,Female,26-30,QA Engineer,8,QA,Sinhala,Muslim,University_U,2,1,3,2,5,64.62,2,1.46,3,8,2,4,35,Formal training,9,0.84,74,88,15,Inventory Management System,50,123,8,8.84,1,1,3,tasks_assigned,30,tasks_completed,9,tasks_on_time,5,bug_count,19,bugs_fixed_count,12,code_quality (1-10),7,rework_count,2
29,Company_R,1997-03-02,Male,26-30,Project Manager,7,Project Management,English,Muslim,University_H,5,3,4,5,5,96.23,5,3.28,5,32,1,1,37,Formal training,9,0.61,34,56,19,E-Commerce Platform,7,200,7,4.37,1,3,4,tasks_assigned,18,tasks_completed,6,tasks_on_time,1,bug_count,5,bugs_fixed_count,0,code_quality (1-10),6,rework_count,3
30,Company_H,2001-06-05,Female,20-25,Software Engineer,3,Development,English,Tamil,University_F,1,3,5,3,3,51.37,2,3.29,3,14,10,4,16,Research & innovation,2,0.44,18,41,17,Learning Management System,10,171,8,6.15,4,4,5,total_deployments,10,successful_deployments,0,deployment_time_efficiency,0.98,incident_count,10,system_downtime (hrs),19,automated_pipeline_stages,1,total_pipeline_stages,10
31,Company_T,2000-04-24,Male,20-25,QA Engineer,4,QA,Sinhala,Muslim,University_P,2,4,4,4,3,47.54,1,2.21,3,25,9,5,7,Self-learning,10,0.65,42,65,3,Insurance Claims Platform,9,201,7,7.73,1,3,1,total_test_cases_executed,79,total_pass_test_cases,46,total_bugs_detected,16,defect_reopened_count,16,total_documents_created,15,document_quality (1-5),2,test_execution_time (hrs),2
32,Company_Q,1992-01-08,Female,31-35,DevOps Engineer,12,DevOps,Sinhala,Sinhala,University_N,4,2,2,4,5,71.3,3,3.25,2,27,1,4,4,Formal training,10,0.7,59,84,18,Smart Grid Monitor,41,245,15,6.75,2,1,5,total_deployments,8,successful_deployments,7,deployment_time_efficiency,0.32,incident_count,8,system_downtime (hrs),15.7,automated_pipeline_stages,4,total_pipeline_stages,9
33,Company_D,1989-11-04,Male,31-35,Software Engineer,15,Development,Sinhala,Sinhala,University_M,1,5,5,2,3,93.75,4,5.77,4,14,3,1,11,Knowledge sharing,8,0.92,83,90,5,Hospital Information System,6,403,7,2.96,3,3,2,total_deployments,4,successful_deployments,2,deployment_time_efficiency,0.68,incident_count,10,system_downtime (hrs),17.2,automated_pipeline_stages,7,total_pipeline_stages,9
34,Company_H,1991-02-15,Male,31-35,QA Engineer,13,QA,English,Tamil,University_U,1,3,3,1,1,56.35,2,3.29,3,34,9,5,4,Formal training,2,0.48,48,101,17,Learning Management System,38,178,14,2.57,5,0,1,total_test_cases_executed,11,total_pass_test_cases,5,total_bugs_detected,25,defect_reopened_count,25,total_documents_created,4,document_quality (1-5),3,test_execution_time (hrs),1
35,Company_N,1992-07-23,Male,31-35,Project Manager,12,Project Management,Sinhala,Tamil,University_J,5,4,3,3,5,72.03,3,2.33,5,14,5,3,27,Formal training,8,0.53,23,43,16,HR Management System,35,414,9,1.66,0,5,4,total_deployments,5,successful_deployments,0,deployment_time_efficiency,0.39,incident_count,9,system_downtime (hrs),30.4,automated_pipeline_stages,6,total_pipeline_stages,9
36,Company_R,1990-01-22,Male,31-35,DevOps Engineer,14,DevOps,Sinhala,Muslim,University_F,5,1,3,5,2,91.33,4,1.35,5,16,9,2,30,Research & innovation,9,0.66,63,96,19,E-Commerce Platform,13,401,9,1.6,0,1,3,tasks_completed,4,project_delay (days),23,changing_relative_effort,145,sprint_velocity,18,team_velocity,55,stakeholder_satisfaction(1-5),1,milestone_completion_rate,5
37,Company_S,1989-03-23,Female,31-35,Project Manager,15,Project Management,Tamil,Sinhala,University_C,1,3,1,2,3,76.66,3,3.32,1,32,1,2,30,Research & innovation,8,0.86,68,79,13,CRM Platform,18,463,8,8.61,4,9,5,tasks_completed,18,project_delay (days),0,changing_relative_effort,118,sprint_velocity,11,team_velocity,31,stakeholder_satisfaction(1-5),2,milestone_completion_rate,4
38,Company_F,1999-09-03,Female,20-25,Project Manager,5,Project Management,English,Sinhala,University_R,1,1,2,4,5,98.91,5,1.11,2,36,9,5,3,Research & innovation,3,0.55,11,20,7,Payroll Automation,52,366,2,7.07,2,7,5,total_test_cases_executed,64,total_pass_test_cases,62,total_bugs_detected,19,defect_reopened_count,14,total_documents_created,7,document_quality (1-5),2,test_execution_time (hrs),8
39,Company_M,1997-07-12,Female,26-30,Project Manager,7,Project Management,Sinhala,Tamil,University_H,3,2,4,4,2,76.92,3,0.85,4,34,0,3,14,Online courses / certifications,8,0.99,78,79,15,Inventory Management System,15,116,8,5.79,1,8,4,total_test_cases_executed,95,total_pass_test_cases,45,total_bugs_detected,2,defect_reopened_count,1,total_documents_created,14,document_quality (1-5),4,test_execution_time (hrs),5
40,Company_Q,1990-05-24,Female,31-35,DevOps Engineer,14,DevOps,Sinhala,Muslim,University_M,1,4,5,2,5,64.32,2,1.06,5,25,10,3,21,Formal training,2,0.9,92,102,18,Smart Grid Monitor,23,431,7,2.99,1,1,4,total_deployments,4,successful_deployments,4,deployment_time_efficiency,0.66,incident_count,5,system_downtime (hrs),16.9,automated_pipeline_stages,3,total_pipeline_stages,6
41,Company_M,1996-03-31,Male,26-30,QA Engineer,8,QA,Tamil,Tamil,University_J,3,4,1,5,2,62.45,2,2.69,2,22,3,1,3,Formal training,3,0.84,57,68,15,Inventory Management System,7,230,10,1.67,3,7,0,total_deployments,2,successful_deployments,1,deployment_time_efficiency,0.88,incident_count,1,system_downtime (hrs),30.9,automated_pipeline_stages,2,total_pipeline_stages,10
42,Company_Q,1990-10-07,Male,31-35,Project Manager,14,Project Management,Tamil,Sinhala,University_C,2,2,2,4,1,63.3,2,3.65,1,34,8,2,7,Self-learning,9,0.42,23,55,18,Smart Grid Monitor,43,131,7,4.36,2,6,3,total_deployments,11,successful_deployments,10,deployment_time_efficiency,0.72,incident_count,10,system_downtime (hrs),31.1,automated_pipeline_stages,2,total_pipeline_stages,7
43,Company_M,2003-10-11,Female,20-25,Project Manager,1,Project Management,English,Sinhala,University_I,3,2,3,5,5,92.19,4,4.03,3,14,2,5,40,Online courses / certifications,7,0.63,60,95,15,Inventory Management System,46,409,15,9.52,5,8,0,tasks_completed,14,project_delay (days),16,changing_relative_effort,142,sprint_velocity,11,team_velocity,43,stakeholder_satisfaction(1-5),2,milestone_completion_rate,5
44,Company_I,1991-07-07,Male,31-35,Project Manager,13,Project Management,Tamil,Sinhala,University_Q,3,3,4,2,3,55.16,2,1.08,1,20,7,1,19,Research & innovation,10,0.84,76,91,12,Fleet Management System,30,236,12,7.48,3,9,2,total_test_cases_executed,67,total_pass_test_cases,29,total_bugs_detected,17,defect_reopened_count,7,total_documents_created,5,document_quality (1-5),5,test_execution_time (hrs),8
45,Company_L,1989-11-23,Male,31-35,DevOps Engineer,15,DevOps,English,Muslim,University_U,3,5,1,1,4,99.86,5,1.95,3,28,6,3,4,Knowledge sharing,10,1,25,25,21,Medi Care App,21,280,10,2.33,3,1,1,tasks_assigned,19,tasks_completed,12,tasks_on_time,0,bug_count,13,bugs_fixed_count,0,code_quality (1-10),5,rework_count,2
46,Company_N,1992-12-24,Male,31-35,DevOps Engineer,12,DevOps,English,Muslim,University_C,2,5,5,2,3,28.14,1,2.25,4,30,9,3,39,Research & innovation,4,0.42,14,33,16,HR Management System,50,361,10,4.81,2,3,2,tasks_completed,4,project_delay (days),1,changing_relative_effort,111,sprint_velocity,36,team_velocity,60,stakeholder_satisfaction(1-5),4,milestone_completion_rate,3
47,Company_C,1995-08-21,Male,26-30,DevOps Engineer,9,DevOps,Sinhala,Muslim,University_U,2,1,4,3,4,41.91,1,4.3,3,31,8,5,32,Research & innovation,3,0.77,53,69,23,Delivery Service App,44,248,7,3.28,0,5,0,tasks_assigned,16,tasks_completed,8,tasks_on_time,1,bug_count,18,bugs_fixed_count,10,code_quality (1-10),2,rework_count,2
48,Company_P,1991-11-18,Female,31-35,QA Engineer,13,QA,English,Tamil,University_L,3,3,1,5,5,79.75,3,5.89,3,27,2,3,4,Self-learning,8,0.4,14,35,11,Telecom Billing System,22,232,15,8.03,5,5,2,total_test_cases_executed,25,total_pass_test_cases,25,total_bugs_detected,11,defect_reopened_count,6,total_documents_created,15,document_quality (1-5),3,test_execution_time (hrs),5
49,Company_T,2001-12-25,Male,20-25,Software Engineer,3,Development,Tamil,Sinhala,University_Q,4,4,2,3,3,78.16,3,0.83,4,10,10,5,16,Formal training,5,0.62,50,80,3,Insurance Claims Platform,14,403,9,4.16,0,5,4,total_deployments,14,successful_deployments,4,deployment_time_efficiency,0.75,incident_count,0,system_downtime (hrs),3.6,automated_pipeline_stages,7,total_pipeline_stages,9
50,Company_I,2001-01-07,Male,20-25,Project Manager,3,Project Management,Tamil,Tamil,University_A,5,2,2,5,4,42.99,1,3.33,1,10,6,1,13,Formal training,7,0.58,39,67,10,Government Tax Portal,12,321,7,4.58,5,4,1,tasks_assigned,8,tasks_completed,1,tasks_on_time,0,bug_count,15,bugs_fixed_count,12,code_quality (1-10),9,rework_count,0
51,Company_Q,1992-07-27,Female,31-35,Software Engineer,12,Development,Tamil,Sinhala,University_P,2,4,2,4,5,75.28,3,4.36,3,35,8,2,17,Knowledge sharing,1,0.51,28,55,18,Smart Grid Monitor,27,310,5,2.09,1,2,1,tasks_completed,16,project_delay (days),0,changing_relative_effort,142,sprint_velocity,45,team_velocity,56,stakeholder_satisfaction(1-5),2,milestone_completion_rate,4
52,Company_N,1990-06-07,Female,31-35,Project Manager,14,Project Management,Tamil,Sinhala,University_D,3,1,2,5,1,20.1,1,2.39,5,9,8,1,6,None observed,5,0.92,54,59,16,HR Management System,36,494,2,8.48,4,2,2,tasks_completed,6,project_delay (days),5,changing_relative_effort,132,sprint_velocity,55,team_velocity,34,stakeholder_satisfaction(1-5),2,milestone_completion_rate,5
53,Company_H,1985-02-12,Female,36-40,QA Engineer,19,QA,Tamil,Tamil,University_L,2,4,3,2,3,81.35,3,5.31,3,12,0,4,3,Self-learning,1,0.74,73,98,17,Learning Management System,30,366,12,1.27,5,8,2,total_deployments,10,successful_deployments,7,deployment_time_efficiency,0.47,incident_count,10,system_downtime (hrs),19.5,automated_pipeline_stages,8,total_pipeline_stages,8
54,Company_T,1986-12-01,Male,36-40,QA Engineer,18,QA,English,Tamil,University_T,5,5,2,4,5,93.59,4,5.85,5,29,8,3,28,Online courses / certifications,8,1,58,58,3,Insurance Claims Platform,43,264,5,9.66,1,5,4,tasks_completed,11,project_delay (days),6,changing_relative_effort,90,sprint_velocity,41,team_velocity,52,stakeholder_satisfaction(1-5),3,milestone_completion_rate,5
55,Company_T,1984-08-18,Female,36-40,DevOps Engineer,20,DevOps,Tamil,Muslim,University_L,1,1,2,5,5,55.86,2,1.65,3,26,4,1,15,Online courses / certifications,3,0.41,28,68,3,Insurance Claims Platform,7,341,10,2.75,4,4,0,tasks_assigned,17,tasks_completed,17,tasks_on_time,14,bug_count,17,bugs_fixed_count,8,code_quality (1-10),8,rework_count,4
56,Company_K,1990-06-06,Male,31-35,Project Manager,14,Project Management,Tamil,Muslim,University_J,4,3,2,2,3,91.57,4,3.63,3,20,7,5,23,Formal training,10,0.92,22,24,14,Digital Wallet Platform,14,251,11,7.65,2,9,2,total_test_cases_executed,74,total_pass_test_cases,65,total_bugs_detected,17,defect_reopened_count,15,total_documents_created,12,document_quality (1-5),3,test_execution_time (hrs),5
57,Company_A,1987-09-27,Male,36-40,Software Engineer,17,Development,Tamil,Tamil,University_G,1,5,5,4,1,54.27,2,4.47,1,39,4,1,34,None observed,10,0.72,75,104,9,Customer Portal,16,59,9,3.82,1,6,5,tasks_completed,7,project_delay (days),13,changing_relative_effort,178,sprint_velocity,59,team_velocity,59,stakeholder_satisfaction(1-5),5,milestone_completion_rate,4
58,Company_I,2002-01-04,Male,20-25,QA Engineer,2,QA,Tamil,Sinhala,University_I,4,4,3,5,1,91.9,4,5.56,5,19,3,5,32,Online courses / certifications,2,1,112,112,12,Fleet Management System,49,156,13,7.34,2,7,2,total_deployments,18,successful_deployments,8,deployment_time_efficiency,0.5,incident_count,9,system_downtime (hrs),32.5,automated_pipeline_stages,7,total_pipeline_stages,10
59,Company_M,2003-04-17,Female,20-25,QA Engineer,1,QA,Sinhala,Tamil,University_D,1,3,5,5,5,39.48,1,4.75,4,6,10,3,30,None observed,8,0.98,104,106,15,Inventory Management System,10,261,7,7.46,0,10,1,total_deployments,1,successful_deployments,0,deployment_time_efficiency,0.58,incident_count,7,system_downtime (hrs),22.9,automated_pipeline_stages,4,total_pipeline_stages,10
60,Company_B,2002-10-21,Male,20-25,Project Manager,2,Project Management,Sinhala,Tamil,University_P,5,5,5,4,1,89.42,4,2.45,1,10,9,5,22,Research & innovation,9,0.66,33,50,6,Supply Chain Tracker,45,328,10,5.45,1,8,3,total_test_cases_executed,44,total_pass_test_cases,12,total_bugs_detected,25,defect_reopened_count,3,total_documents_created,6,document_quality (1-5),2,test_execution_time (hrs),5
61,Company_A,1987-02-15,Male,36-40,Project Manager,17,Project Management,Sinhala,Sinhala,University_G,1,4,3,5,4,74.19,3,2.31,3,26,6,5,10,Research & innovation,9,0.45,38,85,9,Customer Portal,32,435,6,9.59,2,9,5,tasks_assigned,23,tasks_completed,1,tasks_on_time,1,bug_count,20,bugs_fixed_count,11,code_quality (1-10),7,rework_count,0
62,Company_L,1999-10-29,Female,20-25,QA Engineer,5,QA,English,Muslim,University_U,2,3,2,3,2,71.75,3,4.84,4,9,7,5,32,None observed,10,0.69,72,105,21,Medi Care App,52,325,14,6.98,1,3,5,total_test_cases_executed,86,total_pass_test_cases,10,total_bugs_detected,16,defect_reopened_count,14,total_documents_created,9,document_quality (1-5),4,test_execution_time (hrs),2
63,Company_P,1985-07-20,Male,36-40,DevOps Engineer,19,DevOps,English,Tamil,University_I,5,5,2,3,1,56.89,2,2.12,1,10,1,2,24,Online courses / certifications,5,0.88,28,32,11,Telecom Billing System,33,394,14,3.77,0,6,2,tasks_completed,1,project_delay (days),23,changing_relative_effort,105,sprint_velocity,47,team_velocity,24,stakeholder_satisfaction(1-5),1,milestone_completion_rate,2
64,Company_N,1984-09-08,Male,36-40,QA Engineer,20,QA,English,Sinhala,University_P,2,4,5,4,4,81.91,3,1.68,3,22,1,5,8,None observed,9,0.46,33,72,16,HR Management System,15,325,8,5.76,5,3,0,tasks_completed,1,project_delay (days),9,changing_relative_effort,168,sprint_velocity,53,team_velocity,66,stakeholder_satisfaction(1-5),3,milestone_completion_rate,3
65,Company_N,1987-01-12,Female,36-40,Software Engineer,17,Development,Tamil,Sinhala,University_U,4,4,2,4,5,95.98,5,4.05,3,16,8,2,33,Online courses / certifications,3,0.66,21,32,16,HR Management System,17,436,15,7.98,1,8,2,tasks_assigned,12,tasks_completed,12,tasks_on_time,9,bug_count,10,bugs_fixed_count,9,code_quality (1-10),6,rework_count,5
66,Company_E,1995-03-14,Female,26-30,Project Manager,9,Project Management,English,Muslim,University_R,5,5,1,5,1,87.69,4,3.49,5,28,8,1,30,Knowledge sharing,3,0.5,14,28,22,Marketing Management System,52,325,9,3.17,1,4,5,total_deployments,5,successful_deployments,3,deployment_time_efficiency,0.94,incident_count,8,system_downtime (hrs),19.8,automated_pipeline_stages,7,total_pipeline_stages,8
67,Company_H,1989-04-27,Male,31-35,QA Engineer,15,QA,Tamil,Tamil,University_A,5,3,5,1,2,98.38,5,4.82,4,8,4,2,10,Knowledge sharing,4,0.88,99,112,17,Learning Management System,16,429,3,7.72,3,3,5,total_test_cases_executed,87,total_pass_test_cases,26,total_bugs_detected,12,defect_reopened_count,3,total_documents_created,9,document_quality (1-5),2,test_execution_time (hrs),4
68,Company_H,1987-01-15,Male,36-40,Project Manager,17,Project Management,Sinhala,Tamil,University_R,4,3,3,3,3,89.32,4,1.22,4,36,5,1,4,None observed,10,0.85,33,39,17,Learning Management System,25,167,8,6.13,1,7,4,tasks_assigned,25,tasks_completed,22,tasks_on_time,10,bug_count,8,bugs_fixed_count,7,code_quality (1-10),10,rework_count,5
69,Company_M,2003-10-23,Male,20-25,DevOps Engineer,1,DevOps,Sinhala,Sinhala,University_M,1,2,5,2,5,96.99,5,0.55,2,26,1,4,10,On-the-job learning,6,0.53,47,89,15,Inventory Management System,27,80,11,6.74,4,7,5,tasks_completed,16,project_delay (days),0,changing_relative_effort,51,sprint_velocity,44,team_velocity,55,stakeholder_satisfaction(1-5),3,milestone_completion_rate,1
70,Company_F,1987-05-31,Male,36-40,Project Manager,17,Project Management,English,Tamil,University_P,2,2,3,1,2,95.16,5,3.8,5,23,0,3,15,Research & innovation,3,0.61,14,23,7,Payroll Automation,48,165,6,7.16,0,10,5,total_deployments,2,successful_deployments,0,deployment_time_efficiency,0.58,incident_count,6,system_downtime (hrs),26.5,automated_pipeline_stages,1,total_pipeline_stages,1
71,Company_G,1987-11-24,Female,36-40,QA Engineer,17,QA,English,Muslim,University_C,1,5,5,5,2,88.31,4,2.2,1,37,3,2,36,Research & innovation,1,0.55,28,51,4,Loan Origination System,52,470,13,8.39,0,4,1,tasks_assigned,23,tasks_completed,8,tasks_on_time,6,bug_count,17,bugs_fixed_count,10,code_quality (1-10),4,rework_count,5
72,Company_J,1992-01-24,Male,31-35,QA Engineer,12,QA,Sinhala,Muslim,University_P,1,1,3,4,3,72.89,3,1.95,2,9,7,4,34,Formal training,5,0.42,20,48,1,Logistics Dashboard,31,145,12,6.27,3,1,4,total_deployments,10,successful_deployments,3,deployment_time_efficiency,0.8,incident_count,1,system_downtime (hrs),12.9,automated_pipeline_stages,7,total_pipeline_stages,8
73,Company_F,1995-05-13,Female,26-30,Project Manager,9,Project Management,English,Muslim,University_O,3,1,5,3,1,87.7,4,5.46,5,16,3,5,4,None observed,8,0.72,36,50,7,Payroll Automation,30,248,14,1.76,4,3,4,tasks_assigned,21,tasks_completed,6,tasks_on_time,5,bug_count,12,bugs_fixed_count,2,code_quality (1-10),2,rework_count,2
74,Company_B,1984-03-11,Male,36-40,QA Engineer,20,QA,Tamil,Muslim,University_G,1,2,5,2,4,47.63,1,0.83,3,14,4,1,4,None observed,8,0.92,73,79,6,Supply Chain Tracker,25,270,15,8.41,5,9,1,total_test_cases_executed,48,total_pass_test_cases,20,total_bugs_detected,19,defect_reopened_count,6,total_documents_created,8,document_quality (1-5),2,test_execution_time (hrs),10
75,Company_N,1999-06-03,Male,20-25,DevOps Engineer,5,DevOps,Sinhala,Sinhala,University_C,4,4,3,4,1,82.89,3,5.81,1,18,7,3,31,On-the-job learning,10,0.66,60,91,16,HR Management System,12,374,6,3.18,5,2,5,tasks_assigned,18,tasks_completed,13,tasks_on_time,1,bug_count,14,bugs_fixed_count,9,code_quality (1-10),5,rework_count,3
76,Company_H,1995-09-02,Male,26-30,Project Manager,9,Project Management,Sinhala,Sinhala,University_N,3,1,5,5,3,82.36,3,0.91,5,9,3,4,10,Online courses / certifications,10,0.7,52,74,17,Learning Management System,18,311,13,5.67,4,9,1,tasks_assigned,19,tasks_completed,12,tasks_on_time,6,bug_count,14,bugs_fixed_count,12,code_quality (1-10),7,rework_count,5
77,Company_L,1987-07-28,Female,36-40,QA Engineer,17,QA,Tamil,Tamil,University_G,1,3,4,2,4,91.6,4,5.37,4,38,3,5,3,On-the-job learning,2,0.67,20,30,21,Medi Care App,5,484,7,6.83,5,2,5,total_deployments,8,successful_deployments,8,deployment_time_efficiency,0.42,incident_count,2,system_downtime (hrs),15.9,automated_pipeline_stages,7,total_pipeline_stages,10
78,Company_H,1990-08-21,Female,31-35,DevOps Engineer,14,DevOps,Sinhala,Sinhala,University_R,5,3,3,5,1,86.7,4,2.43,3,14,9,2,33,Research & innovation,2,0.6,29,48,17,Learning Management System,46,491,9,5.75,5,5,4,tasks_assigned,17,tasks_completed,13,tasks_on_time,9,bug_count,3,bugs_fixed_count,2,code_quality (1-10),4,rework_count,3
79,Company_R,1989-06-24,Male,31-35,QA Engineer,15,QA,English,Tamil,University_U,2,4,4,3,2,95.67,5,3.59,2,27,3,5,13,Self-learning,1,0.96,107,112,19,E-Commerce Platform,48,380,4,5.99,3,4,1,tasks_completed,6,project_delay (days),10,changing_relative_effort,165,sprint_velocity,49,team_velocity,23,stakeholder_satisfaction(1-5),4,milestone_completion_rate,5
80,Company_B,1992-07-16,Male,31-35,Software Engineer,12,Development,Sinhala,Sinhala,University_R,3,3,1,1,1,85.4,4,4.53,4,15,6,4,26,Research & innovation,2,0.57,50,88,6,Supply Chain Tracker,40,430,14,7.89,4,8,0,total_test_cases_executed,83,total_pass_test_cases,14,total_bugs_detected,8,defect_reopened_count,8,total_documents_created,14,document_quality (1-5),5,test_execution_time (hrs),6
81,Company_N,1997-03-21,Female,26-30,Software Engineer,7,Development,Sinhala,Sinhala,University_S,2,2,4,5,5,81.44,3,2.05,4,20,1,1,27,Online courses / certifications,10,0.56,25,45,16,HR Management System,14,365,4,8.06,1,0,4,tasks_assigned,16,tasks_completed,9,tasks_on_time,9,bug_count,17,bugs_fixed_count,5,code_quality (1-10),4,rework_count,5
82,Company_S,1986-04-16,Male,36-40,Project Manager,18,Project Management,Sinhala,Tamil,University_L,4,3,2,3,5,98.72,5,4.64,3,11,1,3,36,Self-learning,2,0.66,69,105,13,CRM Platform,44,262,8,5.07,5,1,3,total_test_cases_executed,75,total_pass_test_cases,35,total_bugs_detected,22,defect_reopened_count,11,total_documents_created,8,document_quality (1-5),5,test_execution_time (hrs),4
83,Company_G,1989-07-24,Male,31-35,Software Engineer,15,Development,English,Muslim,University_C,1,4,5,4,5,96.86,5,2.02,3,34,0,5,39,On-the-job learning,6,0.84,98,117,2,ERP Integration Module,47,440,2,1.41,5,7,0,tasks_completed,4,project_delay (days),29,changing_relative_effort,90,sprint_velocity,38,team_velocity,49,stakeholder_satisfaction(1-5),1,milestone_completion_rate,5
84,Company_S,1987-12-30,Male,36-40,QA Engineer,17,QA,English,Tamil,University_C,3,3,3,3,4,90.07,4,4.27,4,19,2,3,30,On-the-job learning,7,0.63,37,59,13,CRM Platform,41,165,10,7.12,0,0,5,total_deployments,11,successful_deployments,1,deployment_time_efficiency,0.99,incident_count,6,system_downtime (hrs),33.3,automated_pipeline_stages,8,total_pipeline_stages,8
85,Company_M,1990-11-20,Female,31-35,Software Engineer,14,Development,English,Muslim,University_N,1,1,2,3,4,93.34,4,1.48,4,35,9,5,24,Online courses / certifications,10,0.95,104,110,15,Inventory Management System,41,423,8,4.16,3,5,1,total_test_cases_executed,41,total_pass_test_cases,17,total_bugs_detected,20,defect_reopened_count,2,total_documents_created,4,document_quality (1-5),3,test_execution_time (hrs),6
86,Company_L,1986-03-06,Female,36-40,Software Engineer,18,Development,English,Tamil,University_B,2,4,3,5,5,63.42,2,1.06,2,37,10,3,37,Online courses / certifications,2,0.56,67,120,21,Medi Care App,24,117,8,8.75,4,6,2,total_test_cases_executed,79,total_pass_test_cases,22,total_bugs_detected,24,defect_reopened_count,15,total_documents_created,13,document_quality (1-5),1,test_execution_time (hrs),6
87,Company_Q,1992-04-05,Male,31-35,DevOps Engineer,12,DevOps,Tamil,Muslim,University_M,5,4,3,5,3,70.31,3,5.12,5,40,2,3,8,Research & innovation,4,0.95,79,83,18,Smart Grid Monitor,23,407,8,7.57,1,0,1,total_deployments,3,successful_deployments,3,deployment_time_efficiency,0.38,incident_count,9,system_downtime (hrs),29.2,automated_pipeline_stages,5,total_pipeline_stages,10
88,Company_K,1985-02-03,Female,36-40,Project Manager,19,Project Management,Sinhala,Sinhala,University_J,2,3,4,5,4,88.66,4,5.24,5,16,1,4,23,Research & innovation,2,0.74,40,54,14,Digital Wallet Platform,35,283,10,4.24,3,9,1,tasks_assigned,16,tasks_completed,6,tasks_on_time,2,bug_count,3,bugs_fixed_count,0,code_quality (1-10),3,rework_count,4
89,Company_R,2001-09-28,Male,20-25,Project Manager,3,Project Management,Tamil,Muslim,University_Q,2,3,3,2,1,76.76,3,3.74,3,15,1,1,21,On-the-job learning,3,0.78,71,91,19,E-Commerce Platform,15,164,14,5.64,0,6,0,total_test_cases_executed,69,total_pass_test_cases,36,total_bugs_detected,24,defect_reopened_count,9,total_documents_created,6,document_quality (1-5),1,test_execution_time (hrs),5
90,Company_J,2002-11-21,Male,20-25,Software Engineer,2,Development,Tamil,Sinhala,University_U,1,1,4,4,4,97.89,5,1.89,4,14,3,1,21,Research & innovation,1,0.57,51,89,8,Microfinance Management System,51,422,6,1.94,4,3,3,tasks_completed,16,project_delay (days),30,changing_relative_effort,65,sprint_velocity,19,team_velocity,65,stakeholder_satisfaction(1-5),2,milestone_completion_rate,1
91,Company_S,1999-08-08,Male,20-25,DevOps Engineer,5,DevOps,Sinhala,Muslim,University_B,1,5,4,2,1,73.23,3,0.91,1,11,4,2,31,Online courses / certifications,8,0.69,44,64,13,CRM Platform,18,88,5,2.23,4,1,1,total_test_cases_executed,23,total_pass_test_cases,5,total_bugs_detected,14,defect_reopened_count,7,total_documents_created,6,document_quality (1-5),3,test_execution_time (hrs),6
92,Company_E,1987-09-19,Female,36-40,DevOps Engineer,17,DevOps,Tamil,Sinhala,University_C,2,1,2,1,4,65,2,3.15,1,33,2,5,26,Online courses / certifications,7,0.51,47,92,22,Marketing Management System,39,433,10,3.25,3,1,1,total_deployments,4,successful_deployments,0,deployment_time_efficiency,0.34,incident_count,3,system_downtime (hrs),6.3,automated_pipeline_stages,7,total_pipeline_stages,9
93,Company_P,2000-06-04,Male,20-25,Software Engineer,4,Development,Tamil,Sinhala,University_O,4,4,2,1,4,74.9,3,2.32,3,22,0,5,16,Knowledge sharing,6,0.94,90,96,11,Telecom Billing System,15,231,5,9.17,2,4,3,tasks_completed,5,project_delay (days),1,changing_relative_effort,112,sprint_velocity,51,team_velocity,38,stakeholder_satisfaction(1-5),3,milestone_completion_rate,5
94,Company_F,2002-10-30,Female,20-25,Software Engineer,2,Development,Sinhala,Tamil,University_L,5,5,5,4,3,79.99,3,1.13,3,19,0,3,24,On-the-job learning,10,0.79,70,89,7,Payroll Automation,18,65,14,8.01,0,7,4,tasks_completed,12,project_delay (days),24,changing_relative_effort,199,sprint_velocity,24,team_velocity,30,stakeholder_satisfaction(1-5),1,milestone_completion_rate,4
95,Company_H,1995-07-15,Female,26-30,QA Engineer,9,QA,English,Sinhala,University_J,1,5,4,5,4,33.31,1,4.8,4,16,9,2,10,Online courses / certifications,5,0.65,55,85,17,Learning Management System,38,208,4,5.41,0,0,1,total_deployments,20,successful_deployments,7,deployment_time_efficiency,0.31,incident_count,7,system_downtime (hrs),0,automated_pipeline_stages,4,total_pipeline_stages,10
96,Company_H,2002-07-28,Female,20-25,QA Engineer,2,QA,English,Muslim,University_S,5,5,4,5,3,95.94,5,2.82,5,5,8,1,3,Online courses / certifications,4,0.54,22,41,17,Learning Management System,44,299,12,3.86,5,8,5,tasks_completed,20,project_delay (days),25,changing_relative_effort,141,sprint_velocity,24,team_velocity,62,stakeholder_satisfaction(1-5),3,milestone_completion_rate,2
97,Company_L,2000-12-15,Male,20-25,Project Manager,4,Project Management,Tamil,Tamil,University_P,5,4,2,3,5,56.39,2,3.82,2,17,4,4,13,Online courses / certifications,1,0.65,39,60,21,Medi Care App,49,393,12,7.56,2,7,0,tasks_assigned,13,tasks_completed,4,tasks_on_time,1,bug_count,2,bugs_fixed_count,1,code_quality (1-10),3,rework_count,0
98,Company_P,1990-10-04,Male,31-35,DevOps Engineer,14,DevOps,Tamil,Sinhala,University_U,5,1,5,2,4,68.14,2,2.72,3,27,3,2,23,Research & innovation,8,0.7,46,66,11,Telecom Billing System,28,132,13,1.68,0,5,4,tasks_assigned,24,tasks_completed,16,tasks_on_time,0,bug_count,13,bugs_fixed_count,10,code_quality (1-10),2,rework_count,3
99,Company_M,1987-04-27,Female,36-40,Software Engineer,17,Development,Sinhala,Tamil,University_N,3,5,1,1,2,83.5,3,4.75,1,39,0,1,15,None observed,3,0.72,26,36,15,Inventory Management System,34,152,3,1.23,1,10,2,tasks_completed,3,project_delay (days),15,changing_relative_effort,79,sprint_velocity,29,team_velocity,70,stakeholder_satisfaction(1-5),3,milestone_completion_rate,3
100,Company_Q,2002-01-12,Male,20-25,Software Engineer,2,Development,Tamil,Muslim,University_J,1,5,1,1,3,23.26,1,1.08,3,24,9,1,20,On-the-job learning,1,0.74,66,89,18,Smart Grid Monitor,37,264,10,7.18,3,9,1,tasks_assigned,20,tasks_completed,10,tasks_on_time,1,bug_count,12,bugs_fixed_count,11,code_quality (1-10),1,rework_count,4
101,Company_O,1994-02-14,Female,26-30,QA Engineer,10,QA,English,Muslim,University_O,2,2,2,2,5,83.74,3,1.57,4,16,10,5,5,Research & innovation,4,0.4,17,43,20,Banking Mobile App,28,334,8,5.97,2,8,3,tasks_completed,1,project_delay (days),25,changing_relative_effort,200,sprint_velocity,43,team_velocity,70,stakeholder_satisfaction(1-5),3,milestone_completion_rate,3
102,Company_P,1985-05-10,Female,36-40,DevOps Engineer,19,DevOps,Sinhala,Sinhala,University_P,2,2,4,3,3,76.88,3,4.53,2,35,7,4,24,On-the-job learning,5,0.6,18,30,11,Telecom Billing System,48,171,2,7.71,2,5,0,tasks_completed,11,project_delay (days),26,changing_relative_effort,127,sprint_velocity,29,team_velocity,37,stakeholder_satisfaction(1-5),4,milestone_completion_rate,4
103,Company_L,1997-09-15,Female,26-30,QA Engineer,7,QA,Tamil,Muslim,University_D,2,4,5,5,1,64.75,2,3.26,4,20,9,2,34,Knowledge sharing,5,0.78,56,72,21,Medi Care App,29,119,14,8.66,4,0,1,tasks_completed,7,project_delay (days),28,changing_relative_effort,101,sprint_velocity,13,team_velocity,35,stakeholder_satisfaction(1-5),1,milestone_completion_rate,1
104,Company_F,1987-04-17,Male,36-40,Project Manager,17,Project Management,Tamil,Tamil,University_E,5,1,5,3,4,76.08,3,1.73,1,30,5,3,33,Self-learning,10,0.92,105,114,7,Payroll Automation,40,449,5,8.71,5,3,5,total_deployments,7,successful_deployments,4,deployment_time_efficiency,0.76,incident_count,8,system_downtime (hrs),1,automated_pipeline_stages,1,total_pipeline_stages,8
105,Company_C,1999-11-16,Male,20-25,DevOps Engineer,5,DevOps,Sinhala,Muslim,University_K,2,2,5,1,5,53.33,2,1.41,2,16,8,4,40,Research & innovation,4,0.92,98,106,23,Delivery Service App,39,381,11,6.48,2,10,0,total_deployments,16,successful_deployments,2,deployment_time_efficiency,0.54,incident_count,4,system_downtime (hrs),30.7,automated_pipeline_stages,5,total_pipeline_stages,7
106,Company_R,1994-08-28,Female,26-30,DevOps Engineer,10,DevOps,Tamil,Sinhala,University_U,4,5,5,1,5,57.95,2,1.15,4,35,10,2,40,Knowledge sharing,2,1,29,29,19,E-Commerce Platform,47,323,12,8.06,5,5,4,total_deployments,10,successful_deployments,2,deployment_time_efficiency,0.89,incident_count,8,system_downtime (hrs),8.7,automated_pipeline_stages,2,total_pipeline_stages,9
107,Company_F,1999-08-25,Male,20-25,QA Engineer,5,QA,Tamil,Sinhala,University_M,2,3,4,3,1,83.47,3,4.08,3,21,4,5,29,Research & innovation,2,0.62,41,66,7,Payroll Automation,41,367,3,5.25,1,8,0,total_deployments,13,successful_deployments,8,deployment_time_efficiency,0.51,incident_count,0,system_downtime (hrs),41.8,automated_pipeline_stages,3,total_pipeline_stages,5
108,Company_N,1997-03-05,Male,26-30,Software Engineer,7,Development,English,Muslim,University_R,1,2,4,5,4,82.85,3,1.95,3,28,1,5,4,On-the-job learning,3,0.65,15,23,16,HR Management System,12,364,8,6.7,3,6,3,tasks_assigned,17,tasks_completed,1,tasks_on_time,0,bug_count,17,bugs_fixed_count,6,code_quality (1-10),8,rework_count,0
109,Company_B,1984-08-13,Female,36-40,Software Engineer,20,Development,Tamil,Sinhala,University_G,1,1,1,5,3,97.71,5,3.58,2,27,5,3,16,Online courses / certifications,10,0.42,33,79,6,Supply Chain Tracker,25,300,7,7.75,1,6,0,tasks_assigned,12,tasks_completed,4,tasks_on_time,1,bug_count,6,bugs_fixed_count,5,code_quality (1-10),1,rework_count,4
110,Company_P,2001-09-22,Female,20-25,Project Manager,3,Project Management,English,Sinhala,University_J,2,2,3,4,3,82.56,3,0.55,1,21,3,3,7,None observed,2,0.72,51,71,11,Telecom Billing System,34,409,4,2.85,5,10,0,tasks_assigned,14,tasks_completed,7,tasks_on_time,1,bug_count,16,bugs_fixed_count,8,code_quality (1-10),7,rework_count,5
111,Company_B,1987-05-01,Male,36-40,DevOps Engineer,17,DevOps,Tamil,Sinhala,University_M,1,4,3,5,3,96.66,5,5.92,2,22,7,2,34,Knowledge sharing,1,0.86,73,85,6,Supply Chain Tracker,19,51,2,7.04,0,9,5,tasks_completed,16,project_delay (days),4,changing_relative_effort,73,sprint_velocity,59,team_velocity,52,stakeholder_satisfaction(1-5),1,milestone_completion_rate,4
112,Company_T,1992-06-25,Male,31-35,Software Engineer,12,Development,English,Muslim,University_P,3,2,4,4,2,95.09,5,4.64,4,28,6,3,30,None observed,3,0.65,32,49,3,Insurance Claims Platform,21,499,13,1.84,2,2,0,tasks_assigned,17,tasks_completed,13,tasks_on_time,7,bug_count,8,bugs_fixed_count,6,code_quality (1-10),7,rework_count,3
113,Company_F,2003-05-08,Female,20-25,Project Manager,1,Project Management,English,Muslim,University_L,3,3,3,5,5,87.88,4,1.92,5,6,6,1,24,Research & innovation,10,0.64,66,103,7,Payroll Automation,6,82,6,6.89,0,10,4,tasks_completed,19,project_delay (days),23,changing_relative_effort,194,sprint_velocity,24,team_velocity,62,stakeholder_satisfaction(1-5),4,milestone_completion_rate,3
114,Company_C,1992-03-20,Female,31-35,DevOps Engineer,12,DevOps,Tamil,Tamil,University_D,5,4,3,4,3,28.26,1,3.37,4,33,6,2,13,Online courses / certifications,2,0.9,79,88,23,Delivery Service App,21,75,10,3,5,6,3,total_test_cases_executed,40,total_pass_test_cases,5,total_bugs_detected,14,defect_reopened_count,7,total_documents_created,13,document_quality (1-5),3,test_execution_time (hrs),2
115,Company_N,1996-05-11,Male,26-30,DevOps Engineer,8,DevOps,Tamil,Sinhala,University_C,1,3,3,4,4,60.59,2,3.47,3,22,8,4,10,Online courses / certifications,10,0.77,80,104,16,HR Management System,42,292,13,6.91,5,7,0,total_test_cases_executed,22,total_pass_test_cases,21,total_bugs_detected,7,defect_reopened_count,0,total_documents_created,6,document_quality (1-5),2,test_execution_time (hrs),7
116,Company_O,1987-01-19,Male,36-40,QA Engineer,17,QA,English,Tamil,University_H,4,3,5,2,1,89.81,4,1.54,2,40,6,4,17,On-the-job learning,9,0.49,42,86,20,Banking Mobile App,11,445,9,5.12,4,8,1,tasks_completed,16,project_delay (days),0,changing_relative_effort,185,sprint_velocity,57,team_velocity,23,stakeholder_satisfaction(1-5),3,milestone_completion_rate,3
117,Company_G,1992-01-11,Male,31-35,QA Engineer,12,QA,Sinhala,Sinhala,University_D,5,1,2,1,3,96.32,5,4.43,3,5,3,1,11,Research & innovation,2,0.83,75,90,2,ERP Integration Module,48,433,10,3.69,5,8,2,total_test_cases_executed,80,total_pass_test_cases,80,total_bugs_detected,6,defect_reopened_count,1,total_documents_created,4,document_quality (1-5),4,test_execution_time (hrs),4
118,Company_D,1985-09-23,Male,36-40,DevOps Engineer,19,DevOps,Tamil,Sinhala,University_D,2,4,4,3,3,77.05,3,4.51,5,40,8,1,18,Knowledge sharing,2,0.91,43,47,5,Hospital Information System,7,393,2,2.8,1,4,5,tasks_completed,9,project_delay (days),4,changing_relative_effort,65,sprint_velocity,54,team_velocity,70,stakeholder_satisfaction(1-5),2,milestone_completion_rate,4
119,Company_R,1997-03-15,Female,26-30,QA Engineer,7,QA,Tamil,Muslim,University_P,2,4,2,3,5,30.48,1,4.66,2,33,3,1,26,Research & innovation,10,0.5,46,92,19,E-Commerce Platform,43,494,14,8.74,3,3,5,tasks_completed,12,project_delay (days),24,changing_relative_effort,200,sprint_velocity,44,team_velocity,67,stakeholder_satisfaction(1-5),3,milestone_completion_rate,4
120,Company_J,1991-11-10,Male,31-35,QA Engineer,13,QA,Tamil,Sinhala,University_E,1,5,4,2,5,65.42,2,4.71,3,14,9,3,22,Formal training,9,0.61,67,109,1,Logistics Dashboard,44,365,15,6.96,3,9,4,total_deployments,12,successful_deployments,1,deployment_time_efficiency,0.85,incident_count,5,system_downtime (hrs),25.2,automated_pipeline_stages,3,total_pipeline_stages,4
121,Company_T,1989-11-17,Male,31-35,Software Engineer,15,Development,Tamil,Muslim,University_L,3,1,5,3,5,87.88,4,0.89,5,24,1,2,35,Knowledge sharing,8,0.77,36,47,3,Insurance Claims Platform,28,457,3,4.47,4,4,0,tasks_assigned,21,tasks_completed,12,tasks_on_time,8,bug_count,16,bugs_fixed_count,14,code_quality (1-10),5,rework_count,2
122,Company_T,1991-03-27,Female,31-35,Project Manager,13,Project Management,Tamil,Tamil,University_R,4,4,3,5,2,96.97,5,1.68,1,40,4,3,30,On-the-job learning,4,0.57,60,105,3,Insurance Claims Platform,6,94,3,1.49,2,8,0,tasks_completed,19,project_delay (days),26,changing_relative_effort,108,sprint_velocity,26,team_velocity,46,stakeholder_satisfaction(1-5),3,milestone_completion_rate,4
123,Company_I,1999-09-11,Female,20-25,Software Engineer,5,Development,Tamil,Tamil,University_K,2,1,3,4,2,99.56,5,5.44,2,11,9,3,4,Knowledge sharing,7,1,104,104,12,Fleet Management System,14,323,5,2.23,3,8,2,total_deployments,5,successful_deployments,2,deployment_time_efficiency,0.77,incident_count,10,system_downtime (hrs),17.9,automated_pipeline_stages,1,total_pipeline_stages,9
124,Company_I,1995-03-22,Male,26-30,QA Engineer,9,QA,English,Tamil,University_C,2,2,3,1,4,95.21,5,0.77,1,30,4,1,27,On-the-job learning,6,0.52,46,88,12,Fleet Management System,45,331,3,3.62,0,4,0,total_test_cases_executed,35,total_pass_test_cases,31,total_bugs_detected,30,defect_reopened_count,10,total_documents_created,6,document_quality (1-5),2,test_execution_time (hrs),7
125,Company_S,1991-09-17,Male,31-35,Software Engineer,13,Development,Tamil,Tamil,University_D,2,4,1,2,2,63.5,2,1.36,2,10,1,1,17,Online courses / certifications,1,0.42,10,24,13,CRM Platform,34,286,9,4.23,2,7,4,total_deployments,4,successful_deployments,1,deployment_time_efficiency,0.75,incident_count,1,system_downtime (hrs),40.4,automated_pipeline_stages,3,total_pipeline_stages,6
126,Company_F,1986-08-01,Male,36-40,Software Engineer,18,Development,Tamil,Sinhala,University_O,4,3,3,1,1,92.04,4,5.36,5,29,3,4,34,Knowledge sharing,8,0.83,83,100,7,Payroll Automation,9,253,7,5.52,5,3,4,total_test_cases_executed,97,total_pass_test_cases,21,total_bugs_detected,24,defect_reopened_count,16,total_documents_created,3,document_quality (1-5),3,test_execution_time (hrs),3
127,Company_C,1992-05-13,Male,31-35,Project Manager,12,Project Management,English,Sinhala,University_P,3,2,2,3,4,95.69,5,0.98,4,29,8,5,16,Online courses / certifications,1,0.4,21,52,23,Delivery Service App,10,410,10,6.7,2,4,4,total_test_cases_executed,79,total_pass_test_cases,72,total_bugs_detected,5,defect_reopened_count,3,total_documents_created,11,document_quality (1-5),2,test_execution_time (hrs),6
128,Company_N,1999-03-17,Male,20-25,QA Engineer,5,QA,English,Tamil,University_E,3,4,3,2,2,99.09,5,1.52,4,22,9,5,16,None observed,6,0.93,88,95,16,HR Management System,14,235,11,7.46,0,10,1,total_test_cases_executed,63,total_pass_test_cases,42,total_bugs_detected,23,defect_reopened_count,3,total_documents_created,8,document_quality (1-5),4,test_execution_time (hrs),5
129,Company_C,1990-12-30,Female,31-35,Software Engineer,14,Development,English,Sinhala,University_T,4,1,5,4,3,95.95,5,5.67,5,39,8,1,35,Online courses / certifications,4,0.72,29,40,23,Delivery Service App,34,137,5,8.47,4,2,4,total_test_cases_executed,33,total_pass_test_cases,32,total_bugs_detected,8,defect_reopened_count,2,total_documents_created,12,document_quality (1-5),4,test_execution_time (hrs),9
130,Company_D,1996-12-23,Male,26-30,QA Engineer,8,QA,Tamil,Muslim,University_P,2,4,4,3,4,58.59,2,3,1,17,7,1,18,On-the-job learning,5,0.83,70,84,5,Hospital Information System,47,382,8,5.7,2,0,5,tasks_assigned,21,tasks_completed,14,tasks_on_time,3,bug_count,15,bugs_fixed_count,12,code_quality (1-10),4,rework_count,5
131,Company_H,1989-03-21,Female,31-35,Software Engineer,15,Development,Tamil,Tamil,University_G,2,1,2,2,1,89.38,4,1.89,5,34,7,4,36,None observed,5,0.42,44,105,17,Learning Management System,30,235,3,2.39,5,9,2,tasks_assigned,13,tasks_completed,9,tasks_on_time,6,bug_count,18,bugs_fixed_count,11,code_quality (1-10),6,rework_count,5
132,Company_S,2003-08-11,Male,20-25,QA Engineer,1,QA,Sinhala,Tamil,University_L,2,3,5,5,5,92.8,4,1.48,5,34,9,3,4,None observed,4,0.83,70,84,13,CRM Platform,43,406,12,7.36,1,6,5,tasks_assigned,5,tasks_completed,1,tasks_on_time,0,bug_count,15,bugs_fixed_count,13,code_quality (1-10),2,rework_count,2
133,Company_C,1990-03-19,Female,31-35,Software Engineer,14,Development,Tamil,Muslim,University_I,3,2,5,5,4,42.57,1,3.98,5,36,2,5,16,Online courses / certifications,1,0.48,45,93,23,Delivery Service App,27,172,12,1,1,1,2,total_test_cases_executed,61,total_pass_test_cases,22,total_bugs_detected,21,defect_reopened_count,12,total_documents_created,7,document_quality (1-5),3,test_execution_time (hrs),6
134,Company_A,1996-05-28,Male,26-30,Software Engineer,8,Development,Sinhala,Tamil,University_K,4,4,1,2,4,73.65,3,3.03,5,39,5,4,28,Online courses / certifications,7,0.9,53,59,9,Customer Portal,20,498,10,8.32,4,4,5,total_deployments,15,successful_deployments,12,deployment_time_efficiency,0.69,incident_count,3,system_downtime (hrs),36.4,automated_pipeline_stages,8,total_pipeline_stages,10
135,Company_S,2003-12-15,Female,20-25,Project Manager,1,Project Management,English,Sinhala,University_D,4,3,2,5,3,96.18,5,2.56,1,7,3,1,30,On-the-job learning,8,0.58,29,50,13,CRM Platform,24,231,5,9.05,2,2,5,total_deployments,7,successful_deployments,7,deployment_time_efficiency,0.82,incident_count,3,system_downtime (hrs),35.3,automated_pipeline_stages,5,total_pipeline_stages,6
136,Company_L,1994-09-26,Female,26-30,Software Engineer,10,Development,English,Sinhala,University_B,3,3,5,3,4,91.95,4,2,1,15,4,1,2,Research & innovation,9,0.83,85,102,21,Medi Care App,12,77,10,8.19,3,8,0,total_deployments,17,successful_deployments,11,deployment_time_efficiency,0.58,incident_count,10,system_downtime (hrs),37.2,automated_pipeline_stages,8,total_pipeline_stages,8
137,Company_F,1992-10-03,Female,31-35,Project Manager,12,Project Management,English,Sinhala,University_B,1,4,5,2,1,20.24,1,5.56,5,34,1,4,21,Formal training,5,0.8,24,30,7,Payroll Automation,27,487,8,3.52,1,9,1,total_deployments,19,successful_deployments,7,deployment_time_efficiency,0.87,incident_count,4,system_downtime (hrs),38.6,automated_pipeline_stages,7,total_pipeline_stages,10
138,Company_P,1991-02-17,Male,31-35,Project Manager,13,Project Management,Tamil,Tamil,University_I,5,4,2,5,2,71.92,3,5.86,2,29,1,3,15,Research & innovation,7,0.64,57,89,11,Telecom Billing System,27,234,10,6.02,2,5,0,total_test_cases_executed,62,total_pass_test_cases,7,total_bugs_detected,11,defect_reopened_count,10,total_documents_created,10,document_quality (1-5),2,test_execution_time (hrs),6
139,Company_R,2002-10-20,Male,20-25,QA Engineer,2,QA,Sinhala,Sinhala,University_S,1,2,2,4,5,85.48,4,3.89,2,33,3,2,22,Research & innovation,2,0.52,26,50,19,E-Commerce Platform,24,384,6,7.39,4,10,3,total_deployments,9,successful_deployments,7,deployment_time_efficiency,0.85,incident_count,5,system_downtime (hrs),35.9,automated_pipeline_stages,8,total_pipeline_stages,9
140,Company_E,1985-11-29,Female,36-40,Software Engineer,19,Development,Tamil,Sinhala,University_O,4,2,2,5,4,89.68,4,2.48,5,31,2,3,10,Online courses / certifications,3,0.5,15,30,22,Marketing Management System,23,167,5,7.64,3,10,1,tasks_assigned,9,tasks_completed,9,tasks_on_time,2,bug_count,0,bugs_fixed_count,0,code_quality (1-10),7,rework_count,2
141,Company_F,1985-10-15,Female,36-40,Project Manager,19,Project Management,Tamil,Muslim,University_Q,1,1,5,4,3,56.33,2,3.15,5,10,2,5,19,Online courses / certifications,7,0.45,14,31,7,Payroll Automation,13,205,2,1,1,5,2,total_deployments,16,successful_deployments,0,deployment_time_efficiency,0.78,incident_count,7,system_downtime (hrs),45.5,automated_pipeline_stages,8,total_pipeline_stages,9
142,Company_G,1991-02-19,Male,31-35,Project Manager,13,Project Management,Tamil,Muslim,University_E,1,4,5,2,5,98.88,5,5.95,3,6,4,4,7,Self-learning,9,0.5,48,96,2,ERP Integration Module,21,261,5,8.68,1,2,2,total_test_cases_executed,24,total_pass_test_cases,20,total_bugs_detected,14,defect_reopened_count,9,total_documents_created,8,document_quality (1-5),2,test_execution_time (hrs),7
143,Company_K,1985-10-15,Male,36-40,QA Engineer,19,QA,English,Tamil,University_T,4,2,2,5,3,95.79,5,1.95,2,12,0,2,31,Self-learning,8,0.62,28,45,14,Digital Wallet Platform,9,481,14,9.56,0,4,3,total_test_cases_executed,19,total_pass_test_cases,17,total_bugs_detected,15,defect_reopened_count,5,total_documents_created,4,document_quality (1-5),5,test_execution_time (hrs),3
144,Company_K,1995-11-09,Female,26-30,DevOps Engineer,9,DevOps,Tamil,Muslim,University_I,2,5,3,2,3,98.03,5,4.2,1,9,0,4,8,Research & innovation,4,0.53,21,40,14,Digital Wallet Platform,16,234,2,8.77,1,1,1,total_deployments,14,successful_deployments,5,deployment_time_efficiency,0.31,incident_count,4,system_downtime (hrs),28.1,automated_pipeline_stages,7,total_pipeline_stages,8
145,Company_D,1985-09-14,Female,36-40,Project Manager,19,Project Management,Tamil,Muslim,University_U,3,2,1,3,1,80.36,3,2.33,4,8,4,3,13,Knowledge sharing,8,0.91,79,87,5,Hospital Information System,32,425,5,1.19,3,5,5,total_test_cases_executed,27,total_pass_test_cases,8,total_bugs_detected,28,defect_reopened_count,1,total_documents_created,8,document_quality (1-5),4,test_execution_time (hrs),6
146,Company_N,1985-12-12,Male,36-40,Software Engineer,19,Development,English,Sinhala,University_G,4,5,1,5,4,91.42,4,2.72,4,9,8,2,2,Self-learning,5,0.9,27,30,16,HR Management System,24,419,3,6.92,4,6,1,total_deployments,17,successful_deployments,15,deployment_time_efficiency,0.84,incident_count,2,system_downtime (hrs),29.4,automated_pipeline_stages,6,total_pipeline_stages,9
147,Company_P,1985-01-11,Female,36-40,DevOps Engineer,19,DevOps,Sinhala,Muslim,University_T,2,2,1,2,1,44.53,1,3.76,2,36,6,1,36,Research & innovation,1,0.92,91,99,11,Telecom Billing System,9,289,14,6.75,2,8,5,total_deployments,14,successful_deployments,13,deployment_time_efficiency,0.56,incident_count,0,system_downtime (hrs),39.5,automated_pipeline_stages,5,total_pipeline_stages,9
148,Company_T,2003-07-01,Male,20-25,Software Engineer,1,Development,English,Sinhala,University_R,5,2,5,1,1,87.08,4,3.77,2,19,1,2,29,None observed,4,0.76,34,45,3,Insurance Claims Platform,29,308,7,6.92,4,9,3,tasks_completed,12,project_delay (days),28,changing_relative_effort,130,sprint_velocity,45,team_velocity,40,stakeholder_satisfaction(1-5),4,milestone_completion_rate,3
149,Company_B,1997-01-01,Female,26-30,Project Manager,7,Project Management,Sinhala,Tamil,University_J,1,1,2,1,5,87.76,4,2.79,2,35,2,2,11,Knowledge sharing,7,0.7,74,105,6,Supply Chain Tracker,17,488,7,1.2,5,4,4,tasks_assigned,21,tasks_completed,18,tasks_on_time,18,bug_count,18,bugs_fixed_count,4,code_quality (1-10),2,rework_count,3
150,Company_A,1997-10-23,Male,26-30,Software Engineer,7,Development,Sinhala,Sinhala,University_U,4,2,2,1,1,58.88,2,2.07,4,32,4,3,31,Research & innovation,7,0.65,36,55,9,Customer Portal,9,449,2,9.3,2,5,3,tasks_completed,14,project_delay (days),29,changing_relative_effort,80,sprint_velocity,59,team_velocity,34,stakeholder_satisfaction(1-5),4,milestone_completion_rate,4
151,Company_S,1985-12-08,Female,36-40,Software Engineer,19,Development,Sinhala,Tamil,University_Q,2,5,4,2,4,97.33,5,3.02,1,17,10,3,19,Online courses / certifications,9,0.95,69,73,11,Telecom Billing System,40,431,2,5.93,2,1,3,tasks_assigned,21,tasks_completed,14,tasks_on_time,12,bug_count,4,bugs_fixed_count,1,code_quality (1-10),5,rework_count,1
152,Company_F,1990-10-15,Male,31-35,Software Engineer,14,Development,English,Muslim,University_B,5,2,5,1,4,77.8,3,0.72,5,35,8,1,29,Research & innovation,7,0.81,62,77,7,Payroll Automation,26,365,15,9.91,3,9,1,tasks_completed,15,project_delay (days),1,changing_relative_effort,109,sprint_velocity,22,team_velocity,63,stakeholder_satisfaction(1-5),2,milestone_completion_rate,4
153,Company_O,1985-07-15,Male,36-40,Project Manager,19,Project Management,Sinhala,Tamil,University_K,1,1,4,3,5,57.05,2,2.84,3,22,9,5,38,Knowledge sharing,4,0.86,24,28,20,Banking Mobile App,50,122,13,7.29,0,6,4,total_deployments,17,successful_deployments,1,deployment_time_efficiency,0.48,incident_count,0,system_downtime (hrs),13.6,automated_pipeline_stages,5,total_pipeline_stages,5
154,Company_K,1991-09-25,Female,31-35,QA Engineer,13,QA,English,Muslim,University_I,3,1,1,3,3,53.41,2,3.26,4,12,7,5,36,Formal training,6,0.74,81,110,14,Digital Wallet Platform,6,176,10,3.74,3,6,5,tasks_assigned,10,tasks_completed,1,tasks_on_time,1,bug_count,11,bugs_fixed_count,5,code_quality (1-10),7,rework_count,1
155,Company_M,1986-04-13,Female,36-40,QA Engineer,18,QA,Tamil,Muslim,University_N,3,2,1,1,2,80.29,3,3.36,4,26,6,5,23,On-the-job learning,9,0.86,84,98,15,Inventory Management System,13,268,6,9.19,2,7,4,tasks_completed,5,project_delay (days),6,changing_relative_effort,85,sprint_velocity,47,team_velocity,54,stakeholder_satisfaction(1-5),4,milestone_completion_rate,2
156,Company_J,1994-05-08,Male,26-30,DevOps Engineer,10,DevOps,Sinhala,Sinhala,University_M,5,2,4,3,3,45.4,1,3.59,2,7,10,3,24,On-the-job learning,1,0.89,82,92,8,Microfinance Management System,13,448,5,1.96,1,0,4,total_test_cases_executed,88,total_pass_test_cases,34,total_bugs_detected,19,defect_reopened_count,18,total_documents_created,10,document_quality (1-5),2,test_execution_time (hrs),3
157,Company_S,1996-10-02,Male,26-30,Project Manager,8,Project Management,Tamil,Muslim,University_S,3,1,4,5,2,76.31,3,1.01,2,8,9,2,39,On-the-job learning,3,0.86,18,21,11,Telecom Billing System,52,154,3,2.59,3,9,3,total_test_cases_executed,98,total_pass_test_cases,41,total_bugs_detected,27,defect_reopened_count,14,total_documents_created,15,document_quality (1-5),2,test_execution_time (hrs),5
158,Company_C,1994-05-10,Male,26-30,Project Manager,10,Project Management,Tamil,Tamil,University_T,4,3,2,4,4,40.48,1,3.73,3,10,2,2,21,On-the-job learning,4,0.83,29,35,23,Delivery Service App,16,199,9,4.58,2,4,3,total_test_cases_executed,31,total_pass_test_cases,27,total_bugs_detected,9,defect_reopened_count,9,total_documents_created,15,document_quality (1-5),1,test_execution_time (hrs),6
159,Company_N,1996-04-11,Female,26-30,Project Manager,8,Project Management,Sinhala,Sinhala,University_O,3,3,4,1,3,62.19,2,3.21,2,20,0,1,19,None observed,7,0.75,76,101,16,HR Management System,44,235,3,5.71,3,8,4,total_test_cases_executed,30,total_pass_test_cases,12,total_bugs_detected,17,defect_reopened_count,12,total_documents_created,1,document_quality (1-5),4,test_execution_time (hrs),9
160,Company_O,1992-06-06,Female,31-35,Software Engineer,12,Development,Tamil,Muslim,University_C,5,2,2,1,5,87.08,4,3.49,4,25,10,3,19,Research & innovation,5,0.93,109,117,20,Banking Mobile App,42,302,5,2.95,5,7,3,total_test_cases_executed,62,total_pass_test_cases,28,total_bugs_detected,2,defect_reopened_count,2,total_documents_created,10,document_quality (1-5),1,test_execution_time (hrs),9
161,Company_P,1989-03-02,Female,31-35,Project Manager,15,Project Management,Sinhala,Muslim,University_A,1,1,2,2,2,55.99,2,2.19,3,18,2,1,29,Online courses / certifications,5,0.78,51,65,11,Telecom Billing System,40,453,10,2.6,3,9,2,tasks_assigned,6,tasks_completed,1,tasks_on_time,1,bug_count,10,bugs_fixed_count,5,code_quality (1-10),9,rework_count,0
162,Company_L,1991-04-07,Female,31-35,QA Engineer,13,QA,Sinhala,Muslim,University_Q,2,5,5,1,1,80.88,3,4.7,4,38,3,2,20,Formal training,4,0.71,76,107,21,Medi Care App,43,231,4,6.53,3,8,5,tasks_assigned,25,tasks_completed,16,tasks_on_time,15,bug_count,5,bugs_fixed_count,4,code_quality (1-10),3,rework_count,2
163,Company_B,2002-10-16,Male,20-25,Software Engineer,2,Development,English,Tamil,University_C,4,3,4,5,3,66.76,2,5.13,3,19,8,4,20,Online courses / certifications,2,0.59,29,49,6,Supply Chain Tracker,47,220,7,4.56,4,9,0,total_test_cases_executed,32,total_pass_test_cases,12,total_bugs_detected,10,defect_reopened_count,5,total_documents_created,15,document_quality (1-5),4,test_execution_time (hrs),9
164,Company_D,1989-01-12,Female,31-35,QA Engineer,15,QA,Tamil,Muslim,University_D,3,4,3,4,5,99.98,5,5.93,1,37,4,2,31,None observed,10,0.39,13,33,5,Hospital Information System,13,193,15,1.28,3,10,4,total_deployments,6,successful_deployments,4,deployment_time_efficiency,0.72,incident_count,2,system_downtime (hrs),28.6,automated_pipeline_stages,5,total_pipeline_stages,10
165,Company_Q,2000-03-27,Female,20-25,Software Engineer,4,Development,Sinhala,Tamil,University_A,4,4,3,4,4,88.03,4,0.68,1,40,10,3,12,Research & innovation,2,0.59,37,63,18,Smart Grid Monitor,50,497,10,3.79,2,2,0,total_test_cases_executed,76,total_pass_test_cases,16,total_bugs_detected,6,defect_reopened_count,5,total_documents_created,1,document_quality (1-5),3,test_execution_time (hrs),7
166,Company_O,1989-01-12,Male,31-35,DevOps Engineer,15,DevOps,English,Muslim,University_O,1,3,4,1,4,96.79,5,2.47,2,27,0,2,17,Formal training,4,0.73,68,93,20,Banking Mobile App,46,110,6,2.34,2,1,0,total_deployments,20,successful_deployments,17,deployment_time_efficiency,0.66,incident_count,3,system_downtime (hrs),26,automated_pipeline_stages,6,total_pipeline_stages,8
167,Company_Q,1991-08-16,Female,31-35,Software Engineer,13,Development,Sinhala,Muslim,University_E,3,4,2,4,1,86.91,4,3.45,1,23,4,1,21,Self-learning,6,0.54,51,95,18,Smart Grid Monitor,25,468,5,7.42,5,8,0,tasks_assigned,29,tasks_completed,25,tasks_on_time,14,bug_count,18,bugs_fixed_count,4,code_quality (1-10),2,rework_count,5
168,Company_N,1995-11-14,Male,26-30,Project Manager,9,Project Management,Tamil,Tamil,University_I,4,3,5,5,4,33.92,1,4.5,4,8,8,2,25,Self-learning,7,0.88,51,58,16,HR Management System,14,194,14,4.14,4,2,4,total_deployments,4,successful_deployments,3,deployment_time_efficiency,0.87,incident_count,1,system_downtime (hrs),15.6,automated_pipeline_stages,2,total_pipeline_stages,6
169,Company_D,1996-05-11,Male,26-30,Software Engineer,8,Development,Sinhala,Tamil,University_L,1,3,3,5,2,95.23,5,0.73,1,36,0,1,7,Knowledge sharing,4,0.91,49,54,5,Hospital Information System,33,216,10,1.88,3,2,2,total_deployments,13,successful_deployments,1,deployment_time_efficiency,0.72,incident_count,10,system_downtime (hrs),39.1,automated_pipeline_stages,7,total_pipeline_stages,9
170,Company_O,1995-07-25,Female,26-30,Software Engineer,9,Development,Sinhala,Sinhala,University_R,2,3,4,4,3,91,4,0.81,3,39,5,1,22,Knowledge sharing,9,0.85,98,115,20,Banking Mobile App,9,348,2,6.5,4,6,1,tasks_completed,10,project_delay (days),1,changing_relative_effort,144,sprint_velocity,45,team_velocity,23,stakeholder_satisfaction(1-5),1,milestone_completion_rate,3
171,Company_M,1992-07-28,Female,31-35,Project Manager,12,Project Management,English,Sinhala,University_U,3,2,2,4,3,46.33,1,4.72,2,31,0,3,7,Research & innovation,6,0.62,40,65,15,Inventory Management System,12,55,3,6.84,1,7,5,tasks_completed,14,project_delay (days),4,changing_relative_effort,71,sprint_velocity,18,team_velocity,61,stakeholder_satisfaction(1-5),4,milestone_completion_rate,4
172,Company_C,1995-07-26,Male,26-30,QA Engineer,9,QA,Tamil,Muslim,University_J,5,4,3,4,4,87.2,4,1.23,2,16,10,5,22,None observed,6,0.98,101,103,23,Delivery Service App,34,410,7,2.02,3,1,1,total_test_cases_executed,77,total_pass_test_cases,35,total_bugs_detected,14,defect_reopened_count,8,total_documents_created,2,document_quality (1-5),3,test_execution_time (hrs),6
173,Company_H,2001-08-27,Male,20-25,QA Engineer,3,QA,Tamil,Muslim,University_I,4,4,1,2,2,63.6,2,5.24,5,22,4,4,26,On-the-job learning,2,0.59,16,27,17,Learning Management System,48,355,13,3.74,4,4,0,tasks_completed,16,project_delay (days),18,changing_relative_effort,93,sprint_velocity,46,team_velocity,23,stakeholder_satisfaction(1-5),4,milestone_completion_rate,2
174,Company_N,2002-07-31,Female,20-25,Software Engineer,2,Development,Sinhala,Muslim,University_T,1,3,2,4,3,78.74,3,5.67,5,7,0,3,34,Formal training,6,0.55,64,117,16,HR Management System,25,93,4,6.36,1,7,3,total_test_cases_executed,59,total_pass_test_cases,15,total_bugs_detected,21,defect_reopened_count,14,total_documents_created,12,document_quality (1-5),4,test_execution_time (hrs),3
175,Company_L,1992-08-19,Female,31-35,DevOps Engineer,12,DevOps,Tamil,Tamil,University_J,3,4,2,3,4,74.85,3,1.33,4,33,0,2,11,Online courses / certifications,2,0.56,18,32,21,Medi Care App,47,211,10,7.15,0,1,4,tasks_completed,12,project_delay (days),30,changing_relative_effort,160,sprint_velocity,49,team_velocity,78,stakeholder_satisfaction(1-5),4,milestone_completion_rate,2
176,Company_J,2001-03-12,Male,20-25,DevOps Engineer,3,DevOps,Tamil,Muslim,University_M,4,1,2,4,1,72.51,3,0.64,4,12,6,3,39,None observed,4,0.5,25,50,1,Logistics Dashboard,18,421,6,3.27,0,0,4,tasks_assigned,7,tasks_completed,1,tasks_on_time,0,bug_count,19,bugs_fixed_count,3,code_quality (1-10),7,rework_count,0
177,Company_N,1996-05-17,Female,26-30,Software Engineer,8,Development,Sinhala,Tamil,University_O,1,2,2,4,4,82.22,3,4.64,3,14,1,3,33,Self-learning,4,0.73,78,107,16,HR Management System,7,245,8,3.99,0,4,2,tasks_assigned,10,tasks_completed,8,tasks_on_time,1,bug_count,15,bugs_fixed_count,6,code_quality (1-10),6,rework_count,1
178,Company_L,2000-03-05,Female,20-25,QA Engineer,4,QA,English,Tamil,University_F,1,4,3,2,2,97.35,5,2.15,1,20,8,4,20,Formal training,1,0.71,32,45,21,Medi Care App,29,344,2,5.64,3,7,3,tasks_assigned,17,tasks_completed,3,tasks_on_time,1,bug_count,0,bugs_fixed_count,0,code_quality (1-10),10,rework_count,3
179,Company_O,1991-03-24,Female,31-35,Project Manager,13,Project Management,English,Sinhala,University_E,2,1,5,3,1,97.35,5,0.6,1,30,1,1,12,Formal training,6,0.77,86,112,20,Banking Mobile App,44,402,7,5.38,5,7,5,total_deployments,7,successful_deployments,2,deployment_time_efficiency,0.32,incident_count,0,system_downtime (hrs),34.5,automated_pipeline_stages,4,total_pipeline_stages,7
180,Company_C,1990-05-07,Male,31-35,Software Engineer,14,Development,English,Sinhala,University_R,4,1,1,2,2,96.8,5,2.95,1,36,7,1,30,Formal training,4,0.74,66,89,23,Delivery Service App,35,384,2,5.24,4,0,1,total_test_cases_executed,99,total_pass_test_cases,83,total_bugs_detected,4,defect_reopened_count,0,total_documents_created,3,document_quality (1-5),4,test_execution_time (hrs),9
181,Company_K,1990-01-12,Male,31-35,Project Manager,14,Project Management,Tamil,Tamil,University_H,1,4,5,3,4,89.68,4,0.61,5,23,3,4,24,Formal training,7,0.73,35,48,14,Digital Wallet Platform,8,111,6,2.27,3,2,5,tasks_completed,12,project_delay (days),17,changing_relative_effort,92,sprint_velocity,38,team_velocity,35,stakeholder_satisfaction(1-5),5,milestone_completion_rate,1
182,Company_M,1997-04-22,Female,26-30,Software Engineer,7,Development,Sinhala,Muslim,University_E,1,3,3,3,2,50.64,2,5.23,3,37,0,1,23,Formal training,10,0.92,34,37,15,Inventory Management System,43,404,2,6.37,5,7,4,tasks_completed,3,project_delay (days),20,changing_relative_effort,127,sprint_velocity,32,team_velocity,46,stakeholder_satisfaction(1-5),1,milestone_completion_rate,2
183,Company_L,1996-07-31,Male,26-30,Project Manager,8,Project Management,Tamil,Sinhala,University_R,3,2,3,4,5,26.35,1,5.29,5,14,10,3,23,Formal training,9,0.98,48,49,21,Medi Care App,20,221,11,8.25,3,0,0,tasks_completed,2,project_delay (days),29,changing_relative_effort,187,sprint_velocity,21,team_velocity,30,stakeholder_satisfaction(1-5),4,milestone_completion_rate,3
184,Company_O,1995-08-09,Female,26-30,QA Engineer,9,QA,Sinhala,Muslim,University_F,1,1,3,3,4,95.3,5,1.4,3,8,6,1,11,Online courses / certifications,9,0.39,11,28,20,Banking Mobile App,17,362,9,2.6,2,2,3,tasks_completed,7,project_delay (days),20,changing_relative_effort,141,sprint_velocity,27,team_velocity,32,stakeholder_satisfaction(1-5),2,milestone_completion_rate,1
185,Company_Q,1999-01-27,Female,20-25,Project Manager,5,Project Management,Sinhala,Muslim,University_T,4,2,5,5,3,85.99,4,3.31,2,24,8,3,12,Online courses / certifications,3,0.56,35,62,18,Smart Grid Monitor,50,269,13,8.85,1,5,3,total_test_cases_executed,84,total_pass_test_cases,28,total_bugs_detected,28,defect_reopened_count,18,total_documents_created,3,document_quality (1-5),5,test_execution_time (hrs),9
186,Company_O,1991-05-24,Male,31-35,Project Manager,13,Project Management,English,Tamil,University_O,2,4,5,2,1,25.1,1,3.7,3,28,7,1,11,Formal training,2,0.49,24,49,20,Banking Mobile App,14,410,9,8.72,5,9,0,tasks_completed,15,project_delay (days),14,changing_relative_effort,85,sprint_velocity,55,team_velocity,45,stakeholder_satisfaction(1-5),2,milestone_completion_rate,4
187,Company_I,1995-09-22,Male,26-30,Project Manager,9,Project Management,English,Tamil,University_P,2,5,3,1,5,96.77,5,1.11,3,28,9,3,4,Self-learning,8,0.68,43,63,10,Government Tax Portal,33,366,2,4.29,1,10,4,tasks_assigned,27,tasks_completed,3,tasks_on_time,1,bug_count,4,bugs_fixed_count,2,code_quality (1-10),3,rework_count,0
188,Company_F,1994-04-30,Female,26-30,Software Engineer,10,Development,Sinhala,Muslim,University_E,4,4,2,3,1,87.14,4,4.15,2,31,6,2,27,Knowledge sharing,1,0.51,40,78,7,Payroll Automation,47,472,10,9.1,3,9,2,tasks_assigned,30,tasks_completed,22,tasks_on_time,22,bug_count,2,bugs_fixed_count,0,code_quality (1-10),9,rework_count,3
189,Company_L,1989-08-06,Male,31-35,Software Engineer,15,Development,Sinhala,Sinhala,University_U,4,1,5,5,3,91.1,4,0.75,4,6,5,4,13,Self-learning,2,0.93,112,120,21,Medi Care App,18,477,10,6.8,3,9,2,total_test_cases_executed,93,total_pass_test_cases,82,total_bugs_detected,25,defect_reopened_count,10,total_documents_created,8,document_quality (1-5),3,test_execution_time (hrs),7
190,Company_A,2003-02-14,Female,20-25,DevOps Engineer,1,DevOps,Sinhala,Sinhala,University_B,5,5,2,4,5,96.51,5,2.62,3,12,4,1,22,On-the-job learning,3,0.88,65,74,9,Customer Portal,14,171,3,1.37,2,9,1,tasks_completed,15,project_delay (days),8,changing_relative_effort,144,sprint_velocity,21,team_velocity,33,stakeholder_satisfaction(1-5),3,milestone_completion_rate,1
191,Company_B,2002-06-07,Male,20-25,QA Engineer,2,QA,English,Muslim,University_I,2,1,1,4,3,57.98,2,5.12,4,29,5,2,39,On-the-job learning,2,0.46,47,102,6,Supply Chain Tracker,50,295,2,2.25,4,1,2,total_deployments,1,successful_deployments,1,deployment_time_efficiency,0.73,incident_count,3,system_downtime (hrs),21.4,automated_pipeline_stages,2,total_pipeline_stages,7
192,Company_F,1985-11-25,Male,36-40,Project Manager,19,Project Management,Sinhala,Sinhala,University_M,4,5,4,4,5,87.27,4,5.32,2,9,8,1,30,Knowledge sharing,7,0.6,24,40,7,Payroll Automation,26,229,6,9.8,4,1,1,tasks_assigned,28,tasks_completed,15,tasks_on_time,13,bug_count,14,bugs_fixed_count,4,code_quality (1-10),2,rework_count,5
193,Company_Q,2000-03-18,Male,20-25,Software Engineer,4,Development,Sinhala,Muslim,University_P,1,3,5,5,4,43.69,1,1.57,5,16,1,5,10,Formal training,6,0.42,32,77,18,Smart Grid Monitor,52,120,5,2.67,3,4,4,tasks_completed,16,project_delay (days),1,changing_relative_effort,127,sprint_velocity,47,team_velocity,39,stakeholder_satisfaction(1-5),3,milestone_completion_rate,4
194,Company_L,1994-03-20,Male,26-30,Software Engineer,10,Development,Sinhala,Tamil,University_B,5,4,3,1,4,54.61,2,0.95,1,6,3,4,6,Research & innovation,4,0.83,29,35,21,Medi Care App,48,468,3,4.36,5,9,0,total_deployments,9,successful_deployments,2,deployment_time_efficiency,0.71,incident_count,2,system_downtime (hrs),15.3,automated_pipeline_stages,3,total_pipeline_stages,8
195,Company_B,2000-08-17,Male,20-25,DevOps Engineer,4,DevOps,Sinhala,Sinhala,University_A,3,1,2,1,4,98.47,5,3.86,5,32,1,1,5,Self-learning,1,0.52,22,42,6,Supply Chain Tracker,37,194,7,8.01,3,5,1,total_deployments,4,successful_deployments,1,deployment_time_efficiency,0.41,incident_count,3,system_downtime (hrs),39.9,automated_pipeline_stages,2,total_pipeline_stages,8
196,Company_S,1989-07-21,Male,31-35,DevOps Engineer,15,DevOps,English,Tamil,University_D,5,4,2,2,2,92.44,4,0.83,4,24,9,4,34,Self-learning,4,0.73,77,106,13,CRM Platform,8,59,14,5.36,3,0,1,total_test_cases_executed,23,total_pass_test_cases,1,total_bugs_detected,25,defect_reopened_count,21,total_documents_created,9,document_quality (1-5),3,test_execution_time (hrs),5
197,Company_H,1989-04-14,Female,31-35,DevOps Engineer,15,DevOps,Tamil,Tamil,University_B,3,2,1,4,1,98.16,5,5.56,3,19,3,4,15,Formal training,7,1,57,57,17,Learning Management System,10,469,11,7.87,4,3,5,total_deployments,7,successful_deployments,4,deployment_time_efficiency,0.42,incident_count,8,system_downtime (hrs),0.2,automated_pipeline_stages,2,total_pipeline_stages,5
198,Company_T,1995-07-21,Male,26-30,Software Engineer,9,Development,Sinhala,Sinhala,University_S,1,1,2,4,1,96.09,5,1.66,3,34,3,3,25,Formal training,6,0.78,56,72,3,Insurance Claims Platform,39,419,2,1.74,3,1,3,total_deployments,10,successful_deployments,7,deployment_time_efficiency,0.72,incident_count,4,system_downtime (hrs),33,automated_pipeline_stages,8,total_pipeline_stages,8
199,Company_T,1996-12-05,Female,26-30,QA Engineer,8,QA,Tamil,Sinhala,University_O,5,1,2,5,4,81.57,3,4.05,4,37,5,4,35,Formal training,10,0.68,21,31,3,Insurance Claims Platform,27,151,7,2.8,3,1,1,tasks_assigned,18,tasks_completed,16,tasks_on_time,8,bug_count,18,bugs_fixed_count,18,code_quality (1-10),4,rework_count,5
200,Company_J,2001-11-20,Male,20-25,Project Manager,3,Project Management,English,Tamil,University_H,3,2,5,1,4,67.51,2,2.35,5,33,7,4,28,On-the-job learning,9,0.87,48,55,8,Microfinance Management System,47,217,4,3.72,4,1,0,total_test_cases_executed,94,total_pass_test_cases,66,total_bugs_detected,24,defect_reopened_count,15,total_documents_created,13,document_quality (1-5),3,test_execution_time (hrs),4
201,Company_N,1991-02-19,Male,31-35,Business Analyst,13,Business Analysis,English,Sinhala,University_G,3,2,4,3,1,71.43,3,3.86,3,21,19,10,29,Online courses / certifications,10,0.45,43,96,16,HR Management System,31,118,6,7.44,3,1,4,tasks_completed,16,project_delay (days),21,changing_relative_effort,191,sprint_velocity,53,team_velocity,54,stakeholder_satisfaction(1-5),3,milestone_completion_rate,3
202,Company_H,1999-01-15,Male,20-25,DevOps Engineer,5,DevOps,Tamil,Tamil,University_N,1,2,2,5,1,83.21,3,15.17,4,19,10,2,26,Online courses / certifications,6,0.55,64,117,17,Learning Management System,26,78,12,3.2,1,10,2,total_deployments,19,successful_deployments,2,deployment_time_efficiency,0.94,incident_count,1,system_downtime (hrs),41.7,automated_pipeline_stages,2,total_pipeline_stages,7
203,Company_L,1991-12-01,Male,31-35,DevOps Engineer,13,DevOps,Sinhala,Tamil,University_I,2,4,1,3,5,77.92,3,2.82,2,12,14,6,19,Formal training,6,0.73,80,109,21,Medi Care App,27,273,5,5.47,0,8,1,tasks_assigned,14,tasks_completed,5,tasks_on_time,0,bug_count,9,bugs_fixed_count,9,code_quality (1-10),5,rework_count,1
204,Company_R,1981-02-03,Male,41-45,Business Analyst,23,Business Analysis,Sinhala,Sinhala,University_Q,4,3,5,3,2,70.65,3,20.11,1,4,10,6,37,Self-learning,10,0.49,46,93,19,E-Commerce Platform,33,393,14,5.93,0,10,5,total_deployments,17,successful_deployments,5,deployment_time_efficiency,0.7,incident_count,3,system_downtime (hrs),31.7,automated_pipeline_stages,8,total_pipeline_stages,9
205,Company_K,1992-12-31,Female,31-35,DevOps Engineer,12,DevOps,Tamil,Muslim,University_I,5,4,3,4,3,44.81,1,6.68,1,22,8,3,27,Formal training,9,0.84,32,38,14,Digital Wallet Platform,47,357,5,4.65,0,2,1,tasks_completed,1,project_delay (days),7,changing_relative_effort,129,sprint_velocity,39,team_velocity,51,stakeholder_satisfaction(1-5),3,milestone_completion_rate,3
206,Company_K,1994-04-12,Male,26-30,Business Analyst,10,Business Analysis,Sinhala,Tamil,University_A,3,1,2,4,1,66.1,2,9.9,5,19,2,2,24,Knowledge sharing,5,0.4,30,75,14,Digital Wallet Platform,29,479,13,8.58,1,1,4,tasks_assigned,28,tasks_completed,17,tasks_on_time,3,bug_count,16,bugs_fixed_count,16,code_quality (1-10),3,rework_count,0
207,Company_N,1991-01-12,Female,31-35,Software Engineer,13,Development,English,Tamil,University_Q,1,2,1,1,3,32.94,1,19.41,3,16,9,5,23,Self-learning,10,0.58,31,53,16,HR Management System,24,329,8,5.27,1,4,1,total_deployments,12,successful_deployments,7,deployment_time_efficiency,0.8,incident_count,4,system_downtime (hrs),1,automated_pipeline_stages,1,total_pipeline_stages,1
208,Company_B,2000-02-14,Male,20-25,Business Analyst,4,Business Analysis,Sinhala,Tamil,University_E,4,4,3,2,1,29.17,1,15.07,3,10,6,5,25,On-the-job learning,10,0.8,20,25,6,Supply Chain Tracker,45,258,14,1.3,0,7,3,total_deployments,14,successful_deployments,14,deployment_time_efficiency,0.89,incident_count,6,system_downtime (hrs),42.1,automated_pipeline_stages,2,total_pipeline_stages,4
209,Company_J,2002-05-12,Male,20-25,Project Manager,2,Project Management,English,Tamil,University_T,2,4,1,2,5,98.07,5,1.1,1,13,2,3,14,Online courses / certifications,3,0.79,33,42,8,Microfinance Management System,37,415,14,8.48,1,9,5,total_test_cases_executed,62,total_pass_test_cases,50,total_bugs_detected,30,defect_reopened_count,10,total_documents_created,8,document_quality (1-5),3,test_execution_time (hrs),8
210,Company_Q,1981-12-12,Female,41-45,Business Analyst,23,Business Analysis,English,Sinhala,University_T,2,4,4,1,2,64.53,2,23.94,1,15,0,4,24,Research & innovation,9,0.94,33,35,18,Smart Grid Monitor,42,183,4,1.8,2,2,4,total_test_cases_executed,25,total_pass_test_cases,0,total_bugs_detected,22,defect_reopened_count,16,total_documents_created,7,document_quality (1-5),4,test_execution_time (hrs),9
211,Company_O,1994-04-17,Female,26-30,Software Engineer,10,Development,English,Muslim,University_U,2,5,5,5,2,73.01,3,23.71,4,13,18,4,24,None observed,7,0.85,28,33,20,Banking Mobile App,43,280,5,4.33,5,10,3,total_deployments,3,successful_deployments,0,deployment_time_efficiency,0.63,incident_count,5,system_downtime (hrs),46.8,automated_pipeline_stages,7,total_pipeline_stages,8
212,Company_B,1984-04-13,Female,36-40,Software Engineer,20,Development,English,Muslim,University_L,2,5,5,2,5,52.52,2,18.58,1,22,6,3,40,Research & innovation,1,0.76,47,62,6,Supply Chain Tracker,14,307,9,9.37,3,2,0,tasks_completed,11,project_delay (days),22,changing_relative_effort,185,sprint_velocity,37,team_velocity,29,stakeholder_satisfaction(1-5),2,milestone_completion_rate,2
213,Company_M,1997-01-21,Male,26-30,Project Manager,7,Project Management,English,Sinhala,University_L,1,1,3,2,5,95.9,5,13.56,2,13,8,3,27,Formal training,6,0.65,13,20,15,Inventory Management System,6,290,6,2.47,3,6,0,tasks_completed,16,project_delay (days),1,changing_relative_effort,163,sprint_velocity,32,team_velocity,65,stakeholder_satisfaction(1-5),3,milestone_completion_rate,3
214,Company_C,1994-06-07,Female,26-30,Business Analyst,10,Business Analysis,Tamil,Sinhala,University_B,4,1,1,4,2,81.49,3,4.91,2,2,20,2,32,Knowledge sharing,7,0.88,96,109,23,Delivery Service App,25,63,6,7.13,5,1,3,tasks_assigned,16,tasks_completed,4,tasks_on_time,2,bug_count,4,bugs_fixed_count,0,code_quality (1-10),2,rework_count,5
215,Company_B,1981-07-26,Male,41-45,Software Engineer,23,Development,English,Tamil,University_E,3,2,5,3,3,32.96,1,16.56,4,8,2,5,5,Self-learning,9,0.91,90,99,6,Supply Chain Tracker,15,172,14,8.79,0,0,1,tasks_assigned,10,tasks_completed,7,tasks_on_time,6,bug_count,9,bugs_fixed_count,2,code_quality (1-10),2,rework_count,3
216,Company_Q,1989-05-04,Male,31-35,DevOps Engineer,15,DevOps,English,Sinhala,University_I,5,5,1,4,2,61.53,2,13.09,1,23,11,1,1,Online courses / certifications,1,0.6,28,47,18,Smart Grid Monitor,6,312,7,9.76,5,3,5,tasks_completed,5,project_delay (days),29,changing_relative_effort,176,sprint_velocity,43,team_velocity,60,stakeholder_satisfaction(1-5),4,milestone_completion_rate,1
217,Company_C,1990-09-08,Male,31-35,Software Engineer,14,Development,Sinhala,Tamil,University_T,3,4,1,2,4,41.45,1,5.47,2,3,0,2,38,Self-learning,3,0.84,32,38,23,Delivery Service App,9,443,10,1.15,5,10,3,tasks_assigned,10,tasks_completed,3,tasks_on_time,3,bug_count,1,bugs_fixed_count,0,code_quality (1-10),5,rework_count,5
218,Company_R,1999-11-07,Male,20-25,Business Analyst,5,Business Analysis,Sinhala,Tamil,University_F,2,3,3,5,5,54.85,2,20.73,4,3,13,5,30,Self-learning,6,0.8,48,60,19,E-Commerce Platform,33,404,8,8.82,5,9,5,tasks_assigned,20,tasks_completed,10,tasks_on_time,9,bug_count,19,bugs_fixed_count,11,code_quality (1-10),7,rework_count,5
219,Company_D,1989-01-23,Female,31-35,Software Engineer,15,Development,Sinhala,Sinhala,University_K,2,1,5,4,5,92.68,4,6.28,3,10,0,5,19,None observed,1,0.8,66,82,5,Hospital Information System,11,135,4,7.65,3,7,3,tasks_completed,1,project_delay (days),27,changing_relative_effort,165,sprint_velocity,47,team_velocity,35,stakeholder_satisfaction(1-5),2,milestone_completion_rate,3
220,Company_S,2002-09-20,Male,20-25,Project Manager,2,Project Management,English,Tamil,University_H,5,2,2,4,4,97.04,5,9.19,4,16,10,2,35,None observed,7,0.91,21,23,13,CRM Platform,8,187,12,4.75,3,1,3,tasks_completed,20,project_delay (days),30,changing_relative_effort,138,sprint_velocity,38,team_velocity,64,stakeholder_satisfaction(1-5),3,milestone_completion_rate,2
221,Company_L,1985-09-26,Male,36-40,Business Analyst,19,Business Analysis,Sinhala,Muslim,University_J,2,3,1,3,5,99.73,5,13.97,2,11,5,5,22,Self-learning,3,0.5,51,101,21,Medi Care App,14,360,9,1.91,3,7,2,total_deployments,8,successful_deployments,3,deployment_time_efficiency,0.69,incident_count,0,system_downtime (hrs),17.2,automated_pipeline_stages,5,total_pipeline_stages,7
222,Company_D,1986-02-02,Female,36-40,Software Engineer,18,Development,English,Sinhala,University_R,2,2,4,5,5,76.03,3,21.21,5,3,11,1,8,None observed,5,0.88,87,99,5,Hospital Information System,33,480,14,2,0,9,4,tasks_assigned,30,tasks_completed,28,tasks_on_time,3,bug_count,17,bugs_fixed_count,1,code_quality (1-10),6,rework_count,1
223,Company_N,1979-05-08,Male,41-45,Business Analyst,25,Business Analysis,English,Sinhala,University_L,2,5,3,1,2,41.39,1,20.37,5,24,5,3,40,On-the-job learning,3,0.9,82,91,16,HR Management System,9,186,7,7.44,3,5,5,total_test_cases_executed,95,total_pass_test_cases,31,total_bugs_detected,4,defect_reopened_count,4,total_documents_created,7,document_quality (1-5),4,test_execution_time (hrs),2
224,Company_E,1980-10-15,Female,41-45,DevOps Engineer,24,DevOps,Tamil,Tamil,University_E,2,3,2,1,4,90.82,4,10.48,1,23,2,3,34,Online courses / certifications,3,0.81,89,110,22,Marketing Management System,40,79,12,9.82,5,8,2,total_deployments,14,successful_deployments,6,deployment_time_efficiency,0.92,incident_count,8,system_downtime (hrs),41.9,automated_pipeline_stages,6,total_pipeline_stages,8
225,Company_P,1988-01-03,Male,36-40,Software Engineer,16,Development,Sinhala,Muslim,University_R,4,5,2,3,3,86.87,4,4.99,3,15,17,3,26,On-the-job learning,5,0.52,27,52,11,Telecom Billing System,39,209,10,4.07,5,2,0,tasks_assigned,5,tasks_completed,5,tasks_on_time,4,bug_count,8,bugs_fixed_count,3,code_quality (1-10),8,rework_count,2
226,Company_N,2003-05-21,Male,20-25,QA Engineer,1,QA,English,Tamil,University_U,5,1,5,1,1,79.6,3,13,4,24,10,2,37,Knowledge sharing,6,0.76,56,74,16,HR Management System,46,451,15,7.43,5,2,5,tasks_assigned,17,tasks_completed,17,tasks_on_time,7,bug_count,3,bugs_fixed_count,2,code_quality (1-10),6,rework_count,1
227,Company_H,2001-03-15,Female,20-25,Business Analyst,3,Business Analysis,Sinhala,Tamil,University_G,1,4,5,3,4,30.33,1,5.05,2,6,10,5,39,Knowledge sharing,10,0.9,38,42,17,Learning Management System,48,300,13,9.76,1,2,4,tasks_completed,5,project_delay (days),15,changing_relative_effort,167,sprint_velocity,18,team_velocity,65,stakeholder_satisfaction(1-5),3,milestone_completion_rate,3
228,Company_T,1995-01-14,Male,26-30,Software Engineer,9,Development,English,Tamil,University_U,3,1,3,5,5,45,1,18.48,1,24,4,5,3,Formal training,5,0.92,44,48,3,Insurance Claims Platform,13,451,11,4.8,2,4,1,total_test_cases_executed,33,total_pass_test_cases,31,total_bugs_detected,0,defect_reopened_count,0,total_documents_created,9,document_quality (1-5),2,test_execution_time (hrs),9
229,Company_M,1991-11-21,Female,31-35,Business Analyst,13,Business Analysis,Tamil,Tamil,University_E,5,2,3,4,5,47.17,1,16.61,2,21,1,1,39,On-the-job learning,4,0.65,30,46,15,Inventory Management System,25,326,2,9.62,3,4,5,tasks_completed,3,project_delay (days),27,changing_relative_effort,92,sprint_velocity,55,team_velocity,21,stakeholder_satisfaction(1-5),3,milestone_completion_rate,4
230,Company_J,2004-01-04,Male,20-25,DevOps Engineer,1,DevOps,English,Muslim,University_G,5,5,4,4,5,90.73,4,18.09,1,13,16,4,33,Self-learning,2,0.61,31,51,8,Microfinance Management System,24,255,11,1.4,0,5,3,total_test_cases_executed,33,total_pass_test_cases,26,total_bugs_detected,0,defect_reopened_count,0,total_documents_created,7,document_quality (1-5),2,test_execution_time (hrs),2
231,Company_E,2001-02-01,Female,20-25,Project Manager,3,Project Management,Tamil,Sinhala,University_Q,2,2,4,4,2,73.36,3,18.03,5,23,13,5,21,Knowledge sharing,10,0.77,71,92,22,Marketing Management System,7,153,5,7.77,4,3,3,total_deployments,17,successful_deployments,16,deployment_time_efficiency,0.57,incident_count,1,system_downtime (hrs),12.9,automated_pipeline_stages,6,total_pipeline_stages,9
232,Company_Q,2002-04-11,Male,20-25,Software Engineer,2,Development,Sinhala,Sinhala,University_M,4,3,2,2,5,82.18,3,4.76,4,14,16,5,9,On-the-job learning,1,1,106,106,18,Smart Grid Monitor,31,334,9,1.38,3,9,2,tasks_completed,6,project_delay (days),0,changing_relative_effort,65,sprint_velocity,40,team_velocity,37,stakeholder_satisfaction(1-5),3,milestone_completion_rate,4
233,Company_R,1979-04-06,Male,41-45,DevOps Engineer,25,DevOps,English,Sinhala,University_E,2,1,1,2,2,89.64,4,12.39,1,8,10,2,12,Knowledge sharing,1,0.52,33,63,19,E-Commerce Platform,25,157,9,9.63,2,0,5,total_deployments,5,successful_deployments,5,deployment_time_efficiency,0.95,incident_count,9,system_downtime (hrs),22.9,automated_pipeline_stages,1,total_pipeline_stages,3
234,Company_I,1982-02-03,Male,41-45,Software Engineer,22,Development,Tamil,Tamil,University_U,2,2,5,3,4,96.35,5,6.91,2,9,2,2,25,On-the-job learning,1,0.56,14,25,12,Fleet Management System,32,54,5,7.69,2,10,5,tasks_completed,12,project_delay (days),6,changing_relative_effort,73,sprint_velocity,49,team_velocity,60,stakeholder_satisfaction(1-5),2,milestone_completion_rate,4
235,Company_H,1985-02-28,Male,36-40,DevOps Engineer,19,DevOps,Tamil,Tamil,University_R,2,2,1,3,4,82.79,3,12.08,2,19,4,1,3,On-the-job learning,9,0.86,24,28,17,Learning Management System,20,341,15,3.05,4,4,1,total_test_cases_executed,96,total_pass_test_cases,2,total_bugs_detected,22,defect_reopened_count,21,total_documents_created,9,document_quality (1-5),4,test_execution_time (hrs),7
236,Company_S,1999-08-13,Female,20-25,Project Manager,5,Project Management,Sinhala,Muslim,University_N,3,5,3,3,4,58.38,2,23.06,5,13,11,2,24,Formal training,5,0.5,55,111,13,CRM Platform,16,221,3,8.92,0,3,5,tasks_assigned,18,tasks_completed,3,tasks_on_time,1,bug_count,6,bugs_fixed_count,1,code_quality (1-10),4,rework_count,0
237,Company_C,1999-07-01,Female,20-25,QA Engineer,5,QA,Tamil,Sinhala,University_H,5,1,1,1,2,20.32,1,4.9,4,22,20,4,18,On-the-job learning,2,0.52,31,60,23,Delivery Service App,41,113,3,9.77,0,6,2,total_deployments,3,successful_deployments,1,deployment_time_efficiency,0.34,incident_count,7,system_downtime (hrs),2.6,automated_pipeline_stages,7,total_pipeline_stages,7
238,Company_N,1980-07-16,Female,41-45,Business Analyst,24,Business Analysis,Sinhala,Muslim,University_G,5,4,2,1,4,40.95,1,1.01,3,23,10,1,20,None observed,4,0.4,45,113,16,HR Management System,49,84,11,8.1,1,9,1,tasks_assigned,25,tasks_completed,17,tasks_on_time,8,bug_count,11,bugs_fixed_count,6,code_quality (1-10),5,rework_count,4
239,Company_B,1981-11-17,Male,41-45,Software Engineer,23,Development,Sinhala,Sinhala,University_R,1,5,1,2,5,95.35,5,18.79,1,10,11,1,34,Online courses / certifications,9,0.4,40,100,6,Supply Chain Tracker,39,489,2,4.8,1,3,5,total_deployments,7,successful_deployments,1,deployment_time_efficiency,0.54,incident_count,10,system_downtime (hrs),22.8,automated_pipeline_stages,8,total_pipeline_stages,10
240,Company_I,1996-07-16,Female,26-30,QA Engineer,8,QA,English,Tamil,University_P,5,2,5,3,4,90.43,4,20.67,3,7,18,1,40,Self-learning,7,0.73,52,71,12,Fleet Management System,4,235,2,1.66,0,8,0,tasks_completed,5,project_delay (days),9,changing_relative_effort,162,sprint_velocity,22,team_velocity,60,stakeholder_satisfaction(1-5),3,milestone_completion_rate,4
241,Company_M,1990-09-08,Male,31-35,DevOps Engineer,14,DevOps,English,Muslim,University_I,2,3,3,4,1,77.85,3,10.33,2,22,3,3,5,Knowledge sharing,6,0.59,53,90,15,Inventory Management System,27,388,4,9.47,4,6,5,tasks_assigned,7,tasks_completed,1,tasks_on_time,0,bug_count,4,bugs_fixed_count,1,code_quality (1-10),3,rework_count,3
242,Company_M,1985-05-27,Female,36-40,DevOps Engineer,19,DevOps,Sinhala,Tamil,University_G,1,3,4,1,1,83.64,3,21.63,5,8,14,4,37,Knowledge sharing,10,0.43,34,79,15,Inventory Management System,8,135,10,4.49,5,8,2,total_deployments,16,successful_deployments,16,deployment_time_efficiency,0.62,incident_count,5,system_downtime (hrs),34.2,automated_pipeline_stages,8,total_pipeline_stages,10
243,Company_H,1984-11-19,Male,36-40,Business Analyst,20,Business Analysis,Tamil,Tamil,University_P,3,3,5,4,2,33.82,1,2.16,4,19,3,4,8,On-the-job learning,6,0.74,63,85,17,Learning Management System,22,277,10,4.16,4,0,3,tasks_completed,17,project_delay (days),19,changing_relative_effort,136,sprint_velocity,37,team_velocity,48,stakeholder_satisfaction(1-5),3,milestone_completion_rate,3
244,Company_T,1990-01-17,Female,31-35,Software Engineer,14,Development,Tamil,Sinhala,University_O,2,3,5,1,3,26.9,1,4.98,4,12,9,1,10,Self-learning,3,0.9,63,70,3,Insurance Claims Platform,20,204,13,8.34,5,4,1,total_test_cases_executed,100,total_pass_test_cases,77,total_bugs_detected,4,defect_reopened_count,4,total_documents_created,15,document_quality (1-5),2,test_execution_time (hrs),8
245,Company_N,1994-07-05,Male,26-30,Business Analyst,10,Business Analysis,Sinhala,Sinhala,University_U,1,3,1,3,4,45.64,1,20.45,5,1,2,1,4,Formal training,1,0.85,88,103,16,HR Management System,17,274,9,8.68,0,5,1,tasks_completed,19,project_delay (days),27,changing_relative_effort,82,sprint_velocity,29,team_velocity,80,stakeholder_satisfaction(1-5),4,milestone_completion_rate,3
246,Company_H,1984-07-20,Male,36-40,Software Engineer,20,Development,Sinhala,Sinhala,University_Q,2,4,3,3,1,29.13,1,7.55,2,8,13,2,15,Knowledge sharing,3,0.56,50,89,17,Learning Management System,16,293,3,3.96,3,10,2,total_deployments,3,successful_deployments,1,deployment_time_efficiency,0.37,incident_count,8,system_downtime (hrs),8.5,automated_pipeline_stages,8,total_pipeline_stages,8
247,Company_M,1999-09-17,Male,20-25,Project Manager,5,Project Management,English,Tamil,University_T,3,5,2,5,3,60.32,2,8.83,1,20,5,5,28,Online courses / certifications,8,0.74,67,90,15,Inventory Management System,23,271,15,7.39,3,2,4,tasks_assigned,23,tasks_completed,10,tasks_on_time,9,bug_count,6,bugs_fixed_count,4,code_quality (1-10),8,rework_count,3
248,Company_F,1989-06-25,Male,31-35,QA Engineer,15,QA,English,Tamil,University_A,5,3,3,4,3,87.29,4,16.36,4,3,13,3,35,None observed,4,0.48,21,44,7,Payroll Automation,43,425,8,5.12,5,2,5,tasks_completed,19,project_delay (days),3,changing_relative_effort,150,sprint_velocity,54,team_velocity,80,stakeholder_satisfaction(1-5),1,milestone_completion_rate,5
249,Company_C,1984-08-18,Female,36-40,QA Engineer,20,QA,Tamil,Tamil,University_P,1,2,5,3,2,74.51,3,21.15,3,23,1,4,20,Formal training,2,0.78,29,37,23,Delivery Service App,33,63,3,6.75,5,7,3,tasks_assigned,15,tasks_completed,12,tasks_on_time,6,bug_count,6,bugs_fixed_count,3,code_quality (1-10),1,rework_count,2
250,Company_A,1996-05-29,Female,26-30,Business Analyst,8,Business Analysis,Sinhala,Tamil,University_T,2,5,5,5,4,98.89,5,6.43,3,17,10,2,22,Self-learning,1,0.7,51,73,9,Customer Portal,14,89,12,7.87,5,4,1,total_test_cases_executed,66,total_pass_test_cases,45,total_bugs_detected,5,defect_reopened_count,1,total_documents_created,12,document_quality (1-5),1,test_execution_time (hrs),7
251,Company_O,2002-11-22,Male,20-25,DevOps Engineer,2,DevOps,English,Sinhala,University_G,3,2,3,2,3,95.48,5,5.52,1,12,13,3,17,None observed,5,0.92,48,52,20,Banking Mobile App,4,222,15,2.73,5,1,1,tasks_completed,4,project_delay (days),25,changing_relative_effort,92,sprint_velocity,56,team_velocity,30,stakeholder_satisfaction(1-5),1,milestone_completion_rate,3
252,Company_J,1992-11-27,Female,31-35,Software Engineer,12,Development,Tamil,Muslim,University_H,1,4,2,4,5,85.62,4,3.24,1,21,10,1,24,Formal training,2,0.79,88,112,8,Microfinance Management System,27,72,3,8.97,3,4,4,total_deployments,16,successful_deployments,3,deployment_time_efficiency,0.8,incident_count,9,system_downtime (hrs),8.2,automated_pipeline_stages,2,total_pipeline_stages,7
253,Company_C,1997-06-06,Male,26-30,Software Engineer,7,Development,Tamil,Muslim,University_L,3,5,1,4,4,45.76,1,17.48,4,4,3,3,12,Research & innovation,9,0.67,18,27,23,Delivery Service App,52,174,11,1.71,1,5,3,total_test_cases_executed,47,total_pass_test_cases,12,total_bugs_detected,4,defect_reopened_count,3,total_documents_created,4,document_quality (1-5),4,test_execution_time (hrs),3
254,Company_K,1996-04-18,Female,26-30,DevOps Engineer,8,DevOps,Tamil,Sinhala,University_S,4,5,5,4,1,77.34,3,19.36,3,12,9,2,35,Formal training,4,0.99,75,76,14,Digital Wallet Platform,42,496,8,5.69,1,7,5,total_test_cases_executed,10,total_pass_test_cases,1,total_bugs_detected,27,defect_reopened_count,15,total_documents_created,2,document_quality (1-5),5,test_execution_time (hrs),1
255,Company_R,1987-08-09,Female,36-40,Software Engineer,17,Development,Sinhala,Muslim,University_A,3,3,5,5,1,33.86,1,21.98,1,11,8,4,0,On-the-job learning,5,0.47,33,70,19,E-Commerce Platform,34,90,7,4.58,1,7,3,total_test_cases_executed,64,total_pass_test_cases,64,total_bugs_detected,19,defect_reopened_count,13,total_documents_created,13,document_quality (1-5),2,test_execution_time (hrs),10
256,Company_Q,1994-10-07,Female,26-30,QA Engineer,10,QA,Sinhala,Muslim,University_H,5,3,3,5,5,77.12,3,20.51,4,25,3,4,22,None observed,6,0.83,79,95,18,Smart Grid Monitor,36,423,13,4.37,3,6,3,tasks_completed,12,project_delay (days),12,changing_relative_effort,175,sprint_velocity,29,team_velocity,61,stakeholder_satisfaction(1-5),5,milestone_completion_rate,1
257,Company_R,1992-11-04,Male,31-35,DevOps Engineer,12,DevOps,Sinhala,Sinhala,University_P,1,2,4,1,4,99.18,5,10.98,3,5,4,4,15,Research & innovation,6,0.67,36,54,19,E-Commerce Platform,48,390,12,2.33,4,7,5,tasks_completed,5,project_delay (days),8,changing_relative_effort,113,sprint_velocity,48,team_velocity,57,stakeholder_satisfaction(1-5),5,milestone_completion_rate,4
258,Company_H,1982-09-14,Male,41-45,DevOps Engineer,22,DevOps,English,Sinhala,University_D,5,2,1,3,3,51.81,2,3,5,18,7,5,3,On-the-job learning,1,0.73,46,63,17,Learning Management System,51,253,13,3.77,1,7,0,tasks_completed,4,project_delay (days),2,changing_relative_effort,156,sprint_velocity,43,team_velocity,46,stakeholder_satisfaction(1-5),4,milestone_completion_rate,4
259,Company_G,1990-09-08,Female,31-35,Business Analyst,14,Business Analysis,English,Tamil,University_E,3,4,2,4,4,99.41,5,22.82,1,11,4,1,23,Self-learning,8,0.57,44,77,4,Loan Origination System,28,113,6,1.58,0,9,1,total_test_cases_executed,71,total_pass_test_cases,62,total_bugs_detected,21,defect_reopened_count,3,total_documents_created,1,document_quality (1-5),1,test_execution_time (hrs),8
260,Company_K,2002-05-03,Female,20-25,Business Analyst,2,Business Analysis,Sinhala,Muslim,University_N,1,4,3,5,2,96.1,5,6.52,5,25,15,3,0,Research & innovation,2,0.42,30,72,14,Digital Wallet Platform,4,283,15,7.28,5,2,0,total_deployments,20,successful_deployments,3,deployment_time_efficiency,0.91,incident_count,4,system_downtime (hrs),45.7,automated_pipeline_stages,4,total_pipeline_stages,6
261,Company_I,1985-12-15,Male,36-40,Software Engineer,19,Development,Sinhala,Tamil,University_L,5,1,5,1,3,78.57,3,1.23,4,15,7,1,32,Self-learning,7,0.96,23,24,10,Government Tax Portal,50,247,6,6.46,5,2,4,total_test_cases_executed,83,total_pass_test_cases,64,total_bugs_detected,1,defect_reopened_count,0,total_documents_created,8,document_quality (1-5),4,test_execution_time (hrs),4
262,Company_A,2000-11-21,Male,20-25,Software Engineer,4,Development,Tamil,Muslim,University_K,2,5,5,4,1,83.35,3,9.07,3,25,8,5,26,Self-learning,7,0.71,56,79,9,Customer Portal,46,119,10,6.7,3,1,5,tasks_assigned,15,tasks_completed,14,tasks_on_time,3,bug_count,18,bugs_fixed_count,2,code_quality (1-10),7,rework_count,3
263,Company_H,1994-07-05,Male,26-30,DevOps Engineer,10,DevOps,Tamil,Tamil,University_B,2,2,5,3,4,55.65,2,1.87,1,10,0,1,7,Online courses / certifications,6,0.95,102,107,17,Learning Management System,51,50,6,1.56,4,3,3,total_deployments,14,successful_deployments,5,deployment_time_efficiency,0.84,incident_count,10,system_downtime (hrs),44.8,automated_pipeline_stages,3,total_pipeline_stages,6
264,Company_C,1984-01-16,Female,36-40,Business Analyst,20,Business Analysis,Tamil,Sinhala,University_M,5,2,5,4,3,99.57,5,10.32,3,25,9,4,10,Formal training,5,0.79,64,81,23,Delivery Service App,22,410,8,1.53,2,2,5,total_deployments,7,successful_deployments,3,deployment_time_efficiency,0.79,incident_count,0,system_downtime (hrs),44.3,automated_pipeline_stages,3,total_pipeline_stages,10
265,Company_B,1989-09-22,Female,31-35,Project Manager,15,Project Management,Tamil,Tamil,University_J,4,3,1,5,3,33.57,1,17.14,3,7,20,3,18,On-the-job learning,10,0.55,31,56,6,Supply Chain Tracker,7,485,13,3.74,5,2,4,total_deployments,5,successful_deployments,3,deployment_time_efficiency,0.79,incident_count,4,system_downtime (hrs),43.1,automated_pipeline_stages,4,total_pipeline_stages,5
266,Company_F,2000-10-16,Female,20-25,DevOps Engineer,4,DevOps,Tamil,Muslim,University_S,2,1,5,5,2,92.28,4,15.45,1,18,10,2,0,Knowledge sharing,5,0.98,56,57,7,Payroll Automation,44,419,8,3.21,0,3,3,tasks_assigned,20,tasks_completed,10,tasks_on_time,9,bug_count,5,bugs_fixed_count,5,code_quality (1-10),8,rework_count,5
267,Company_J,2002-05-12,Female,20-25,Business Analyst,2,Business Analysis,English,Muslim,University_E,5,5,5,4,1,64.71,2,15.9,2,16,16,3,12,Self-learning,6,0.51,19,37,1,Logistics Dashboard,23,342,4,1.89,0,8,1,total_test_cases_executed,61,total_pass_test_cases,52,total_bugs_detected,22,defect_reopened_count,0,total_documents_created,7,document_quality (1-5),3,test_execution_time (hrs),6
268,Company_K,1996-12-06,Male,26-30,Software Engineer,8,Development,Sinhala,Tamil,University_U,5,5,5,5,4,75.85,3,19.65,4,19,17,1,22,Self-learning,2,0.71,30,42,14,Digital Wallet Platform,39,181,15,7.78,0,1,4,tasks_completed,10,project_delay (days),11,changing_relative_effort,189,sprint_velocity,20,team_velocity,47,stakeholder_satisfaction(1-5),5,milestone_completion_rate,4
269,Company_S,1992-06-17,Female,31-35,Business Analyst,12,Business Analysis,Tamil,Tamil,University_J,2,2,4,2,1,70.63,3,18.31,1,23,15,5,13,Formal training,6,0.97,60,62,13,CRM Platform,17,352,7,3.5,5,9,3,tasks_assigned,7,tasks_completed,5,tasks_on_time,2,bug_count,8,bugs_fixed_count,6,code_quality (1-10),7,rework_count,1
270,Company_R,1990-10-23,Female,31-35,Project Manager,14,Project Management,Sinhala,Muslim,University_N,4,5,3,3,2,88.79,4,16.31,3,3,7,2,5,Self-learning,9,0.94,45,48,19,E-Commerce Platform,21,113,10,1.99,4,6,0,total_test_cases_executed,52,total_pass_test_cases,40,total_bugs_detected,2,defect_reopened_count,1,total_documents_created,15,document_quality (1-5),2,test_execution_time (hrs),3
271,Company_H,2001-10-12,Male,20-25,QA Engineer,3,QA,English,Muslim,University_T,3,5,5,1,2,44.34,1,16.58,2,5,7,2,22,Knowledge sharing,5,0.5,33,66,17,Learning Management System,15,226,14,7.67,4,8,4,total_deployments,13,successful_deployments,7,deployment_time_efficiency,0.71,incident_count,4,system_downtime (hrs),0.5,automated_pipeline_stages,3,total_pipeline_stages,5
272,Company_C,1982-01-24,Female,41-45,Business Analyst,22,Business Analysis,English,Sinhala,University_R,3,2,1,2,2,77.59,3,0.75,4,24,1,2,11,Self-learning,8,0.67,66,99,23,Delivery Service App,9,374,3,1.69,1,1,1,tasks_completed,19,project_delay (days),1,changing_relative_effort,71,sprint_velocity,57,team_velocity,38,stakeholder_satisfaction(1-5),3,milestone_completion_rate,3
273,Company_R,1986-07-17,Male,36-40,QA Engineer,18,QA,Tamil,Muslim,University_P,2,4,1,5,2,97.07,5,17.36,3,12,12,3,35,Research & innovation,7,0.95,52,55,19,E-Commerce Platform,47,441,10,9.13,1,1,2,tasks_assigned,9,tasks_completed,9,tasks_on_time,5,bug_count,1,bugs_fixed_count,1,code_quality (1-10),6,rework_count,1
274,Company_O,1985-06-11,Male,36-40,Software Engineer,19,Development,English,Sinhala,University_S,1,2,5,4,5,80.64,3,17.43,3,24,17,1,20,Online courses / certifications,2,0.96,27,28,20,Banking Mobile App,43,285,7,3.69,0,0,2,tasks_completed,6,project_delay (days),12,changing_relative_effort,140,sprint_velocity,10,team_velocity,26,stakeholder_satisfaction(1-5),3,milestone_completion_rate,2
275,Company_T,1981-03-09,Female,41-45,Software Engineer,23,Development,Sinhala,Muslim,University_F,3,5,2,4,4,74.62,3,14.26,5,3,13,4,31,On-the-job learning,4,0.92,85,92,3,Insurance Claims Platform,26,495,13,2.79,1,4,0,total_deployments,5,successful_deployments,3,deployment_time_efficiency,0.59,incident_count,5,system_downtime (hrs),43.2,automated_pipeline_stages,3,total_pipeline_stages,6
276,Company_J,1987-04-22,Female,36-40,Software Engineer,17,Development,Sinhala,Muslim,University_O,2,4,3,5,4,85.94,4,8.26,3,8,14,4,35,On-the-job learning,10,0.67,38,57,1,Logistics Dashboard,7,397,15,4.08,4,0,3,tasks_assigned,20,tasks_completed,10,tasks_on_time,4,bug_count,15,bugs_fixed_count,2,code_quality (1-10),8,rework_count,1
277,Company_S,1992-04-16,Male,31-35,Software Engineer,12,Development,Tamil,Sinhala,University_K,2,4,4,4,4,34.36,1,14.51,4,17,4,2,31,Online courses / certifications,1,0.95,73,77,13,CRM Platform,5,365,5,1.82,0,6,3,total_test_cases_executed,77,total_pass_test_cases,39,total_bugs_detected,22,defect_reopened_count,20,total_documents_created,4,document_quality (1-5),2,test_execution_time (hrs),5
278,Company_O,2001-07-06,Female,20-25,Software Engineer,3,Development,Sinhala,Muslim,University_J,5,2,4,1,2,81.07,3,13.17,1,3,20,2,26,Online courses / certifications,1,0.48,20,42,20,Banking Mobile App,35,236,7,3.74,0,10,0,total_deployments,18,successful_deployments,4,deployment_time_efficiency,0.53,incident_count,5,system_downtime (hrs),35.7,automated_pipeline_stages,6,total_pipeline_stages,7
279,Company_O,1989-02-16,Male,31-35,DevOps Engineer,15,DevOps,Tamil,Sinhala,University_Q,1,3,1,5,3,99.4,5,11.54,1,16,0,4,19,Online courses / certifications,9,0.5,37,74,20,Banking Mobile App,52,486,15,9.16,2,5,3,tasks_completed,4,project_delay (days),29,changing_relative_effort,161,sprint_velocity,14,team_velocity,50,stakeholder_satisfaction(1-5),3,milestone_completion_rate,5
280,Company_D,1979-02-04,Male,41-45,QA Engineer,25,QA,English,Tamil,University_A,1,5,1,3,5,21.02,1,17.21,4,5,16,2,10,Knowledge sharing,10,0.55,12,22,5,Hospital Information System,40,161,11,7.27,4,7,4,tasks_completed,17,project_delay (days),8,changing_relative_effort,127,sprint_velocity,24,team_velocity,38,stakeholder_satisfaction(1-5),4,milestone_completion_rate,3
281,Company_I,1990-11-04,Female,31-35,QA Engineer,14,QA,Tamil,Sinhala,University_L,4,2,1,2,2,26.85,1,0.73,3,19,19,4,3,None observed,8,0.45,24,53,10,Government Tax Portal,43,200,7,9.87,5,0,2,total_deployments,8,successful_deployments,4,deployment_time_efficiency,0.42,incident_count,0,system_downtime (hrs),25.8,automated_pipeline_stages,2,total_pipeline_stages,8
282,Company_Q,1980-09-07,Female,41-45,DevOps Engineer,24,DevOps,Tamil,Sinhala,University_R,4,5,3,2,4,57.81,2,9.4,1,3,5,1,19,Knowledge sharing,9,0.57,24,42,18,Smart Grid Monitor,50,142,12,3.54,2,2,1,tasks_completed,13,project_delay (days),21,changing_relative_effort,98,sprint_velocity,14,team_velocity,29,stakeholder_satisfaction(1-5),1,milestone_completion_rate,2
283,Company_G,1994-11-14,Female,26-30,Business Analyst,10,Business Analysis,Sinhala,Tamil,University_K,1,5,1,5,3,99.35,5,18.74,1,12,8,2,3,None observed,5,0.76,44,58,4,Loan Origination System,12,295,14,6.07,3,2,2,tasks_assigned,15,tasks_completed,8,tasks_on_time,2,bug_count,7,bugs_fixed_count,0,code_quality (1-10),6,rework_count,2
284,Company_F,1992-01-08,Male,31-35,Software Engineer,12,Development,Sinhala,Muslim,University_E,5,4,3,5,4,79.57,3,22.01,3,11,0,1,6,Knowledge sharing,7,0.68,61,90,7,Payroll Automation,18,102,6,4.22,4,5,0,total_test_cases_executed,56,total_pass_test_cases,5,total_bugs_detected,28,defect_reopened_count,1,total_documents_created,10,document_quality (1-5),2,test_execution_time (hrs),5
285,Company_J,1981-01-05,Female,41-45,Software Engineer,23,Development,Sinhala,Muslim,University_O,5,5,2,2,5,80.4,3,14.45,3,11,14,2,13,None observed,2,0.42,28,67,1,Logistics Dashboard,8,107,11,4.85,5,4,1,tasks_assigned,7,tasks_completed,3,tasks_on_time,1,bug_count,5,bugs_fixed_count,3,code_quality (1-10),4,rework_count,3
286,Company_E,1981-08-17,Female,41-45,QA Engineer,23,QA,Tamil,Sinhala,University_R,4,3,4,1,3,27.63,1,20.22,4,16,2,2,21,On-the-job learning,2,0.6,62,104,22,Marketing Management System,27,51,5,9.95,0,5,4,total_test_cases_executed,70,total_pass_test_cases,17,total_bugs_detected,29,defect_reopened_count,3,total_documents_created,1,document_quality (1-5),5,test_execution_time (hrs),4
287,Company_E,1981-11-12,Male,41-45,Software Engineer,23,Development,Sinhala,Tamil,University_I,5,4,4,5,5,95.92,5,22.97,3,2,11,1,9,None observed,6,0.73,53,73,22,Marketing Management System,8,294,15,6.35,1,0,1,total_test_cases_executed,56,total_pass_test_cases,9,total_bugs_detected,2,defect_reopened_count,0,total_documents_created,2,document_quality (1-5),1,test_execution_time (hrs),8
288,Company_P,2002-06-25,Male,20-25,DevOps Engineer,2,DevOps,English,Sinhala,University_R,1,2,5,2,3,97.51,5,21.08,3,1,17,4,35,None observed,1,0.96,107,111,11,Telecom Billing System,47,498,9,5.99,2,9,4,total_test_cases_executed,49,total_pass_test_cases,45,total_bugs_detected,7,defect_reopened_count,6,total_documents_created,15,document_quality (1-5),2,test_execution_time (hrs),10
289,Company_E,1985-06-06,Female,36-40,Business Analyst,19,Business Analysis,English,Muslim,University_C,1,4,4,3,3,72.75,3,14.06,3,18,2,4,25,On-the-job learning,5,0.69,22,32,22,Marketing Management System,8,235,11,8.01,2,0,1,tasks_completed,10,project_delay (days),5,changing_relative_effort,188,sprint_velocity,16,team_velocity,24,stakeholder_satisfaction(1-5),2,milestone_completion_rate,1
290,Company_B,1984-10-25,Male,36-40,DevOps Engineer,20,DevOps,Sinhala,Muslim,University_T,2,3,3,1,1,31.88,1,4.07,5,11,17,3,26,None observed,7,0.7,62,88,6,Supply Chain Tracker,25,258,13,5.53,4,2,0,total_deployments,19,successful_deployments,12,deployment_time_efficiency,0.63,incident_count,0,system_downtime (hrs),13.9,automated_pipeline_stages,3,total_pipeline_stages,10
291,Company_P,1999-04-13,Female,20-25,DevOps Engineer,5,DevOps,Tamil,Tamil,University_C,3,1,3,2,1,93.18,4,11.45,5,10,20,4,2,None observed,10,0.59,65,110,11,Telecom Billing System,10,462,2,2.28,2,8,0,tasks_completed,16,project_delay (days),3,changing_relative_effort,166,sprint_velocity,30,team_velocity,30,stakeholder_satisfaction(1-5),5,milestone_completion_rate,2
292,Company_E,1994-02-04,Female,26-30,Business Analyst,10,Business Analysis,Tamil,Tamil,University_P,1,3,2,5,3,71.74,3,11.86,5,18,18,5,15,None observed,10,0.88,102,116,22,Marketing Management System,36,280,6,8.9,5,0,4,total_deployments,2,successful_deployments,2,deployment_time_efficiency,0.85,incident_count,8,system_downtime (hrs),0.4,automated_pipeline_stages,2,total_pipeline_stages,6
293,Company_R,1990-11-17,Male,31-35,Project Manager,14,Project Management,Tamil,Muslim,University_U,1,3,3,1,4,99.33,5,20.49,4,5,10,5,30,Self-learning,8,0.7,26,37,19,E-Commerce Platform,17,409,13,5.29,2,7,0,tasks_completed,18,project_delay (days),4,changing_relative_effort,170,sprint_velocity,19,team_velocity,60,stakeholder_satisfaction(1-5),2,milestone_completion_rate,3
294,Company_Q,1991-12-29,Female,31-35,DevOps Engineer,13,DevOps,Tamil,Muslim,University_T,4,4,4,5,5,92.77,4,15.63,2,12,1,1,32,On-the-job learning,9,0.5,11,22,18,Smart Grid Monitor,30,318,5,7.03,2,2,0,total_test_cases_executed,21,total_pass_test_cases,13,total_bugs_detected,10,defect_reopened_count,4,total_documents_created,3,document_quality (1-5),2,test_execution_time (hrs),9
295,Company_K,1985-05-04,Female,36-40,DevOps Engineer,19,DevOps,English,Tamil,University_N,2,4,1,3,3,67.53,2,19.92,4,18,9,5,17,Formal training,9,0.78,45,58,14,Digital Wallet Platform,11,455,12,4.66,4,0,3,total_test_cases_executed,26,total_pass_test_cases,20,total_bugs_detected,14,defect_reopened_count,10,total_documents_created,10,document_quality (1-5),1,test_execution_time (hrs),3
296,Company_L,1984-10-24,Female,36-40,Business Analyst,20,Business Analysis,Tamil,Sinhala,University_C,2,3,2,1,2,28.93,1,1.49,2,20,5,2,14,Online courses / certifications,10,0.7,19,27,21,Medi Care App,37,441,7,2.02,1,7,3,tasks_assigned,16,tasks_completed,6,tasks_on_time,4,bug_count,19,bugs_fixed_count,5,code_quality (1-10),6,rework_count,3
297,Company_T,1984-07-08,Female,36-40,Software Engineer,20,Development,Tamil,Tamil,University_N,5,2,5,1,2,57.25,2,19.16,2,20,18,2,24,Self-learning,5,0.45,28,62,3,Insurance Claims Platform,17,164,14,5.09,3,1,1,tasks_completed,16,project_delay (days),30,changing_relative_effort,81,sprint_velocity,32,team_velocity,70,stakeholder_satisfaction(1-5),5,milestone_completion_rate,3
298,Company_P,1985-05-10,Female,36-40,Software Engineer,19,Development,Tamil,Tamil,University_D,4,5,1,3,2,27.7,1,10.42,5,10,2,4,22,Formal training,4,0.61,53,87,11,Telecom Billing System,31,173,10,9.76,1,9,5,tasks_completed,13,project_delay (days),26,changing_relative_effort,63,sprint_velocity,46,team_velocity,47,stakeholder_satisfaction(1-5),2,milestone_completion_rate,4
299,Company_K,1994-04-17,Female,26-30,DevOps Engineer,10,DevOps,English,Sinhala,University_P,4,2,4,1,3,20.1,1,9.82,3,24,7,2,28,On-the-job learning,7,0.91,21,23,14,Digital Wallet Platform,13,64,11,7.37,0,9,3,total_test_cases_executed,13,total_pass_test_cases,11,total_bugs_detected,23,defect_reopened_count,4,total_documents_created,8,document_quality (1-5),4,test_execution_time (hrs),8
300,Company_J,1997-01-25,Female,26-30,Project Manager,7,Project Management,Sinhala,Tamil,University_F,3,4,5,5,5,54.74,2,16.76,1,3,9,5,36,Research & innovation,4,0.65,64,98,8,Microfinance Management System,20,142,3,1.7,2,3,3,total_test_cases_executed,22,total_pass_test_cases,15,total_bugs_detected,25,defect_reopened_count,0,total_documents_created,7,document_quality (1-5),1,test_execution_time (hrs),10
301,Company_F,1997-08-07,Female,26-30,Business Analyst,7,Business Analysis,Sinhala,Muslim,University_N,2,2,4,3,2,80.28,3,9.32,2,12,12,3,25,None observed,2,0.62,50,80,7,Payroll Automation,5,324,2,5.66,1,3,2,total_deployments,4,successful_deployments,1,deployment_time_efficiency,0.32,incident_count,2,system_downtime (hrs),10.5,automated_pipeline_stages,3,total_pipeline_stages,7
302,Company_E,2001-01-13,Male,20-25,Project Manager,3,Project Management,Tamil,Tamil,University_T,5,1,3,1,5,31.71,1,11.63,1,1,5,1,40,On-the-job learning,2,0.6,52,86,22,Marketing Management System,42,432,6,8.34,4,1,4,total_deployments,13,successful_deployments,6,deployment_time_efficiency,0.44,incident_count,5,system_downtime (hrs),18,automated_pipeline_stages,2,total_pipeline_stages,9
303,Company_S,2002-09-03,Female,20-25,DevOps Engineer,2,DevOps,Tamil,Tamil,University_F,5,2,1,2,5,67.35,2,21.2,5,18,2,2,24,Knowledge sharing,7,0.39,26,66,13,CRM Platform,4,213,13,1.1,2,3,3,total_deployments,19,successful_deployments,10,deployment_time_efficiency,0.93,incident_count,8,system_downtime (hrs),3.2,automated_pipeline_stages,5,total_pipeline_stages,9
304,Company_L,1980-06-14,Male,41-45,DevOps Engineer,24,DevOps,Tamil,Sinhala,University_T,5,1,5,1,3,99.45,5,4.27,2,21,17,3,10,Research & innovation,9,0.38,9,24,21,Medi Care App,24,352,8,3.13,0,4,0,tasks_completed,19,project_delay (days),0,changing_relative_effort,168,sprint_velocity,28,team_velocity,28,stakeholder_satisfaction(1-5),4,milestone_completion_rate,3
305,Company_L,1990-02-02,Male,31-35,Business Analyst,14,Business Analysis,Sinhala,Tamil,University_I,3,5,2,2,2,63.32,2,12.56,5,6,11,3,12,None observed,8,0.83,88,106,21,Medi Care App,27,366,3,1.26,0,0,1,total_deployments,4,successful_deployments,2,deployment_time_efficiency,0.9,incident_count,6,system_downtime (hrs),10.9,automated_pipeline_stages,2,total_pipeline_stages,5
306,Company_G,1992-12-08,Female,31-35,Project Manager,12,Project Management,English,Tamil,University_J,3,2,3,4,3,85.32,4,5.4,5,2,17,4,34,None observed,3,0.44,37,85,4,Loan Origination System,13,435,11,8.99,3,10,3,tasks_completed,4,project_delay (days),16,changing_relative_effort,185,sprint_velocity,25,team_velocity,56,stakeholder_satisfaction(1-5),3,milestone_completion_rate,3
307,Company_P,1992-05-18,Male,31-35,DevOps Engineer,12,DevOps,English,Sinhala,University_K,5,4,2,2,4,34.69,1,4.84,5,2,11,2,28,Research & innovation,8,0.8,59,74,11,Telecom Billing System,25,156,15,6.31,4,8,2,tasks_completed,10,project_delay (days),22,changing_relative_effort,166,sprint_velocity,51,team_velocity,29,stakeholder_satisfaction(1-5),4,milestone_completion_rate,1
308,Company_T,1996-03-03,Male,26-30,Software Engineer,8,Development,English,Sinhala,University_Q,4,1,4,4,3,68.86,2,13.22,2,11,20,3,1,On-the-job learning,9,0.62,40,65,3,Insurance Claims Platform,32,230,6,2.06,4,1,2,tasks_assigned,18,tasks_completed,7,tasks_on_time,2,bug_count,12,bugs_fixed_count,8,code_quality (1-10),5,rework_count,2
309,Company_P,1980-04-05,Male,41-45,Business Analyst,24,Business Analysis,English,Muslim,University_Q,5,4,3,1,1,73.58,3,23.34,5,12,20,2,23,Research & innovation,7,0.55,59,108,11,Telecom Billing System,21,172,3,5.79,2,3,4,tasks_assigned,27,tasks_completed,23,tasks_on_time,12,bug_count,12,bugs_fixed_count,6,code_quality (1-10),2,rework_count,5
310,Company_A,1987-08-16,Male,36-40,DevOps Engineer,17,DevOps,Tamil,Sinhala,University_L,5,2,2,3,3,88.7,4,4.35,5,8,18,1,32,Formal training,1,0.42,10,24,9,Customer Portal,46,292,8,4.01,1,4,0,total_test_cases_executed,31,total_pass_test_cases,0,total_bugs_detected,19,defect_reopened_count,11,total_documents_created,8,document_quality (1-5),3,test_execution_time (hrs),5
311,Company_N,2002-02-18,Female,20-25,QA Engineer,2,QA,Sinhala,Sinhala,University_I,3,3,5,3,4,97.16,5,12.6,3,23,6,2,26,Online courses / certifications,10,0.95,89,94,16,HR Management System,4,473,7,3.71,2,8,5,total_deployments,20,successful_deployments,15,deployment_time_efficiency,0.38,incident_count,10,system_downtime (hrs),24.9,automated_pipeline_stages,1,total_pipeline_stages,3
312,Company_D,1984-05-09,Female,36-40,DevOps Engineer,20,DevOps,Tamil,Tamil,University_T,4,5,2,2,2,34.88,1,1.86,1,25,9,5,2,Self-learning,8,0.52,32,61,5,Hospital Information System,21,208,5,1.37,4,5,4,total_deployments,4,successful_deployments,3,deployment_time_efficiency,0.86,incident_count,9,system_downtime (hrs),46.5,automated_pipeline_stages,6,total_pipeline_stages,8
313,Company_B,1997-12-30,Male,26-30,QA Engineer,7,QA,Sinhala,Tamil,University_H,3,4,1,4,2,82.56,3,8.8,2,9,20,2,20,Self-learning,2,0.93,74,80,6,Supply Chain Tracker,46,477,2,1.45,1,5,2,total_test_cases_executed,74,total_pass_test_cases,71,total_bugs_detected,4,defect_reopened_count,0,total_documents_created,12,document_quality (1-5),2,test_execution_time (hrs),10
314,Company_H,1989-10-30,Female,31-35,Software Engineer,15,Development,Sinhala,Muslim,University_J,4,5,2,4,5,64.57,2,13.07,1,23,20,5,23,Knowledge sharing,1,0.64,16,25,17,Learning Management System,39,152,6,3.74,2,9,5,total_test_cases_executed,69,total_pass_test_cases,69,total_bugs_detected,5,defect_reopened_count,3,total_documents_created,13,document_quality (1-5),4,test_execution_time (hrs),5
315,Company_Q,1984-03-18,Male,36-40,Business Analyst,20,Business Analysis,Sinhala,Tamil,University_S,3,3,5,3,5,67.42,2,14.68,5,9,9,3,21,Online courses / certifications,1,0.9,66,73,18,Smart Grid Monitor,40,499,6,1.48,3,2,3,tasks_completed,1,project_delay (days),14,changing_relative_effort,182,sprint_velocity,39,team_velocity,73,stakeholder_satisfaction(1-5),1,milestone_completion_rate,1
316,Company_D,1985-01-14,Female,36-40,Software Engineer,19,Development,Sinhala,Sinhala,University_P,1,4,3,2,3,70.89,3,16.83,4,12,12,4,26,Knowledge sharing,3,0.47,47,101,5,Hospital Information System,35,369,13,2.81,0,0,1,total_test_cases_executed,87,total_pass_test_cases,15,total_bugs_detected,16,defect_reopened_count,3,total_documents_created,4,document_quality (1-5),2,test_execution_time (hrs),5
317,Company_A,2002-06-22,Female,20-25,Business Analyst,2,Business Analysis,Tamil,Tamil,University_L,4,3,4,5,5,57.08,2,4.98,2,14,13,5,33,Formal training,7,0.85,57,67,9,Customer Portal,22,391,3,9.63,3,5,5,tasks_assigned,13,tasks_completed,7,tasks_on_time,6,bug_count,3,bugs_fixed_count,3,code_quality (1-10),5,rework_count,3
318,Company_G,1994-06-20,Female,26-30,Software Engineer,10,Development,Sinhala,Tamil,University_P,4,4,3,1,1,98.21,5,8.79,2,25,19,1,6,Knowledge sharing,9,0.69,76,110,2,ERP Integration Module,28,312,3,2.57,1,5,5,tasks_completed,19,project_delay (days),10,changing_relative_effort,167,sprint_velocity,55,team_velocity,74,stakeholder_satisfaction(1-5),4,milestone_completion_rate,2
319,Company_H,1997-12-14,Male,26-30,Software Engineer,7,Development,English,Muslim,University_J,2,2,1,3,4,95.26,5,16.44,5,18,14,3,13,Self-learning,3,0.79,48,61,17,Learning Management System,50,131,5,1.87,0,7,5,total_deployments,16,successful_deployments,10,deployment_time_efficiency,0.83,incident_count,3,system_downtime (hrs),5.1,automated_pipeline_stages,3,total_pipeline_stages,9
320,Company_O,2000-09-30,Female,20-25,Business Analyst,4,Business Analysis,Tamil,Muslim,University_A,2,1,5,4,1,97.33,5,16.51,2,12,8,5,5,Research & innovation,1,0.78,50,64,20,Banking Mobile App,31,466,10,8.28,1,1,4,total_test_cases_executed,13,total_pass_test_cases,10,total_bugs_detected,30,defect_reopened_count,21,total_documents_created,2,document_quality (1-5),2,test_execution_time (hrs),8
321,Company_I,1981-03-29,Female,41-45,Software Engineer,23,Development,English,Tamil,University_G,2,5,5,4,2,91.6,4,20.89,1,6,9,4,20,On-the-job learning,2,0.7,56,80,12,Fleet Management System,40,90,4,8.04,2,1,0,total_deployments,16,successful_deployments,7,deployment_time_efficiency,0.34,incident_count,8,system_downtime (hrs),15.9,automated_pipeline_stages,4,total_pipeline_stages,10
322,Company_D,1985-09-15,Male,36-40,Business Analyst,19,Business Analysis,Tamil,Sinhala,University_O,3,5,3,1,1,44.58,1,18.29,4,16,1,2,5,On-the-job learning,4,0.48,51,107,5,Hospital Information System,25,265,6,2.8,0,2,1,tasks_assigned,22,tasks_completed,11,tasks_on_time,10,bug_count,1,bugs_fixed_count,0,code_quality (1-10),5,rework_count,4
323,Company_P,1986-07-24,Male,36-40,Business Analyst,18,Business Analysis,Sinhala,Tamil,University_M,2,1,2,3,4,96.42,5,2.01,5,19,10,2,24,Online courses / certifications,7,0.59,13,22,11,Telecom Billing System,7,63,14,8.04,1,8,4,tasks_assigned,17,tasks_completed,1,tasks_on_time,1,bug_count,1,bugs_fixed_count,1,code_quality (1-10),8,rework_count,5
324,Company_S,1997-02-02,Male,26-30,QA Engineer,7,QA,English,Tamil,University_L,5,5,5,5,1,76.54,3,6.54,4,18,10,1,11,Self-learning,6,0.73,72,99,13,CRM Platform,32,142,6,1.39,2,9,5,tasks_assigned,12,tasks_completed,5,tasks_on_time,1,bug_count,19,bugs_fixed_count,12,code_quality (1-10),5,rework_count,0
325,Company_C,1992-04-05,Female,31-35,DevOps Engineer,12,DevOps,Tamil,Muslim,University_F,4,4,3,5,4,85.43,4,21.9,3,17,2,5,20,Self-learning,8,0.52,36,69,23,Delivery Service App,49,368,9,3.52,1,2,4,total_test_cases_executed,39,total_pass_test_cases,19,total_bugs_detected,23,defect_reopened_count,17,total_documents_created,4,document_quality (1-5),2,test_execution_time (hrs),8
326,Company_P,1984-09-23,Female,36-40,Business Analyst,20,Business Analysis,Tamil,Muslim,University_H,2,3,2,2,3,95.58,5,1.09,4,2,8,5,32,Formal training,1,0.59,33,56,11,Telecom Billing System,18,155,8,2.66,3,8,0,tasks_assigned,26,tasks_completed,10,tasks_on_time,0,bug_count,17,bugs_fixed_count,11,code_quality (1-10),9,rework_count,4
327,Company_B,1987-10-05,Female,36-40,Project Manager,17,Project Management,Tamil,Sinhala,University_D,4,1,3,3,4,98.91,5,13.02,5,7,7,2,1,Knowledge sharing,9,0.84,48,57,6,Supply Chain Tracker,51,171,4,9.17,2,10,2,tasks_completed,3,project_delay (days),7,changing_relative_effort,188,sprint_velocity,28,team_velocity,41,stakeholder_satisfaction(1-5),3,milestone_completion_rate,1
328,Company_N,1990-10-18,Female,31-35,Business Analyst,14,Business Analysis,English,Tamil,University_L,2,1,4,1,3,88.89,4,9.06,3,9,19,2,12,None observed,5,0.78,39,50,16,HR Management System,9,191,11,5.96,0,7,1,tasks_assigned,13,tasks_completed,13,tasks_on_time,12,bug_count,8,bugs_fixed_count,4,code_quality (1-10),9,rework_count,1
329,Company_G,1982-10-29,Female,41-45,Business Analyst,22,Business Analysis,Sinhala,Sinhala,University_D,1,3,5,5,3,33.94,1,22.4,5,16,10,4,4,Formal training,2,0.88,59,67,4,Loan Origination System,36,277,3,5.6,1,3,2,total_deployments,19,successful_deployments,11,deployment_time_efficiency,0.88,incident_count,10,system_downtime (hrs),20,automated_pipeline_stages,7,total_pipeline_stages,9
330,Company_T,1982-10-06,Male,41-45,DevOps Engineer,22,DevOps,English,Tamil,University_S,1,3,5,2,4,75.63,3,23.88,5,20,11,5,24,Knowledge sharing,5,0.8,78,98,3,Insurance Claims Platform,6,386,13,2.35,5,1,0,tasks_assigned,12,tasks_completed,10,tasks_on_time,8,bug_count,18,bugs_fixed_count,17,code_quality (1-10),8,rework_count,4
331,Company_S,1986-02-08,Female,36-40,Business Analyst,18,Business Analysis,Sinhala,Muslim,University_N,3,1,2,3,4,48.87,1,17.07,4,25,20,4,13,Research & innovation,4,0.84,74,88,13,CRM Platform,9,230,10,5.55,2,10,3,total_deployments,20,successful_deployments,7,deployment_time_efficiency,0.61,incident_count,6,system_downtime (hrs),11,automated_pipeline_stages,3,total_pipeline_stages,6
332,Company_A,1990-02-26,Female,31-35,DevOps Engineer,14,DevOps,English,Tamil,University_K,1,2,5,5,2,28.12,1,17.83,2,24,4,2,35,On-the-job learning,9,0.83,58,70,9,Customer Portal,49,290,13,1.91,0,6,0,total_test_cases_executed,98,total_pass_test_cases,21,total_bugs_detected,2,defect_reopened_count,0,total_documents_created,9,document_quality (1-5),4,test_execution_time (hrs),9
333,Company_N,2002-09-23,Female,20-25,Project Manager,2,Project Management,English,Sinhala,University_E,2,3,3,3,1,85.07,4,0.59,2,6,5,2,40,Self-learning,9,0.59,42,71,16,HR Management System,50,442,11,9.25,4,1,1,total_deployments,1,successful_deployments,1,deployment_time_efficiency,0.77,incident_count,7,system_downtime (hrs),18.2,automated_pipeline_stages,8,total_pipeline_stages,8
334,Company_R,1984-11-29,Male,36-40,Software Engineer,20,Development,English,Sinhala,University_G,5,1,1,3,4,50.19,2,3.13,4,5,14,3,40,Research & innovation,6,0.58,19,33,19,E-Commerce Platform,14,110,6,3.46,3,3,1,total_test_cases_executed,46,total_pass_test_cases,16,total_bugs_detected,19,defect_reopened_count,3,total_documents_created,15,document_quality (1-5),2,test_execution_time (hrs),4
335,Company_N,1986-05-22,Male,36-40,DevOps Engineer,18,DevOps,Tamil,Tamil,University_L,2,3,4,5,2,71.09,3,16.77,5,21,10,2,8,On-the-job learning,4,0.87,45,52,16,HR Management System,32,271,9,3.37,1,4,5,tasks_completed,4,project_delay (days),30,changing_relative_effort,140,sprint_velocity,15,team_velocity,67,stakeholder_satisfaction(1-5),4,milestone_completion_rate,4
336,Company_J,1982-02-21,Female,41-45,DevOps Engineer,22,DevOps,Sinhala,Muslim,University_B,3,3,5,3,5,90.39,4,16.18,2,22,8,4,35,None observed,4,0.68,23,34,1,Logistics Dashboard,34,127,9,8.32,5,7,2,tasks_assigned,9,tasks_completed,4,tasks_on_time,0,bug_count,16,bugs_fixed_count,6,code_quality (1-10),1,rework_count,0
337,Company_B,1995-07-23,Female,26-30,Software Engineer,9,Development,English,Muslim,University_F,2,5,1,2,1,50.31,2,22.69,1,2,14,5,25,None observed,8,0.57,47,83,6,Supply Chain Tracker,10,162,3,9.67,2,6,3,total_test_cases_executed,51,total_pass_test_cases,15,total_bugs_detected,21,defect_reopened_count,13,total_documents_created,2,document_quality (1-5),2,test_execution_time (hrs),10
338,Company_P,2003-09-11,Female,20-25,DevOps Engineer,1,DevOps,Tamil,Tamil,University_L,1,1,1,2,4,86.59,4,10.78,4,9,11,4,22,Self-learning,10,0.52,46,88,11,Telecom Billing System,29,183,2,3.41,5,3,2,tasks_completed,2,project_delay (days),9,changing_relative_effort,164,sprint_velocity,36,team_velocity,34,stakeholder_satisfaction(1-5),3,milestone_completion_rate,2
339,Company_P,1989-02-14,Male,31-35,Business Analyst,15,Business Analysis,English,Sinhala,University_I,5,4,4,2,4,71.38,3,14.27,1,8,16,1,30,None observed,8,0.44,52,119,11,Telecom Billing System,49,167,6,8.21,2,5,3,tasks_assigned,11,tasks_completed,9,tasks_on_time,3,bug_count,0,bugs_fixed_count,0,code_quality (1-10),9,rework_count,4
340,Company_G,1999-09-02,Female,20-25,DevOps Engineer,5,DevOps,English,Muslim,University_B,1,2,1,2,2,70.93,3,19.01,3,13,10,4,5,Knowledge sharing,10,0.55,30,55,4,Loan Origination System,42,127,3,7.62,3,3,4,total_test_cases_executed,49,total_pass_test_cases,20,total_bugs_detected,13,defect_reopened_count,8,total_documents_created,12,document_quality (1-5),1,test_execution_time (hrs),3
341,Company_E,1980-09-08,Male,41-45,DevOps Engineer,24,DevOps,English,Sinhala,University_Q,5,2,1,5,4,59.52,2,22.77,1,9,9,4,23,None observed,4,0.97,39,40,22,Marketing Management System,32,239,9,6.07,5,4,2,tasks_completed,5,project_delay (days),25,changing_relative_effort,71,sprint_velocity,16,team_velocity,55,stakeholder_satisfaction(1-5),2,milestone_completion_rate,4
342,Company_P,1996-09-24,Male,26-30,QA Engineer,8,QA,Tamil,Sinhala,University_E,5,5,4,3,5,66.65,2,8.49,3,3,5,4,8,None observed,7,0.69,49,71,11,Telecom Billing System,38,305,7,9.64,1,5,3,total_test_cases_executed,100,total_pass_test_cases,61,total_bugs_detected,16,defect_reopened_count,2,total_documents_created,15,document_quality (1-5),1,test_execution_time (hrs),7
343,Company_E,1991-12-19,Female,31-35,Business Analyst,13,Business Analysis,Sinhala,Tamil,University_L,2,5,5,1,3,58.67,2,19.26,1,8,9,1,34,None observed,2,0.86,42,49,22,Marketing Management System,37,215,11,9.01,4,10,1,tasks_completed,5,project_delay (days),9,changing_relative_effort,183,sprint_velocity,53,team_velocity,33,stakeholder_satisfaction(1-5),4,milestone_completion_rate,5
344,Company_M,1982-05-17,Male,41-45,QA Engineer,22,QA,Sinhala,Muslim,University_J,3,3,1,2,4,76.94,3,22.01,2,8,3,3,33,On-the-job learning,7,0.82,92,112,15,Inventory Management System,38,284,7,1.85,4,7,4,total_test_cases_executed,30,total_pass_test_cases,2,total_bugs_detected,11,defect_reopened_count,10,total_documents_created,9,document_quality (1-5),4,test_execution_time (hrs),4
345,Company_T,1980-04-24,Male,41-45,Business Analyst,24,Business Analysis,English,Tamil,University_H,1,4,3,3,2,35.55,1,4.69,1,23,3,1,10,Self-learning,5,0.8,69,86,3,Insurance Claims Platform,37,350,12,7.89,2,9,4,total_test_cases_executed,87,total_pass_test_cases,35,total_bugs_detected,30,defect_reopened_count,25,total_documents_created,12,document_quality (1-5),4,test_execution_time (hrs),7
346,Company_M,2003-01-20,Male,20-25,QA Engineer,1,QA,English,Sinhala,University_C,3,4,5,5,3,99.41,5,6.75,3,17,3,5,23,Research & innovation,3,0.76,72,95,15,Inventory Management System,19,336,8,4.4,3,7,2,tasks_assigned,14,tasks_completed,14,tasks_on_time,8,bug_count,10,bugs_fixed_count,8,code_quality (1-10),2,rework_count,4
347,Company_F,2002-06-27,Female,20-25,QA Engineer,2,QA,Tamil,Muslim,University_T,1,1,3,2,5,33.18,1,19.25,5,14,7,3,13,None observed,4,0.57,30,53,7,Payroll Automation,43,336,5,4.44,1,0,1,tasks_completed,15,project_delay (days),11,changing_relative_effort,184,sprint_velocity,22,team_velocity,20,stakeholder_satisfaction(1-5),3,milestone_completion_rate,2
348,Company_L,1981-06-26,Male,41-45,QA Engineer,23,QA,Sinhala,Sinhala,University_R,2,4,3,3,4,43.64,1,10.75,4,21,8,2,33,Formal training,10,0.73,32,44,21,Medi Care App,10,69,7,1.26,5,2,5,tasks_assigned,28,tasks_completed,6,tasks_on_time,6,bug_count,4,bugs_fixed_count,0,code_quality (1-10),5,rework_count,0
349,Company_C,2000-05-01,Male,20-25,Business Analyst,4,Business Analysis,Tamil,Sinhala,University_O,5,2,4,5,4,80.65,3,22.15,2,18,18,4,15,Self-learning,3,0.6,50,84,23,Delivery Service App,13,423,6,1.76,3,0,2,total_deployments,20,successful_deployments,6,deployment_time_efficiency,0.78,incident_count,6,system_downtime (hrs),8.3,automated_pipeline_stages,1,total_pipeline_stages,5
350,Company_A,2001-12-20,Male,20-25,QA Engineer,3,QA,Sinhala,Muslim,University_P,4,3,3,2,5,88.6,4,3.56,2,19,11,2,19,Online courses / certifications,4,0.44,12,27,9,Customer Portal,47,378,15,2.72,5,2,2,tasks_assigned,6,tasks_completed,4,tasks_on_time,2,bug_count,5,bugs_fixed_count,2,code_quality (1-10),2,rework_count,2
351,Company_A,1997-08-16,Male,26-30,Business Analyst,7,Business Analysis,Tamil,Muslim,University_I,4,3,2,3,2,46.91,1,6.29,4,22,19,2,12,Formal training,1,0.68,19,28,9,Customer Portal,45,465,12,8.17,1,5,5,tasks_completed,17,project_delay (days),17,changing_relative_effort,118,sprint_velocity,15,team_velocity,52,stakeholder_satisfaction(1-5),4,milestone_completion_rate,2
352,Company_A,1989-11-19,Female,31-35,Business Analyst,15,Business Analysis,Sinhala,Sinhala,University_H,4,3,2,5,3,99.91,5,5.05,2,22,0,5,17,Self-learning,6,0.45,43,95,9,Customer Portal,14,289,10,2.68,0,7,4,tasks_assigned,19,tasks_completed,19,tasks_on_time,18,bug_count,13,bugs_fixed_count,11,code_quality (1-10),5,rework_count,1
353,Company_C,2002-11-27,Male,20-25,QA Engineer,2,QA,English,Sinhala,University_J,2,5,3,2,1,89.82,4,19.07,1,11,19,1,10,Formal training,8,0.97,107,110,23,Delivery Service App,12,389,7,8.1,0,1,2,total_test_cases_executed,28,total_pass_test_cases,25,total_bugs_detected,11,defect_reopened_count,7,total_documents_created,7,document_quality (1-5),2,test_execution_time (hrs),1
354,Company_T,1994-11-20,Male,26-30,QA Engineer,10,QA,Sinhala,Tamil,University_O,5,4,5,4,3,98.74,5,17.73,2,16,11,2,28,Online courses / certifications,1,0.74,23,31,3,Insurance Claims Platform,52,99,8,2.16,1,6,2,total_deployments,10,successful_deployments,10,deployment_time_efficiency,0.81,incident_count,6,system_downtime (hrs),28.7,automated_pipeline_stages,2,total_pipeline_stages,7
355,Company_P,1997-01-17,Female,26-30,DevOps Engineer,7,DevOps,English,Sinhala,University_O,4,2,4,1,2,92.52,4,2.25,1,3,11,5,28,Self-learning,7,0.66,57,86,11,Telecom Billing System,31,127,6,3.8,5,7,0,total_test_cases_executed,43,total_pass_test_cases,26,total_bugs_detected,5,defect_reopened_count,1,total_documents_created,7,document_quality (1-5),4,test_execution_time (hrs),9
356,Company_R,1989-02-01,Female,31-35,Business Analyst,15,Business Analysis,Tamil,Tamil,University_P,5,4,1,4,5,96.26,5,20.52,1,15,20,1,30,Research & innovation,3,0.69,62,90,19,E-Commerce Platform,27,449,9,7.41,4,5,0,tasks_completed,6,project_delay (days),13,changing_relative_effort,186,sprint_velocity,58,team_velocity,44,stakeholder_satisfaction(1-5),4,milestone_completion_rate,1
357,Company_I,1996-01-14,Female,26-30,DevOps Engineer,8,DevOps,Sinhala,Muslim,University_C,3,5,4,1,1,88.24,4,21.14,2,12,11,4,3,On-the-job learning,8,0.51,54,106,12,Fleet Management System,38,186,4,3.64,3,0,3,tasks_assigned,15,tasks_completed,5,tasks_on_time,5,bug_count,1,bugs_fixed_count,0,code_quality (1-10),4,rework_count,0
358,Company_P,1979-05-16,Female,41-45,Business Analyst,25,Business Analysis,Tamil,Sinhala,University_T,4,1,3,4,3,26.21,1,21.43,2,3,3,1,23,Formal training,4,0.42,18,43,11,Telecom Billing System,28,312,13,1.71,5,4,3,tasks_completed,13,project_delay (days),0,changing_relative_effort,97,sprint_velocity,57,team_velocity,36,stakeholder_satisfaction(1-5),4,milestone_completion_rate,4
359,Company_G,1990-01-09,Female,31-35,Project Manager,14,Project Management,Sinhala,Sinhala,University_D,1,3,5,2,4,47.59,1,15.79,2,4,6,3,4,Research & innovation,1,0.49,29,59,4,Loan Origination System,47,195,6,1.05,1,0,3,tasks_completed,5,project_delay (days),8,changing_relative_effort,118,sprint_velocity,39,team_velocity,58,stakeholder_satisfaction(1-5),4,milestone_completion_rate,4
360,Company_K,1982-07-29,Female,41-45,QA Engineer,22,QA,Tamil,Tamil,University_I,1,2,5,5,1,86.56,4,19.15,3,19,12,5,9,Self-learning,4,0.83,59,71,14,Digital Wallet Platform,17,322,13,2.53,3,4,3,tasks_assigned,6,tasks_completed,6,tasks_on_time,6,bug_count,18,bugs_fixed_count,2,code_quality (1-10),7,rework_count,4
361,Company_R,1994-03-21,Male,26-30,DevOps Engineer,10,DevOps,English,Sinhala,University_C,3,5,4,1,1,34.03,1,23.64,5,23,17,5,26,On-the-job learning,5,0.62,29,47,19,E-Commerce Platform,28,360,15,2.11,3,3,1,tasks_completed,4,project_delay (days),18,changing_relative_effort,124,sprint_velocity,21,team_velocity,75,stakeholder_satisfaction(1-5),2,milestone_completion_rate,4
362,Company_S,1987-05-23,Male,36-40,Business Analyst,17,Business Analysis,Sinhala,Tamil,University_O,1,3,1,3,5,36.07,1,17.99,3,14,6,3,35,Self-learning,8,0.88,64,73,13,CRM Platform,22,51,10,8.47,3,10,1,tasks_completed,4,project_delay (days),12,changing_relative_effort,198,sprint_velocity,51,team_velocity,46,stakeholder_satisfaction(1-5),5,milestone_completion_rate,3
363,Company_J,1987-04-28,Female,36-40,Project Manager,17,Project Management,Sinhala,Tamil,University_T,2,1,3,2,4,31.49,1,6.96,1,19,16,8,26,On-the-job learning,10,1,88,88,1,Logistics Dashboard,50,497,5,2.58,5,3,2,total_deployments,5,successful_deployments,2,deployment_time_efficiency,0.35,incident_count,0,system_downtime (hrs),9.9,automated_pipeline_stages,8,total_pipeline_stages,9
364,Company_C,1992-04-03,Male,31-35,Business Analyst,12,Business Analysis,Sinhala,Sinhala,University_P,2,5,5,1,4,21.64,1,19.93,2,24,19,2,18,On-the-job learning,3,0.93,103,111,23,Delivery Service App,49,447,11,6.82,4,0,3,tasks_completed,16,project_delay (days),26,changing_relative_effort,65,sprint_velocity,28,team_velocity,71,stakeholder_satisfaction(1-5),3,milestone_completion_rate,4
365,Company_M,1982-03-10,Male,41-45,Software Engineer,22,Development,Tamil,Tamil,University_G,3,5,2,1,2,95.23,5,1.17,4,1,0,5,35,Self-learning,2,0.58,25,43,20,Banking Mobile App,33,413,9,7.77,2,5,2,total_deployments,15,successful_deployments,10,deployment_time_efficiency,0.85,incident_count,4,system_downtime (hrs),27.3,automated_pipeline_stages,1,total_pipeline_stages,3
366,Company_M,1994-12-18,Female,26-30,Software Engineer,10,Development,English,Tamil,University_S,4,2,4,1,5,52.14,2,19.18,1,20,4,5,34,Knowledge sharing,9,0.8,52,65,15,Inventory Management System,23,125,11,1.11,2,8,5,total_test_cases_executed,76,total_pass_test_cases,51,total_bugs_detected,15,defect_reopened_count,5,total_documents_created,6,document_quality (1-5),4,test_execution_time (hrs),6
367,Company_O,1992-07-15,Male,31-35,QA Engineer,12,QA,English,Sinhala,University_J,3,1,5,4,4,48.88,1,11.97,5,1,11,1,23,Formal training,3,0.79,93,117,20,Banking Mobile App,35,285,11,9.21,0,8,1,total_deployments,7,successful_deployments,5,deployment_time_efficiency,0.76,incident_count,6,system_downtime (hrs),30.1,automated_pipeline_stages,6,total_pipeline_stages,10
368,Company_A,2003-10-31,Male,20-25,Software Engineer,1,Development,English,Muslim,University_Q,2,2,4,1,3,65.06,2,10.68,5,20,20,4,8,Formal training,1,0.96,111,116,9,Customer Portal,12,317,6,1.55,1,3,4,tasks_completed,19,project_delay (days),15,changing_relative_effort,168,sprint_velocity,16,team_velocity,54,stakeholder_satisfaction(1-5),4,milestone_completion_rate,1
369,Company_N,1999-10-05,Female,20-25,Software Engineer,5,Development,Tamil,Sinhala,University_G,5,2,1,4,2,93.55,4,17.51,4,10,14,2,12,None observed,8,1,77,77,16,HR Management System,42,188,9,6.68,2,8,3,tasks_assigned,21,tasks_completed,10,tasks_on_time,10,bug_count,9,bugs_fixed_count,4,code_quality (1-10),9,rework_count,1
370,Company_R,1995-02-22,Male,26-30,Business Analyst,9,Business Analysis,Sinhala,Sinhala,University_M,3,3,1,5,2,36.39,1,6.71,5,24,13,4,10,Online courses / certifications,2,0.94,34,36,19,E-Commerce Platform,15,149,14,1.98,1,3,2,tasks_assigned,21,tasks_completed,10,tasks_on_time,5,bug_count,16,bugs_fixed_count,15,code_quality (1-10),2,rework_count,2
371,Company_G,1979-05-28,Male,41-45,QA Engineer,25,QA,Tamil,Tamil,University_S,2,5,3,3,4,70.78,3,19.31,3,19,19,1,25,On-the-job learning,3,0.4,16,40,4,Loan Origination System,50,231,15,7.71,3,4,3,tasks_completed,19,project_delay (days),12,changing_relative_effort,156,sprint_velocity,10,team_velocity,68,stakeholder_satisfaction(1-5),5,milestone_completion_rate,1
372,Company_K,1985-11-25,Male,36-40,Software Engineer,19,Development,Sinhala,Sinhala,University_K,1,1,2,1,4,75.65,3,1.04,4,2,13,2,17,Knowledge sharing,3,0.69,44,64,14,Digital Wallet Platform,19,132,7,7.51,5,9,3,tasks_completed,2,project_delay (days),24,changing_relative_effort,149,sprint_velocity,54,team_velocity,78,stakeholder_satisfaction(1-5),4,milestone_completion_rate,2
373,Company_M,1992-02-02,Female,31-35,Software Engineer,12,Development,Tamil,Sinhala,University_I,3,3,3,1,5,97.05,5,11.22,2,20,8,2,13,Online courses / certifications,1,0.6,44,73,15,Inventory Management System,40,329,14,6.95,4,8,2,tasks_completed,1,project_delay (days),4,changing_relative_effort,67,sprint_velocity,60,team_velocity,64,stakeholder_satisfaction(1-5),4,milestone_completion_rate,2
374,Company_M,1981-01-17,Male,41-45,Project Manager,23,Project Management,English,Muslim,University_L,1,5,2,5,5,31.03,1,1.82,5,5,9,1,16,On-the-job learning,2,0.38,15,39,15,Inventory Management System,7,312,7,1.15,3,0,4,tasks_assigned,30,tasks_completed,11,tasks_on_time,8,bug_count,15,bugs_fixed_count,9,code_quality (1-10),6,rework_count,5
375,Company_G,1991-09-22,Female,31-35,Business Analyst,13,Business Analysis,English,Sinhala,University_N,3,4,5,5,1,98.73,5,23.16,2,13,19,5,37,Research & innovation,5,0.89,24,27,4,Loan Origination System,25,282,10,8.03,5,6,0,tasks_completed,13,project_delay (days),18,changing_relative_effort,125,sprint_velocity,10,team_velocity,59,stakeholder_satisfaction(1-5),4,milestone_completion_rate,1
376,Company_O,1994-07-28,Female,26-30,DevOps Engineer,10,DevOps,English,Muslim,University_A,4,2,5,2,1,28.49,1,21.37,1,10,6,8,34,None observed,7,0.41,9,22,20,Banking Mobile App,26,85,7,8.84,1,10,1,total_test_cases_executed,35,total_pass_test_cases,19,total_bugs_detected,5,defect_reopened_count,3,total_documents_created,5,document_quality (1-5),2,test_execution_time (hrs),9
377,Company_H,2000-08-09,Female,20-25,DevOps Engineer,4,DevOps,Sinhala,Sinhala,University_S,4,3,3,2,4,93.78,4,22.13,3,16,10,5,22,On-the-job learning,8,0.69,60,87,17,Learning Management System,11,300,13,6.44,5,5,3,tasks_completed,7,project_delay (days),6,changing_relative_effort,73,sprint_velocity,42,team_velocity,43,stakeholder_satisfaction(1-5),3,milestone_completion_rate,3
378,Company_E,1979-08-09,Male,41-45,Project Manager,25,Project Management,Sinhala,Muslim,University_D,1,3,4,5,2,71.51,3,17.54,2,19,14,4,2,On-the-job learning,9,0.52,17,33,22,Marketing Management System,40,54,4,5.67,1,7,0,tasks_assigned,6,tasks_completed,5,tasks_on_time,1,bug_count,9,bugs_fixed_count,5,code_quality (1-10),7,rework_count,1
379,Company_G,1997-02-12,Male,26-30,DevOps Engineer,7,DevOps,Sinhala,Sinhala,University_B,2,3,5,2,5,97.53,5,21.46,2,7,10,4,2,Self-learning,8,0.49,37,76,4,Loan Origination System,51,496,4,9.22,0,8,3,total_deployments,20,successful_deployments,16,deployment_time_efficiency,0.42,incident_count,1,system_downtime (hrs),0.7,automated_pipeline_stages,4,total_pipeline_stages,4
380,Company_I,2002-02-09,Female,20-25,Software Engineer,2,Development,Tamil,Muslim,University_Q,2,3,5,5,3,88.21,4,23.85,2,18,7,2,17,Knowledge sharing,6,0.89,47,53,12,Fleet Management System,12,462,4,3.03,0,1,5,total_deployments,13,successful_deployments,4,deployment_time_efficiency,0.92,incident_count,1,system_downtime (hrs),12,automated_pipeline_stages,5,total_pipeline_stages,6
381,Company_E,1982-09-25,Male,41-45,QA Engineer,22,QA,Tamil,Tamil,University_G,1,3,4,3,2,53.42,2,13.5,4,22,9,3,40,On-the-job learning,2,0.55,30,55,22,Marketing Management System,19,132,8,3.9,4,7,3,tasks_assigned,16,tasks_completed,7,tasks_on_time,6,bug_count,14,bugs_fixed_count,3,code_quality (1-10),5,rework_count,2
382,Company_C,1981-02-09,Male,41-45,Business Analyst,23,Business Analysis,Sinhala,Tamil,University_Q,3,5,5,3,2,26.45,1,11.78,5,19,20,3,1,On-the-job learning,6,0.48,27,56,23,Delivery Service App,18,284,15,2,4,4,1,total_deployments,12,successful_deployments,4,deployment_time_efficiency,0.62,incident_count,8,system_downtime (hrs),47.2,automated_pipeline_stages,2,total_pipeline_stages,10
383,Company_D,1989-07-08,Male,31-35,Software Engineer,15,Development,Tamil,Sinhala,University_H,1,5,3,5,1,28.54,1,14.08,3,10,20,3,18,Formal training,7,0.82,56,68,5,Hospital Information System,18,481,14,7.44,4,9,3,total_deployments,7,successful_deployments,4,deployment_time_efficiency,0.33,incident_count,6,system_downtime (hrs),14.2,automated_pipeline_stages,7,total_pipeline_stages,10
384,Company_E,1980-08-01,Female,41-45,QA Engineer,24,QA,Tamil,Sinhala,University_J,1,1,5,1,2,77.25,3,23.85,4,15,7,5,34,Online courses / certifications,10,0.67,60,89,22,Marketing Management System,18,191,4,9.03,0,9,5,total_test_cases_executed,29,total_pass_test_cases,6,total_bugs_detected,14,defect_reopened_count,2,total_documents_created,11,document_quality (1-5),2,test_execution_time (hrs),4
385,Company_G,1986-12-21,Male,36-40,DevOps Engineer,18,DevOps,English,Tamil,University_P,3,4,3,2,4,88.88,4,19.76,5,2,4,4,3,On-the-job learning,3,0.68,53,78,4,Loan Origination System,49,404,15,8.15,2,3,4,total_deployments,4,successful_deployments,0,deployment_time_efficiency,1,incident_count,9,system_downtime (hrs),46.1,automated_pipeline_stages,6,total_pipeline_stages,7
386,Company_F,2002-04-17,Male,20-25,Business Analyst,2,Business Analysis,English,Muslim,University_N,5,5,5,1,1,65.81,2,23.68,5,17,9,5,18,Formal training,3,0.48,48,101,7,Payroll Automation,41,272,12,3.39,5,7,4,total_deployments,20,successful_deployments,18,deployment_time_efficiency,0.56,incident_count,8,system_downtime (hrs),41.8,automated_pipeline_stages,7,total_pipeline_stages,7
387,Company_N,1982-01-09,Male,41-45,Business Analyst,22,Business Analysis,Tamil,Sinhala,University_A,2,2,3,1,5,30.08,1,18.04,5,10,3,1,13,Knowledge sharing,6,0.83,49,59,16,HR Management System,5,372,7,1.89,3,0,5,tasks_completed,15,project_delay (days),27,changing_relative_effort,114,sprint_velocity,32,team_velocity,72,stakeholder_satisfaction(1-5),4,milestone_completion_rate,2
388,Company_A,1982-05-29,Female,41-45,Business Analyst,22,Business Analysis,English,Tamil,University_R,1,4,1,2,5,76.85,3,16.27,1,12,6,3,28,None observed,10,0.68,49,72,9,Customer Portal,50,96,12,4.65,4,7,5,total_deployments,6,successful_deployments,6,deployment_time_efficiency,0.57,incident_count,4,system_downtime (hrs),41.1,automated_pipeline_stages,8,total_pipeline_stages,9
389,Company_O,1982-03-17,Male,41-45,DevOps Engineer,22,DevOps,English,Sinhala,University_I,3,5,2,3,3,78.27,3,20.9,1,22,6,4,27,Self-learning,9,0.54,56,104,20,Banking Mobile App,38,231,8,2.2,3,1,5,tasks_assigned,30,tasks_completed,10,tasks_on_time,9,bug_count,18,bugs_fixed_count,2,code_quality (1-10),4,rework_count,1
390,Company_S,1990-03-29,Male,31-35,Business Analyst,14,Business Analysis,Sinhala,Sinhala,University_M,5,4,2,5,5,26.75,1,1.15,1,5,17,1,20,Self-learning,7,0.96,79,82,13,CRM Platform,41,254,12,6.18,3,4,5,total_deployments,12,successful_deployments,12,deployment_time_efficiency,0.86,incident_count,6,system_downtime (hrs),17.8,automated_pipeline_stages,4,total_pipeline_stages,6
391,Company_I,1989-06-02,Male,31-35,Business Analyst,15,Business Analysis,English,Sinhala,University_U,3,2,2,3,4,86.22,4,3.37,4,21,19,2,38,Self-learning,7,0.75,69,92,10,Government Tax Portal,33,366,9,5.47,3,1,1,tasks_assigned,5,tasks_completed,5,tasks_on_time,3,bug_count,17,bugs_fixed_count,1,code_quality (1-10),9,rework_count,3
392,Company_N,1980-02-09,Male,41-45,Business Analyst,24,Business Analysis,Tamil,Tamil,University_S,4,3,4,2,5,86.19,4,5.82,5,9,18,1,4,On-the-job learning,1,0.68,42,62,16,HR Management System,47,350,7,8.76,4,0,5,total_test_cases_executed,55,total_pass_test_cases,37,total_bugs_detected,3,defect_reopened_count,0,total_documents_created,10,document_quality (1-5),1,test_execution_time (hrs),5
393,Company_R,1987-12-16,Female,36-40,Software Engineer,17,Development,Sinhala,Sinhala,University_I,5,5,1,4,3,97.86,5,14.1,1,5,3,1,17,Research & innovation,5,0.46,11,24,19,E-Commerce Platform,15,412,8,8.91,3,1,1,tasks_completed,9,project_delay (days),12,changing_relative_effort,101,sprint_velocity,24,team_velocity,42,stakeholder_satisfaction(1-5),5,milestone_completion_rate,4
394,Company_J,1986-09-24,Female,36-40,Software Engineer,18,Development,Tamil,Muslim,University_S,1,3,5,2,4,98.54,5,10.5,1,8,3,4,19,Knowledge sharing,2,0.71,37,52,8,Microfinance Management System,15,324,5,9.78,0,10,1,total_deployments,20,successful_deployments,11,deployment_time_efficiency,0.7,incident_count,7,system_downtime (hrs),33.9,automated_pipeline_stages,3,total_pipeline_stages,5
395,Company_O,2001-11-26,Female,20-25,Software Engineer,3,Development,Tamil,Muslim,University_D,2,4,5,4,4,92.36,4,8.41,5,8,8,3,34,On-the-job learning,2,0.87,72,83,20,Banking Mobile App,32,109,12,5.99,2,3,2,tasks_completed,5,project_delay (days),7,changing_relative_effort,175,sprint_velocity,22,team_velocity,70,stakeholder_satisfaction(1-5),3,milestone_completion_rate,2
396,Company_B,1979-03-17,Female,41-45,Business Analyst,25,Business Analysis,Sinhala,Tamil,University_L,3,4,2,3,1,66.7,2,21.24,4,19,0,2,34,Self-learning,4,0.61,57,94,6,Supply Chain Tracker,31,243,3,5.41,3,1,2,total_test_cases_executed,81,total_pass_test_cases,61,total_bugs_detected,19,defect_reopened_count,12,total_documents_created,5,document_quality (1-5),3,test_execution_time (hrs),8
397,Company_E,1997-06-23,Male,26-30,DevOps Engineer,7,DevOps,English,Sinhala,University_I,1,5,2,3,5,62.15,2,3.24,3,14,4,1,11,On-the-job learning,2,0.4,8,20,22,Marketing Management System,15,310,7,7.13,0,3,0,total_deployments,15,successful_deployments,5,deployment_time_efficiency,0.92,incident_count,5,system_downtime (hrs),3.5,automated_pipeline_stages,4,total_pipeline_stages,7
398,Company_E,1991-09-14,Male,31-35,QA Engineer,13,QA,Tamil,Sinhala,University_J,2,5,2,4,1,35.15,1,9.88,4,25,6,5,0,Knowledge sharing,7,0.54,44,81,22,Marketing Management System,31,398,11,7.39,5,4,1,total_deployments,9,successful_deployments,6,deployment_time_efficiency,0.78,incident_count,6,system_downtime (hrs),39.5,automated_pipeline_stages,7,total_pipeline_stages,9
399,Company_Q,1979-11-08,Female,41-45,Software Engineer,25,Development,Tamil,Tamil,University_M,4,3,1,1,3,44.62,1,2.53,5,18,14,2,3,Online courses / certifications,9,0.41,30,73,18,Smart Grid Monitor,22,488,11,3.35,0,6,1,tasks_completed,3,project_delay (days),17,changing_relative_effort,177,sprint_velocity,22,team_velocity,28,stakeholder_satisfaction(1-5),3,milestone_completion_rate,1
400,Company_O,2001-07-11,Female,20-25,Business Analyst,3,Business Analysis,English,Muslim,University_Q,2,5,5,3,5,60.41,2,2.5,3,21,20,5,12,Knowledge sharing,7,0.96,68,71,20,Banking Mobile App,15,229,9,2.81,5,0,3,total_test_cases_executed,58,total_pass_test_cases,9,total_bugs_detected,30,defect_reopened_count,9,total_documents_created,9,document_quality (1-5),1,test_execution_time (hrs),3
401,Company_C,1979-08-27,Male,41-45,DevOps Engineer,25,DevOps,Sinhala,Sinhala,University_E,4,1,1,1,5,53.73,2,1.65,5,21,7,2,35,None observed,1,0.7,67,96,23,Delivery Service App,10,400,5,1.05,0,9,0,tasks_completed,13,project_delay (days),24,changing_relative_effort,195,sprint_velocity,17,team_velocity,74,stakeholder_satisfaction(1-5),2,milestone_completion_rate,4
402,Company_N,1987-07-30,Male,36-40,Business Analyst,17,Business Analysis,English,Tamil,University_J,2,2,1,4,2,82.05,3,2.59,5,3,14,2,33,Knowledge sharing,2,0.68,21,31,16,HR Management System,44,424,4,9.67,3,4,1,total_deployments,12,successful_deployments,11,deployment_time_efficiency,0.31,incident_count,4,system_downtime (hrs),6.9,automated_pipeline_stages,8,total_pipeline_stages,9
403,Company_K,1982-02-15,Male,41-45,Business Analyst,22,Business Analysis,English,Tamil,University_S,3,4,3,4,4,82.19,3,8.17,5,1,7,5,29,Research & innovation,1,0.58,61,105,14,Digital Wallet Platform,40,149,15,7.56,4,5,3,total_deployments,18,successful_deployments,13,deployment_time_efficiency,0.56,incident_count,4,system_downtime (hrs),10.2,automated_pipeline_stages,3,total_pipeline_stages,10
404,Company_A,1997-02-01,Male,26-30,Business Analyst,7,Business Analysis,Sinhala,Sinhala,University_D,3,2,2,4,5,51.15,2,5.39,2,3,15,1,23,Self-learning,9,0.67,30,45,9,Customer Portal,13,378,8,6.18,1,2,3,tasks_completed,11,project_delay (days),14,changing_relative_effort,112,sprint_velocity,57,team_velocity,28,stakeholder_satisfaction(1-5),4,milestone_completion_rate,3
405,Company_O,1999-09-04,Female,20-25,QA Engineer,5,QA,Sinhala,Muslim,University_Q,3,3,1,5,4,51.17,2,13.36,5,16,15,2,25,Self-learning,2,0.61,22,36,20,Banking Mobile App,32,293,7,7.33,2,4,0,total_deployments,18,successful_deployments,5,deployment_time_efficiency,0.93,incident_count,2,system_downtime (hrs),7.8,automated_pipeline_stages,2,total_pipeline_stages,10
406,Company_E,1985-07-15,Female,36-40,Project Manager,19,Project Management,Tamil,Sinhala,University_N,4,2,1,2,1,45.46,1,17.4,5,15,9,3,10,Research & innovation,2,0.47,27,57,22,Marketing Management System,32,349,11,2.64,0,7,5,total_test_cases_executed,82,total_pass_test_cases,44,total_bugs_detected,28,defect_reopened_count,10,total_documents_created,2,document_quality (1-5),4,test_execution_time (hrs),2
407,Company_A,1990-12-06,Male,31-35,Software Engineer,14,Development,Sinhala,Sinhala,University_S,1,5,5,2,4,86.02,4,2.47,5,2,16,4,24,Self-learning,8,0.78,45,58,9,Customer Portal,24,135,2,6.84,5,4,2,tasks_completed,15,project_delay (days),13,changing_relative_effort,136,sprint_velocity,12,team_velocity,37,stakeholder_satisfaction(1-5),4,milestone_completion_rate,4
408,Company_E,1996-08-07,Male,26-30,Software Engineer,8,Development,Tamil,Tamil,University_C,5,3,4,3,4,96.6,5,10.5,3,16,5,3,25,On-the-job learning,7,0.57,56,99,22,Marketing Management System,26,418,6,5.97,3,4,2,total_deployments,3,successful_deployments,3,deployment_time_efficiency,0.94,incident_count,1,system_downtime (hrs),38.7,automated_pipeline_stages,6,total_pipeline_stages,10
409,Company_I,1991-04-08,Female,31-35,Business Analyst,13,Business Analysis,Tamil,Tamil,University_G,1,4,2,3,2,87.61,4,11.6,3,19,11,4,10,Online courses / certifications,1,0.69,24,35,10,Government Tax Portal,43,112,2,7.34,1,1,1,total_deployments,3,successful_deployments,0,deployment_time_efficiency,0.3,incident_count,10,system_downtime (hrs),11.2,automated_pipeline_stages,1,total_pipeline_stages,2
410,Company_Q,1979-09-23,Female,41-45,DevOps Engineer,25,DevOps,English,Tamil,University_R,4,2,1,1,5,97.12,5,14.51,1,24,20,5,40,None observed,4,0.48,49,103,18,Smart Grid Monitor,16,145,15,3.89,1,2,3,tasks_assigned,25,tasks_completed,19,tasks_on_time,9,bug_count,19,bugs_fixed_count,13,code_quality (1-10),6,rework_count,2
411,Company_I,1987-10-09,Female,36-40,Project Manager,17,Project Management,English,Sinhala,University_L,5,3,3,3,4,96.67,5,20.93,2,22,13,5,23,Online courses / certifications,4,0.98,110,112,10,Government Tax Portal,48,398,11,7.1,0,9,2,tasks_assigned,28,tasks_completed,27,tasks_on_time,10,bug_count,14,bugs_fixed_count,5,code_quality (1-10),8,rework_count,3
412,Company_N,2000-09-27,Male,20-25,QA Engineer,4,QA,Sinhala,Sinhala,University_O,3,1,5,3,1,98.56,5,11.05,5,16,4,3,9,Knowledge sharing,9,0.82,97,118,16,HR Management System,44,126,8,4.29,3,10,1,tasks_completed,5,project_delay (days),18,changing_relative_effort,97,sprint_velocity,23,team_velocity,26,stakeholder_satisfaction(1-5),1,milestone_completion_rate,3
413,Company_L,1990-10-19,Female,31-35,DevOps Engineer,14,DevOps,English,Muslim,University_I,1,4,3,4,3,96.56,5,4.87,1,8,0,4,10,Knowledge sharing,7,0.38,9,24,21,Medi Care App,42,198,4,3.12,3,3,3,total_test_cases_executed,72,total_pass_test_cases,1,total_bugs_detected,30,defect_reopened_count,9,total_documents_created,11,document_quality (1-5),2,test_execution_time (hrs),7
414,Company_S,2003-11-26,Male,20-25,DevOps Engineer,1,DevOps,Tamil,Muslim,University_D,5,1,5,2,1,32.81,1,8.87,4,2,12,3,9,On-the-job learning,2,0.9,38,42,13,CRM Platform,25,345,14,3.98,1,2,2,tasks_completed,19,project_delay (days),29,changing_relative_effort,108,sprint_velocity,55,team_velocity,57,stakeholder_satisfaction(1-5),3,milestone_completion_rate,4
415,Company_O,2002-05-01,Female,20-25,DevOps Engineer,2,DevOps,Sinhala,Muslim,University_L,5,1,3,5,1,42.18,1,21.75,2,16,6,4,24,Formal training,9,1,26,26,20,Banking Mobile App,24,232,15,6.59,4,2,2,tasks_completed,11,project_delay (days),15,changing_relative_effort,130,sprint_velocity,48,team_velocity,76,stakeholder_satisfaction(1-5),3,milestone_completion_rate,4
416,Company_M,1982-02-20,Female,41-45,Business Analyst,22,Business Analysis,English,Sinhala,University_D,5,4,2,3,3,95.14,5,10.91,1,8,7,3,19,Formal training,5,0.9,66,73,15,Inventory Management System,32,370,8,6,4,7,2,total_test_cases_executed,23,total_pass_test_cases,8,total_bugs_detected,14,defect_reopened_count,4,total_documents_created,4,document_quality (1-5),4,test_execution_time (hrs),5
417,Company_E,1992-04-12,Male,31-35,Software Engineer,12,Development,Sinhala,Tamil,University_D,1,4,5,1,2,93.41,4,15.58,2,2,6,4,5,Self-learning,9,0.58,42,73,22,Marketing Management System,6,311,2,7.5,5,2,3,total_deployments,3,successful_deployments,0,deployment_time_efficiency,0.4,incident_count,1,system_downtime (hrs),25.1,automated_pipeline_stages,4,total_pipeline_stages,4
418,Company_G,2003-12-14,Male,20-25,DevOps Engineer,1,DevOps,Sinhala,Muslim,University_P,5,3,2,1,5,95.4,5,12.59,2,17,1,5,9,On-the-job learning,7,0.94,96,102,2,ERP Integration Module,34,71,2,2.97,1,2,1,tasks_assigned,21,tasks_completed,11,tasks_on_time,5,bug_count,12,bugs_fixed_count,12,code_quality (1-10),7,rework_count,3
419,Company_H,1986-06-05,Female,36-40,Project Manager,18,Project Management,Sinhala,Muslim,University_U,5,4,1,4,1,35.51,1,8.62,5,22,0,5,5,Knowledge sharing,6,0.78,81,104,17,Learning Management System,22,186,10,4.37,3,2,1,tasks_assigned,29,tasks_completed,20,tasks_on_time,8,bug_count,10,bugs_fixed_count,3,code_quality (1-10),4,rework_count,2
420,Company_O,1984-11-28,Female,36-40,Software Engineer,20,Development,Tamil,Muslim,University_P,2,4,3,5,4,62.96,2,18.91,4,23,19,1,26,Self-learning,4,1,26,26,20,Banking Mobile App,45,370,5,6.1,2,3,4,total_test_cases_executed,13,total_pass_test_cases,4,total_bugs_detected,0,defect_reopened_count,0,total_documents_created,14,document_quality (1-5),2,test_execution_time (hrs),4
421,Company_J,1981-05-16,Female,41-45,QA Engineer,23,QA,Sinhala,Tamil,University_A,4,1,5,5,4,79.2,3,21.03,5,8,1,3,31,Knowledge sharing,2,0.92,81,88,1,Logistics Dashboard,50,340,4,1.88,2,3,5,tasks_assigned,11,tasks_completed,7,tasks_on_time,5,bug_count,2,bugs_fixed_count,1,code_quality (1-10),5,rework_count,0
422,Company_A,2002-05-22,Male,20-25,Software Engineer,2,Development,English,Tamil,University_P,1,3,1,2,5,86.36,4,15.4,5,15,4,3,32,Research & innovation,7,0.53,19,36,9,Customer Portal,21,188,2,7.33,3,1,5,tasks_completed,5,project_delay (days),6,changing_relative_effort,66,sprint_velocity,35,team_velocity,63,stakeholder_satisfaction(1-5),2,milestone_completion_rate,1
423,Company_G,1982-05-03,Female,41-45,Software Engineer,22,Development,Sinhala,Muslim,University_F,3,1,3,3,5,63.98,2,9.83,1,6,1,5,23,None observed,1,0.88,28,32,2,ERP Integration Module,48,300,14,3.08,5,0,2,tasks_assigned,16,tasks_completed,3,tasks_on_time,2,bug_count,14,bugs_fixed_count,13,code_quality (1-10),5,rework_count,1
424,Company_D,2001-04-03,Male,20-25,Project Manager,3,Project Management,Tamil,Muslim,University_U,2,3,5,2,5,97.51,5,23.88,3,2,0,3,16,Knowledge sharing,2,0.98,54,55,5,Hospital Information System,45,288,9,7.78,5,2,0,tasks_completed,11,project_delay (days),16,changing_relative_effort,87,sprint_velocity,48,team_velocity,41,stakeholder_satisfaction(1-5),3,milestone_completion_rate,4
425,Company_D,1995-08-16,Male,26-30,DevOps Engineer,9,DevOps,English,Muslim,University_D,5,2,3,3,1,65.1,2,19.19,2,21,17,3,27,Self-learning,4,0.94,34,36,5,Hospital Information System,39,252,10,6.91,3,3,4,total_deployments,12,successful_deployments,11,deployment_time_efficiency,0.59,incident_count,1,system_downtime (hrs),10.8,automated_pipeline_stages,8,total_pipeline_stages,8
426,Company_D,1992-08-13,Male,31-35,Business Analyst,12,Business Analysis,Tamil,Muslim,University_B,3,3,1,2,3,67.02,2,13.82,3,9,6,5,37,Formal training,9,0.94,46,49,5,Hospital Information System,17,145,15,7.98,0,1,2,total_test_cases_executed,67,total_pass_test_cases,15,total_bugs_detected,13,defect_reopened_count,5,total_documents_created,11,document_quality (1-5),3,test_execution_time (hrs),7
427,Company_L,1997-10-17,Male,26-30,Software Engineer,7,Development,English,Sinhala,University_D,2,1,5,1,5,98.85,5,7.54,4,4,12,4,22,None observed,2,0.43,13,30,21,Medi Care App,28,69,9,7.83,0,7,2,total_deployments,18,successful_deployments,2,deployment_time_efficiency,0.36,incident_count,10,system_downtime (hrs),44.3,automated_pipeline_stages,8,total_pipeline_stages,9
428,Company_Q,2002-01-12,Female,20-25,Software Engineer,2,Development,Tamil,Muslim,University_L,3,5,5,5,2,32.5,1,9.61,4,25,16,5,5,On-the-job learning,8,0.95,90,95,18,Smart Grid Monitor,20,349,3,7.28,3,2,3,tasks_completed,10,project_delay (days),27,changing_relative_effort,91,sprint_velocity,12,team_velocity,38,stakeholder_satisfaction(1-5),3,milestone_completion_rate,3
429,Company_S,1992-02-08,Male,31-35,Software Engineer,12,Development,Tamil,Sinhala,University_E,5,4,3,3,5,97.47,5,8.72,1,4,10,4,23,None observed,7,0.43,20,46,13,CRM Platform,40,62,9,5.47,5,6,0,tasks_completed,17,project_delay (days),28,changing_relative_effort,144,sprint_velocity,50,team_velocity,54,stakeholder_satisfaction(1-5),1,milestone_completion_rate,3
430,Company_O,2000-08-12,Male,20-25,DevOps Engineer,4,DevOps,English,Muslim,University_R,3,2,3,2,3,96.05,5,4.53,1,13,2,3,0,Online courses / certifications,10,0.74,26,35,20,Banking Mobile App,41,261,3,6.04,1,3,1,total_test_cases_executed,48,total_pass_test_cases,8,total_bugs_detected,23,defect_reopened_count,22,total_documents_created,7,document_quality (1-5),1,test_execution_time (hrs),2
431,Company_T,1989-03-11,Female,31-35,Software Engineer,15,Development,Tamil,Tamil,University_B,2,3,4,4,5,96.16,5,11.35,5,10,9,3,5,Knowledge sharing,3,0.45,10,22,3,Insurance Claims Platform,36,124,15,7.84,3,8,0,total_test_cases_executed,82,total_pass_test_cases,21,total_bugs_detected,7,defect_reopened_count,6,total_documents_created,14,document_quality (1-5),4,test_execution_time (hrs),9
432,Company_A,1986-04-01,Female,36-40,Software Engineer,18,Development,Sinhala,Muslim,University_L,4,4,2,1,4,67.93,2,6.79,2,12,13,4,1,On-the-job learning,3,0.63,32,51,9,Customer Portal,8,337,3,7.34,1,10,0,tasks_completed,12,project_delay (days),8,changing_relative_effort,150,sprint_velocity,27,team_velocity,49,stakeholder_satisfaction(1-5),4,milestone_completion_rate,5
433,Company_L,1981-02-25,Male,41-45,Project Manager,23,Project Management,English,Muslim,University_E,4,2,4,2,5,76.38,3,14.77,5,7,4,5,33,None observed,8,0.59,56,95,21,Medi Care App,18,210,7,9.16,4,3,2,tasks_assigned,14,tasks_completed,4,tasks_on_time,2,bug_count,16,bugs_fixed_count,13,code_quality (1-10),4,rework_count,4
434,Company_T,1979-04-23,Female,41-45,DevOps Engineer,25,DevOps,Tamil,Sinhala,University_M,3,4,3,3,4,60.45,2,6.59,3,13,4,1,2,None observed,6,0.81,71,88,3,Insurance Claims Platform,27,175,8,5.36,2,9,3,total_test_cases_executed,78,total_pass_test_cases,43,total_bugs_detected,4,defect_reopened_count,2,total_documents_created,10,document_quality (1-5),1,test_execution_time (hrs),2
435,Company_L,2002-03-08,Female,20-25,Project Manager,2,Project Management,Sinhala,Muslim,University_C,5,1,4,5,4,67.65,2,8.37,3,17,18,2,38,Research & innovation,10,1,65,65,21,Medi Care App,15,112,7,7.84,0,0,0,tasks_completed,9,project_delay (days),3,changing_relative_effort,190,sprint_velocity,44,team_velocity,37,stakeholder_satisfaction(1-5),2,milestone_completion_rate,1
436,Company_D,1982-11-02,Female,41-45,Project Manager,22,Project Management,Sinhala,Muslim,University_P,4,4,4,4,3,62.99,2,19.27,4,21,8,4,27,None observed,8,0.52,50,96,5,Hospital Information System,28,154,10,6.55,1,1,4,total_deployments,20,successful_deployments,8,deployment_time_efficiency,0.87,incident_count,1,system_downtime (hrs),4.6,automated_pipeline_stages,7,total_pipeline_stages,8
437,Company_N,2001-11-26,Female,20-25,Business Analyst,3,Business Analysis,Tamil,Sinhala,University_F,4,4,1,1,5,97.51,5,16.91,1,16,2,1,18,On-the-job learning,7,0.6,28,47,16,HR Management System,17,394,9,4.93,4,5,2,tasks_completed,1,project_delay (days),15,changing_relative_effort,179,sprint_velocity,49,team_velocity,44,stakeholder_satisfaction(1-5),4,milestone_completion_rate,3
438,Company_I,1991-07-04,Male,31-35,Project Manager,13,Project Management,Sinhala,Sinhala,University_A,5,5,2,1,3,97.76,5,15.48,4,7,6,3,8,Research & innovation,4,0.83,95,114,10,Government Tax Portal,28,342,7,4.24,0,7,3,tasks_completed,15,project_delay (days),29,changing_relative_effort,158,sprint_velocity,15,team_velocity,47,stakeholder_satisfaction(1-5),2,milestone_completion_rate,2
439,Company_A,1979-08-11,Male,41-45,Project Manager,25,Project Management,Tamil,Sinhala,University_K,1,2,1,3,3,51.42,2,6.1,1,8,18,2,19,Knowledge sharing,3,0.42,46,109,9,Customer Portal,13,489,8,3.51,1,3,3,tasks_assigned,14,tasks_completed,3,tasks_on_time,0,bug_count,7,bugs_fixed_count,1,code_quality (1-10),7,rework_count,4
440,Company_G,1996-09-30,Male,26-30,Business Analyst,8,Business Analysis,Tamil,Sinhala,University_N,3,3,4,2,1,89.25,4,23.46,5,14,7,1,11,Research & innovation,9,0.46,19,41,2,ERP Integration Module,38,145,5,8.08,2,2,2,tasks_assigned,21,tasks_completed,1,tasks_on_time,0,bug_count,12,bugs_fixed_count,2,code_quality (1-10),2,rework_count,3
441,Company_Q,1979-12-16,Male,41-45,Business Analyst,25,Business Analysis,Sinhala,Sinhala,University_L,1,5,3,4,1,48.73,1,2.59,1,22,2,1,34,Knowledge sharing,7,0.97,36,37,18,Smart Grid Monitor,39,327,13,4.64,4,7,5,tasks_assigned,21,tasks_completed,12,tasks_on_time,12,bug_count,19,bugs_fixed_count,18,code_quality (1-10),8,rework_count,5
442,Company_E,2003-03-04,Male,20-25,Project Manager,1,Project Management,English,Muslim,University_G,5,3,3,4,2,45.04,1,13.94,3,10,4,4,20,Formal training,9,0.69,18,26,22,Marketing Management System,17,272,14,6.75,1,7,4,tasks_completed,5,project_delay (days),20,changing_relative_effort,127,sprint_velocity,35,team_velocity,35,stakeholder_satisfaction(1-5),2,milestone_completion_rate,5
443,Company_N,1984-02-20,Male,36-40,Software Engineer,20,Development,English,Muslim,University_R,2,2,3,4,4,63.98,2,13.07,4,7,10,5,20,Research & innovation,6,0.82,81,99,16,HR Management System,34,70,15,8.62,0,5,2,total_deployments,7,successful_deployments,4,deployment_time_efficiency,0.95,incident_count,2,system_downtime (hrs),0.5,automated_pipeline_stages,2,total_pipeline_stages,4
444,Company_N,1979-04-01,Male,41-45,Business Analyst,25,Business Analysis,Tamil,Tamil,University_Q,3,5,5,5,1,96.77,5,7.98,2,19,4,1,30,Knowledge sharing,9,0.86,49,57,16,HR Management System,46,415,9,7.58,5,4,1,tasks_assigned,9,tasks_completed,4,tasks_on_time,0,bug_count,19,bugs_fixed_count,12,code_quality (1-10),4,rework_count,1
445,Company_A,1997-12-01,Male,26-30,Business Analyst,7,Business Analysis,Sinhala,Muslim,University_L,3,3,5,5,3,29.66,1,9.78,3,1,16,4,38,None observed,9,0.5,43,86,9,Customer Portal,11,90,12,5.14,2,9,5,tasks_assigned,16,tasks_completed,16,tasks_on_time,8,bug_count,18,bugs_fixed_count,17,code_quality (1-10),6,rework_count,5
446,Company_L,1991-05-28,Male,31-35,DevOps Engineer,13,DevOps,Sinhala,Sinhala,University_A,4,5,2,1,3,79.29,3,7.24,4,15,0,5,24,Self-learning,5,0.43,18,42,21,Medi Care App,13,334,5,8.6,1,3,3,total_deployments,5,successful_deployments,0,deployment_time_efficiency,0.79,incident_count,8,system_downtime (hrs),17.4,automated_pipeline_stages,7,total_pipeline_stages,10
447,Company_K,1990-10-13,Male,31-35,Software Engineer,14,Development,English,Sinhala,University_I,2,3,2,4,5,67.69,2,12.64,1,11,19,3,7,Self-learning,9,0.69,31,45,14,Digital Wallet Platform,17,257,8,8.65,2,3,4,tasks_assigned,30,tasks_completed,6,tasks_on_time,2,bug_count,5,bugs_fixed_count,4,code_quality (1-10),4,rework_count,3
448,Company_F,1985-09-04,Male,36-40,Business Analyst,19,Business Analysis,English,Muslim,University_D,1,3,1,4,3,26.58,1,22.94,3,22,11,5,16,Self-learning,6,0.97,38,39,7,Payroll Automation,10,69,11,1.74,0,9,0,total_deployments,7,successful_deployments,2,deployment_time_efficiency,0.93,incident_count,7,system_downtime (hrs),5.2,automated_pipeline_stages,5,total_pipeline_stages,9
449,Company_A,1995-02-23,Female,26-30,DevOps Engineer,9,DevOps,English,Muslim,University_T,2,1,1,2,3,85.97,4,7.24,2,22,12,2,8,Research & innovation,5,0.98,82,84,9,Customer Portal,30,463,5,8.15,2,10,2,total_deployments,7,successful_deployments,3,deployment_time_efficiency,0.62,incident_count,2,system_downtime (hrs),1.8,automated_pipeline_stages,1,total_pipeline_stages,10
450,Company_O,1996-09-28,Male,26-30,QA Engineer,8,QA,English,Muslim,University_D,1,4,2,2,3,33,1,18.03,3,12,16,4,16,On-the-job learning,3,0.78,18,23,20,Banking Mobile App,7,66,15,8.68,2,6,1,total_deployments,16,successful_deployments,14,deployment_time_efficiency,0.76,incident_count,6,system_downtime (hrs),37.6,automated_pipeline_stages,6,total_pipeline_stages,9
451,Company_M,1987-01-19,Female,36-40,Project Manager,17,Project Management,English,Muslim,University_B,5,4,5,1,5,74.24,3,12.7,3,16,6,3,24,Research & innovation,7,0.64,18,28,15,Inventory Management System,30,69,14,1.08,2,5,4,total_deployments,12,successful_deployments,5,deployment_time_efficiency,0.3,incident_count,7,system_downtime (hrs),37,automated_pipeline_stages,4,total_pipeline_stages,5
452,Company_D,1995-01-30,Male,26-30,Business Analyst,9,Business Analysis,Sinhala,Tamil,University_G,1,5,4,2,3,21.11,1,8.18,4,6,12,1,34,Knowledge sharing,6,0.56,32,57,5,Hospital Information System,34,474,8,9.36,4,9,1,total_deployments,11,successful_deployments,9,deployment_time_efficiency,0.46,incident_count,4,system_downtime (hrs),14.4,automated_pipeline_stages,1,total_pipeline_stages,4
453,Company_J,2001-09-26,Female,20-25,QA Engineer,3,QA,Sinhala,Sinhala,University_S,4,2,1,3,3,99.33,5,7.14,4,1,11,1,33,Research & innovation,5,0.92,66,72,1,Logistics Dashboard,46,332,6,8.02,1,6,4,tasks_completed,11,project_delay (days),5,changing_relative_effort,189,sprint_velocity,51,team_velocity,32,stakeholder_satisfaction(1-5),1,milestone_completion_rate,3
454,Company_B,1997-09-18,Male,26-30,QA Engineer,7,QA,English,Muslim,University_N,5,1,5,3,5,71.14,3,20.77,5,12,9,2,27,Self-learning,6,0.53,19,36,6,Supply Chain Tracker,52,188,4,2.02,3,5,0,total_deployments,17,successful_deployments,17,deployment_time_efficiency,0.63,incident_count,1,system_downtime (hrs),23.1,automated_pipeline_stages,5,total_pipeline_stages,5
455,Company_J,1986-11-02,Female,36-40,DevOps Engineer,18,DevOps,English,Sinhala,University_K,5,3,3,5,1,62.47,2,9.74,1,9,1,1,19,Knowledge sharing,5,0.98,47,48,1,Logistics Dashboard,43,376,9,7.96,5,1,5,total_deployments,8,successful_deployments,7,deployment_time_efficiency,0.69,incident_count,7,system_downtime (hrs),18.6,automated_pipeline_stages,6,total_pipeline_stages,7
456,Company_I,2002-08-29,Male,20-25,Business Analyst,2,Business Analysis,English,Sinhala,University_Q,3,5,1,5,1,51.26,2,5.68,3,7,7,2,0,Online courses / certifications,8,0.43,18,42,12,Fleet Management System,50,439,7,2.08,0,10,2,tasks_assigned,12,tasks_completed,5,tasks_on_time,4,bug_count,13,bugs_fixed_count,4,code_quality (1-10),1,rework_count,0
457,Company_B,2000-05-20,Female,20-25,Software Engineer,4,Development,Sinhala,Muslim,University_U,1,1,4,5,2,87.57,4,22.57,5,1,2,4,29,Formal training,4,1,104,104,6,Supply Chain Tracker,12,318,11,6.4,0,5,0,total_deployments,4,successful_deployments,2,deployment_time_efficiency,0.84,incident_count,5,system_downtime (hrs),42.6,automated_pipeline_stages,3,total_pipeline_stages,6
458,Company_B,1991-07-26,Female,31-35,Business Analyst,13,Business Analysis,Sinhala,Tamil,University_N,4,1,3,5,4,67.62,2,3.25,5,20,3,4,5,Knowledge sharing,5,0.89,41,46,6,Supply Chain Tracker,41,52,3,9.02,0,7,2,tasks_assigned,17,tasks_completed,4,tasks_on_time,2,bug_count,5,bugs_fixed_count,4,code_quality (1-10),10,rework_count,1
459,Company_C,1987-02-09,Female,36-40,Software Engineer,17,Development,Tamil,Muslim,University_P,3,1,5,3,3,99.27,5,23.21,3,4,17,3,19,Self-learning,9,0.83,25,30,23,Delivery Service App,43,391,8,2.73,4,4,2,tasks_assigned,9,tasks_completed,7,tasks_on_time,6,bug_count,18,bugs_fixed_count,9,code_quality (1-10),3,rework_count,4
460,Company_S,1979-11-07,Female,41-45,QA Engineer,25,QA,Sinhala,Tamil,University_Q,2,1,3,4,2,83.72,3,19.4,4,18,16,2,40,Research & innovation,9,0.99,89,90,13,CRM Platform,12,161,6,9.63,4,0,5,tasks_assigned,11,tasks_completed,2,tasks_on_time,2,bug_count,0,bugs_fixed_count,0,code_quality (1-10),2,rework_count,1
461,Company_O,1987-07-02,Female,36-40,Business Analyst,17,Business Analysis,Sinhala,Sinhala,University_N,4,5,1,2,4,40.39,1,1.69,3,1,8,4,33,Research & innovation,5,0.94,49,52,20,Banking Mobile App,4,271,9,2.43,0,7,4,total_deployments,10,successful_deployments,3,deployment_time_efficiency,0.59,incident_count,4,system_downtime (hrs),6.8,automated_pipeline_stages,5,total_pipeline_stages,6
462,Company_S,1980-08-04,Male,41-45,Business Analyst,24,Business Analysis,Tamil,Sinhala,University_E,3,5,3,5,1,64.74,2,5.8,2,15,18,1,2,On-the-job learning,2,0.4,19,47,13,CRM Platform,36,378,4,1.99,5,5,4,tasks_completed,9,project_delay (days),22,changing_relative_effort,75,sprint_velocity,27,team_velocity,75,stakeholder_satisfaction(1-5),4,milestone_completion_rate,4
463,Company_M,1992-12-31,Male,31-35,Business Analyst,12,Business Analysis,Tamil,Sinhala,University_E,3,3,3,5,5,93.12,4,20.09,5,21,16,1,29,Formal training,2,0.76,42,55,15,Inventory Management System,15,105,13,3.76,3,4,5,tasks_assigned,30,tasks_completed,9,tasks_on_time,9,bug_count,6,bugs_fixed_count,5,code_quality (1-10),5,rework_count,4
464,Company_D,1984-11-08,Female,36-40,DevOps Engineer,20,DevOps,Sinhala,Muslim,University_E,5,5,3,2,2,60.15,2,19.41,3,4,13,5,9,None observed,6,0.9,18,20,5,Hospital Information System,17,289,8,5.81,5,1,0,tasks_completed,18,project_delay (days),14,changing_relative_effort,84,sprint_velocity,24,team_velocity,67,stakeholder_satisfaction(1-5),2,milestone_completion_rate,2
465,Company_I,1987-11-13,Male,36-40,Software Engineer,17,Development,English,Tamil,University_G,4,1,2,1,4,90.35,4,16.2,3,6,18,3,25,None observed,3,0.49,56,115,10,Government Tax Portal,35,468,5,8.16,2,1,0,total_deployments,17,successful_deployments,7,deployment_time_efficiency,0.95,incident_count,4,system_downtime (hrs),0,automated_pipeline_stages,6,total_pipeline_stages,8
466,Company_O,1986-11-23,Female,36-40,Business Analyst,18,Business Analysis,Tamil,Sinhala,University_S,1,4,5,1,1,97.46,5,3.15,1,21,11,4,5,Knowledge sharing,8,0.78,35,45,20,Banking Mobile App,43,118,2,2.06,5,3,2,total_test_cases_executed,90,total_pass_test_cases,38,total_bugs_detected,26,defect_reopened_count,21,total_documents_created,7,document_quality (1-5),2,test_execution_time (hrs),2
467,Company_R,1992-04-14,Female,31-35,QA Engineer,12,QA,English,Sinhala,University_L,3,2,4,5,2,96.68,5,20.1,2,1,4,3,11,Online courses / certifications,3,0.6,55,91,19,E-Commerce Platform,38,388,11,2.94,3,6,1,tasks_assigned,24,tasks_completed,15,tasks_on_time,8,bug_count,10,bugs_fixed_count,4,code_quality (1-10),6,rework_count,5
468,Company_D,1997-01-04,Male,26-30,Business Analyst,7,Business Analysis,English,Sinhala,University_N,4,5,3,3,3,44.85,1,7.92,3,23,12,1,19,Self-learning,9,0.76,65,86,5,Hospital Information System,18,459,4,3.16,0,8,4,tasks_assigned,22,tasks_completed,3,tasks_on_time,1,bug_count,17,bugs_fixed_count,17,code_quality (1-10),2,rework_count,4
469,Company_Q,1979-07-03,Male,41-45,Business Analyst,25,Business Analysis,Tamil,Tamil,University_H,1,4,4,5,2,72.21,3,6.28,4,6,20,4,14,Formal training,2,0.69,55,80,18,Smart Grid Monitor,5,66,14,1.1,0,10,5,tasks_completed,1,project_delay (days),27,changing_relative_effort,57,sprint_velocity,15,team_velocity,40,stakeholder_satisfaction(1-5),2,milestone_completion_rate,4
470,Company_K,1986-05-05,Male,36-40,Business Analyst,18,Business Analysis,Tamil,Tamil,University_T,3,1,1,2,1,99.48,5,18.7,3,20,14,5,5,On-the-job learning,7,0.82,69,84,14,Digital Wallet Platform,38,466,4,6.4,4,8,3,total_deployments,10,successful_deployments,7,deployment_time_efficiency,0.67,incident_count,1,system_downtime (hrs),7.2,automated_pipeline_stages,5,total_pipeline_stages,9
471,Company_C,2003-09-03,Male,20-25,QA Engineer,1,QA,Sinhala,Tamil,University_B,4,1,2,3,2,40.22,1,15.13,3,20,12,1,16,Online courses / certifications,3,0.55,45,82,23,Delivery Service App,21,311,5,9.92,2,10,0,total_deployments,12,successful_deployments,4,deployment_time_efficiency,0.88,incident_count,9,system_downtime (hrs),18,automated_pipeline_stages,1,total_pipeline_stages,9
472,Company_G,1991-08-06,Male,31-35,Software Engineer,13,Development,Sinhala,Tamil,University_Q,2,3,4,3,3,60.87,2,2.61,4,18,0,4,12,Research & innovation,2,0.63,48,76,4,Loan Origination System,20,370,13,3.33,5,2,4,tasks_assigned,20,tasks_completed,16,tasks_on_time,7,bug_count,16,bugs_fixed_count,6,code_quality (1-10),4,rework_count,1
473,Company_J,1986-12-31,Male,36-40,Project Manager,18,Project Management,English,Sinhala,University_H,4,2,2,1,4,85.11,4,4.02,3,4,5,1,36,Knowledge sharing,6,0.69,55,80,4,Loan Origination System,20,92,9,8.86,3,4,5,total_test_cases_executed,59,total_pass_test_cases,10,total_bugs_detected,11,defect_reopened_count,5,total_documents_created,13,document_quality (1-5),2,test_execution_time (hrs),9
474,Company_B,1984-10-10,Female,36-40,Business Analyst,20,Business Analysis,English,Sinhala,University_E,5,1,4,5,2,63.74,2,5.66,4,7,2,1,12,Online courses / certifications,8,0.88,22,25,1,Logistics Dashboard,37,141,15,9.84,2,2,3,total_deployments,20,successful_deployments,1,deployment_time_efficiency,0.77,incident_count,5,system_downtime (hrs),1.8,automated_pipeline_stages,1,total_pipeline_stages,5
475,Company_C,1999-09-24,Male,20-25,Software Engineer,5,Development,Sinhala,Sinhala,University_A,1,3,5,2,4,82.1,3,14.79,5,15,17,5,37,Knowledge sharing,3,0.62,36,58,23,Delivery Service App,44,397,5,5.43,1,6,5,tasks_completed,11,project_delay (days),7,changing_relative_effort,60,sprint_velocity,36,team_velocity,74,stakeholder_satisfaction(1-5),1,milestone_completion_rate,1
476,Company_O,1985-08-12,Female,36-40,Business Analyst,19,Business Analysis,Tamil,Tamil,University_J,3,2,2,1,5,72.46,3,4.61,3,5,1,4,37,Self-learning,10,0.67,57,85,20,Banking Mobile App,39,115,15,6.37,0,3,5,total_test_cases_executed,58,total_pass_test_cases,21,total_bugs_detected,15,defect_reopened_count,15,total_documents_created,5,document_quality (1-5),4,test_execution_time (hrs),8
477,Company_C,2003-03-08,Male,20-25,Business Analyst,1,Business Analysis,Tamil,Muslim,University_S,4,1,3,1,5,25.25,1,14.87,1,20,13,2,20,Self-learning,4,0.76,59,78,23,Delivery Service App,37,294,7,8.54,4,2,3,tasks_assigned,11,tasks_completed,3,tasks_on_time,1,bug_count,6,bugs_fixed_count,4,code_quality (1-10),6,rework_count,1
478,Company_K,1988-01-04,Female,36-40,QA Engineer,16,QA,English,Muslim,University_F,2,1,5,1,1,55.8,2,17.13,5,17,7,2,28,Research & innovation,1,0.48,29,61,14,Digital Wallet Platform,37,405,3,2.05,1,6,0,tasks_assigned,6,tasks_completed,2,tasks_on_time,0,bug_count,16,bugs_fixed_count,6,code_quality (1-10),4,rework_count,3
479,Company_P,1984-06-01,Male,36-40,QA Engineer,20,QA,Tamil,Sinhala,University_S,4,1,4,4,1,72.16,3,18.24,4,1,12,1,17,Self-learning,10,0.73,27,37,11,Telecom Billing System,31,440,10,6.8,1,9,1,total_deployments,17,successful_deployments,8,deployment_time_efficiency,0.5,incident_count,0,system_downtime (hrs),5.6,automated_pipeline_stages,5,total_pipeline_stages,9
480,Company_P,1997-10-27,Male,26-30,DevOps Engineer,7,DevOps,English,Muslim,University_M,5,3,5,4,1,47.99,1,1.87,3,23,2,5,27,Knowledge sharing,3,0.71,75,106,11,Telecom Billing System,41,412,3,8.23,2,9,1,tasks_assigned,5,tasks_completed,4,tasks_on_time,2,bug_count,18,bugs_fixed_count,5,code_quality (1-10),5,rework_count,4
481,Company_M,1985-03-16,Male,36-40,Business Analyst,19,Business Analysis,English,Muslim,University_C,1,4,4,1,2,90.44,4,12.77,1,5,15,5,31,Formal training,8,0.67,20,30,15,Inventory Management System,10,200,2,7.95,2,9,4,total_deployments,7,successful_deployments,2,deployment_time_efficiency,0.92,incident_count,1,system_downtime (hrs),8.9,automated_pipeline_stages,4,total_pipeline_stages,6
482,Company_N,1985-10-22,Male,36-40,Business Analyst,19,Business Analysis,English,Sinhala,University_P,1,3,3,1,3,68.02,2,6.02,4,11,7,4,7,Knowledge sharing,1,0.68,78,115,16,HR Management System,24,393,12,6.42,2,10,1,tasks_assigned,21,tasks_completed,5,tasks_on_time,5,bug_count,17,bugs_fixed_count,0,code_quality (1-10),8,rework_count,2
483,Company_D,1990-07-10,Male,31-35,Project Manager,14,Project Management,Tamil,Muslim,University_Q,1,3,3,5,1,28.14,1,4.47,4,9,18,1,17,Formal training,5,0.85,17,20,5,Hospital Information System,40,243,7,4.66,0,3,0,total_deployments,18,successful_deployments,15,deployment_time_efficiency,0.87,incident_count,1,system_downtime (hrs),32.3,automated_pipeline_stages,3,total_pipeline_stages,6
484,Company_J,1997-08-09,Female,26-30,QA Engineer,7,QA,English,Tamil,University_N,2,5,5,4,2,91.88,4,1.54,3,11,1,5,26,None observed,9,0.75,55,73,8,Microfinance Management System,42,250,8,1.56,0,1,3,tasks_assigned,21,tasks_completed,7,tasks_on_time,1,bug_count,2,bugs_fixed_count,2,code_quality (1-10),3,rework_count,4
485,Company_P,1982-02-06,Male,41-45,Project Manager,22,Project Management,English,Muslim,University_N,4,2,1,4,2,67.72,2,17.83,1,20,15,2,19,Self-learning,6,0.78,42,54,11,Telecom Billing System,44,123,2,7.57,1,10,2,total_deployments,9,successful_deployments,0,deployment_time_efficiency,0.93,incident_count,7,system_downtime (hrs),21.2,automated_pipeline_stages,5,total_pipeline_stages,8
486,Company_E,1994-09-21,Female,26-30,Business Analyst,10,Business Analysis,Sinhala,Muslim,University_P,5,2,4,4,3,63.29,2,21.36,3,25,11,4,26,None observed,1,0.68,41,60,22,Marketing Management System,5,253,10,7.07,2,1,1,tasks_completed,7,project_delay (days),6,changing_relative_effort,166,sprint_velocity,24,team_velocity,25,stakeholder_satisfaction(1-5),5,milestone_completion_rate,5
487,Company_J,1981-09-21,Male,41-45,DevOps Engineer,23,DevOps,English,Muslim,University_G,4,3,5,1,4,46.21,1,6.58,1,16,16,2,21,Knowledge sharing,10,0.57,59,104,8,Microfinance Management System,12,289,9,5.92,2,6,0,total_test_cases_executed,34,total_pass_test_cases,13,total_bugs_detected,14,defect_reopened_count,1,total_documents_created,15,document_quality (1-5),4,test_execution_time (hrs),4
488,Company_S,2002-02-06,Female,20-25,Software Engineer,2,Development,Tamil,Muslim,University_R,3,3,1,5,2,79.86,3,0.6,3,17,16,2,38,Formal training,1,0.58,21,36,13,CRM Platform,13,287,13,8.12,5,8,1,tasks_assigned,10,tasks_completed,2,tasks_on_time,0,bug_count,5,bugs_fixed_count,5,code_quality (1-10),2,rework_count,3
489,Company_S,1980-08-04,Male,41-45,Business Analyst,24,Business Analysis,Tamil,Sinhala,University_Q,1,4,1,2,2,43.73,1,8.7,5,14,6,2,16,None observed,9,0.84,53,63,13,CRM Platform,47,213,8,1.26,1,9,3,tasks_completed,1,project_delay (days),15,changing_relative_effort,200,sprint_velocity,44,team_velocity,66,stakeholder_satisfaction(1-5),4,milestone_completion_rate,3
490,Company_Q,1987-04-15,Female,36-40,Software Engineer,17,Development,Sinhala,Tamil,University_C,1,5,4,5,5,93.89,4,18.6,4,19,5,5,5,Self-learning,10,0.94,100,106,18,Smart Grid Monitor,9,251,12,8.86,2,0,2,total_test_cases_executed,79,total_pass_test_cases,57,total_bugs_detected,29,defect_reopened_count,3,total_documents_created,11,document_quality (1-5),2,test_execution_time (hrs),6
491,Company_D,2001-05-02,Male,20-25,QA Engineer,3,QA,English,Sinhala,University_U,3,3,2,5,5,45.28,1,3.28,5,1,17,3,36,Online courses / certifications,1,1,44,44,5,Hospital Information System,48,423,5,6.96,4,6,5,total_deployments,20,successful_deployments,8,deployment_time_efficiency,0.66,incident_count,4,system_downtime (hrs),31.1,automated_pipeline_stages,5,total_pipeline_stages,9
492,Company_D,1984-08-05,Male,36-40,Software Engineer,20,Development,Tamil,Muslim,University_I,3,5,3,5,3,77.77,3,4.48,1,20,14,4,24,On-the-job learning,7,0.59,54,91,5,Hospital Information System,5,365,9,3.47,0,9,0,total_test_cases_executed,90,total_pass_test_cases,84,total_bugs_detected,14,defect_reopened_count,7,total_documents_created,10,document_quality (1-5),3,test_execution_time (hrs),4
493,Company_C,2003-07-04,Male,20-25,Project Manager,1,Project Management,Tamil,Tamil,University_G,2,1,2,4,2,98.36,5,10.96,3,15,0,2,30,Online courses / certifications,7,0.89,42,47,23,Delivery Service App,5,389,15,4.24,3,6,5,total_deployments,20,successful_deployments,10,deployment_time_efficiency,0.78,incident_count,9,system_downtime (hrs),1.8,automated_pipeline_stages,2,total_pipeline_stages,4
494,Company_A,1990-12-14,Female,31-35,Business Analyst,14,Business Analysis,English,Muslim,University_H,5,2,4,3,4,95.6,5,17.21,2,7,11,5,30,Research & innovation,10,0.57,12,21,9,Customer Portal,16,329,11,9.41,2,6,1,total_deployments,9,successful_deployments,1,deployment_time_efficiency,0.78,incident_count,5,system_downtime (hrs),9,automated_pipeline_stages,6,total_pipeline_stages,9
495,Company_D,1990-03-17,Female,31-35,Software Engineer,14,Development,Tamil,Tamil,University_U,5,2,5,4,4,96.33,5,22.52,4,6,1,3,23,On-the-job learning,8,0.73,30,41,5,Hospital Information System,20,247,15,6.03,0,9,2,tasks_assigned,29,tasks_completed,16,tasks_on_time,9,bug_count,8,bugs_fixed_count,3,code_quality (1-10),1,rework_count,2
496,Company_H,2003-02-13,Female,20-25,Software Engineer,1,Development,English,Tamil,University_S,3,2,5,3,4,75.44,3,14.54,1,4,19,3,37,Online courses / certifications,2,0.65,36,55,17,Learning Management System,9,216,6,5.08,2,5,1,total_deployments,4,successful_deployments,1,deployment_time_efficiency,0.81,incident_count,5,system_downtime (hrs),29.7,automated_pipeline_stages,4,total_pipeline_stages,10
497,Company_P,2002-09-17,Male,20-25,DevOps Engineer,2,DevOps,Tamil,Tamil,University_O,3,4,4,5,1,74.37,3,20.6,4,9,0,5,31,Research & innovation,2,0.42,34,80,11,Telecom Billing System,34,337,2,6.45,1,7,0,tasks_assigned,13,tasks_completed,6,tasks_on_time,1,bug_count,7,bugs_fixed_count,5,code_quality (1-10),5,rework_count,1
498,Company_M,1999-11-26,Male,20-25,Software Engineer,5,Development,Tamil,Muslim,University_U,1,3,3,2,3,71.49,3,15.54,1,11,4,3,1,None observed,1,0.57,16,28,15,Inventory Management System,50,351,8,9.68,2,9,2,total_test_cases_executed,32,total_pass_test_cases,32,total_bugs_detected,4,defect_reopened_count,2,total_documents_created,10,document_quality (1-5),5,test_execution_time (hrs),10
499,Company_M,1994-10-22,Female,26-30,Business Analyst,10,Business Analysis,Tamil,Tamil,University_K,3,4,2,5,2,66.87,2,2,4,13,13,3,18,Online courses / certifications,2,0.85,23,27,15,Inventory Management System,25,296,2,5.7,5,10,3,total_test_cases_executed,81,total_pass_test_cases,23,total_bugs_detected,21,defect_reopened_count,3,total_documents_created,5,document_quality (1-5),2,test_execution_time (hrs),9
500,Company_J,1990-04-22,Male,31-35,Business Analyst,14,Business Analysis,English,Sinhala,University_M,2,5,3,4,3,62.58,2,5.14,5,23,7,5,2,Self-learning,6,0.65,34,52,1,Logistics Dashboard,37,161,14,8.32,5,8,0,total_test_cases_executed,27,total_pass_test_cases,6,total_bugs_detected,26,defect_reopened_count,2,total_documents_created,3,document_quality (1-5),2,test_execution_time (hrs),2
501,Company_F,2002-11-06,Female,20-25,Project Manager,2,Project Management,Tamil,Tamil,University_T,5,3,5,4,5,95.76,5,13.75,4,5,13,1,32,Knowledge sharing,10,0.8,43,54,7,Payroll Automation,15,229,9,5.18,2,5,4,tasks_completed,9,project_delay (days),15,changing_relative_effort,84,sprint_velocity,34,team_velocity,29,stakeholder_satisfaction(1-5),4,milestone_completion_rate,5
502,Company_L,1982-06-20,Female,41-45,Software Engineer,22,Development,English,Tamil,University_B,1,3,2,4,5,84,3,8.83,5,2,5,5,39,Self-learning,5,0.54,14,26,21,Medi Care App,40,385,11,9.7,0,5,1,tasks_assigned,10,tasks_completed,3,tasks_on_time,1,bug_count,13,bugs_fixed_count,2,code_quality (1-10),10,rework_count,5
503,Company_K,1995-07-29,Female,26-30,QA Engineer,9,QA,Sinhala,Sinhala,University_A,3,5,5,3,4,23.76,1,8.59,2,20,6,3,10,Knowledge sharing,7,0.57,23,40,14,Digital Wallet Platform,51,430,9,2.97,3,4,1,total_test_cases_executed,12,total_pass_test_cases,9,total_bugs_detected,10,defect_reopened_count,4,total_documents_created,14,document_quality (1-5),2,test_execution_time (hrs),8
504,Company_K,1979-08-08,Female,41-45,DevOps Engineer,25,DevOps,Sinhala,Tamil,University_K,4,2,1,3,2,76.37,3,15.48,1,15,0,5,24,Formal training,4,0.94,33,35,14,Digital Wallet Platform,12,346,10,9.51,4,3,1,tasks_assigned,9,tasks_completed,1,tasks_on_time,0,bug_count,4,bugs_fixed_count,2,code_quality (1-10),5,rework_count,5
505,Company_F,1991-11-22,Female,31-35,DevOps Engineer,13,DevOps,Tamil,Sinhala,University_B,2,3,3,2,3,51.68,2,16.07,4,11,7,5,18,On-the-job learning,1,0.44,11,25,7,Payroll Automation,16,58,6,9.8,1,6,5,total_test_cases_executed,20,total_pass_test_cases,18,total_bugs_detected,27,defect_reopened_count,25,total_documents_created,10,document_quality (1-5),2,test_execution_time (hrs),5
506,Company_B,1987-01-20,Female,36-40,Software Engineer,17,Development,English,Muslim,University_O,4,3,2,5,3,52.66,2,3.38,5,17,19,5,5,None observed,8,0.97,38,39,6,Supply Chain Tracker,4,345,8,9.93,0,3,5,tasks_assigned,23,tasks_completed,16,tasks_on_time,2,bug_count,19,bugs_fixed_count,3,code_quality (1-10),2,rework_count,0
507,Company_T,1992-04-08,Female,31-35,Business Analyst,12,Business Analysis,English,Sinhala,University_D,5,2,5,2,3,55.84,2,5.61,4,15,2,3,16,Knowledge sharing,7,0.6,66,110,3,Insurance Claims Platform,43,419,2,5.02,5,5,5,tasks_assigned,28,tasks_completed,17,tasks_on_time,14,bug_count,7,bugs_fixed_count,3,code_quality (1-10),9,rework_count,5
508,Company_A,2001-05-08,Male,20-25,Software Engineer,3,Development,Tamil,Sinhala,University_D,4,2,3,3,4,70.77,3,20.87,2,8,11,1,16,Self-learning,3,0.95,97,102,9,Customer Portal,25,490,2,6.19,2,2,1,total_deployments,20,successful_deployments,9,deployment_time_efficiency,0.56,incident_count,0,system_downtime (hrs),40.3,automated_pipeline_stages,4,total_pipeline_stages,9
509,Company_J,1996-08-17,Female,26-30,Software Engineer,8,Development,Sinhala,Sinhala,University_H,1,5,4,5,4,85.02,4,11.38,4,11,8,2,16,Formal training,2,0.84,74,88,8,Microfinance Management System,26,331,7,5.86,3,4,1,tasks_completed,7,project_delay (days),27,changing_relative_effort,56,sprint_velocity,26,team_velocity,80,stakeholder_satisfaction(1-5),1,milestone_completion_rate,4
510,Company_R,1997-01-19,Male,26-30,Software Engineer,7,Development,English,Sinhala,University_R,2,1,3,2,5,66.15,2,4.94,2,11,9,5,37,Knowledge sharing,6,0.66,35,53,19,E-Commerce Platform,45,104,7,3.87,1,10,5,tasks_assigned,25,tasks_completed,1,tasks_on_time,0,bug_count,9,bugs_fixed_count,0,code_quality (1-10),3,rework_count,0
511,Company_F,1979-03-08,Male,41-45,DevOps Engineer,25,DevOps,Sinhala,Tamil,University_H,4,5,5,5,3,98.58,5,12.3,5,6,15,3,14,Self-learning,6,0.76,73,96,7,Payroll Automation,20,286,8,1.02,0,8,0,total_deployments,4,successful_deployments,4,deployment_time_efficiency,0.39,incident_count,3,system_downtime (hrs),1.3,automated_pipeline_stages,7,total_pipeline_stages,8
512,Company_K,1986-08-03,Male,36-40,DevOps Engineer,18,DevOps,English,Sinhala,University_K,2,2,3,4,1,50.56,2,3.26,3,7,14,2,11,Knowledge sharing,8,0.59,17,29,14,Digital Wallet Platform,32,102,5,1.48,5,3,2,tasks_assigned,7,tasks_completed,1,tasks_on_time,1,bug_count,11,bugs_fixed_count,8,code_quality (1-10),10,rework_count,3
513,Company_T,1997-01-29,Female,26-30,Software Engineer,7,Development,Tamil,Sinhala,University_M,2,3,4,1,3,89.53,4,18.78,1,20,6,1,12,Self-learning,4,0.92,22,24,3,Insurance Claims Platform,32,180,15,4.94,3,6,1,total_test_cases_executed,20,total_pass_test_cases,11,total_bugs_detected,18,defect_reopened_count,2,total_documents_created,9,document_quality (1-5),2,test_execution_time (hrs),2
514,Company_T,2000-05-12,Female,20-25,Software Engineer,4,Development,Tamil,Muslim,University_N,5,4,5,5,1,74.49,3,11.67,3,12,10,5,12,On-the-job learning,10,0.69,75,109,3,Insurance Claims Platform,8,470,13,6.07,5,10,5,tasks_completed,9,project_delay (days),18,changing_relative_effort,50,sprint_velocity,30,team_velocity,35,stakeholder_satisfaction(1-5),4,milestone_completion_rate,4
515,Company_O,1995-02-16,Male,26-30,Business Analyst,9,Business Analysis,English,Sinhala,University_H,4,2,1,4,1,97.58,5,4.67,5,11,19,4,38,Self-learning,8,0.72,50,69,20,Banking Mobile App,10,260,8,9.6,1,3,3,tasks_assigned,14,tasks_completed,1,tasks_on_time,1,bug_count,15,bugs_fixed_count,8,code_quality (1-10),3,rework_count,1
516,Company_A,1984-04-04,Female,36-40,Software Engineer,20,Development,Tamil,Muslim,University_F,4,1,1,1,3,73.82,3,18.58,4,16,3,4,3,Knowledge sharing,9,0.54,49,90,9,Customer Portal,38,482,4,1.95,3,0,1,total_deployments,1,successful_deployments,1,deployment_time_efficiency,0.37,incident_count,8,system_downtime (hrs),45.3,automated_pipeline_stages,2,total_pipeline_stages,5
517,Company_Q,1985-03-13,Female,36-40,DevOps Engineer,19,DevOps,English,Tamil,University_R,2,3,1,4,5,97.58,5,20.02,3,16,19,4,1,Formal training,2,0.54,37,69,18,Smart Grid Monitor,32,500,7,5.7,5,3,4,tasks_assigned,19,tasks_completed,17,tasks_on_time,11,bug_count,14,bugs_fixed_count,14,code_quality (1-10),1,rework_count,1
518,Company_Q,1999-02-18,Female,20-25,Software Engineer,5,Development,Tamil,Tamil,University_A,3,1,3,1,2,92.93,4,14.34,4,5,20,4,26,Formal training,8,0.71,36,51,18,Smart Grid Monitor,14,357,12,4.81,4,2,3,tasks_completed,13,project_delay (days),18,changing_relative_effort,172,sprint_velocity,52,team_velocity,60,stakeholder_satisfaction(1-5),1,milestone_completion_rate,1
519,Company_K,1999-04-01,Male,20-25,Business Analyst,5,Business Analysis,English,Tamil,University_J,2,3,3,2,1,70.55,3,4.03,1,11,14,3,38,Research & innovation,2,0.88,35,40,14,Digital Wallet Platform,15,199,12,1.41,4,6,5,total_test_cases_executed,91,total_pass_test_cases,36,total_bugs_detected,26,defect_reopened_count,19,total_documents_created,7,document_quality (1-5),2,test_execution_time (hrs),3
520,Company_R,1994-12-22,Male,26-30,QA Engineer,10,QA,Tamil,Muslim,University_D,1,4,4,2,4,34.09,1,4.49,3,12,8,3,4,Knowledge sharing,3,0.54,25,46,19,E-Commerce Platform,38,406,10,3.05,0,6,1,total_test_cases_executed,43,total_pass_test_cases,25,total_bugs_detected,15,defect_reopened_count,4,total_documents_created,13,document_quality (1-5),3,test_execution_time (hrs),6
521,Company_R,1997-08-02,Male,26-30,Software Engineer,7,Development,Sinhala,Muslim,University_O,5,5,1,1,1,91.12,4,15.91,2,23,9,3,27,On-the-job learning,3,0.88,106,120,19,E-Commerce Platform,19,72,6,3.89,4,1,3,total_test_cases_executed,52,total_pass_test_cases,49,total_bugs_detected,26,defect_reopened_count,22,total_documents_created,1,document_quality (1-5),5,test_execution_time (hrs),4
522,Company_L,1981-09-18,Female,41-45,DevOps Engineer,23,DevOps,English,Sinhala,University_E,3,3,4,4,5,24.72,1,21.57,1,18,19,5,26,Online courses / certifications,8,0.46,18,39,21,Medi Care App,52,329,12,1.38,4,0,3,tasks_assigned,19,tasks_completed,18,tasks_on_time,4,bug_count,3,bugs_fixed_count,2,code_quality (1-10),2,rework_count,2
523,Company_I,2002-09-01,Female,20-25,Project Manager,2,Project Management,Sinhala,Muslim,University_K,4,1,2,5,3,63.8,2,18.47,4,16,12,4,38,Knowledge sharing,2,0.55,46,83,10,Government Tax Portal,24,224,11,3.35,2,10,0,tasks_completed,4,project_delay (days),3,changing_relative_effort,84,sprint_velocity,56,team_velocity,58,stakeholder_satisfaction(1-5),4,milestone_completion_rate,1
524,Company_O,1995-01-29,Female,26-30,QA Engineer,9,QA,English,Tamil,University_K,5,2,4,5,4,56.31,2,7.46,1,23,16,1,11,Online courses / certifications,8,0.54,13,24,20,Banking Mobile App,20,217,7,6.4,3,7,0,tasks_completed,2,project_delay (days),0,changing_relative_effort,196,sprint_velocity,29,team_velocity,71,stakeholder_satisfaction(1-5),2,milestone_completion_rate,3
525,Company_G,1986-10-03,Female,36-40,Business Analyst,18,Business Analysis,Sinhala,Sinhala,University_L,1,3,2,2,2,40.29,1,14.73,1,20,12,1,13,Self-learning,2,0.68,30,44,4,Loan Origination System,25,325,2,6.14,2,5,1,tasks_completed,7,project_delay (days),25,changing_relative_effort,179,sprint_velocity,48,team_velocity,21,stakeholder_satisfaction(1-5),3,milestone_completion_rate,2
526,Company_S,1994-03-02,Female,26-30,Software Engineer,10,Development,English,Muslim,University_N,3,4,4,2,1,98.34,5,19.91,4,17,14,3,36,Research & innovation,3,0.94,93,99,13,CRM Platform,22,142,14,8.18,3,7,5,total_deployments,16,successful_deployments,9,deployment_time_efficiency,0.58,incident_count,5,system_downtime (hrs),29.4,automated_pipeline_stages,7,total_pipeline_stages,7
527,Company_L,2000-01-24,Male,20-25,Business Analyst,4,Business Analysis,Sinhala,Sinhala,University_L,3,5,1,2,1,23.97,1,15.61,3,7,7,1,11,Formal training,3,0.5,58,117,21,Medi Care App,42,233,9,9.38,0,4,3,tasks_completed,5,project_delay (days),22,changing_relative_effort,154,sprint_velocity,60,team_velocity,36,stakeholder_satisfaction(1-5),4,milestone_completion_rate,4
528,Company_N,1990-08-30,Female,31-35,Business Analyst,14,Business Analysis,Tamil,Muslim,University_C,5,3,1,1,2,89.11,4,0.72,2,17,9,2,6,Formal training,10,0.93,71,76,16,HR Management System,12,113,12,6.02,1,8,2,tasks_assigned,13,tasks_completed,6,tasks_on_time,6,bug_count,8,bugs_fixed_count,0,code_quality (1-10),1,rework_count,3
529,Company_I,2001-10-19,Male,20-25,Business Analyst,3,Business Analysis,English,Tamil,University_A,5,3,3,1,1,90.02,4,9.68,3,23,15,5,7,Formal training,8,0.37,10,27,10,Government Tax Portal,46,200,12,6.77,5,2,3,tasks_completed,6,project_delay (days),0,changing_relative_effort,99,sprint_velocity,45,team_velocity,54,stakeholder_satisfaction(1-5),2,milestone_completion_rate,2
530,Company_K,1980-02-03,Female,41-45,Business Analyst,24,Business Analysis,English,Sinhala,University_G,1,2,5,4,4,43.98,1,12.89,1,8,12,1,19,Formal training,6,0.67,45,67,14,Digital Wallet Platform,4,68,15,9.29,5,10,5,total_test_cases_executed,23,total_pass_test_cases,16,total_bugs_detected,2,defect_reopened_count,2,total_documents_created,14,document_quality (1-5),3,test_execution_time (hrs),5
531,Company_Q,1984-11-17,Female,36-40,Software Engineer,20,Development,English,Sinhala,University_K,4,4,3,3,1,31.91,1,1.85,1,23,10,5,26,None observed,5,0.5,53,105,18,Smart Grid Monitor,19,379,11,2.11,4,7,4,total_deployments,17,successful_deployments,8,deployment_time_efficiency,0.91,incident_count,6,system_downtime (hrs),38.6,automated_pipeline_stages,7,total_pipeline_stages,8
532,Company_P,1987-08-15,Male,36-40,Business Analyst,17,Business Analysis,Sinhala,Muslim,University_N,5,4,1,2,4,46.58,1,17.17,2,16,3,2,32,Knowledge sharing,9,0.72,46,64,11,Telecom Billing System,45,165,11,5.05,4,3,1,total_test_cases_executed,82,total_pass_test_cases,13,total_bugs_detected,4,defect_reopened_count,0,total_documents_created,11,document_quality (1-5),4,test_execution_time (hrs),6
533,Company_T,1991-09-02,Female,31-35,Business Analyst,13,Business Analysis,Sinhala,Sinhala,University_S,2,1,3,4,3,87.5,4,15.34,4,9,12,1,40,Online courses / certifications,1,0.82,46,56,3,Insurance Claims Platform,28,286,8,4.41,0,0,4,tasks_assigned,25,tasks_completed,20,tasks_on_time,17,bug_count,15,bugs_fixed_count,12,code_quality (1-10),2,rework_count,4
534,Company_L,1996-08-12,Male,26-30,Business Analyst,8,Business Analysis,Tamil,Sinhala,University_J,1,3,3,4,3,99.02,5,0.87,5,15,20,1,24,Research & innovation,3,0.97,65,67,21,Medi Care App,41,211,15,7.09,0,0,0,tasks_assigned,11,tasks_completed,1,tasks_on_time,1,bug_count,12,bugs_fixed_count,2,code_quality (1-10),1,rework_count,2
535,Company_J,2002-03-14,Male,20-25,Software Engineer,2,Development,English,Sinhala,University_R,4,2,3,2,1,97.07,5,12.87,4,3,0,4,2,Formal training,8,0.45,15,33,1,Logistics Dashboard,22,50,14,5.02,2,1,3,tasks_assigned,24,tasks_completed,19,tasks_on_time,8,bug_count,19,bugs_fixed_count,15,code_quality (1-10),1,rework_count,4
536,Company_D,1979-11-12,Male,41-45,Business Analyst,25,Business Analysis,Sinhala,Sinhala,University_F,3,2,3,5,2,92.5,4,19.67,1,15,19,2,13,Formal training,8,0.73,80,110,5,Hospital Information System,27,65,7,8.23,3,2,2,tasks_completed,15,project_delay (days),27,changing_relative_effort,69,sprint_velocity,46,team_velocity,49,stakeholder_satisfaction(1-5),5,milestone_completion_rate,1
537,Company_D,1996-02-23,Male,26-30,Business Analyst,8,Business Analysis,English,Tamil,University_P,2,5,3,1,5,79.75,3,17.32,1,2,20,2,35,On-the-job learning,6,0.7,23,33,5,Hospital Information System,24,110,9,5.38,2,1,5,tasks_assigned,28,tasks_completed,5,tasks_on_time,3,bug_count,9,bugs_fixed_count,6,code_quality (1-10),6,rework_count,0
538,Company_K,1990-03-30,Male,31-35,QA Engineer,14,QA,Tamil,Tamil,University_G,4,1,2,1,1,67.01,2,14.84,3,24,13,1,35,Research & innovation,6,0.52,22,42,14,Digital Wallet Platform,21,117,3,8.41,2,10,2,tasks_completed,12,project_delay (days),15,changing_relative_effort,61,sprint_velocity,30,team_velocity,47,stakeholder_satisfaction(1-5),4,milestone_completion_rate,2
539,Company_N,1991-12-18,Male,31-35,DevOps Engineer,13,DevOps,Sinhala,Tamil,University_A,2,5,5,3,2,40.69,1,10.37,5,8,14,3,13,None observed,4,0.84,32,38,16,HR Management System,39,362,7,8.99,2,0,0,tasks_assigned,7,tasks_completed,4,tasks_on_time,4,bug_count,20,bugs_fixed_count,16,code_quality (1-10),3,rework_count,5
540,Company_Q,2003-06-22,Female,20-25,DevOps Engineer,1,DevOps,English,Muslim,University_U,2,2,5,2,2,48.12,1,9.48,3,21,4,1,22,None observed,5,0.41,30,74,18,Smart Grid Monitor,24,145,8,1.73,0,5,1,tasks_assigned,30,tasks_completed,15,tasks_on_time,1,bug_count,18,bugs_fixed_count,4,code_quality (1-10),3,rework_count,0
541,Company_M,1984-07-04,Male,36-40,Project Manager,20,Project Management,Tamil,Sinhala,University_D,3,1,4,1,5,31.93,1,8.79,5,9,17,4,13,Formal training,5,0.79,48,61,15,Inventory Management System,42,181,6,9.61,0,6,5,total_test_cases_executed,21,total_pass_test_cases,19,total_bugs_detected,25,defect_reopened_count,23,total_documents_created,9,document_quality (1-5),5,test_execution_time (hrs),10
542,Company_Q,1982-11-12,Male,41-45,QA Engineer,22,QA,Sinhala,Sinhala,University_T,5,3,5,5,1,73.38,3,3,5,21,3,2,2,On-the-job learning,4,0.91,67,74,18,Smart Grid Monitor,25,496,4,4.79,0,6,2,total_test_cases_executed,79,total_pass_test_cases,55,total_bugs_detected,1,defect_reopened_count,1,total_documents_created,8,document_quality (1-5),2,test_execution_time (hrs),6
543,Company_D,2003-10-20,Female,20-25,QA Engineer,1,QA,Sinhala,Sinhala,University_B,3,4,2,4,5,77.92,3,21,5,11,18,5,40,Research & innovation,5,0.98,91,93,5,Hospital Information System,29,234,9,6.58,2,1,2,total_test_cases_executed,60,total_pass_test_cases,10,total_bugs_detected,6,defect_reopened_count,4,total_documents_created,3,document_quality (1-5),4,test_execution_time (hrs),1
544,Company_T,1990-07-29,Female,31-35,QA Engineer,14,QA,Sinhala,Muslim,University_Q,4,4,5,3,3,79.62,3,16.84,5,6,8,2,32,None observed,3,0.48,37,77,3,Insurance Claims Platform,49,277,12,4.5,5,2,1,tasks_assigned,25,tasks_completed,1,tasks_on_time,1,bug_count,19,bugs_fixed_count,11,code_quality (1-10),9,rework_count,2
545,Company_J,2003-09-01,Male,20-25,Business Analyst,1,Business Analysis,Sinhala,Muslim,University_U,2,3,3,5,4,55.19,2,2.33,3,6,9,4,31,None observed,5,0.56,36,64,1,Logistics Dashboard,50,143,7,9.7,5,10,5,tasks_assigned,23,tasks_completed,9,tasks_on_time,7,bug_count,20,bugs_fixed_count,19,code_quality (1-10),4,rework_count,3
546,Company_Q,1986-04-05,Male,36-40,Software Engineer,18,Development,Tamil,Tamil,University_J,4,5,3,5,2,60.56,2,13.42,2,8,19,2,1,Self-learning,5,0.72,44,61,18,Smart Grid Monitor,17,403,11,2.07,2,5,1,total_test_cases_executed,14,total_pass_test_cases,14,total_bugs_detected,6,defect_reopened_count,3,total_documents_created,1,document_quality (1-5),3,test_execution_time (hrs),7
547,Company_F,1986-12-18,Male,36-40,DevOps Engineer,18,DevOps,English,Sinhala,University_I,3,3,2,3,4,58.32,2,18.41,2,7,18,5,30,None observed,8,1,105,105,7,Payroll Automation,7,258,9,6.12,4,0,5,total_test_cases_executed,12,total_pass_test_cases,6,total_bugs_detected,18,defect_reopened_count,13,total_documents_created,15,document_quality (1-5),5,test_execution_time (hrs),6
548,Company_B,1992-09-28,Female,31-35,QA Engineer,12,QA,Tamil,Muslim,University_J,1,2,3,5,1,93.72,4,2.18,5,12,1,3,21,Knowledge sharing,9,0.58,22,38,6,Supply Chain Tracker,28,438,15,8.62,2,5,0,total_deployments,7,successful_deployments,2,deployment_time_efficiency,0.74,incident_count,0,system_downtime (hrs),3.5,automated_pipeline_stages,4,total_pipeline_stages,7
549,Company_J,1994-04-21,Male,26-30,DevOps Engineer,10,DevOps,Tamil,Muslim,University_P,3,3,5,2,1,99.35,5,20.58,4,22,7,3,40,Self-learning,7,0.77,70,91,1,Logistics Dashboard,39,261,10,3.28,0,2,0,tasks_assigned,7,tasks_completed,4,tasks_on_time,3,bug_count,14,bugs_fixed_count,3,code_quality (1-10),8,rework_count,4
550,Company_B,1996-05-18,Female,26-30,DevOps Engineer,8,DevOps,Tamil,Muslim,University_N,4,1,1,5,3,31.15,1,18.18,4,18,4,1,19,Research & innovation,2,0.65,44,68,6,Supply Chain Tracker,4,405,4,5.12,2,8,1,tasks_completed,3,project_delay (days),8,changing_relative_effort,168,sprint_velocity,39,team_velocity,76,stakeholder_satisfaction(1-5),1,milestone_completion_rate,3
551,Company_C,1991-12-26,Female,31-35,Software Engineer,13,Development,English,Sinhala,University_I,3,3,3,2,3,97.5,5,22.36,2,4,7,4,37,None observed,9,0.58,22,38,23,Delivery Service App,36,273,5,5.82,2,8,4,tasks_assigned,7,tasks_completed,6,tasks_on_time,4,bug_count,10,bugs_fixed_count,9,code_quality (1-10),8,rework_count,5
552,Company_I,1996-07-07,Male,26-30,Software Engineer,8,Development,English,Sinhala,University_L,5,2,3,1,2,95.95,5,15.64,3,4,5,5,5,Self-learning,9,0.72,60,83,10,Government Tax Portal,46,99,10,2.24,5,7,1,tasks_completed,1,project_delay (days),1,changing_relative_effort,95,sprint_velocity,45,team_velocity,33,stakeholder_satisfaction(1-5),4,milestone_completion_rate,3
553,Company_H,1994-04-03,Male,26-30,Business Analyst,10,Business Analysis,English,Sinhala,University_C,5,1,5,5,3,53.74,2,14.63,5,16,16,2,29,Online courses / certifications,4,0.7,30,43,17,Learning Management System,7,191,13,7.26,1,2,1,total_deployments,15,successful_deployments,15,deployment_time_efficiency,0.55,incident_count,2,system_downtime (hrs),33.4,automated_pipeline_stages,2,total_pipeline_stages,5
554,Company_N,1991-08-05,Male,31-35,Project Manager,13,Project Management,Sinhala,Muslim,University_A,2,1,2,5,3,74.49,3,6.51,2,17,8,1,27,On-the-job learning,10,0.63,39,62,16,HR Management System,12,443,3,7.15,5,2,4,total_test_cases_executed,21,total_pass_test_cases,13,total_bugs_detected,21,defect_reopened_count,21,total_documents_created,12,document_quality (1-5),1,test_execution_time (hrs),4
555,Company_E,1992-12-19,Female,31-35,DevOps Engineer,12,DevOps,English,Sinhala,University_L,2,4,3,4,1,80.71,3,8.26,2,21,4,4,36,None observed,10,0.82,80,98,22,Marketing Management System,4,306,2,4.3,4,5,3,tasks_completed,13,project_delay (days),14,changing_relative_effort,60,sprint_velocity,34,team_velocity,34,stakeholder_satisfaction(1-5),4,milestone_completion_rate,5
556,Company_I,2000-10-11,Male,20-25,Software Engineer,4,Development,Sinhala,Sinhala,University_C,5,2,2,2,3,99.11,5,6.48,2,9,19,3,28,Self-learning,4,0.83,85,102,10,Government Tax Portal,28,135,9,2.71,1,6,1,total_deployments,14,successful_deployments,14,deployment_time_efficiency,0.88,incident_count,1,system_downtime (hrs),14.2,automated_pipeline_stages,3,total_pipeline_stages,7
557,Company_I,1980-01-21,Female,41-45,Software Engineer,24,Development,Sinhala,Tamil,University_B,4,3,5,5,3,90.86,4,16.01,4,9,9,1,16,Research & innovation,4,0.95,37,39,10,Government Tax Portal,49,93,12,6.41,5,6,2,tasks_completed,8,project_delay (days),6,changing_relative_effort,193,sprint_velocity,31,team_velocity,71,stakeholder_satisfaction(1-5),2,milestone_completion_rate,2
558,Company_Q,1991-05-15,Male,31-35,Business Analyst,13,Business Analysis,English,Sinhala,University_K,4,1,5,5,5,30.08,1,21.48,1,15,17,4,26,Self-learning,3,0.66,29,44,18,Smart Grid Monitor,27,492,9,8.01,3,9,5,total_test_cases_executed,44,total_pass_test_cases,31,total_bugs_detected,10,defect_reopened_count,7,total_documents_created,7,document_quality (1-5),3,test_execution_time (hrs),9
559,Company_Q,1981-12-06,Female,41-45,Software Engineer,23,Development,English,Sinhala,University_M,2,4,3,4,2,97.36,5,23.49,4,21,3,2,20,None observed,8,0.7,63,90,18,Smart Grid Monitor,27,61,10,7.28,0,9,2,tasks_completed,20,project_delay (days),29,changing_relative_effort,128,sprint_velocity,42,team_velocity,25,stakeholder_satisfaction(1-5),4,milestone_completion_rate,2
560,Company_G,1980-12-26,Male,41-45,Software Engineer,24,Development,Sinhala,Muslim,University_F,1,2,1,5,4,45.6,1,21.65,4,18,10,1,11,Knowledge sharing,6,0.97,111,114,4,Loan Origination System,41,150,5,8.13,1,6,0,tasks_assigned,14,tasks_completed,13,tasks_on_time,5,bug_count,9,bugs_fixed_count,3,code_quality (1-10),8,rework_count,0
561,Company_A,2003-05-18,Male,20-25,Software Engineer,1,Development,Sinhala,Tamil,University_U,3,3,1,5,4,91.27,4,5.33,1,17,15,4,23,Formal training,7,0.55,23,42,9,Customer Portal,24,130,5,4.26,5,4,5,total_deployments,6,successful_deployments,3,deployment_time_efficiency,0.92,incident_count,8,system_downtime (hrs),38.3,automated_pipeline_stages,5,total_pipeline_stages,7
562,Company_N,2003-02-14,Female,20-25,Software Engineer,1,Development,Sinhala,Tamil,University_R,2,4,1,4,3,48.83,1,5.13,4,25,14,2,34,Knowledge sharing,6,0.39,27,69,16,HR Management System,4,107,6,9.2,5,0,5,tasks_completed,12,project_delay (days),26,changing_relative_effort,89,sprint_velocity,38,team_velocity,79,stakeholder_satisfaction(1-5),3,milestone_completion_rate,1
563,Company_T,1981-02-05,Female,41-45,Software Engineer,23,Development,Sinhala,Muslim,University_C,4,5,5,4,4,56.16,2,19.79,3,24,12,2,26,Knowledge sharing,6,0.93,68,73,3,Insurance Claims Platform,17,440,8,5.76,5,1,3,total_test_cases_executed,31,total_pass_test_cases,2,total_bugs_detected,6,defect_reopened_count,0,total_documents_created,4,document_quality (1-5),2,test_execution_time (hrs),4
564,Company_O,1990-11-03,Female,31-35,DevOps Engineer,14,DevOps,Tamil,Sinhala,University_K,4,3,3,2,3,97.7,5,1.98,1,13,4,3,24,Online courses / certifications,9,0.79,95,120,20,Banking Mobile App,16,317,11,6.47,0,4,2,total_deployments,16,successful_deployments,7,deployment_time_efficiency,0.85,incident_count,3,system_downtime (hrs),6.2,automated_pipeline_stages,7,total_pipeline_stages,10
565,Company_E,1987-03-25,Male,36-40,DevOps Engineer,17,DevOps,Sinhala,Muslim,University_S,2,3,5,1,2,91.65,4,22.44,2,10,11,3,9,On-the-job learning,6,0.94,90,96,22,Marketing Management System,26,380,15,9.57,4,3,4,total_test_cases_executed,96,total_pass_test_cases,71,total_bugs_detected,20,defect_reopened_count,5,total_documents_created,12,document_quality (1-5),1,test_execution_time (hrs),9
566,Company_M,2000-02-10,Female,20-25,Business Analyst,4,Business Analysis,Sinhala,Tamil,University_N,2,1,3,5,1,61.31,2,9.51,2,9,2,4,24,Knowledge sharing,5,0.95,19,20,15,Inventory Management System,20,128,7,6.04,5,9,1,total_test_cases_executed,95,total_pass_test_cases,87,total_bugs_detected,20,defect_reopened_count,5,total_documents_created,3,document_quality (1-5),4,test_execution_time (hrs),4
567,Company_Q,1991-04-25,Male,31-35,QA Engineer,13,QA,Tamil,Muslim,University_D,2,1,2,1,1,87.59,4,4.5,4,14,14,4,17,Online courses / certifications,6,0.68,39,57,18,Smart Grid Monitor,21,103,15,3.13,3,10,2,total_test_cases_executed,39,total_pass_test_cases,35,total_bugs_detected,30,defect_reopened_count,9,total_documents_created,13,document_quality (1-5),2,test_execution_time (hrs),6
568,Company_Q,1995-01-16,Male,26-30,Business Analyst,9,Business Analysis,English,Muslim,University_E,4,5,4,5,3,87.81,4,11.7,3,24,0,3,25,Research & innovation,5,0.48,41,85,18,Smart Grid Monitor,8,459,4,9.43,5,1,2,tasks_completed,3,project_delay (days),13,changing_relative_effort,118,sprint_velocity,14,team_velocity,24,stakeholder_satisfaction(1-5),3,milestone_completion_rate,5
569,Company_M,1981-07-27,Male,41-45,Project Manager,23,Project Management,English,Muslim,University_E,1,5,4,4,1,43.34,1,5.43,3,25,2,4,8,On-the-job learning,4,0.83,24,29,15,Inventory Management System,43,493,12,5.47,1,10,0,tasks_assigned,9,tasks_completed,5,tasks_on_time,0,bug_count,6,bugs_fixed_count,4,code_quality (1-10),3,rework_count,5
570,Company_Q,1981-12-02,Female,41-45,Software Engineer,23,Development,English,Muslim,University_O,3,5,2,4,4,42.33,1,3.61,1,3,4,5,8,Online courses / certifications,2,0.6,15,25,18,Smart Grid Monitor,33,223,13,6.19,4,8,4,total_test_cases_executed,70,total_pass_test_cases,69,total_bugs_detected,13,defect_reopened_count,5,total_documents_created,4,document_quality (1-5),4,test_execution_time (hrs),9
571,Company_M,2001-06-24,Female,20-25,Business Analyst,3,Business Analysis,English,Muslim,University_Q,5,1,4,2,2,74.93,3,9.01,5,23,14,2,30,Online courses / certifications,6,0.48,21,44,15,Inventory Management System,35,463,8,3.45,2,9,5,tasks_assigned,19,tasks_completed,10,tasks_on_time,7,bug_count,0,bugs_fixed_count,0,code_quality (1-10),1,rework_count,3
572,Company_F,1987-09-18,Female,36-40,QA Engineer,17,QA,Sinhala,Sinhala,University_M,5,4,4,4,3,25.58,1,0.85,2,8,14,5,22,None observed,10,0.88,23,26,7,Payroll Automation,26,211,13,2.99,1,0,4,tasks_completed,13,project_delay (days),8,changing_relative_effort,194,sprint_velocity,37,team_velocity,59,stakeholder_satisfaction(1-5),2,milestone_completion_rate,3
573,Company_A,1992-11-14,Male,31-35,DevOps Engineer,12,DevOps,Sinhala,Muslim,University_K,1,1,1,5,5,81.72,3,10.06,2,17,14,1,1,Self-learning,7,0.48,51,107,9,Customer Portal,9,486,7,6.53,4,9,4,tasks_assigned,23,tasks_completed,11,tasks_on_time,9,bug_count,12,bugs_fixed_count,5,code_quality (1-10),9,rework_count,3
574,Company_H,2002-01-10,Male,20-25,Business Analyst,2,Business Analysis,English,Tamil,University_S,5,1,1,5,1,44.5,1,20.02,4,4,1,3,16,On-the-job learning,10,0.49,33,67,17,Learning Management System,22,165,11,8.93,3,4,0,tasks_completed,17,project_delay (days),24,changing_relative_effort,193,sprint_velocity,20,team_velocity,29,stakeholder_satisfaction(1-5),2,milestone_completion_rate,3
575,Company_H,1991-09-22,Male,31-35,QA Engineer,13,QA,Sinhala,Tamil,University_N,1,1,2,1,2,96.92,5,18.77,3,1,18,3,2,None observed,4,0.65,36,55,17,Learning Management System,34,217,6,9.09,4,5,1,tasks_assigned,14,tasks_completed,11,tasks_on_time,11,bug_count,13,bugs_fixed_count,5,code_quality (1-10),4,rework_count,4
576,Company_M,1982-03-28,Male,41-45,Business Analyst,22,Business Analysis,Tamil,Tamil,University_G,4,3,1,1,5,23.02,1,15.6,3,23,5,2,1,Self-learning,3,0.81,88,108,15,Inventory Management System,29,492,7,5.76,4,6,1,tasks_assigned,15,tasks_completed,10,tasks_on_time,5,bug_count,20,bugs_fixed_count,15,code_quality (1-10),10,rework_count,4
577,Company_Q,1994-08-11,Male,26-30,Software Engineer,10,Development,Sinhala,Tamil,University_M,4,1,5,2,4,98.32,5,10.1,1,22,12,5,16,Knowledge sharing,9,0.83,81,98,18,Smart Grid Monitor,14,393,13,2.22,1,3,2,tasks_assigned,19,tasks_completed,10,tasks_on_time,2,bug_count,8,bugs_fixed_count,6,code_quality (1-10),3,rework_count,0
578,Company_M,2003-07-30,Female,20-25,Business Analyst,1,Business Analysis,Sinhala,Sinhala,University_C,4,1,1,2,1,98.57,5,15.66,3,1,20,5,10,Knowledge sharing,5,0.5,33,66,15,Inventory Management System,45,389,9,4.94,2,1,3,total_deployments,9,successful_deployments,3,deployment_time_efficiency,1,incident_count,4,system_downtime (hrs),10,automated_pipeline_stages,6,total_pipeline_stages,6
579,Company_O,1990-11-23,Female,31-35,DevOps Engineer,14,DevOps,Tamil,Sinhala,University_L,3,1,1,5,3,26.34,1,19.76,3,20,18,5,5,On-the-job learning,7,0.83,48,58,20,Banking Mobile App,12,219,8,6.16,0,3,1,total_test_cases_executed,11,total_pass_test_cases,3,total_bugs_detected,0,defect_reopened_count,0,total_documents_created,4,document_quality (1-5),2,test_execution_time (hrs),5
580,Company_S,2003-12-01,Male,20-25,Business Analyst,1,Business Analysis,Tamil,Muslim,University_E,1,4,1,5,5,73.45,3,17.67,1,2,4,4,28,Formal training,5,0.9,36,40,13,CRM Platform,18,426,11,6.01,2,7,1,total_deployments,8,successful_deployments,0,deployment_time_efficiency,0.45,incident_count,2,system_downtime (hrs),2.2,automated_pipeline_stages,5,total_pipeline_stages,8
581,Company_N,1996-01-04,Female,26-30,Business Analyst,8,Business Analysis,Tamil,Tamil,University_C,4,4,3,3,3,93.87,4,1.22,3,17,15,4,20,On-the-job learning,8,0.78,62,80,16,HR Management System,34,378,12,7.22,2,4,3,tasks_assigned,8,tasks_completed,3,tasks_on_time,2,bug_count,1,bugs_fixed_count,1,code_quality (1-10),4,rework_count,4
582,Company_E,1986-03-30,Female,36-40,QA Engineer,18,QA,English,Muslim,University_G,2,3,1,3,5,31.19,1,15.53,5,15,5,3,10,Formal training,3,0.84,69,82,22,Marketing Management System,44,146,9,6.16,0,2,0,total_deployments,5,successful_deployments,0,deployment_time_efficiency,0.36,incident_count,0,system_downtime (hrs),5.7,automated_pipeline_stages,8,total_pipeline_stages,10
583,Company_I,1980-12-04,Female,41-45,Software Engineer,24,Development,English,Tamil,University_L,2,4,3,2,5,23.78,1,21.41,1,24,13,2,7,Knowledge sharing,4,0.62,53,86,12,Fleet Management System,42,212,13,8.97,0,7,0,total_test_cases_executed,32,total_pass_test_cases,11,total_bugs_detected,4,defect_reopened_count,3,total_documents_created,7,document_quality (1-5),4,test_execution_time (hrs),3
584,Company_O,1996-08-24,Female,26-30,Business Analyst,8,Business Analysis,English,Tamil,University_D,4,1,3,3,4,97.91,5,15.41,1,9,18,1,37,On-the-job learning,1,0.48,28,58,20,Banking Mobile App,23,307,15,5.67,4,9,4,total_test_cases_executed,52,total_pass_test_cases,0,total_bugs_detected,8,defect_reopened_count,7,total_documents_created,1,document_quality (1-5),4,test_execution_time (hrs),1
585,Company_A,1990-01-02,Male,31-35,Business Analyst,14,Business Analysis,Tamil,Muslim,University_H,2,4,1,5,1,76.31,3,20.3,4,17,9,5,22,Research & innovation,9,0.47,50,106,9,Customer Portal,34,213,14,2.53,2,9,1,total_test_cases_executed,12,total_pass_test_cases,6,total_bugs_detected,2,defect_reopened_count,1,total_documents_created,6,document_quality (1-5),3,test_execution_time (hrs),2
586,Company_K,2003-02-26,Male,20-25,DevOps Engineer,1,DevOps,English,Sinhala,University_S,1,5,3,3,4,29.53,1,15.63,5,25,8,3,39,On-the-job learning,7,0.48,28,58,14,Digital Wallet Platform,45,259,4,8.44,5,4,5,total_deployments,6,successful_deployments,0,deployment_time_efficiency,0.6,incident_count,1,system_downtime (hrs),16.1,automated_pipeline_stages,5,total_pipeline_stages,9
587,Company_A,1987-08-12,Female,36-40,Business Analyst,17,Business Analysis,Sinhala,Sinhala,University_D,4,1,3,4,3,99,5,5.16,4,9,11,2,18,Online courses / certifications,3,0.45,38,84,9,Customer Portal,46,107,13,4.35,1,6,4,tasks_assigned,18,tasks_completed,18,tasks_on_time,15,bug_count,12,bugs_fixed_count,4,code_quality (1-10),9,rework_count,0
588,Company_H,1987-11-27,Male,36-40,DevOps Engineer,17,DevOps,Tamil,Sinhala,University_F,5,4,2,4,2,54.98,2,4.25,4,4,9,5,26,On-the-job learning,9,0.71,77,108,17,Learning Management System,24,447,13,9.64,5,6,2,total_test_cases_executed,61,total_pass_test_cases,47,total_bugs_detected,9,defect_reopened_count,1,total_documents_created,10,document_quality (1-5),3,test_execution_time (hrs),2
589,Company_D,2003-11-08,Female,20-25,Software Engineer,1,Development,English,Muslim,University_B,3,1,1,4,4,75.05,3,3.79,1,5,10,2,31,On-the-job learning,4,0.63,32,51,5,Hospital Information System,32,128,15,7.84,4,9,4,total_deployments,20,successful_deployments,8,deployment_time_efficiency,0.7,incident_count,8,system_downtime (hrs),4.6,automated_pipeline_stages,3,total_pipeline_stages,6
590,Company_D,1997-01-12,Male,26-30,DevOps Engineer,7,DevOps,English,Tamil,University_P,1,3,5,2,1,86.54,4,4.94,5,7,4,1,6,Formal training,3,0.5,59,117,5,Hospital Information System,15,188,5,8.98,1,8,5,total_test_cases_executed,10,total_pass_test_cases,5,total_bugs_detected,17,defect_reopened_count,5,total_documents_created,15,document_quality (1-5),3,test_execution_time (hrs),8
591,Company_C,1996-10-31,Male,26-30,DevOps Engineer,8,DevOps,Sinhala,Sinhala,University_J,4,4,2,3,3,70.6,3,9.39,2,15,18,3,8,Online courses / certifications,9,0.74,50,68,23,Delivery Service App,36,222,12,2.03,5,8,3,total_test_cases_executed,32,total_pass_test_cases,25,total_bugs_detected,14,defect_reopened_count,1,total_documents_created,4,document_quality (1-5),3,test_execution_time (hrs),4
592,Company_N,1981-10-14,Male,41-45,Project Manager,23,Project Management,Tamil,Sinhala,University_J,2,4,4,4,1,70.99,3,4.25,5,22,1,2,31,Self-learning,5,0.74,43,58,16,HR Management System,29,296,9,4.47,5,0,3,total_test_cases_executed,90,total_pass_test_cases,47,total_bugs_detected,26,defect_reopened_count,18,total_documents_created,3,document_quality (1-5),1,test_execution_time (hrs),9
593,Company_H,1991-02-05,Male,31-35,Software Engineer,13,Development,Tamil,Tamil,University_S,5,3,1,3,4,50.3,2,9.13,1,12,18,4,31,Online courses / certifications,2,0.81,65,80,17,Learning Management System,51,395,2,9.92,5,2,5,tasks_completed,13,project_delay (days),12,changing_relative_effort,144,sprint_velocity,54,team_velocity,72,stakeholder_satisfaction(1-5),3,milestone_completion_rate,3
594,Company_N,1994-07-16,Male,26-30,Project Manager,10,Project Management,Sinhala,Muslim,University_B,5,3,1,5,3,92.2,4,3.12,4,8,9,5,25,Knowledge sharing,2,0.44,47,108,16,HR Management System,13,441,11,4.71,4,4,0,tasks_assigned,29,tasks_completed,15,tasks_on_time,12,bug_count,15,bugs_fixed_count,0,code_quality (1-10),6,rework_count,4
595,Company_T,1996-08-01,Male,26-30,Business Analyst,8,Business Analysis,Sinhala,Muslim,University_G,4,3,1,2,4,88.42,4,5.01,1,7,17,5,11,Research & innovation,6,0.97,107,110,3,Insurance Claims Platform,17,254,13,6.23,4,1,3,total_deployments,10,successful_deployments,9,deployment_time_efficiency,0.67,incident_count,4,system_downtime (hrs),13.9,automated_pipeline_stages,1,total_pipeline_stages,10
596,Company_J,1987-08-19,Female,36-40,DevOps Engineer,17,DevOps,Tamil,Muslim,University_I,3,1,4,1,3,31.6,1,13.16,2,10,14,3,3,Online courses / certifications,6,0.67,74,111,1,Logistics Dashboard,18,50,10,8.9,4,8,1,tasks_assigned,26,tasks_completed,26,tasks_on_time,1,bug_count,10,bugs_fixed_count,7,code_quality (1-10),4,rework_count,4
597,Company_F,1994-05-28,Male,26-30,Software Engineer,10,Development,Tamil,Muslim,University_B,5,1,3,2,1,68.65,2,18.67,1,24,1,1,12,Knowledge sharing,7,0.72,47,65,7,Payroll Automation,52,397,8,1.92,4,5,5,tasks_completed,7,project_delay (days),0,changing_relative_effort,141,sprint_velocity,34,team_velocity,38,stakeholder_satisfaction(1-5),1,milestone_completion_rate,2
598,Company_R,1983-01-10,Male,41-45,Software Engineer,21,Development,Tamil,Sinhala,University_C,3,1,4,5,3,73.42,3,1.37,2,3,8,3,19,None observed,8,0.52,34,66,19,E-Commerce Platform,7,168,6,9.27,2,4,1,total_test_cases_executed,86,total_pass_test_cases,76,total_bugs_detected,30,defect_reopened_count,1,total_documents_created,7,document_quality (1-5),3,test_execution_time (hrs),7
599,Company_L,1980-08-06,Male,41-45,DevOps Engineer,24,DevOps,Tamil,Muslim,University_E,1,1,2,1,3,72.72,3,21.83,3,1,17,3,0,On-the-job learning,8,0.78,21,27,21,Medi Care App,4,219,5,2.94,5,10,5,tasks_completed,10,project_delay (days),14,changing_relative_effort,57,sprint_velocity,26,team_velocity,51,stakeholder_satisfaction(1-5),2,milestone_completion_rate,5
600,Company_B,1987-05-22,Female,36-40,Project Manager,17,Project Management,Sinhala,Sinhala,University_D,2,5,1,5,5,55.84,2,10.78,3,5,11,3,13,Knowledge sharing,2,0.59,34,58,6,Supply Chain Tracker,4,429,5,4.55,5,2,0,total_test_cases_executed,18,total_pass_test_cases,15,total_bugs_detected,7,defect_reopened_count,2,total_documents_created,11,document_quality (1-5),5,test_execution_time (hrs),5
601,Company_M,1984-05-04,Male,36-40,Software Engineer,20,Development,Sinhala,Muslim,University_D,2,5,3,3,2,74.39,3,4.11,1,13,4,2,3,Knowledge sharing,5,0.69,78,113,15,Inventory Management System,27,364,3,5.04,0,5,0,total_deployments,17,successful_deployments,1,deployment_time_efficiency,0.55,incident_count,9,system_downtime (hrs),4.5,automated_pipeline_stages,8,total_pipeline_stages,9
602,Company_O,1990-07-31,Male,31-35,Software Engineer,14,Development,Tamil,Sinhala,University_T,1,3,2,4,2,51.12,2,14.83,3,22,16,5,29,On-the-job learning,3,0.93,69,74,20,Banking Mobile App,36,323,2,3,0,8,1,tasks_completed,14,project_delay (days),2,changing_relative_effort,67,sprint_velocity,54,team_velocity,32,stakeholder_satisfaction(1-5),2,milestone_completion_rate,4
603,Company_D,1992-07-27,Male,31-35,Business Analyst,12,Business Analysis,Tamil,Tamil,University_B,2,5,1,3,4,58.72,2,15.59,4,21,14,4,7,Knowledge sharing,9,0.87,39,45,5,Hospital Information System,48,206,8,3.94,5,3,2,total_deployments,8,successful_deployments,7,deployment_time_efficiency,0.87,incident_count,8,system_downtime (hrs),2.4,automated_pipeline_stages,2,total_pipeline_stages,7
604,Company_O,1979-02-25,Male,41-45,Business Analyst,25,Business Analysis,Tamil,Sinhala,University_R,3,5,4,2,5,20.77,1,11.33,5,13,9,3,12,None observed,7,1,24,24,20,Banking Mobile App,20,224,2,6.49,4,9,0,total_test_cases_executed,98,total_pass_test_cases,4,total_bugs_detected,3,defect_reopened_count,0,total_documents_created,9,document_quality (1-5),3,test_execution_time (hrs),4
605,Company_B,1995-12-12,Female,26-30,Project Manager,9,Project Management,English,Sinhala,University_E,5,5,1,5,2,26.54,1,23.36,4,7,17,1,11,Knowledge sharing,5,0.7,72,103,6,Supply Chain Tracker,50,284,11,4.34,1,8,2,total_test_cases_executed,72,total_pass_test_cases,42,total_bugs_detected,20,defect_reopened_count,18,total_documents_created,6,document_quality (1-5),4,test_execution_time (hrs),2
606,Company_Q,1985-03-28,Female,36-40,Business Analyst,19,Business Analysis,English,Tamil,University_S,2,2,1,3,1,37.61,1,5.06,4,9,4,4,1,On-the-job learning,10,0.41,16,39,18,Smart Grid Monitor,21,456,5,4.83,1,8,3,tasks_completed,17,project_delay (days),3,changing_relative_effort,71,sprint_velocity,21,team_velocity,66,stakeholder_satisfaction(1-5),2,milestone_completion_rate,1
607,Company_I,1990-08-25,Male,31-35,Business Analyst,14,Business Analysis,Sinhala,Tamil,University_K,5,1,2,2,3,93.9,4,2.54,5,14,16,4,28,On-the-job learning,2,0.39,42,107,12,Fleet Management System,24,125,10,8.75,3,9,1,tasks_assigned,12,tasks_completed,6,tasks_on_time,0,bug_count,20,bugs_fixed_count,10,code_quality (1-10),8,rework_count,4
608,Company_J,1989-11-22,Female,31-35,Project Manager,15,Project Management,Tamil,Sinhala,University_J,3,1,5,3,2,65.03,2,14.96,2,3,6,2,26,Research & innovation,3,0.75,49,65,1,Logistics Dashboard,26,112,5,7.51,0,9,0,tasks_assigned,27,tasks_completed,17,tasks_on_time,10,bug_count,17,bugs_fixed_count,3,code_quality (1-10),9,rework_count,5
609,Company_M,1999-02-07,Female,20-25,DevOps Engineer,5,DevOps,Tamil,Tamil,University_P,2,3,4,4,3,59.39,2,15.17,1,17,4,5,3,Knowledge sharing,8,0.81,42,52,15,Inventory Management System,26,173,14,6.57,5,0,5,tasks_completed,11,project_delay (days),17,changing_relative_effort,132,sprint_velocity,58,team_velocity,73,stakeholder_satisfaction(1-5),5,milestone_completion_rate,1
610,Company_S,2001-11-28,Male,20-25,Business Analyst,3,Business Analysis,English,Tamil,University_B,3,4,3,2,2,75.4,3,13.51,2,12,17,4,25,Online courses / certifications,5,0.74,58,78,13,CRM Platform,33,64,15,2.43,4,6,5,total_deployments,13,successful_deployments,6,deployment_time_efficiency,0.3,incident_count,3,system_downtime (hrs),14.2,automated_pipeline_stages,2,total_pipeline_stages,8
611,Company_P,1979-11-23,Female,41-45,Business Analyst,25,Business Analysis,English,Muslim,University_J,4,3,2,3,1,57.44,2,9.97,5,19,8,4,11,Self-learning,5,0.55,45,82,11,Telecom Billing System,4,185,4,5.38,1,6,1,total_deployments,17,successful_deployments,3,deployment_time_efficiency,0.48,incident_count,4,system_downtime (hrs),32.5,automated_pipeline_stages,8,total_pipeline_stages,8
612,Company_C,1979-06-01,Female,41-45,QA Engineer,25,QA,English,Muslim,University_J,5,2,2,2,4,92.91,4,2.81,4,20,4,4,28,Formal training,4,0.72,54,75,23,Delivery Service App,52,229,3,8.7,1,5,4,total_test_cases_executed,68,total_pass_test_cases,17,total_bugs_detected,27,defect_reopened_count,15,total_documents_created,2,document_quality (1-5),3,test_execution_time (hrs),9
613,Company_C,1996-07-18,Female,26-30,QA Engineer,8,QA,Sinhala,Muslim,University_U,2,4,1,2,2,73.24,3,6,5,22,7,5,3,Self-learning,8,0.9,55,61,23,Delivery Service App,36,163,13,3.11,3,4,3,tasks_assigned,19,tasks_completed,1,tasks_on_time,1,bug_count,3,bugs_fixed_count,1,code_quality (1-10),8,rework_count,4
614,Company_P,1991-03-11,Male,31-35,Software Engineer,13,Development,Tamil,Sinhala,University_P,4,3,3,5,2,99.73,5,13.78,2,8,2,3,32,Self-learning,10,0.7,46,66,11,Telecom Billing System,32,286,4,1.07,2,1,0,total_test_cases_executed,17,total_pass_test_cases,15,total_bugs_detected,22,defect_reopened_count,18,total_documents_created,14,document_quality (1-5),4,test_execution_time (hrs),2
615,Company_J,1984-01-13,Male,36-40,Project Manager,20,Project Management,English,Sinhala,University_D,3,3,4,3,1,38.96,1,22.88,4,6,19,5,40,Formal training,5,0.67,56,83,1,Logistics Dashboard,15,140,7,1.7,3,4,1,tasks_completed,6,project_delay (days),9,changing_relative_effort,53,sprint_velocity,26,team_velocity,73,stakeholder_satisfaction(1-5),5,milestone_completion_rate,4
616,Company_N,1996-02-01,Male,26-30,Business Analyst,8,Business Analysis,Tamil,Tamil,University_T,3,4,3,1,5,74.69,3,6.04,3,18,4,4,11,On-the-job learning,9,0.49,49,100,16,HR Management System,19,250,14,4.73,1,1,4,tasks_completed,12,project_delay (days),6,changing_relative_effort,154,sprint_velocity,44,team_velocity,57,stakeholder_satisfaction(1-5),1,milestone_completion_rate,2
617,Company_N,1997-05-14,Male,26-30,QA Engineer,7,QA,English,Sinhala,University_J,1,1,4,3,4,66.16,2,10.22,3,12,11,1,32,Self-learning,4,0.7,21,30,16,HR Management System,6,430,10,5.25,0,10,3,tasks_assigned,20,tasks_completed,5,tasks_on_time,1,bug_count,3,bugs_fixed_count,0,code_quality (1-10),8,rework_count,2
618,Company_S,2002-06-26,Female,20-25,QA Engineer,2,QA,English,Muslim,University_G,3,2,1,5,3,85.22,4,4.1,2,1,14,3,24,Formal training,6,0.69,61,88,13,CRM Platform,27,123,3,6.83,0,2,2,total_deployments,6,successful_deployments,1,deployment_time_efficiency,0.94,incident_count,4,system_downtime (hrs),36.3,automated_pipeline_stages,3,total_pipeline_stages,3
619,Company_L,1990-01-17,Female,31-35,DevOps Engineer,14,DevOps,English,Muslim,University_K,5,5,3,3,3,70.43,3,23.27,2,8,17,2,22,Research & innovation,8,0.66,61,93,21,Medi Care App,47,118,6,9.53,5,5,4,total_test_cases_executed,79,total_pass_test_cases,44,total_bugs_detected,3,defect_reopened_count,3,total_documents_created,1,document_quality (1-5),2,test_execution_time (hrs),2
620,Company_C,1986-08-30,Female,36-40,Software Engineer,18,Development,Sinhala,Sinhala,University_G,5,2,1,1,3,23.45,1,15.51,1,10,4,1,34,Knowledge sharing,10,0.71,77,109,23,Delivery Service App,36,319,6,3.81,2,0,4,tasks_completed,8,project_delay (days),14,changing_relative_effort,192,sprint_velocity,15,team_velocity,56,stakeholder_satisfaction(1-5),1,milestone_completion_rate,1
621,Company_S,1992-08-30,Male,31-35,DevOps Engineer,12,DevOps,Sinhala,Tamil,University_O,2,4,4,2,3,71.93,3,2.62,2,19,12,5,34,Formal training,8,0.59,27,46,13,CRM Platform,14,110,5,6.17,4,6,2,total_deployments,9,successful_deployments,6,deployment_time_efficiency,0.43,incident_count,0,system_downtime (hrs),8.1,automated_pipeline_stages,3,total_pipeline_stages,6
622,Company_E,1987-11-03,Female,36-40,QA Engineer,17,QA,Tamil,Tamil,University_N,5,2,4,5,4,93.86,4,15.9,5,17,15,5,39,Self-learning,7,0.78,25,32,22,Marketing Management System,40,443,14,6.11,0,1,2,total_deployments,4,successful_deployments,3,deployment_time_efficiency,0.86,incident_count,0,system_downtime (hrs),27.8,automated_pipeline_stages,2,total_pipeline_stages,8
623,Company_D,1991-10-17,Male,31-35,Software Engineer,13,Development,English,Sinhala,University_B,3,5,1,2,3,27.55,1,17.12,4,13,19,3,2,Research & innovation,6,0.61,45,74,5,Hospital Information System,42,467,15,9.75,4,4,5,tasks_assigned,12,tasks_completed,4,tasks_on_time,3,bug_count,3,bugs_fixed_count,0,code_quality (1-10),8,rework_count,1
624,Company_M,1986-07-13,Male,36-40,QA Engineer,18,QA,Sinhala,Muslim,University_S,4,1,2,3,2,87.46,4,5.53,3,3,1,4,8,None observed,2,1,32,32,15,Inventory Management System,52,172,6,4.72,0,7,2,total_deployments,13,successful_deployments,9,deployment_time_efficiency,0.73,incident_count,4,system_downtime (hrs),13.6,automated_pipeline_stages,5,total_pipeline_stages,8
625,Company_J,1981-03-15,Male,41-45,Software Engineer,23,Development,English,Muslim,University_M,5,4,4,2,3,60.9,2,20.56,2,23,1,1,12,Online courses / certifications,9,0.73,74,101,1,Logistics Dashboard,20,402,7,9.14,3,3,2,total_deployments,7,successful_deployments,6,deployment_time_efficiency,0.52,incident_count,3,system_downtime (hrs),16.5,automated_pipeline_stages,8,total_pipeline_stages,8
626,Company_F,1989-07-17,Female,31-35,Business Analyst,15,Business Analysis,Sinhala,Sinhala,University_E,5,4,1,1,5,97.06,5,14.9,1,10,20,2,23,Research & innovation,2,0.9,46,51,7,Payroll Automation,42,138,5,1.5,3,6,0,total_deployments,2,successful_deployments,0,deployment_time_efficiency,0.39,incident_count,3,system_downtime (hrs),25.1,automated_pipeline_stages,8,total_pipeline_stages,8
627,Company_J,1987-06-15,Male,36-40,QA Engineer,17,QA,Sinhala,Muslim,University_H,1,4,2,3,5,93.62,4,16.7,4,25,15,3,8,Research & innovation,4,0.78,75,96,8,Microfinance Management System,23,245,13,1.41,2,10,1,total_deployments,5,successful_deployments,3,deployment_time_efficiency,0.59,incident_count,3,system_downtime (hrs),40.9,automated_pipeline_stages,5,total_pipeline_stages,8
628,Company_Q,1981-07-06,Female,41-45,Business Analyst,23,Business Analysis,English,Tamil,University_I,3,2,3,4,5,34.51,1,10.41,5,5,13,1,35,None observed,5,0.44,27,61,18,Smart Grid Monitor,51,397,4,8.43,5,2,3,tasks_completed,15,project_delay (days),0,changing_relative_effort,180,sprint_velocity,35,team_velocity,74,stakeholder_satisfaction(1-5),3,milestone_completion_rate,4
629,Company_I,1991-04-21,Male,31-35,Business Analyst,13,Business Analysis,Tamil,Muslim,University_C,2,4,4,4,3,82.6,3,7.23,4,8,11,1,16,On-the-job learning,6,0.41,11,27,12,Fleet Management System,27,57,2,4.72,0,8,2,total_deployments,17,successful_deployments,15,deployment_time_efficiency,1,incident_count,2,system_downtime (hrs),6,automated_pipeline_stages,6,total_pipeline_stages,8
630,Company_A,1979-07-19,Female,41-45,Business Analyst,25,Business Analysis,Sinhala,Sinhala,University_Q,5,4,2,2,1,77.65,3,9.16,3,24,11,4,27,Research & innovation,7,0.58,32,55,9,Customer Portal,22,379,15,1.79,0,1,5,total_deployments,20,successful_deployments,15,deployment_time_efficiency,0.84,incident_count,8,system_downtime (hrs),26.4,automated_pipeline_stages,3,total_pipeline_stages,10
631,Company_E,1984-07-10,Female,36-40,Business Analyst,20,Business Analysis,Tamil,Tamil,University_C,2,2,2,3,3,33.11,1,11.51,3,2,1,4,3,None observed,2,0.66,43,65,22,Marketing Management System,14,467,7,3.8,5,4,0,tasks_completed,6,project_delay (days),7,changing_relative_effort,57,sprint_velocity,17,team_velocity,65,stakeholder_satisfaction(1-5),3,milestone_completion_rate,2
632,Company_T,1986-08-31,Female,36-40,DevOps Engineer,18,DevOps,English,Sinhala,University_N,2,2,3,4,3,79.98,3,2.16,4,1,5,1,36,Self-learning,5,0.73,27,37,3,Insurance Claims Platform,6,56,5,3.68,3,1,1,total_test_cases_executed,23,total_pass_test_cases,22,total_bugs_detected,15,defect_reopened_count,3,total_documents_created,10,document_quality (1-5),4,test_execution_time (hrs),8
633,Company_N,1991-10-31,Male,31-35,Software Engineer,13,Development,English,Sinhala,University_F,5,1,4,4,1,72.68,3,14.97,3,11,14,2,18,Self-learning,1,0.61,33,54,16,HR Management System,25,164,7,5.77,5,1,0,total_deployments,16,successful_deployments,5,deployment_time_efficiency,0.69,incident_count,10,system_downtime (hrs),41.6,automated_pipeline_stages,8,total_pipeline_stages,10
634,Company_M,1990-07-18,Male,31-35,Business Analyst,14,Business Analysis,English,Sinhala,University_E,3,2,2,4,4,97.13,5,0.8,1,14,20,2,11,Online courses / certifications,4,0.63,64,102,15,Inventory Management System,11,324,5,5.37,1,0,3,tasks_completed,14,project_delay (days),17,changing_relative_effort,77,sprint_velocity,10,team_velocity,31,stakeholder_satisfaction(1-5),4,milestone_completion_rate,3
635,Company_A,1979-04-20,Male,41-45,DevOps Engineer,25,DevOps,Tamil,Muslim,University_K,1,5,4,2,1,97.39,5,3.34,5,7,4,5,30,On-the-job learning,5,0.48,56,117,9,Customer Portal,46,440,8,5.96,3,4,3,tasks_completed,16,project_delay (days),0,changing_relative_effort,149,sprint_velocity,38,team_velocity,63,stakeholder_satisfaction(1-5),4,milestone_completion_rate,1
636,Company_E,1990-07-13,Female,31-35,Business Analyst,14,Business Analysis,Tamil,Muslim,University_F,2,1,2,5,3,24.01,1,14.41,3,2,3,2,34,None observed,2,0.59,65,110,22,Marketing Management System,45,317,14,3.32,1,4,1,total_test_cases_executed,99,total_pass_test_cases,95,total_bugs_detected,22,defect_reopened_count,3,total_documents_created,10,document_quality (1-5),3,test_execution_time (hrs),3
637,Company_M,1995-02-03,Male,26-30,QA Engineer,9,QA,Tamil,Tamil,University_P,1,4,5,2,1,95.44,5,12.1,1,3,20,5,0,Formal training,7,0.5,59,117,15,Inventory Management System,28,407,6,4.64,1,3,5,tasks_assigned,24,tasks_completed,11,tasks_on_time,3,bug_count,9,bugs_fixed_count,8,code_quality (1-10),2,rework_count,0
638,Company_D,1982-12-08,Male,41-45,Software Engineer,22,Development,Tamil,Muslim,University_L,2,2,2,1,4,62.67,2,16.63,3,11,14,5,24,Knowledge sharing,4,0.42,35,84,5,Hospital Information System,10,118,5,6.33,4,7,4,total_test_cases_executed,22,total_pass_test_cases,10,total_bugs_detected,11,defect_reopened_count,4,total_documents_created,3,document_quality (1-5),2,test_execution_time (hrs),9
639,Company_N,1989-08-25,Male,31-35,Business Analyst,15,Business Analysis,Sinhala,Tamil,University_A,4,2,5,5,3,99.18,5,9.93,2,18,4,4,26,None observed,3,0.52,14,27,16,HR Management System,17,81,15,5.5,0,5,3,tasks_completed,9,project_delay (days),24,changing_relative_effort,173,sprint_velocity,44,team_velocity,61,stakeholder_satisfaction(1-5),4,milestone_completion_rate,3
640,Company_E,1991-07-22,Female,31-35,Software Engineer,13,Development,English,Sinhala,University_R,2,1,1,2,4,67.9,2,18.74,4,14,14,3,26,Formal training,7,0.79,63,80,22,Marketing Management System,47,320,8,9.83,3,2,4,total_test_cases_executed,76,total_pass_test_cases,38,total_bugs_detected,1,defect_reopened_count,1,total_documents_created,7,document_quality (1-5),3,test_execution_time (hrs),2
641,Company_F,1992-08-03,Female,31-35,QA Engineer,12,QA,Tamil,Tamil,University_C,5,3,3,3,3,85.47,4,7.89,2,10,12,1,33,None observed,1,0.85,51,60,7,Payroll Automation,42,76,8,9.06,5,0,2,total_test_cases_executed,76,total_pass_test_cases,66,total_bugs_detected,12,defect_reopened_count,9,total_documents_created,11,document_quality (1-5),2,test_execution_time (hrs),2
642,Company_I,1995-11-14,Female,26-30,QA Engineer,9,QA,Tamil,Sinhala,University_I,1,3,2,4,3,86.86,4,21.13,2,17,8,3,31,Online courses / certifications,8,0.5,15,30,12,Fleet Management System,30,280,2,7.63,4,9,3,total_deployments,16,successful_deployments,10,deployment_time_efficiency,0.54,incident_count,2,system_downtime (hrs),20.9,automated_pipeline_stages,2,total_pipeline_stages,2
643,Company_L,1997-05-03,Male,26-30,Software Engineer,7,Development,Sinhala,Muslim,University_A,4,5,5,5,4,74.05,3,14.33,4,9,4,2,24,Online courses / certifications,4,0.72,18,25,21,Medi Care App,42,111,9,1.96,1,0,2,total_test_cases_executed,30,total_pass_test_cases,19,total_bugs_detected,28,defect_reopened_count,17,total_documents_created,6,document_quality (1-5),2,test_execution_time (hrs),3
644,Company_H,1992-12-03,Female,31-35,Software Engineer,12,Development,Sinhala,Sinhala,University_E,1,5,2,2,1,24.18,1,4.37,5,17,15,2,8,Research & innovation,2,0.65,20,31,17,Learning Management System,35,474,3,1.54,4,0,0,tasks_completed,15,project_delay (days),14,changing_relative_effort,54,sprint_velocity,23,team_velocity,71,stakeholder_satisfaction(1-5),5,milestone_completion_rate,3
645,Company_H,1986-06-11,Male,36-40,DevOps Engineer,18,DevOps,English,Muslim,University_M,4,5,4,1,5,97.41,5,14.32,1,1,0,4,36,Self-learning,3,0.4,25,62,17,Learning Management System,19,334,2,5.86,4,0,5,tasks_completed,13,project_delay (days),24,changing_relative_effort,133,sprint_velocity,26,team_velocity,23,stakeholder_satisfaction(1-5),2,milestone_completion_rate,2
646,Company_E,1980-04-04,Male,41-45,Project Manager,24,Project Management,Tamil,Muslim,University_U,2,3,1,1,5,88.39,4,10.6,2,12,15,6,8,None observed,9,0.85,35,41,22,Marketing Management System,49,264,9,4.56,2,2,3,tasks_assigned,10,tasks_completed,9,tasks_on_time,4,bug_count,11,bugs_fixed_count,3,code_quality (1-10),6,rework_count,2
647,Company_A,1999-09-24,Female,20-25,Business Analyst,5,Business Analysis,Tamil,Tamil,University_A,3,2,3,5,2,72.94,3,0.76,4,17,14,4,25,Self-learning,8,0.65,30,46,9,Customer Portal,15,445,3,9.14,2,3,4,tasks_assigned,6,tasks_completed,3,tasks_on_time,2,bug_count,17,bugs_fixed_count,1,code_quality (1-10),6,rework_count,1
648,Company_T,1984-01-30,Female,36-40,Business Analyst,20,Business Analysis,English,Tamil,University_O,3,1,4,3,1,74.05,3,0.89,5,24,16,4,24,Research & innovation,7,0.55,16,29,3,Insurance Claims Platform,18,487,8,6.23,4,8,2,tasks_assigned,27,tasks_completed,26,tasks_on_time,6,bug_count,19,bugs_fixed_count,6,code_quality (1-10),8,rework_count,1
649,Company_G,1985-07-20,Male,36-40,Software Engineer,19,Development,Tamil,Sinhala,University_L,4,4,4,1,3,79.99,3,6.01,5,24,17,2,4,Knowledge sharing,3,0.5,51,101,2,ERP Integration Module,29,210,15,6.51,4,2,0,total_deployments,4,successful_deployments,1,deployment_time_efficiency,0.47,incident_count,7,system_downtime (hrs),19.3,automated_pipeline_stages,2,total_pipeline_stages,9
650,Company_E,2001-08-17,Female,20-25,DevOps Engineer,3,DevOps,English,Tamil,University_N,5,3,1,4,3,95.87,5,17.64,1,18,11,3,27,Self-learning,3,0.86,91,106,22,Marketing Management System,12,266,15,9.56,3,5,1,total_test_cases_executed,95,total_pass_test_cases,65,total_bugs_detected,20,defect_reopened_count,12,total_documents_created,5,document_quality (1-5),2,test_execution_time (hrs),9
651,Company_P,1986-03-24,Female,36-40,Project Manager,18,Project Management,Sinhala,Tamil,University_E,1,5,4,3,4,93.17,4,24,1,2,19,3,17,On-the-job learning,9,0.65,24,37,11,Telecom Billing System,26,55,7,1.85,1,2,0,total_deployments,19,successful_deployments,3,deployment_time_efficiency,0.51,incident_count,10,system_downtime (hrs),40.4,automated_pipeline_stages,8,total_pipeline_stages,9
652,Company_K,1995-03-01,Female,26-30,Business Analyst,9,Business Analysis,Tamil,Sinhala,University_G,5,5,5,3,2,74.87,3,11.12,3,10,3,5,36,Formal training,8,0.95,37,39,14,Digital Wallet Platform,34,302,2,4.88,5,6,4,total_deployments,7,successful_deployments,3,deployment_time_efficiency,0.92,incident_count,2,system_downtime (hrs),28.3,automated_pipeline_stages,7,total_pipeline_stages,9
653,Company_D,2002-09-12,Male,20-25,Software Engineer,2,Development,Tamil,Sinhala,University_D,4,3,3,3,5,96.72,5,11.54,2,23,12,5,1,On-the-job learning,3,0.83,77,93,5,Hospital Information System,51,310,6,4.58,1,10,4,total_test_cases_executed,31,total_pass_test_cases,23,total_bugs_detected,9,defect_reopened_count,3,total_documents_created,14,document_quality (1-5),4,test_execution_time (hrs),9
654,Company_N,1979-08-22,Male,41-45,DevOps Engineer,25,DevOps,English,Sinhala,University_J,1,1,1,5,5,85.69,4,19.03,2,4,8,4,2,Self-learning,10,0.97,116,120,16,HR Management System,9,485,4,8.14,1,4,0,total_deployments,10,successful_deployments,9,deployment_time_efficiency,0.7,incident_count,9,system_downtime (hrs),0.5,automated_pipeline_stages,1,total_pipeline_stages,10
655,Company_B,1989-02-18,Female,31-35,Software Engineer,15,Development,Tamil,Muslim,University_L,5,1,3,2,4,89.46,4,23.42,2,6,3,4,8,Research & innovation,9,0.7,19,27,6,Supply Chain Tracker,40,162,5,4.34,1,8,4,tasks_completed,6,project_delay (days),4,changing_relative_effort,91,sprint_velocity,29,team_velocity,73,stakeholder_satisfaction(1-5),3,milestone_completion_rate,1
656,Company_P,1980-01-13,Male,41-45,Software Engineer,24,Development,English,Tamil,University_P,5,3,3,2,1,80.02,3,17.07,1,22,6,3,15,None observed,4,0.94,112,119,11,Telecom Billing System,49,231,2,1.13,2,3,3,tasks_completed,6,project_delay (days),6,changing_relative_effort,119,sprint_velocity,37,team_velocity,25,stakeholder_satisfaction(1-5),3,milestone_completion_rate,3
657,Company_T,1987-06-08,Male,36-40,Software Engineer,17,Development,English,Tamil,University_F,3,5,2,3,4,62.88,2,7.53,1,10,15,3,15,Self-learning,4,0.6,25,42,3,Insurance Claims Platform,15,287,9,6.93,3,8,2,total_test_cases_executed,71,total_pass_test_cases,53,total_bugs_detected,28,defect_reopened_count,24,total_documents_created,1,document_quality (1-5),3,test_execution_time (hrs),7
658,Company_L,1991-06-02,Male,31-35,Business Analyst,13,Business Analysis,Tamil,Tamil,University_P,2,3,5,1,2,66.67,2,1.97,3,24,10,4,13,Knowledge sharing,9,0.72,56,78,21,Medi Care App,39,162,9,3.77,2,1,3,tasks_assigned,10,tasks_completed,4,tasks_on_time,2,bug_count,11,bugs_fixed_count,6,code_quality (1-10),8,rework_count,1
659,Company_G,2001-10-13,Female,20-25,Business Analyst,3,Business Analysis,Sinhala,Muslim,University_B,3,4,1,1,3,79.36,3,10.18,5,14,14,3,36,Research & innovation,4,0.74,88,119,2,ERP Integration Module,8,384,2,9.81,0,9,2,tasks_assigned,12,tasks_completed,9,tasks_on_time,5,bug_count,20,bugs_fixed_count,10,code_quality (1-10),5,rework_count,2
660,Company_R,1991-11-09,Male,31-35,Software Engineer,13,Development,Sinhala,Tamil,University_S,3,2,4,1,3,44.2,1,9.42,5,16,9,4,1,On-the-job learning,1,0.95,101,106,19,E-Commerce Platform,7,252,13,4.38,4,7,5,tasks_completed,12,project_delay (days),28,changing_relative_effort,156,sprint_velocity,26,team_velocity,77,stakeholder_satisfaction(1-5),3,milestone_completion_rate,3
661,Company_P,1987-08-24,Male,36-40,Software Engineer,17,Development,English,Muslim,University_E,1,3,5,2,3,70.63,3,12.47,3,12,4,3,20,Self-learning,2,1,37,37,11,Telecom Billing System,23,221,2,7.28,5,8,3,tasks_assigned,5,tasks_completed,3,tasks_on_time,1,bug_count,11,bugs_fixed_count,6,code_quality (1-10),8,rework_count,3
662,Company_E,2000-09-13,Female,20-25,Business Analyst,4,Business Analysis,Sinhala,Muslim,University_H,4,5,2,2,2,81.21,3,10.56,4,12,9,3,8,Self-learning,1,0.98,84,86,22,Marketing Management System,30,489,9,9.2,5,4,0,tasks_assigned,24,tasks_completed,1,tasks_on_time,1,bug_count,16,bugs_fixed_count,16,code_quality (1-10),5,rework_count,1
663,Company_K,1996-06-14,Female,26-30,Software Engineer,8,Development,English,Tamil,University_S,5,2,5,4,3,55.75,2,6.52,3,8,16,1,31,None observed,7,0.42,25,59,14,Digital Wallet Platform,7,184,12,8.71,3,1,4,tasks_assigned,17,tasks_completed,15,tasks_on_time,0,bug_count,13,bugs_fixed_count,6,code_quality (1-10),3,rework_count,0
664,Company_L,1995-06-23,Female,26-30,Software Engineer,9,Development,Tamil,Sinhala,University_N,1,3,4,2,5,91.89,4,20.62,4,8,8,2,1,On-the-job learning,6,0.65,68,104,21,Medi Care App,9,284,13,9.23,0,8,3,total_test_cases_executed,49,total_pass_test_cases,39,total_bugs_detected,8,defect_reopened_count,2,total_documents_created,7,document_quality (1-5),3,test_execution_time (hrs),2
665,Company_H,1999-11-07,Male,20-25,QA Engineer,5,QA,Sinhala,Tamil,University_C,5,4,4,4,1,36.96,1,5.4,5,12,19,4,31,Research & innovation,8,0.43,24,56,17,Learning Management System,43,224,15,5.85,1,0,2,total_deployments,9,successful_deployments,9,deployment_time_efficiency,0.67,incident_count,4,system_downtime (hrs),11.1,automated_pipeline_stages,5,total_pipeline_stages,10
666,Company_S,1980-04-13,Male,41-45,Project Manager,24,Project Management,English,Tamil,University_D,5,3,2,4,1,99.85,5,4.35,4,11,9,5,35,Self-learning,9,0.74,37,50,13,CRM Platform,41,420,12,2.28,5,8,0,total_deployments,11,successful_deployments,0,deployment_time_efficiency,0.44,incident_count,7,system_downtime (hrs),37.2,automated_pipeline_stages,2,total_pipeline_stages,9
667,Company_D,1996-02-14,Male,26-30,QA Engineer,8,QA,Tamil,Tamil,University_H,2,3,3,1,2,70.45,3,6.39,4,21,13,4,10,On-the-job learning,3,1,112,112,5,Hospital Information System,33,125,10,5.57,4,5,4,tasks_completed,6,project_delay (days),20,changing_relative_effort,169,sprint_velocity,50,team_velocity,37,stakeholder_satisfaction(1-5),1,milestone_completion_rate,3
668,Company_S,1984-09-08,Male,36-40,QA Engineer,20,QA,English,Sinhala,University_N,2,3,4,3,5,61.95,2,6.93,3,18,19,3,30,Self-learning,9,0.39,17,44,13,CRM Platform,21,187,5,3.93,4,6,5,tasks_assigned,25,tasks_completed,6,tasks_on_time,5,bug_count,8,bugs_fixed_count,5,code_quality (1-10),10,rework_count,5
669,Company_H,2003-07-16,Male,20-25,DevOps Engineer,1,DevOps,Sinhala,Tamil,University_A,5,1,5,5,3,61.43,2,14.29,1,20,9,3,6,On-the-job learning,3,0.81,38,47,17,Learning Management System,39,186,11,5.06,5,0,1,tasks_assigned,24,tasks_completed,13,tasks_on_time,10,bug_count,14,bugs_fixed_count,0,code_quality (1-10),2,rework_count,2
670,Company_J,1984-02-14,Female,36-40,DevOps Engineer,20,DevOps,English,Tamil,University_R,1,1,2,4,3,63.47,2,8.14,4,11,9,2,13,None observed,8,0.74,48,65,1,Logistics Dashboard,32,305,5,5.66,2,6,3,total_deployments,5,successful_deployments,1,deployment_time_efficiency,0.97,incident_count,3,system_downtime (hrs),20.5,automated_pipeline_stages,7,total_pipeline_stages,10
671,Company_A,1982-12-02,Male,41-45,Software Engineer,22,Development,Sinhala,Muslim,University_S,1,2,5,2,4,86.3,4,21.2,5,8,9,1,19,Online courses / certifications,9,0.65,70,107,9,Customer Portal,4,246,8,4.58,3,9,4,total_deployments,14,successful_deployments,2,deployment_time_efficiency,0.43,incident_count,5,system_downtime (hrs),18.1,automated_pipeline_stages,3,total_pipeline_stages,6
672,Company_C,2003-10-01,Female,20-25,Software Engineer,1,Development,Sinhala,Tamil,University_K,2,1,4,2,2,98.36,5,18.36,3,20,13,5,29,On-the-job learning,2,0.88,69,78,23,Delivery Service App,42,320,13,2.71,4,1,1,total_deployments,5,successful_deployments,3,deployment_time_efficiency,0.31,incident_count,0,system_downtime (hrs),43,automated_pipeline_stages,5,total_pipeline_stages,7
673,Company_O,1979-11-15,Male,41-45,QA Engineer,25,QA,Tamil,Sinhala,University_G,5,5,5,3,1,79.16,3,17.62,1,8,9,4,10,Research & innovation,2,0.64,38,59,20,Banking Mobile App,34,117,2,6.32,4,6,5,tasks_assigned,15,tasks_completed,14,tasks_on_time,10,bug_count,12,bugs_fixed_count,4,code_quality (1-10),2,rework_count,5
674,Company_I,1987-07-23,Female,36-40,DevOps Engineer,17,DevOps,Sinhala,Tamil,University_E,2,2,4,4,4,59.06,2,7.09,5,14,4,1,40,Self-learning,2,0.54,61,114,12,Fleet Management System,6,382,15,4.33,4,2,0,tasks_completed,3,project_delay (days),15,changing_relative_effort,143,sprint_velocity,25,team_velocity,60,stakeholder_satisfaction(1-5),5,milestone_completion_rate,3
675,Company_L,1994-06-19,Female,26-30,Project Manager,10,Project Management,Sinhala,Sinhala,University_D,4,1,1,4,5,65.49,2,17.27,5,25,0,2,40,Online courses / certifications,5,0.87,26,30,21,Medi Care App,34,388,11,3.84,3,1,0,total_deployments,2,successful_deployments,1,deployment_time_efficiency,0.64,incident_count,3,system_downtime (hrs),30.8,automated_pipeline_stages,2,total_pipeline_stages,9
676,Company_O,1987-04-20,Female,36-40,Business Analyst,17,Business Analysis,English,Muslim,University_M,1,4,5,2,2,96.71,5,18.93,5,16,16,3,21,Research & innovation,6,0.51,52,102,20,Banking Mobile App,23,190,15,5.04,4,9,0,tasks_completed,9,project_delay (days),15,changing_relative_effort,160,sprint_velocity,11,team_velocity,48,stakeholder_satisfaction(1-5),4,milestone_completion_rate,3
677,Company_Q,1980-09-24,Female,41-45,Business Analyst,24,Business Analysis,Sinhala,Muslim,University_L,2,2,3,5,1,90.48,4,16.89,2,4,4,4,14,Self-learning,5,0.98,94,96,18,Smart Grid Monitor,28,148,6,1.33,0,8,2,total_deployments,17,successful_deployments,0,deployment_time_efficiency,0.54,incident_count,8,system_downtime (hrs),35.6,automated_pipeline_stages,2,total_pipeline_stages,7
678,Company_H,1991-12-12,Male,31-35,Software Engineer,13,Development,Tamil,Tamil,University_Q,2,3,4,3,5,67.05,2,16.4,5,4,16,1,13,Knowledge sharing,10,0.95,87,92,17,Learning Management System,5,439,5,6.44,5,8,1,tasks_assigned,10,tasks_completed,2,tasks_on_time,2,bug_count,0,bugs_fixed_count,0,code_quality (1-10),6,rework_count,3
679,Company_M,1980-08-27,Male,41-45,Software Engineer,24,Development,Sinhala,Muslim,University_P,3,4,4,5,3,80.97,3,6,3,11,4,3,0,On-the-job learning,9,0.94,84,89,15,Inventory Management System,48,273,13,6.4,1,3,2,tasks_assigned,28,tasks_completed,14,tasks_on_time,2,bug_count,6,bugs_fixed_count,0,code_quality (1-10),9,rework_count,4
680,Company_I,1984-04-23,Male,36-40,DevOps Engineer,20,DevOps,English,Muslim,University_S,1,5,2,1,1,71.75,3,8.65,2,23,5,5,18,Self-learning,4,0.65,53,82,12,Fleet Management System,18,90,3,2.8,1,6,3,tasks_assigned,8,tasks_completed,2,tasks_on_time,1,bug_count,17,bugs_fixed_count,8,code_quality (1-10),6,rework_count,4
681,Company_S,2000-04-30,Female,20-25,Business Analyst,4,Business Analysis,Sinhala,Muslim,University_T,1,5,4,3,2,45.81,1,15.06,5,15,9,1,34,Formal training,4,0.69,45,65,13,CRM Platform,22,295,13,7.28,0,8,5,total_deployments,5,successful_deployments,5,deployment_time_efficiency,0.93,incident_count,1,system_downtime (hrs),21.3,automated_pipeline_stages,2,total_pipeline_stages,6
682,Company_J,1984-09-27,Female,36-40,Project Manager,20,Project Management,Tamil,Muslim,University_E,5,2,3,5,2,28.83,1,12.4,5,11,18,4,6,Knowledge sharing,9,0.81,87,107,1,Logistics Dashboard,23,58,4,4.37,4,7,0,tasks_completed,7,project_delay (days),29,changing_relative_effort,149,sprint_velocity,43,team_velocity,45,stakeholder_satisfaction(1-5),1,milestone_completion_rate,5
683,Company_J,2000-10-08,Male,20-25,Business Analyst,4,Business Analysis,English,Sinhala,University_H,2,5,3,5,5,78.14,3,18.84,4,18,10,5,0,Online courses / certifications,10,0.66,25,38,1,Logistics Dashboard,44,64,4,4.28,0,9,2,tasks_assigned,15,tasks_completed,3,tasks_on_time,1,bug_count,14,bugs_fixed_count,12,code_quality (1-10),4,rework_count,3
684,Company_G,1982-12-06,Male,41-45,QA Engineer,22,QA,Sinhala,Tamil,University_N,5,2,2,4,3,37,1,17.63,3,19,5,2,24,None observed,2,0.71,36,51,4,Loan Origination System,22,405,6,9.33,1,8,0,total_deployments,4,successful_deployments,4,deployment_time_efficiency,0.31,incident_count,8,system_downtime (hrs),5.8,automated_pipeline_stages,7,total_pipeline_stages,9
685,Company_P,1982-12-02,Male,41-45,DevOps Engineer,22,DevOps,Tamil,Tamil,University_J,4,3,1,5,3,24.88,1,16.82,2,16,16,2,2,None observed,10,0.92,54,59,11,Telecom Billing System,30,480,4,3.79,3,0,3,tasks_completed,1,project_delay (days),9,changing_relative_effort,164,sprint_velocity,50,team_velocity,29,stakeholder_satisfaction(1-5),4,milestone_completion_rate,5
686,Company_K,1982-05-08,Male,41-45,Software Engineer,22,Development,Sinhala,Tamil,University_M,3,5,5,5,5,45.66,1,19.78,2,14,5,4,6,Formal training,5,0.43,43,99,14,Digital Wallet Platform,12,141,6,3.72,1,3,4,tasks_assigned,15,tasks_completed,5,tasks_on_time,3,bug_count,18,bugs_fixed_count,8,code_quality (1-10),2,rework_count,3
687,Company_C,1981-03-26,Female,41-45,Project Manager,23,Project Management,Tamil,Muslim,University_T,5,1,1,5,2,66.73,2,16.97,2,3,20,3,12,Research & innovation,9,0.87,54,62,23,Delivery Service App,25,248,3,5.98,1,5,5,tasks_assigned,24,tasks_completed,16,tasks_on_time,8,bug_count,20,bugs_fixed_count,17,code_quality (1-10),5,rework_count,4
688,Company_T,1991-10-20,Male,31-35,Software Engineer,13,Development,English,Muslim,University_T,5,4,1,1,5,99.38,5,13.4,4,4,11,2,29,On-the-job learning,5,0.6,24,40,3,Insurance Claims Platform,17,147,15,8.36,5,9,5,tasks_assigned,20,tasks_completed,7,tasks_on_time,2,bug_count,6,bugs_fixed_count,4,code_quality (1-10),10,rework_count,3
689,Company_L,1986-11-19,Female,36-40,Business Analyst,18,Business Analysis,English,Tamil,University_Q,5,2,3,4,4,91.36,4,1.14,1,2,2,3,19,Research & innovation,8,0.84,84,100,21,Medi Care App,12,172,12,2.64,4,1,2,tasks_completed,1,project_delay (days),2,changing_relative_effort,158,sprint_velocity,49,team_velocity,32,stakeholder_satisfaction(1-5),2,milestone_completion_rate,4
690,Company_G,2000-04-09,Male,20-25,Software Engineer,4,Development,Sinhala,Muslim,University_N,4,1,4,1,2,65.09,2,1.41,1,11,14,5,26,Research & innovation,7,0.76,52,68,4,Loan Origination System,40,403,11,6.6,1,8,1,total_deployments,4,successful_deployments,0,deployment_time_efficiency,0.3,incident_count,6,system_downtime (hrs),37.9,automated_pipeline_stages,4,total_pipeline_stages,5
691,Company_E,1984-06-08,Female,36-40,Software Engineer,20,Development,Sinhala,Muslim,University_B,5,3,1,3,5,31.05,1,13.83,4,17,8,3,20,Research & innovation,9,0.86,18,21,22,Marketing Management System,27,76,5,4.41,0,5,4,tasks_assigned,15,tasks_completed,3,tasks_on_time,2,bug_count,4,bugs_fixed_count,2,code_quality (1-10),2,rework_count,0
692,Company_M,1982-06-07,Male,41-45,DevOps Engineer,22,DevOps,Sinhala,Tamil,University_B,4,5,3,3,1,98.06,5,14.13,4,18,11,2,10,Self-learning,10,0.69,36,52,15,Inventory Management System,16,462,10,6.96,2,10,3,tasks_completed,9,project_delay (days),30,changing_relative_effort,155,sprint_velocity,56,team_velocity,24,stakeholder_satisfaction(1-5),2,milestone_completion_rate,3
693,Company_G,2003-12-11,Male,20-25,DevOps Engineer,1,DevOps,Sinhala,Tamil,University_D,5,4,5,1,4,30.27,1,14.92,3,18,11,1,31,Formal training,8,0.51,37,73,4,Loan Origination System,42,409,14,6.96,1,6,3,tasks_assigned,14,tasks_completed,4,tasks_on_time,1,bug_count,4,bugs_fixed_count,1,code_quality (1-10),10,rework_count,2
694,Company_S,1995-08-11,Female,26-30,Software Engineer,9,Development,English,Muslim,University_J,1,3,3,4,1,52.53,2,19.07,3,4,18,4,13,On-the-job learning,4,0.84,38,45,13,CRM Platform,51,407,4,2.24,1,9,4,total_deployments,10,successful_deployments,7,deployment_time_efficiency,0.51,incident_count,10,system_downtime (hrs),7.8,automated_pipeline_stages,7,total_pipeline_stages,10
695,Company_Q,1996-05-30,Female,26-30,DevOps Engineer,8,DevOps,English,Sinhala,University_D,3,1,4,2,1,95.91,5,21.18,1,10,17,5,16,Research & innovation,4,0.54,15,28,18,Smart Grid Monitor,40,378,7,4.61,3,9,4,total_deployments,18,successful_deployments,8,deployment_time_efficiency,0.57,incident_count,10,system_downtime (hrs),15.6,automated_pipeline_stages,7,total_pipeline_stages,10
696,Company_R,1982-01-01,Male,41-45,DevOps Engineer,22,DevOps,Tamil,Muslim,University_D,4,2,2,2,1,90.66,4,7.87,1,8,5,4,29,On-the-job learning,1,0.44,51,117,19,E-Commerce Platform,26,213,13,5.05,4,6,2,total_test_cases_executed,52,total_pass_test_cases,31,total_bugs_detected,21,defect_reopened_count,16,total_documents_created,7,document_quality (1-5),2,test_execution_time (hrs),8
697,Company_B,1999-04-26,Female,20-25,DevOps Engineer,5,DevOps,Sinhala,Tamil,University_I,3,3,5,4,1,91.06,4,9.6,5,5,2,1,4,None observed,4,0.72,59,82,6,Supply Chain Tracker,24,104,4,2.58,2,4,2,total_test_cases_executed,18,total_pass_test_cases,16,total_bugs_detected,18,defect_reopened_count,15,total_documents_created,15,document_quality (1-5),2,test_execution_time (hrs),2
698,Company_R,1987-04-09,Male,36-40,DevOps Engineer,17,DevOps,English,Sinhala,University_E,2,4,1,4,2,85.88,4,9.17,5,16,11,2,29,Formal training,4,0.89,81,91,19,E-Commerce Platform,45,260,2,2.56,5,5,5,total_test_cases_executed,16,total_pass_test_cases,7,total_bugs_detected,0,defect_reopened_count,0,total_documents_created,12,document_quality (1-5),1,test_execution_time (hrs),3
699,Company_O,1999-06-04,Male,20-25,Software Engineer,5,Development,Sinhala,Sinhala,University_O,2,3,2,1,1,76.79,3,0.78,5,2,11,2,9,Knowledge sharing,5,0.51,47,93,20,Banking Mobile App,33,154,7,7.78,3,7,2,tasks_assigned,21,tasks_completed,1,tasks_on_time,1,bug_count,15,bugs_fixed_count,7,code_quality (1-10),6,rework_count,5
700,Company_S,1994-02-23,Female,26-30,Software Engineer,10,Development,English,Sinhala,University_M,5,4,2,4,5,99.57,5,8.92,3,13,20,2,11,Online courses / certifications,5,0.89,47,53,13,CRM Platform,43,480,15,1.16,1,4,1,tasks_assigned,6,tasks_completed,2,tasks_on_time,0,bug_count,18,bugs_fixed_count,14,code_quality (1-10),7,rework_count,3
701,Company_I,2002-05-29,Male,20-25,QA Engineer,2,QA,English,Muslim,University_F,3,1,4,3,4,76.26,3,17.92,1,1,15,3,13,Knowledge sharing,2,0.99,66,67,12,Fleet Management System,19,381,14,2.98,3,0,5,total_test_cases_executed,92,total_pass_test_cases,46,total_bugs_detected,23,defect_reopened_count,17,total_documents_created,7,document_quality (1-5),4,test_execution_time (hrs),8
702,Company_F,1992-01-12,Female,31-35,Software Engineer,12,Development,English,Sinhala,University_L,5,2,1,2,4,73.42,3,8.92,5,2,18,5,28,None observed,6,0.73,63,86,7,Payroll Automation,28,471,7,8.4,4,4,3,tasks_assigned,24,tasks_completed,18,tasks_on_time,18,bug_count,0,bugs_fixed_count,0,code_quality (1-10),9,rework_count,1
703,Company_K,2000-01-22,Male,20-25,Project Manager,4,Project Management,Tamil,Muslim,University_U,5,4,2,4,3,88.63,4,2.53,1,3,7,1,14,None observed,6,0.97,68,70,14,Digital Wallet Platform,41,215,13,3.34,5,7,3,tasks_completed,16,project_delay (days),10,changing_relative_effort,130,sprint_velocity,22,team_velocity,57,stakeholder_satisfaction(1-5),3,milestone_completion_rate,5
704,Company_A,1990-09-11,Male,31-35,Business Analyst,14,Business Analysis,English,Tamil,University_T,1,3,5,2,3,98.3,5,21.18,3,23,20,5,28,Research & innovation,3,0.89,50,56,9,Customer Portal,5,490,4,9.64,5,7,3,tasks_completed,3,project_delay (days),4,changing_relative_effort,110,sprint_velocity,47,team_velocity,45,stakeholder_satisfaction(1-5),4,milestone_completion_rate,2
705,Company_C,2003-06-06,Male,20-25,Project Manager,1,Project Management,Tamil,Muslim,University_B,3,4,2,3,2,48.35,1,13.33,2,3,14,5,12,On-the-job learning,7,0.48,29,61,23,Delivery Service App,6,497,3,1.42,4,2,1,tasks_assigned,20,tasks_completed,5,tasks_on_time,4,bug_count,17,bugs_fixed_count,4,code_quality (1-10),4,rework_count,4
706,Company_K,1986-04-16,Female,36-40,DevOps Engineer,18,DevOps,Tamil,Muslim,University_J,2,3,3,4,2,27.53,1,19.35,5,14,3,5,15,On-the-job learning,9,0.93,109,117,14,Digital Wallet Platform,4,459,9,4.98,5,1,1,tasks_completed,7,project_delay (days),3,changing_relative_effort,132,sprint_velocity,31,team_velocity,41,stakeholder_satisfaction(1-5),4,milestone_completion_rate,4
707,Company_C,1991-12-27,Male,31-35,Business Analyst,13,Business Analysis,Sinhala,Tamil,University_L,2,3,2,5,3,86.62,4,18.97,3,11,7,4,36,Knowledge sharing,7,0.66,65,99,23,Delivery Service App,7,383,13,1.92,1,3,5,total_deployments,11,successful_deployments,0,deployment_time_efficiency,0.44,incident_count,8,system_downtime (hrs),47.5,automated_pipeline_stages,2,total_pipeline_stages,7
708,Company_F,1995-09-03,Male,26-30,Business Analyst,9,Business Analysis,English,Tamil,University_F,5,1,1,3,1,28.08,1,23.3,4,17,7,2,19,Knowledge sharing,10,0.6,31,52,7,Payroll Automation,52,168,15,7.95,5,6,2,total_deployments,1,successful_deployments,0,deployment_time_efficiency,0.6,incident_count,2,system_downtime (hrs),29.4,automated_pipeline_stages,8,total_pipeline_stages,8
709,Company_P,1995-11-09,Female,26-30,DevOps Engineer,9,DevOps,Sinhala,Muslim,University_C,5,1,5,2,5,96.63,5,2.76,1,24,9,1,5,Formal training,9,0.63,48,76,11,Telecom Billing System,45,133,15,3.04,1,4,0,total_test_cases_executed,58,total_pass_test_cases,54,total_bugs_detected,23,defect_reopened_count,11,total_documents_created,2,document_quality (1-5),3,test_execution_time (hrs),7
710,Company_F,1994-06-24,Male,26-30,Business Analyst,10,Business Analysis,Tamil,Muslim,University_R,3,3,2,3,1,78.21,3,11.32,1,6,0,5,0,Formal training,9,0.98,59,60,7,Payroll Automation,51,362,3,4.82,3,0,2,tasks_assigned,5,tasks_completed,2,tasks_on_time,0,bug_count,2,bugs_fixed_count,2,code_quality (1-10),7,rework_count,3
711,Company_D,2003-06-23,Male,20-25,DevOps Engineer,1,DevOps,Sinhala,Muslim,University_F,3,3,5,5,4,43.81,1,11.02,3,12,12,3,25,Formal training,3,0.6,18,30,5,Hospital Information System,50,490,4,5.82,2,10,5,total_deployments,8,successful_deployments,3,deployment_time_efficiency,0.84,incident_count,0,system_downtime (hrs),39,automated_pipeline_stages,7,total_pipeline_stages,9
712,Company_R,1997-08-01,Female,26-30,DevOps Engineer,7,DevOps,Sinhala,Sinhala,University_U,5,2,1,5,3,41.23,1,2.03,3,11,1,3,12,Knowledge sharing,6,0.67,37,55,19,E-Commerce Platform,6,118,14,8.64,1,2,5,tasks_completed,8,project_delay (days),8,changing_relative_effort,200,sprint_velocity,44,team_velocity,22,stakeholder_satisfaction(1-5),1,milestone_completion_rate,5
713,Company_T,1996-07-06,Female,26-30,Business Analyst,8,Business Analysis,Tamil,Sinhala,University_E,1,5,5,5,3,99.91,5,1.24,2,21,1,1,13,Online courses / certifications,4,0.5,51,102,3,Insurance Claims Platform,8,284,6,8.66,2,6,2,tasks_completed,5,project_delay (days),27,changing_relative_effort,146,sprint_velocity,13,team_velocity,27,stakeholder_satisfaction(1-5),3,milestone_completion_rate,2
714,Company_E,1995-01-25,Male,26-30,DevOps Engineer,9,DevOps,Sinhala,Sinhala,University_C,3,4,3,1,3,32.45,1,21.14,2,15,4,4,21,Self-learning,5,0.42,31,73,22,Marketing Management System,24,51,4,7.69,2,5,0,tasks_completed,7,project_delay (days),26,changing_relative_effort,119,sprint_velocity,59,team_velocity,38,stakeholder_satisfaction(1-5),5,milestone_completion_rate,2
715,Company_F,1981-04-29,Female,41-45,Project Manager,23,Project Management,Sinhala,Tamil,University_R,5,2,3,2,4,79.81,3,14.02,2,20,3,4,21,Online courses / certifications,10,0.45,10,22,7,Payroll Automation,11,183,13,8.04,3,8,4,tasks_assigned,19,tasks_completed,19,tasks_on_time,10,bug_count,6,bugs_fixed_count,0,code_quality (1-10),2,rework_count,5
716,Company_S,2002-08-12,Female,20-25,Software Engineer,2,Development,Tamil,Sinhala,University_B,1,3,5,5,2,95.78,5,19.2,4,7,12,3,8,Formal training,3,0.81,30,37,13,CRM Platform,20,167,8,5.33,3,2,5,tasks_completed,4,project_delay (days),30,changing_relative_effort,53,sprint_velocity,41,team_velocity,71,stakeholder_satisfaction(1-5),3,milestone_completion_rate,3
717,Company_H,1997-02-17,Male,26-30,Software Engineer,7,Development,Sinhala,Tamil,University_Q,2,4,5,2,5,81.75,3,3.34,4,21,2,5,33,Knowledge sharing,2,0.65,66,101,17,Learning Management System,4,256,2,1.48,1,0,1,tasks_completed,17,project_delay (days),13,changing_relative_effort,135,sprint_velocity,51,team_velocity,64,stakeholder_satisfaction(1-5),5,milestone_completion_rate,5
718,Company_H,1999-10-17,Female,20-25,Software Engineer,5,Development,Sinhala,Tamil,University_M,3,3,4,3,2,29.39,1,12.63,5,9,13,5,14,None observed,10,0.91,78,86,17,Learning Management System,51,315,4,2.16,1,4,0,total_deployments,2,successful_deployments,1,deployment_time_efficiency,0.46,incident_count,9,system_downtime (hrs),6.3,automated_pipeline_stages,3,total_pipeline_stages,3
719,Company_S,1981-06-29,Female,41-45,Software Engineer,23,Development,Tamil,Muslim,University_P,4,2,2,3,2,35.27,1,19.74,3,21,0,3,18,Research & innovation,2,0.41,17,41,13,CRM Platform,19,425,11,3.29,3,10,2,total_test_cases_executed,52,total_pass_test_cases,8,total_bugs_detected,6,defect_reopened_count,2,total_documents_created,3,document_quality (1-5),3,test_execution_time (hrs),4
720,Company_L,1982-05-03,Male,41-45,Business Analyst,22,Business Analysis,English,Muslim,University_U,4,5,5,3,2,97.94,5,21.68,3,6,15,4,3,On-the-job learning,3,0.92,95,103,21,Medi Care App,18,232,8,8.51,0,5,5,tasks_completed,6,project_delay (days),12,changing_relative_effort,153,sprint_velocity,33,team_velocity,72,stakeholder_satisfaction(1-5),2,milestone_completion_rate,4
721,Company_S,1992-10-29,Female,31-35,Software Engineer,12,Development,English,Sinhala,University_K,3,5,4,2,1,30.14,1,9.43,5,1,16,5,16,None observed,3,0.58,14,24,13,CRM Platform,52,251,8,7.48,5,3,2,total_deployments,7,successful_deployments,6,deployment_time_efficiency,0.39,incident_count,10,system_downtime (hrs),42.3,automated_pipeline_stages,6,total_pipeline_stages,7
722,Company_O,1979-08-22,Female,41-45,Software Engineer,25,Development,Tamil,Muslim,University_Q,2,2,5,4,1,51.03,2,4.52,2,10,12,3,1,Formal training,8,0.63,61,97,20,Banking Mobile App,39,218,10,7.74,1,10,4,tasks_completed,1,project_delay (days),13,changing_relative_effort,75,sprint_velocity,35,team_velocity,66,stakeholder_satisfaction(1-5),3,milestone_completion_rate,2
723,Company_N,1987-08-20,Male,36-40,Software Engineer,17,Development,Sinhala,Sinhala,University_T,2,2,4,2,5,96.08,5,4.96,4,18,15,3,0,Research & innovation,7,0.98,40,41,16,HR Management System,12,244,2,5.24,1,0,0,total_test_cases_executed,45,total_pass_test_cases,34,total_bugs_detected,19,defect_reopened_count,13,total_documents_created,14,document_quality (1-5),3,test_execution_time (hrs),6
724,Company_E,2002-08-11,Male,20-25,DevOps Engineer,2,DevOps,Tamil,Sinhala,University_N,1,3,3,3,5,59.35,2,14.77,4,6,15,5,18,Online courses / certifications,2,0.67,20,30,22,Marketing Management System,26,434,8,2.85,1,9,0,tasks_completed,15,project_delay (days),4,changing_relative_effort,199,sprint_velocity,47,team_velocity,60,stakeholder_satisfaction(1-5),5,milestone_completion_rate,1
725,Company_J,1995-05-14,Male,26-30,DevOps Engineer,9,DevOps,Tamil,Tamil,University_S,4,1,3,1,4,22.76,1,21.89,4,16,18,4,38,Online courses / certifications,9,0.52,24,46,8,Microfinance Management System,10,249,3,2.53,4,0,0,tasks_completed,13,project_delay (days),24,changing_relative_effort,113,sprint_velocity,46,team_velocity,58,stakeholder_satisfaction(1-5),2,milestone_completion_rate,3
726,Company_B,1995-10-29,Female,26-30,QA Engineer,9,QA,English,Sinhala,University_O,1,4,5,5,1,64.09,2,7.9,2,25,14,4,27,Knowledge sharing,9,0.67,62,92,6,Supply Chain Tracker,17,69,3,9.95,4,1,0,tasks_assigned,17,tasks_completed,1,tasks_on_time,1,bug_count,18,bugs_fixed_count,18,code_quality (1-10),7,rework_count,0
727,Company_I,1997-04-19,Female,26-30,Software Engineer,7,Development,Tamil,Tamil,University_P,2,3,1,5,3,41.92,1,10.04,3,2,16,4,20,None observed,4,0.78,57,73,10,Government Tax Portal,20,306,13,9.41,2,8,2,tasks_assigned,9,tasks_completed,1,tasks_on_time,0,bug_count,10,bugs_fixed_count,3,code_quality (1-10),2,rework_count,0
728,Company_L,1991-05-24,Female,31-35,DevOps Engineer,13,DevOps,English,Sinhala,University_S,1,2,4,2,3,95.46,5,18.69,2,14,7,4,3,Knowledge sharing,6,0.83,60,72,21,Medi Care App,33,392,15,1.04,4,8,5,tasks_assigned,7,tasks_completed,3,tasks_on_time,0,bug_count,3,bugs_fixed_count,1,code_quality (1-10),9,rework_count,3
729,Company_O,1979-09-05,Female,41-45,DevOps Engineer,25,DevOps,Tamil,Tamil,University_P,3,2,1,1,1,26.28,1,15.37,5,19,8,4,15,None observed,2,0.66,19,29,20,Banking Mobile App,23,364,3,6.92,3,1,4,tasks_completed,10,project_delay (days),5,changing_relative_effort,113,sprint_velocity,51,team_velocity,29,stakeholder_satisfaction(1-5),2,milestone_completion_rate,2
730,Company_A,1985-04-24,Female,36-40,Software Engineer,19,Development,English,Muslim,University_I,2,2,2,2,3,71.94,3,10.16,1,22,3,5,4,Formal training,6,0.9,27,30,9,Customer Portal,22,299,13,8.28,5,7,4,total_deployments,18,successful_deployments,8,deployment_time_efficiency,0.66,incident_count,5,system_downtime (hrs),20.4,automated_pipeline_stages,5,total_pipeline_stages,9
731,Company_M,1986-10-22,Male,36-40,Business Analyst,18,Business Analysis,Sinhala,Tamil,University_L,4,5,2,3,5,55.99,2,18.55,3,13,2,5,36,Knowledge sharing,9,0.62,20,32,15,Inventory Management System,52,384,7,4.65,0,4,3,total_deployments,1,successful_deployments,1,deployment_time_efficiency,0.32,incident_count,0,system_downtime (hrs),4,automated_pipeline_stages,5,total_pipeline_stages,5
732,Company_R,1985-03-19,Female,36-40,Software Engineer,19,Development,Tamil,Tamil,University_O,5,5,2,3,2,88.96,4,18.34,2,5,17,4,31,On-the-job learning,2,0.85,74,87,19,E-Commerce Platform,4,291,8,2.52,4,1,0,tasks_completed,12,project_delay (days),27,changing_relative_effort,91,sprint_velocity,18,team_velocity,34,stakeholder_satisfaction(1-5),2,milestone_completion_rate,2
733,Company_N,1986-04-23,Female,36-40,Software Engineer,18,Development,Tamil,Sinhala,University_P,3,2,2,3,2,61.37,2,12.07,1,7,7,5,25,On-the-job learning,7,0.62,26,42,16,HR Management System,26,391,2,8.43,2,3,2,total_deployments,15,successful_deployments,4,deployment_time_efficiency,0.42,incident_count,10,system_downtime (hrs),25.5,automated_pipeline_stages,3,total_pipeline_stages,3
734,Company_B,1995-07-05,Female,26-30,Software Engineer,9,Development,English,Sinhala,University_O,3,5,1,5,3,95.24,5,15.16,3,22,11,5,29,Formal training,8,0.81,34,42,6,Supply Chain Tracker,52,114,14,7.86,0,10,2,tasks_assigned,14,tasks_completed,8,tasks_on_time,8,bug_count,13,bugs_fixed_count,12,code_quality (1-10),5,rework_count,5
735,Company_N,1991-08-11,Male,31-35,Business Analyst,13,Business Analysis,Tamil,Tamil,University_R,1,4,2,5,4,64.45,2,13.98,1,14,2,4,39,Knowledge sharing,8,0.63,52,83,16,HR Management System,20,172,15,7.48,4,9,0,total_test_cases_executed,50,total_pass_test_cases,21,total_bugs_detected,17,defect_reopened_count,10,total_documents_created,6,document_quality (1-5),5,test_execution_time (hrs),8
736,Company_M,1990-03-21,Male,31-35,DevOps Engineer,14,DevOps,English,Sinhala,University_M,1,1,1,3,4,88.75,4,5.01,5,1,12,1,38,Online courses / certifications,1,0.45,23,51,15,Inventory Management System,25,265,9,3.17,3,4,2,total_deployments,15,successful_deployments,1,deployment_time_efficiency,0.36,incident_count,5,system_downtime (hrs),6.9,automated_pipeline_stages,7,total_pipeline_stages,7
737,Company_B,1981-08-11,Male,41-45,Business Analyst,23,Business Analysis,Tamil,Muslim,University_E,2,1,1,4,2,71.6,3,3.4,4,20,16,4,23,Online courses / certifications,5,0.79,55,70,6,Supply Chain Tracker,22,395,4,3.16,1,4,1,tasks_completed,7,project_delay (days),9,changing_relative_effort,181,sprint_velocity,10,team_velocity,69,stakeholder_satisfaction(1-5),1,milestone_completion_rate,1
738,Company_H,2000-06-16,Female,20-25,Business Analyst,4,Business Analysis,Tamil,Sinhala,University_S,3,2,2,2,4,52.28,2,11.41,2,25,20,4,28,None observed,1,0.55,53,96,17,Learning Management System,19,440,5,2.99,1,9,2,tasks_completed,20,project_delay (days),9,changing_relative_effort,141,sprint_velocity,21,team_velocity,79,stakeholder_satisfaction(1-5),2,milestone_completion_rate,1
739,Company_L,1991-12-28,Female,31-35,Project Manager,13,Project Management,English,Sinhala,University_H,4,1,4,3,4,91.17,4,9.94,2,12,8,4,20,Knowledge sharing,2,0.74,17,23,21,Medi Care App,30,287,10,9.35,1,1,2,tasks_assigned,26,tasks_completed,8,tasks_on_time,2,bug_count,12,bugs_fixed_count,6,code_quality (1-10),6,rework_count,3
740,Company_J,1985-06-14,Male,36-40,DevOps Engineer,19,DevOps,Tamil,Muslim,University_A,5,4,1,2,4,87.44,4,8.87,2,1,16,2,22,None observed,1,0.72,69,96,1,Logistics Dashboard,10,345,5,6.79,1,5,4,total_deployments,8,successful_deployments,7,deployment_time_efficiency,0.72,incident_count,1,system_downtime (hrs),29,automated_pipeline_stages,1,total_pipeline_stages,1
741,Company_J,1991-06-08,Male,31-35,Project Manager,13,Project Management,Tamil,Sinhala,University_A,1,2,5,4,2,41.94,1,11.67,2,10,8,4,32,Research & innovation,10,0.42,17,40,1,Logistics Dashboard,26,422,14,9.8,1,3,0,total_deployments,13,successful_deployments,10,deployment_time_efficiency,0.74,incident_count,7,system_downtime (hrs),44,automated_pipeline_stages,2,total_pipeline_stages,6
742,Company_L,1992-03-09,Male,31-35,Business Analyst,12,Business Analysis,English,Sinhala,University_A,3,4,3,2,3,78.88,3,15.31,4,22,16,4,31,Self-learning,8,0.69,36,52,21,Medi Care App,45,438,8,1.6,0,9,1,tasks_completed,18,project_delay (days),2,changing_relative_effort,132,sprint_velocity,40,team_velocity,55,stakeholder_satisfaction(1-5),1,milestone_completion_rate,4
743,Company_M,1996-12-14,Male,26-30,QA Engineer,8,QA,Sinhala,Sinhala,University_B,5,1,1,3,2,95.36,5,10.3,1,8,16,2,16,Formal training,1,0.63,44,70,15,Inventory Management System,12,243,15,6.72,5,4,5,total_test_cases_executed,75,total_pass_test_cases,47,total_bugs_detected,13,defect_reopened_count,3,total_documents_created,15,document_quality (1-5),3,test_execution_time (hrs),2
744,Company_O,1981-03-08,Male,41-45,Project Manager,23,Project Management,Tamil,Sinhala,University_R,1,3,4,5,3,67.04,2,10.25,5,11,10,4,27,Formal training,2,0.82,37,45,20,Banking Mobile App,12,295,14,9.68,5,4,0,tasks_assigned,20,tasks_completed,18,tasks_on_time,6,bug_count,15,bugs_fixed_count,13,code_quality (1-10),4,rework_count,0
745,Company_R,2001-02-25,Female,20-25,Software Engineer,3,Development,Sinhala,Sinhala,University_Q,1,2,1,3,5,23.87,1,20.96,1,4,10,1,36,On-the-job learning,2,1,31,31,19,E-Commerce Platform,24,226,5,9.66,1,7,2,total_test_cases_executed,96,total_pass_test_cases,50,total_bugs_detected,10,defect_reopened_count,6,total_documents_created,10,document_quality (1-5),3,test_execution_time (hrs),5
746,Company_J,1982-04-23,Male,41-45,Business Analyst,22,Business Analysis,English,Sinhala,University_F,3,1,5,4,1,31.92,1,4.22,4,4,6,4,38,Research & innovation,7,0.68,32,47,1,Logistics Dashboard,11,123,15,7.05,3,2,3,total_deployments,14,successful_deployments,11,deployment_time_efficiency,0.64,incident_count,9,system_downtime (hrs),45.3,automated_pipeline_stages,6,total_pipeline_stages,6
747,Company_B,1980-03-18,Female,41-45,QA Engineer,24,QA,Sinhala,Tamil,University_M,2,1,2,5,1,55.04,2,22.6,5,14,10,1,15,Online courses / certifications,8,0.75,51,68,6,Supply Chain Tracker,33,489,4,4.36,4,4,5,total_test_cases_executed,93,total_pass_test_cases,6,total_bugs_detected,14,defect_reopened_count,0,total_documents_created,4,document_quality (1-5),2,test_execution_time (hrs),6
748,Company_K,2002-09-23,Male,20-25,DevOps Engineer,2,DevOps,Sinhala,Tamil,University_B,4,5,2,5,1,68.53,2,5.76,2,6,3,1,32,Research & innovation,7,0.84,27,32,14,Digital Wallet Platform,30,372,5,7.04,4,6,1,total_deployments,1,successful_deployments,0,deployment_time_efficiency,0.35,incident_count,2,system_downtime (hrs),42.4,automated_pipeline_stages,3,total_pipeline_stages,3
749,Company_R,1984-08-02,Male,36-40,DevOps Engineer,20,DevOps,Tamil,Sinhala,University_B,5,1,4,4,2,76.33,3,5.51,4,11,7,1,12,Formal training,1,0.75,80,106,19,E-Commerce Platform,29,305,13,7.66,0,3,3,total_test_cases_executed,11,total_pass_test_cases,5,total_bugs_detected,20,defect_reopened_count,8,total_documents_created,10,document_quality (1-5),5,test_execution_time (hrs),9
750,Company_H,1986-01-13,Male,36-40,Business Analyst,18,Business Analysis,Tamil,Sinhala,University_L,1,1,4,4,4,67.23,2,6.57,4,6,14,3,10,None observed,1,0.41,29,71,17,Learning Management System,29,106,9,4.1,4,10,0,tasks_assigned,22,tasks_completed,2,tasks_on_time,0,bug_count,16,bugs_fixed_count,16,code_quality (1-10),6,rework_count,5
751,Company_C,1994-08-24,Female,26-30,Software Engineer,10,Development,Tamil,Muslim,University_A,5,3,4,5,4,92.07,4,11.49,4,10,12,2,26,Formal training,1,0.48,44,92,23,Delivery Service App,24,230,10,1.45,0,9,5,total_test_cases_executed,11,total_pass_test_cases,1,total_bugs_detected,29,defect_reopened_count,12,total_documents_created,9,document_quality (1-5),5,test_execution_time (hrs),4
752,Company_L,2001-02-14,Male,20-25,Business Analyst,3,Business Analysis,Tamil,Sinhala,University_S,1,3,1,4,2,87.9,4,16.76,4,21,16,2,34,On-the-job learning,10,0.84,71,85,21,Medi Care App,31,459,10,9.8,0,1,4,total_test_cases_executed,83,total_pass_test_cases,60,total_bugs_detected,26,defect_reopened_count,26,total_documents_created,7,document_quality (1-5),3,test_execution_time (hrs),6
753,Company_D,2003-08-15,Female,20-25,Software Engineer,1,Development,Sinhala,Muslim,University_F,1,3,5,1,2,65.09,2,4.68,1,2,13,1,4,Self-learning,10,0.59,57,96,5,Hospital Information System,27,176,7,9.57,1,9,5,total_deployments,19,successful_deployments,16,deployment_time_efficiency,0.41,incident_count,2,system_downtime (hrs),18.6,automated_pipeline_stages,3,total_pipeline_stages,4
754,Company_J,1996-09-30,Male,26-30,Business Analyst,8,Business Analysis,Sinhala,Tamil,University_J,5,3,4,1,3,86.52,4,1.61,1,11,12,4,18,On-the-job learning,7,0.77,57,74,8,Microfinance Management System,31,353,10,8.3,1,4,2,total_test_cases_executed,18,total_pass_test_cases,11,total_bugs_detected,25,defect_reopened_count,23,total_documents_created,12,document_quality (1-5),1,test_execution_time (hrs),4
755,Company_N,1984-11-28,Male,36-40,QA Engineer,20,QA,Tamil,Muslim,University_N,5,1,4,3,3,50.3,2,19.61,4,25,8,1,31,None observed,5,0.56,24,43,16,HR Management System,11,499,14,5.51,1,5,1,tasks_assigned,27,tasks_completed,24,tasks_on_time,15,bug_count,20,bugs_fixed_count,16,code_quality (1-10),9,rework_count,1
756,Company_F,1985-08-03,Male,36-40,Project Manager,19,Project Management,Sinhala,Sinhala,University_C,5,4,2,1,4,64.2,2,1.43,2,22,13,3,13,Self-learning,2,0.59,59,100,7,Payroll Automation,11,397,11,6.24,3,1,3,tasks_assigned,16,tasks_completed,14,tasks_on_time,5,bug_count,12,bugs_fixed_count,6,code_quality (1-10),8,rework_count,3
757,Company_M,1982-03-21,Female,41-45,Project Manager,22,Project Management,Tamil,Sinhala,University_E,3,3,4,2,3,70.37,3,18.15,1,5,11,1,5,Research & innovation,5,0.36,8,22,15,Inventory Management System,12,478,3,6.22,2,3,4,total_deployments,1,successful_deployments,1,deployment_time_efficiency,0.31,incident_count,4,system_downtime (hrs),23,automated_pipeline_stages,4,total_pipeline_stages,7
758,Company_M,1989-10-23,Female,31-35,Business Analyst,15,Business Analysis,Tamil,Muslim,University_Q,4,1,1,2,3,87.28,4,7.99,2,9,5,2,26,Self-learning,8,0.53,19,36,15,Inventory Management System,25,356,9,8.77,1,3,2,tasks_assigned,14,tasks_completed,9,tasks_on_time,8,bug_count,6,bugs_fixed_count,2,code_quality (1-10),5,rework_count,0
759,Company_O,1998-01-07,Male,26-30,DevOps Engineer,6,DevOps,Tamil,Tamil,University_G,3,5,3,3,3,95.66,5,22.92,1,22,15,2,26,None observed,1,0.89,70,79,20,Banking Mobile App,13,208,8,5.85,2,9,1,tasks_assigned,28,tasks_completed,16,tasks_on_time,4,bug_count,9,bugs_fixed_count,0,code_quality (1-10),1,rework_count,0
760,Company_G,2002-02-14,Male,20-25,DevOps Engineer,2,DevOps,English,Sinhala,University_H,5,3,2,1,4,82.62,3,22.89,3,7,7,2,5,Online courses / certifications,9,0.77,23,30,2,ERP Integration Module,45,406,13,2.78,1,5,3,total_deployments,7,successful_deployments,6,deployment_time_efficiency,0.72,incident_count,3,system_downtime (hrs),39,automated_pipeline_stages,2,total_pipeline_stages,2
761,Company_K,1990-10-13,Female,31-35,Software Engineer,14,Development,English,Muslim,University_E,4,1,1,5,2,30.21,1,6.73,3,12,16,2,36,Self-learning,10,0.49,36,74,14,Digital Wallet Platform,43,428,5,1.44,2,3,5,total_test_cases_executed,66,total_pass_test_cases,53,total_bugs_detected,13,defect_reopened_count,1,total_documents_created,4,document_quality (1-5),4,test_execution_time (hrs),5
762,Company_N,1979-10-10,Female,41-45,Business Analyst,25,Business Analysis,Tamil,Sinhala,University_N,2,2,2,4,5,78.64,3,1.66,5,17,17,5,7,Knowledge sharing,3,0.74,61,82,16,HR Management System,17,395,14,7.68,0,9,3,total_deployments,16,successful_deployments,6,deployment_time_efficiency,0.72,incident_count,9,system_downtime (hrs),24.2,automated_pipeline_stages,3,total_pipeline_stages,4
763,Company_C,1987-07-26,Male,36-40,DevOps Engineer,17,DevOps,English,Sinhala,University_M,1,2,4,4,4,86.39,4,19.45,3,11,2,2,2,Online courses / certifications,5,0.87,85,98,23,Delivery Service App,38,319,12,7,0,1,5,tasks_assigned,25,tasks_completed,13,tasks_on_time,12,bug_count,20,bugs_fixed_count,5,code_quality (1-10),5,rework_count,3
764,Company_A,2003-12-16,Male,20-25,DevOps Engineer,1,DevOps,English,Muslim,University_C,2,5,1,1,3,92.4,4,2.04,3,4,4,1,14,On-the-job learning,5,0.96,51,53,9,Customer Portal,38,104,4,3.91,4,7,3,total_deployments,15,successful_deployments,4,deployment_time_efficiency,0.6,incident_count,9,system_downtime (hrs),40.1,automated_pipeline_stages,7,total_pipeline_stages,9
765,Company_H,2001-08-25,Male,20-25,Software Engineer,3,Development,Tamil,Sinhala,University_O,2,4,3,1,5,65.2,2,3.98,3,2,7,1,17,Knowledge sharing,10,0.8,37,46,17,Learning Management System,38,275,3,6.83,2,8,3,total_test_cases_executed,15,total_pass_test_cases,1,total_bugs_detected,27,defect_reopened_count,20,total_documents_created,6,document_quality (1-5),4,test_execution_time (hrs),1
766,Company_H,2003-07-09,Female,20-25,Software Engineer,1,Development,Tamil,Muslim,University_J,4,3,1,2,3,89.39,4,20.97,5,11,19,1,40,None observed,2,0.74,34,46,17,Learning Management System,8,379,10,4.52,5,0,3,total_test_cases_executed,45,total_pass_test_cases,10,total_bugs_detected,18,defect_reopened_count,0,total_documents_created,7,document_quality (1-5),4,test_execution_time (hrs),6
767,Company_M,2001-08-18,Female,20-25,Software Engineer,3,Development,English,Muslim,University_U,2,5,4,5,2,80.88,3,3.64,3,14,5,5,1,Self-learning,1,0.83,34,41,15,Inventory Management System,32,236,5,5.23,5,10,2,tasks_assigned,5,tasks_completed,3,tasks_on_time,3,bug_count,2,bugs_fixed_count,2,code_quality (1-10),8,rework_count,2
768,Company_F,1995-06-15,Female,26-30,DevOps Engineer,9,DevOps,English,Sinhala,University_T,1,2,1,4,5,63.57,2,20.12,4,19,1,1,31,Formal training,3,0.67,51,76,7,Payroll Automation,39,324,12,8.4,2,8,1,total_deployments,9,successful_deployments,8,deployment_time_efficiency,0.44,incident_count,4,system_downtime (hrs),27,automated_pipeline_stages,4,total_pipeline_stages,9
769,Company_L,1987-06-06,Female,36-40,Software Engineer,17,Development,English,Tamil,University_R,5,2,4,1,1,72.08,3,12.77,3,14,0,4,8,Self-learning,6,0.97,35,36,21,Medi Care App,43,337,5,6.91,5,4,2,tasks_completed,8,project_delay (days),27,changing_relative_effort,160,sprint_velocity,48,team_velocity,64,stakeholder_satisfaction(1-5),2,milestone_completion_rate,3
770,Company_G,2003-07-19,Male,20-25,Software Engineer,1,Development,Tamil,Muslim,University_B,3,2,5,3,1,87.17,4,10.02,5,6,20,4,36,None observed,6,0.48,26,54,4,Loan Origination System,13,482,11,3.83,5,5,5,total_test_cases_executed,90,total_pass_test_cases,87,total_bugs_detected,0,defect_reopened_count,0,total_documents_created,9,document_quality (1-5),5,test_execution_time (hrs),2
771,Company_B,1997-12-29,Female,26-30,Project Manager,7,Project Management,Sinhala,Tamil,University_U,3,2,5,3,5,97.06,5,0.86,2,17,10,4,21,Online courses / certifications,3,0.92,79,86,6,Supply Chain Tracker,47,401,12,7.16,1,7,4,tasks_assigned,29,tasks_completed,11,tasks_on_time,3,bug_count,2,bugs_fixed_count,2,code_quality (1-10),8,rework_count,0
772,Company_A,1986-12-07,Female,36-40,DevOps Engineer,18,DevOps,English,Muslim,University_G,2,3,2,3,4,91.1,4,5.47,5,21,14,2,28,On-the-job learning,8,0.73,41,56,9,Customer Portal,16,333,13,7.09,2,4,2,tasks_completed,3,project_delay (days),8,changing_relative_effort,160,sprint_velocity,12,team_velocity,71,stakeholder_satisfaction(1-5),3,milestone_completion_rate,5
773,Company_D,1987-07-14,Female,36-40,Business Analyst,17,Business Analysis,Tamil,Sinhala,University_O,3,1,2,1,3,98.44,5,1.39,3,22,15,1,21,Self-learning,6,0.92,101,110,5,Hospital Information System,10,481,4,8.61,5,5,3,total_test_cases_executed,57,total_pass_test_cases,27,total_bugs_detected,23,defect_reopened_count,23,total_documents_created,13,document_quality (1-5),4,test_execution_time (hrs),3
774,Company_Q,1999-08-30,Male,20-25,DevOps Engineer,5,DevOps,English,Muslim,University_H,3,5,1,1,4,91.34,4,11.75,4,17,4,5,31,Self-learning,6,0.83,54,65,18,Smart Grid Monitor,8,273,13,5.45,0,4,2,total_test_cases_executed,14,total_pass_test_cases,11,total_bugs_detected,10,defect_reopened_count,9,total_documents_created,14,document_quality (1-5),3,test_execution_time (hrs),2
775,Company_Q,2002-08-30,Female,20-25,Software Engineer,2,Development,Tamil,Sinhala,University_O,4,1,5,2,1,93.96,4,13.75,2,11,15,1,6,None observed,1,0.45,17,38,18,Smart Grid Monitor,29,202,7,1.42,5,2,4,total_deployments,6,successful_deployments,6,deployment_time_efficiency,0.81,incident_count,1,system_downtime (hrs),11.8,automated_pipeline_stages,3,total_pipeline_stages,10
776,Company_R,2002-05-05,Male,20-25,Business Analyst,2,Business Analysis,Tamil,Muslim,University_I,3,5,3,2,3,79.08,3,9.79,2,25,3,1,14,On-the-job learning,5,0.59,50,85,19,E-Commerce Platform,46,349,9,5.35,5,10,0,total_test_cases_executed,51,total_pass_test_cases,1,total_bugs_detected,13,defect_reopened_count,2,total_documents_created,11,document_quality (1-5),3,test_execution_time (hrs),10
777,Company_S,1991-12-13,Female,31-35,Business Analyst,13,Business Analysis,Tamil,Sinhala,University_A,2,4,1,4,1,83.89,3,19.46,4,16,8,3,23,Online courses / certifications,1,0.81,70,86,13,CRM Platform,24,276,5,7.11,3,7,0,tasks_completed,1,project_delay (days),11,changing_relative_effort,85,sprint_velocity,46,team_velocity,52,stakeholder_satisfaction(1-5),4,milestone_completion_rate,3
778,Company_C,1992-05-19,Male,31-35,Business Analyst,12,Business Analysis,Sinhala,Tamil,University_I,3,2,5,1,4,53.26,2,18.49,1,20,20,2,27,On-the-job learning,3,0.72,82,114,23,Delivery Service App,44,227,2,2.53,2,8,3,tasks_completed,15,project_delay (days),24,changing_relative_effort,151,sprint_velocity,13,team_velocity,35,stakeholder_satisfaction(1-5),4,milestone_completion_rate,1
779,Company_P,2003-03-12,Male,20-25,Project Manager,1,Project Management,Sinhala,Muslim,University_N,2,1,4,4,3,80.35,3,1.93,1,14,11,3,28,None observed,9,0.49,41,84,11,Telecom Billing System,52,210,3,3.19,2,6,0,tasks_assigned,8,tasks_completed,5,tasks_on_time,1,bug_count,4,bugs_fixed_count,0,code_quality (1-10),2,rework_count,4
780,Company_S,1996-07-28,Female,26-30,DevOps Engineer,8,DevOps,English,Muslim,University_K,2,1,1,2,1,40.5,1,6.26,4,4,16,1,26,Self-learning,6,0.97,28,29,13,CRM Platform,19,427,8,6.4,3,8,4,tasks_completed,10,project_delay (days),20,changing_relative_effort,174,sprint_velocity,37,team_velocity,50,stakeholder_satisfaction(1-5),2,milestone_completion_rate,1
781,Company_T,1994-01-18,Male,26-30,Business Analyst,10,Business Analysis,Sinhala,Sinhala,University_D,1,3,4,5,4,23.21,1,9.21,1,17,12,1,34,Online courses / certifications,4,0.49,52,107,3,Insurance Claims Platform,41,435,3,6.6,5,4,2,total_deployments,9,successful_deployments,5,deployment_time_efficiency,0.59,incident_count,7,system_downtime (hrs),6.8,automated_pipeline_stages,7,total_pipeline_stages,9
782,Company_E,1991-04-14,Male,31-35,QA Engineer,13,QA,Tamil,Muslim,University_B,3,4,3,3,1,97.29,5,12.77,4,9,3,1,39,Self-learning,7,0.52,31,60,22,Marketing Management System,17,284,3,2.76,4,7,5,total_test_cases_executed,46,total_pass_test_cases,2,total_bugs_detected,5,defect_reopened_count,5,total_documents_created,3,document_quality (1-5),2,test_execution_time (hrs),7
783,Company_Q,1982-01-22,Female,41-45,DevOps Engineer,22,DevOps,Sinhala,Tamil,University_F,5,5,5,4,5,74.9,3,3.07,3,11,3,1,38,Formal training,8,0.83,49,59,18,Smart Grid Monitor,27,145,6,5.6,0,9,3,tasks_assigned,22,tasks_completed,14,tasks_on_time,3,bug_count,13,bugs_fixed_count,4,code_quality (1-10),5,rework_count,2
784,Company_L,1979-12-02,Female,41-45,QA Engineer,25,QA,English,Sinhala,University_A,5,4,4,5,2,58.7,2,18.03,5,11,7,2,6,On-the-job learning,6,0.65,69,106,21,Medi Care App,15,432,4,8.02,5,9,0,total_test_cases_executed,94,total_pass_test_cases,82,total_bugs_detected,5,defect_reopened_count,3,total_documents_created,15,document_quality (1-5),1,test_execution_time (hrs),4
785,Company_C,1984-03-26,Male,36-40,DevOps Engineer,20,DevOps,Tamil,Tamil,University_B,1,3,4,5,5,68.84,2,15.05,3,16,17,2,11,None observed,8,0.49,34,70,23,Delivery Service App,29,383,2,8.63,3,5,5,tasks_assigned,19,tasks_completed,17,tasks_on_time,16,bug_count,20,bugs_fixed_count,8,code_quality (1-10),8,rework_count,3
786,Company_F,1984-06-06,Male,36-40,Software Engineer,20,Development,Sinhala,Tamil,University_N,5,2,1,1,4,98.43,5,12.48,5,12,7,4,15,Research & innovation,1,0.75,15,20,7,Payroll Automation,35,158,12,8.21,5,5,3,tasks_completed,8,project_delay (days),3,changing_relative_effort,154,sprint_velocity,22,team_velocity,73,stakeholder_satisfaction(1-5),1,milestone_completion_rate,3
787,Company_C,1981-12-18,Male,41-45,QA Engineer,23,QA,Sinhala,Muslim,University_L,5,1,1,3,2,29.41,1,19.76,3,24,2,3,19,Knowledge sharing,10,0.63,52,83,23,Delivery Service App,52,156,12,8.41,3,1,3,total_test_cases_executed,73,total_pass_test_cases,44,total_bugs_detected,6,defect_reopened_count,6,total_documents_created,11,document_quality (1-5),4,test_execution_time (hrs),2
788,Company_S,1987-07-12,Female,36-40,Business Analyst,17,Business Analysis,English,Muslim,University_H,2,2,5,1,5,97.75,5,5.15,3,21,0,2,10,None observed,9,0.7,74,106,13,CRM Platform,36,165,7,7.25,1,10,4,tasks_assigned,23,tasks_completed,18,tasks_on_time,3,bug_count,4,bugs_fixed_count,3,code_quality (1-10),9,rework_count,5
789,Company_G,2000-07-23,Female,20-25,Software Engineer,4,Development,English,Sinhala,University_H,5,5,1,5,1,68.75,2,1.41,1,1,20,3,30,On-the-job learning,3,0.48,49,102,2,ERP Integration Module,6,112,13,5.88,1,9,4,tasks_assigned,13,tasks_completed,6,tasks_on_time,2,bug_count,3,bugs_fixed_count,1,code_quality (1-10),8,rework_count,4
790,Company_H,1992-05-25,Male,31-35,DevOps Engineer,12,DevOps,Sinhala,Muslim,University_B,1,1,5,5,1,58.52,2,17.57,4,23,14,2,29,On-the-job learning,8,0.83,19,23,17,Learning Management System,50,66,10,9.87,4,9,1,tasks_assigned,27,tasks_completed,4,tasks_on_time,3,bug_count,15,bugs_fixed_count,6,code_quality (1-10),4,rework_count,0
791,Company_B,1996-03-16,Male,26-30,QA Engineer,8,QA,Tamil,Sinhala,University_N,4,3,3,2,3,71.9,3,17.86,2,12,10,4,23,Formal training,1,0.71,56,79,6,Supply Chain Tracker,10,402,11,5.73,5,3,0,total_test_cases_executed,62,total_pass_test_cases,43,total_bugs_detected,29,defect_reopened_count,7,total_documents_created,3,document_quality (1-5),4,test_execution_time (hrs),5
792,Company_F,1997-11-17,Male,26-30,Business Analyst,7,Business Analysis,English,Tamil,University_U,1,2,1,1,1,78.13,3,11.55,2,3,9,3,20,Formal training,4,0.57,26,46,7,Payroll Automation,46,426,10,4.83,0,5,3,total_test_cases_executed,45,total_pass_test_cases,0,total_bugs_detected,19,defect_reopened_count,18,total_documents_created,5,document_quality (1-5),1,test_execution_time (hrs),5
793,Company_E,1991-10-20,Male,31-35,Business Analyst,13,Business Analysis,Tamil,Muslim,University_B,1,5,3,5,3,87.78,4,10.77,3,8,16,4,6,Self-learning,9,0.97,35,36,22,Marketing Management System,21,142,13,6.2,1,0,5,total_test_cases_executed,32,total_pass_test_cases,15,total_bugs_detected,15,defect_reopened_count,12,total_documents_created,12,document_quality (1-5),2,test_execution_time (hrs),6
794,Company_I,1986-05-11,Female,36-40,Business Analyst,18,Business Analysis,Sinhala,Muslim,University_R,3,3,2,1,4,98.5,5,10.13,5,8,4,1,37,Research & innovation,6,0.88,100,113,12,Fleet Management System,31,394,4,5.61,1,4,3,tasks_assigned,11,tasks_completed,4,tasks_on_time,2,bug_count,16,bugs_fixed_count,7,code_quality (1-10),10,rework_count,2
795,Company_E,1980-10-05,Female,41-45,DevOps Engineer,24,DevOps,English,Sinhala,University_C,4,5,2,3,1,99.62,5,17.41,2,16,12,3,25,Research & innovation,6,0.88,30,34,22,Marketing Management System,17,224,15,8.5,4,5,1,total_test_cases_executed,81,total_pass_test_cases,81,total_bugs_detected,28,defect_reopened_count,16,total_documents_created,13,document_quality (1-5),4,test_execution_time (hrs),4
796,Company_E,1996-02-22,Female,26-30,DevOps Engineer,8,DevOps,Tamil,Sinhala,University_J,2,3,1,2,3,82.15,3,9.7,5,15,4,3,32,Online courses / certifications,4,0.52,13,25,22,Marketing Management System,16,52,2,7.86,4,5,2,tasks_completed,5,project_delay (days),17,changing_relative_effort,180,sprint_velocity,39,team_velocity,33,stakeholder_satisfaction(1-5),5,milestone_completion_rate,5
797,Company_R,1995-03-12,Female,26-30,Software Engineer,9,Development,Tamil,Sinhala,University_I,4,3,1,1,2,92.17,4,23.26,3,9,9,2,5,Research & innovation,6,0.72,38,53,19,E-Commerce Platform,52,160,14,5.71,5,7,0,tasks_assigned,15,tasks_completed,7,tasks_on_time,7,bug_count,11,bugs_fixed_count,6,code_quality (1-10),5,rework_count,2
798,Company_F,1997-10-12,Male,26-30,Software Engineer,7,Development,English,Muslim,University_C,5,3,3,5,5,63.37,2,3.58,2,17,13,2,0,Formal training,1,0.62,73,118,7,Payroll Automation,52,58,12,4.02,3,6,5,total_test_cases_executed,83,total_pass_test_cases,29,total_bugs_detected,15,defect_reopened_count,10,total_documents_created,5,document_quality (1-5),1,test_execution_time (hrs),8
799,Company_K,2001-07-13,Female,20-25,Business Analyst,3,Business Analysis,Tamil,Muslim,University_T,1,3,2,1,2,92.17,4,22.42,4,8,9,1,11,Self-learning,4,0.86,71,83,14,Digital Wallet Platform,52,242,15,8.48,4,1,5,total_test_cases_executed,62,total_pass_test_cases,48,total_bugs_detected,24,defect_reopened_count,7,total_documents_created,9,document_quality (1-5),4,test_execution_time (hrs),6
800,Company_N,1989-05-21,Female,31-35,Project Manager,15,Project Management,Tamil,Muslim,University_A,5,5,2,2,4,95.08,5,23.51,1,16,0,4,31,Research & innovation,2,0.58,64,110,16,HR Management System,4,438,6,6.78,4,5,1,total_test_cases_executed,100,total_pass_test_cases,62,total_bugs_detected,14,defect_reopened_count,5,total_documents_created,9,document_quality (1-5),2,test_execution_time (hrs),5
801,Company_S,2002-08-12,Male,20-25,Business Analyst,2,Business Analysis,Tamil,Sinhala,University_K,5,2,4,2,4,88.09,4,17.46,3,9,15,1,3,Online courses / certifications,4,0.93,40,43,13,CRM Platform,32,397,8,1.8,5,0,3,tasks_completed,8,project_delay (days),26,changing_relative_effort,81,sprint_velocity,38,team_velocity,39,stakeholder_satisfaction(1-5),2,milestone_completion_rate,2
802,Company_L,1985-05-03,Female,36-40,Project Manager,19,Project Management,Tamil,Sinhala,University_Q,3,1,2,1,5,64.56,2,8.32,2,5,13,2,26,On-the-job learning,4,0.79,34,43,21,Medi Care App,12,350,7,8.64,3,7,2,total_deployments,1,successful_deployments,0,deployment_time_efficiency,0.63,incident_count,7,system_downtime (hrs),20.2,automated_pipeline_stages,8,total_pipeline_stages,9
803,Company_O,1984-12-26,Male,36-40,Project Manager,20,Project Management,English,Muslim,University_O,3,2,2,4,2,99.87,5,21.98,4,16,7,1,3,Online courses / certifications,3,0.96,68,71,20,Banking Mobile App,27,253,7,7.53,1,3,5,total_test_cases_executed,47,total_pass_test_cases,46,total_bugs_detected,8,defect_reopened_count,5,total_documents_created,4,document_quality (1-5),3,test_execution_time (hrs),10
804,Company_G,1994-07-25,Female,26-30,DevOps Engineer,10,DevOps,Sinhala,Muslim,University_K,2,4,3,1,3,68.56,2,1.44,3,4,6,3,33,Research & innovation,4,0.71,57,80,2,ERP Integration Module,23,349,14,6.99,3,1,0,tasks_assigned,24,tasks_completed,23,tasks_on_time,19,bug_count,16,bugs_fixed_count,12,code_quality (1-10),8,rework_count,0
805,Company_Q,1996-01-23,Female,26-30,Software Engineer,8,Development,Sinhala,Sinhala,University_D,2,2,3,5,3,80.93,3,20.61,3,8,1,2,24,Knowledge sharing,2,0.42,35,83,18,Smart Grid Monitor,50,348,8,4.6,5,6,4,tasks_completed,5,project_delay (days),22,changing_relative_effort,54,sprint_velocity,57,team_velocity,43,stakeholder_satisfaction(1-5),4,milestone_completion_rate,2
806,Company_J,1991-10-20,Male,31-35,Business Analyst,13,Business Analysis,Sinhala,Muslim,University_O,1,3,4,4,3,20.97,1,22.43,4,18,13,2,20,Online courses / certifications,5,0.53,39,73,1,Logistics Dashboard,20,78,7,1.61,0,8,3,total_deployments,13,successful_deployments,0,deployment_time_efficiency,0.52,incident_count,4,system_downtime (hrs),21.7,automated_pipeline_stages,4,total_pipeline_stages,5
807,Company_A,1991-01-27,Female,31-35,QA Engineer,13,QA,Tamil,Tamil,University_D,4,2,4,1,2,37.52,1,0.7,5,2,18,2,10,Research & innovation,1,0.94,110,117,9,Customer Portal,51,399,13,7.79,3,6,2,tasks_assigned,20,tasks_completed,16,tasks_on_time,9,bug_count,3,bugs_fixed_count,1,code_quality (1-10),2,rework_count,1
808,Company_A,1982-04-19,Male,41-45,DevOps Engineer,22,DevOps,English,Muslim,University_D,5,1,4,3,4,22.21,1,1.08,2,16,18,2,26,Self-learning,1,0.67,26,39,9,Customer Portal,7,464,11,5.7,5,10,0,total_deployments,6,successful_deployments,4,deployment_time_efficiency,0.99,incident_count,5,system_downtime (hrs),17.3,automated_pipeline_stages,2,total_pipeline_stages,8
809,Company_O,2003-10-10,Male,20-25,Business Analyst,1,Business Analysis,Sinhala,Sinhala,University_N,5,2,2,4,5,81.99,3,22.5,4,9,2,1,8,On-the-job learning,6,0.93,55,59,20,Banking Mobile App,27,344,9,7.7,1,0,4,tasks_completed,4,project_delay (days),5,changing_relative_effort,66,sprint_velocity,42,team_velocity,40,stakeholder_satisfaction(1-5),2,milestone_completion_rate,5
810,Company_P,2000-01-28,Female,20-25,Software Engineer,4,Development,English,Sinhala,University_D,3,4,5,5,2,66.82,2,12.72,5,22,2,2,3,Research & innovation,10,0.97,56,58,11,Telecom Billing System,7,365,13,4.67,4,8,2,total_test_cases_executed,94,total_pass_test_cases,40,total_bugs_detected,10,defect_reopened_count,7,total_documents_created,7,document_quality (1-5),4,test_execution_time (hrs),7
811,Company_R,2002-03-12,Female,20-25,Software Engineer,2,Development,Tamil,Tamil,University_O,3,2,2,3,1,83.83,3,18.07,5,25,6,3,4,Formal training,7,0.61,73,119,19,E-Commerce Platform,45,244,13,6.54,0,0,5,tasks_assigned,28,tasks_completed,17,tasks_on_time,4,bug_count,5,bugs_fixed_count,5,code_quality (1-10),3,rework_count,5
812,Company_I,1989-02-14,Female,31-35,Business Analyst,15,Business Analysis,Tamil,Tamil,University_O,2,3,5,5,1,45.71,1,6.3,2,13,9,2,17,Research & innovation,6,0.58,58,100,12,Fleet Management System,40,459,13,1.78,0,0,2,tasks_completed,19,project_delay (days),7,changing_relative_effort,85,sprint_velocity,52,team_velocity,71,stakeholder_satisfaction(1-5),4,milestone_completion_rate,5
813,Company_D,1984-12-03,Female,36-40,DevOps Engineer,20,DevOps,Tamil,Muslim,University_H,2,2,4,2,5,73.9,3,11.19,2,15,1,4,26,On-the-job learning,7,0.42,25,60,16,HR Management System,13,362,7,1.8,2,2,5,total_deployments,2,successful_deployments,1,deployment_time_efficiency,0.77,incident_count,8,system_downtime (hrs),42.5,automated_pipeline_stages,1,total_pipeline_stages,3
814,Company_I,1994-03-31,Female,26-30,Software Engineer,10,Development,English,Tamil,University_M,5,5,5,1,4,90.68,4,21.06,3,24,4,5,0,Formal training,9,0.68,49,72,12,Fleet Management System,50,349,10,3.97,3,4,1,tasks_completed,2,project_delay (days),3,changing_relative_effort,149,sprint_velocity,31,team_velocity,60,stakeholder_satisfaction(1-5),4,milestone_completion_rate,3
815,Company_M,1981-09-24,Female,41-45,DevOps Engineer,23,DevOps,English,Muslim,University_P,4,5,2,4,1,63.42,2,1.57,5,23,0,3,40,On-the-job learning,4,0.7,21,30,15,Inventory Management System,21,296,15,6.3,5,7,0,total_test_cases_executed,83,total_pass_test_cases,78,total_bugs_detected,0,defect_reopened_count,0,total_documents_created,9,document_quality (1-5),1,test_execution_time (hrs),4
816,Company_G,1999-03-31,Female,20-25,Project Manager,5,Project Management,English,Tamil,University_L,1,2,2,1,3,26.77,1,10.31,4,17,8,2,21,None observed,2,0.7,43,61,2,ERP Integration Module,19,351,7,8.94,5,6,3,tasks_assigned,11,tasks_completed,11,tasks_on_time,0,bug_count,18,bugs_fixed_count,10,code_quality (1-10),8,rework_count,1
817,Company_F,1991-11-08,Female,31-35,Business Analyst,13,Business Analysis,English,Muslim,University_G,1,4,1,2,3,58.54,2,8.71,4,4,15,1,30,Formal training,6,0.97,38,39,7,Payroll Automation,52,441,3,5.74,1,3,2,total_test_cases_executed,36,total_pass_test_cases,2,total_bugs_detected,13,defect_reopened_count,8,total_documents_created,9,document_quality (1-5),2,test_execution_time (hrs),6
818,Company_H,1984-07-03,Female,36-40,DevOps Engineer,20,DevOps,English,Muslim,University_Q,2,5,2,1,5,83.64,3,19.79,3,5,15,2,1,Knowledge sharing,9,0.65,68,105,17,Learning Management System,9,294,7,9.08,5,5,4,total_deployments,6,successful_deployments,4,deployment_time_efficiency,0.79,incident_count,7,system_downtime (hrs),13.2,automated_pipeline_stages,8,total_pipeline_stages,9
819,Company_R,1985-02-03,Female,36-40,Business Analyst,19,Business Analysis,Tamil,Sinhala,University_O,1,5,3,1,2,98.32,5,1.21,1,24,7,4,7,Knowledge sharing,4,0.91,42,46,19,E-Commerce Platform,26,448,12,4.92,0,9,3,tasks_completed,15,project_delay (days),16,changing_relative_effort,159,sprint_velocity,25,team_velocity,79,stakeholder_satisfaction(1-5),4,milestone_completion_rate,5
820,Company_A,1979-08-22,Male,41-45,DevOps Engineer,25,DevOps,Sinhala,Muslim,University_F,4,2,2,3,3,67.25,2,21.89,2,22,17,2,29,Formal training,4,0.86,37,43,9,Customer Portal,23,445,12,6.4,3,6,3,total_test_cases_executed,80,total_pass_test_cases,6,total_bugs_detected,18,defect_reopened_count,16,total_documents_created,13,document_quality (1-5),2,test_execution_time (hrs),7
821,Company_F,1980-08-25,Male,41-45,Software Engineer,24,Development,Tamil,Muslim,University_B,5,5,5,5,1,72.35,3,23.4,5,10,5,5,10,Research & innovation,2,0.83,65,78,7,Payroll Automation,21,263,2,4.11,4,2,3,total_test_cases_executed,15,total_pass_test_cases,13,total_bugs_detected,15,defect_reopened_count,8,total_documents_created,15,document_quality (1-5),4,test_execution_time (hrs),10
822,Company_R,1995-05-08,Male,26-30,QA Engineer,9,QA,Tamil,Sinhala,University_A,1,5,1,4,5,86.9,4,15.6,3,15,0,1,12,None observed,8,0.72,39,54,19,E-Commerce Platform,24,419,15,8.06,5,3,4,total_deployments,8,successful_deployments,0,deployment_time_efficiency,0.77,incident_count,7,system_downtime (hrs),16.3,automated_pipeline_stages,6,total_pipeline_stages,10
823,Company_Q,2003-02-05,Female,20-25,Business Analyst,1,Business Analysis,English,Tamil,University_K,2,2,2,2,2,81.31,3,17.49,1,18,17,1,22,On-the-job learning,9,0.86,83,97,18,Smart Grid Monitor,27,85,4,6.15,5,4,2,total_deployments,4,successful_deployments,2,deployment_time_efficiency,0.72,incident_count,2,system_downtime (hrs),16.3,automated_pipeline_stages,2,total_pipeline_stages,8
824,Company_L,1984-08-22,Male,36-40,Project Manager,20,Project Management,Sinhala,Tamil,University_F,1,4,2,3,5,73.67,3,12.09,4,8,14,4,9,On-the-job learning,2,0.91,30,33,21,Medi Care App,44,477,6,3,3,8,3,tasks_assigned,26,tasks_completed,16,tasks_on_time,3,bug_count,10,bugs_fixed_count,6,code_quality (1-10),8,rework_count,1
825,Company_N,1986-01-29,Female,36-40,DevOps Engineer,18,DevOps,Sinhala,Tamil,University_O,4,5,2,1,1,98.75,5,0.63,4,6,15,1,24,None observed,9,0.67,67,100,16,HR Management System,33,282,15,3.06,2,9,2,tasks_completed,8,project_delay (days),21,changing_relative_effort,68,sprint_velocity,52,team_velocity,36,stakeholder_satisfaction(1-5),4,milestone_completion_rate,3
826,Company_N,1979-11-27,Male,41-45,Business Analyst,25,Business Analysis,English,Tamil,University_I,1,3,1,1,5,48.15,1,1.14,3,18,5,2,36,Online courses / certifications,9,0.41,33,81,16,HR Management System,26,332,2,8.51,5,9,2,total_deployments,16,successful_deployments,9,deployment_time_efficiency,0.88,incident_count,5,system_downtime (hrs),44.5,automated_pipeline_stages,2,total_pipeline_stages,8
827,Company_J,1982-01-15,Female,41-45,DevOps Engineer,22,DevOps,Tamil,Muslim,University_R,3,2,5,1,2,38.29,1,16.3,3,2,4,5,13,Formal training,1,0.9,28,31,1,Logistics Dashboard,20,423,9,7.02,3,3,2,total_deployments,4,successful_deployments,4,deployment_time_efficiency,0.54,incident_count,5,system_downtime (hrs),27.5,automated_pipeline_stages,1,total_pipeline_stages,9
828,Company_T,1985-02-14,Male,36-40,Project Manager,19,Project Management,Sinhala,Tamil,University_C,1,3,4,4,5,87.2,4,17.77,3,6,10,4,29,Research & innovation,1,0.9,102,113,3,Insurance Claims Platform,38,271,13,6.38,4,5,2,tasks_assigned,26,tasks_completed,4,tasks_on_time,3,bug_count,4,bugs_fixed_count,0,code_quality (1-10),8,rework_count,2
829,Company_F,1999-04-12,Male,20-25,Project Manager,5,Project Management,Tamil,Tamil,University_S,2,3,1,3,1,72.2,3,13.03,2,13,15,2,7,Online courses / certifications,5,0.76,83,109,7,Payroll Automation,38,325,5,3.43,0,3,1,total_deployments,12,successful_deployments,1,deployment_time_efficiency,0.83,incident_count,9,system_downtime (hrs),0.4,automated_pipeline_stages,5,total_pipeline_stages,6
830,Company_G,1995-01-10,Female,26-30,Business Analyst,9,Business Analysis,English,Sinhala,University_U,3,2,3,5,1,99.06,5,12.26,2,20,9,2,13,Self-learning,2,0.65,39,60,4,Loan Origination System,27,446,12,4.93,2,8,1,tasks_assigned,17,tasks_completed,1,tasks_on_time,0,bug_count,10,bugs_fixed_count,2,code_quality (1-10),10,rework_count,5
831,Company_O,1991-04-21,Female,31-35,Business Analyst,13,Business Analysis,Tamil,Muslim,University_G,4,4,3,4,4,54.48,2,3.38,5,20,13,1,37,Research & innovation,4,0.4,26,65,20,Banking Mobile App,10,349,9,8.11,4,9,1,total_test_cases_executed,52,total_pass_test_cases,51,total_bugs_detected,19,defect_reopened_count,9,total_documents_created,7,document_quality (1-5),5,test_execution_time (hrs),8
832,Company_Q,1982-11-30,Male,41-45,Project Manager,22,Project Management,Tamil,Tamil,University_D,1,2,3,3,5,73.7,3,7.11,3,3,0,1,9,Self-learning,3,0.79,77,98,18,Smart Grid Monitor,7,155,10,8.43,5,8,0,total_deployments,19,successful_deployments,6,deployment_time_efficiency,0.61,incident_count,6,system_downtime (hrs),24.6,automated_pipeline_stages,2,total_pipeline_stages,10
833,Company_T,1982-12-09,Male,41-45,QA Engineer,22,QA,Tamil,Sinhala,University_I,4,1,2,4,1,21.21,1,10.18,1,24,17,4,6,Research & innovation,1,0.73,61,84,3,Insurance Claims Platform,4,310,9,8.91,3,4,3,tasks_assigned,20,tasks_completed,2,tasks_on_time,2,bug_count,18,bugs_fixed_count,0,code_quality (1-10),10,rework_count,5
834,Company_T,1979-08-20,Male,41-45,Business Analyst,25,Business Analysis,English,Tamil,University_S,3,1,3,2,3,97.66,5,22.74,3,20,1,1,33,Self-learning,3,0.61,33,54,3,Insurance Claims Platform,10,306,8,8.33,1,0,1,total_test_cases_executed,95,total_pass_test_cases,20,total_bugs_detected,12,defect_reopened_count,4,total_documents_created,11,document_quality (1-5),2,test_execution_time (hrs),5
835,Company_H,1989-09-11,Male,31-35,DevOps Engineer,15,DevOps,Sinhala,Sinhala,University_J,2,1,3,1,4,86.42,4,18.9,3,25,3,1,12,Online courses / certifications,2,0.57,12,21,17,Learning Management System,49,355,9,7.14,0,8,0,tasks_assigned,28,tasks_completed,28,tasks_on_time,11,bug_count,17,bugs_fixed_count,3,code_quality (1-10),3,rework_count,4
836,Company_A,1986-02-05,Female,36-40,Project Manager,18,Project Management,English,Sinhala,University_S,4,4,1,3,1,89.78,4,17.67,4,4,13,2,20,Knowledge sharing,5,0.92,84,91,9,Customer Portal,39,412,10,5.1,2,8,0,total_deployments,5,successful_deployments,4,deployment_time_efficiency,0.46,incident_count,5,system_downtime (hrs),26.2,automated_pipeline_stages,5,total_pipeline_stages,6
837,Company_T,1997-03-01,Female,26-30,Business Analyst,7,Business Analysis,Sinhala,Tamil,University_M,4,4,1,4,4,97.78,5,4.76,1,23,6,2,23,Online courses / certifications,4,0.45,33,74,3,Insurance Claims Platform,13,328,5,2.7,4,5,2,total_deployments,17,successful_deployments,15,deployment_time_efficiency,0.7,incident_count,0,system_downtime (hrs),44.7,automated_pipeline_stages,6,total_pipeline_stages,10
838,Company_J,1987-04-23,Male,36-40,QA Engineer,17,QA,Sinhala,Tamil,University_T,2,4,4,2,4,25.44,1,4.41,5,15,16,4,11,Research & innovation,5,0.9,99,110,1,Logistics Dashboard,41,214,5,3.15,3,8,2,tasks_completed,4,project_delay (days),24,changing_relative_effort,192,sprint_velocity,39,team_velocity,68,stakeholder_satisfaction(1-5),4,milestone_completion_rate,3
839,Company_S,1980-08-01,Female,41-45,QA Engineer,24,QA,Sinhala,Tamil,University_G,1,1,1,4,1,50.14,2,11.3,1,19,0,4,17,Research & innovation,7,0.93,51,55,13,CRM Platform,25,436,9,9.07,2,5,0,tasks_completed,1,project_delay (days),9,changing_relative_effort,188,sprint_velocity,27,team_velocity,77,stakeholder_satisfaction(1-5),3,milestone_completion_rate,1
840,Company_H,1982-10-10,Male,41-45,Business Analyst,22,Business Analysis,Sinhala,Muslim,University_U,4,3,1,5,1,78.37,3,14.85,4,2,20,2,33,Knowledge sharing,1,0.87,46,53,17,Learning Management System,34,344,9,4.53,3,5,2,total_deployments,12,successful_deployments,6,deployment_time_efficiency,0.54,incident_count,2,system_downtime (hrs),24.6,automated_pipeline_stages,8,total_pipeline_stages,8
841,Company_R,1997-08-21,Female,26-30,Software Engineer,7,Development,English,Sinhala,University_D,5,1,2,3,3,59.91,2,7.51,4,5,13,2,18,Research & innovation,5,0.7,23,33,19,E-Commerce Platform,8,161,10,2.19,3,8,3,total_deployments,2,successful_deployments,2,deployment_time_efficiency,0.84,incident_count,7,system_downtime (hrs),42.4,automated_pipeline_stages,8,total_pipeline_stages,9
842,Company_P,1995-01-10,Female,26-30,Business Analyst,9,Business Analysis,Tamil,Muslim,University_N,3,2,4,3,5,95.64,5,4.07,2,5,5,2,10,Online courses / certifications,9,0.54,30,56,11,Telecom Billing System,15,145,12,8.14,3,8,5,tasks_assigned,10,tasks_completed,5,tasks_on_time,1,bug_count,5,bugs_fixed_count,1,code_quality (1-10),3,rework_count,1
843,Company_E,1991-03-26,Male,31-35,Business Analyst,13,Business Analysis,Tamil,Sinhala,University_T,4,4,2,1,2,73.42,3,19.33,4,2,2,3,18,None observed,9,1,37,37,22,Marketing Management System,24,448,4,6.39,0,2,4,tasks_assigned,15,tasks_completed,4,tasks_on_time,3,bug_count,1,bugs_fixed_count,0,code_quality (1-10),8,rework_count,2
844,Company_F,2000-03-28,Female,20-25,Business Analyst,4,Business Analysis,Tamil,Sinhala,University_F,5,5,5,5,1,85.4,4,13.28,2,10,16,2,33,Formal training,2,0.89,72,81,7,Payroll Automation,52,204,4,4.29,0,7,4,total_deployments,14,successful_deployments,8,deployment_time_efficiency,0.67,incident_count,7,system_downtime (hrs),26.1,automated_pipeline_stages,1,total_pipeline_stages,3
845,Company_H,1979-11-26,Male,41-45,DevOps Engineer,25,DevOps,Tamil,Muslim,University_F,2,5,5,1,5,97.64,5,17.31,5,2,13,5,39,Formal training,2,0.52,16,31,17,Learning Management System,20,460,4,8.25,4,5,3,tasks_completed,6,project_delay (days),18,changing_relative_effort,78,sprint_velocity,40,team_velocity,78,stakeholder_satisfaction(1-5),4,milestone_completion_rate,3
846,Company_M,1996-05-18,Female,26-30,Business Analyst,8,Business Analysis,Sinhala,Muslim,University_S,2,2,2,2,2,31.07,1,6.87,3,24,4,3,33,Formal training,1,0.42,42,100,15,Inventory Management System,23,237,6,1.6,2,8,3,tasks_assigned,24,tasks_completed,5,tasks_on_time,5,bug_count,2,bugs_fixed_count,0,code_quality (1-10),9,rework_count,2
847,Company_P,1990-12-27,Female,31-35,Software Engineer,14,Development,Sinhala,Tamil,University_K,4,5,4,5,3,53.49,2,22.19,4,11,0,1,18,Online courses / certifications,5,0.55,29,53,11,Telecom Billing System,27,309,9,2.28,1,8,1,tasks_completed,13,project_delay (days),17,changing_relative_effort,52,sprint_velocity,37,team_velocity,23,stakeholder_satisfaction(1-5),4,milestone_completion_rate,4
848,Company_P,1997-01-18,Male,26-30,Software Engineer,7,Development,English,Sinhala,University_O,2,4,3,1,2,81.72,3,13.44,4,15,14,1,18,Formal training,4,0.52,46,88,11,Telecom Billing System,5,366,4,4.15,4,2,0,total_deployments,4,successful_deployments,4,deployment_time_efficiency,0.41,incident_count,5,system_downtime (hrs),6.1,automated_pipeline_stages,4,total_pipeline_stages,9
849,Company_Q,1979-12-05,Female,41-45,Business Analyst,25,Business Analysis,English,Sinhala,University_S,5,5,2,3,3,93.28,4,9.03,3,25,6,3,18,Research & innovation,2,0.77,92,119,18,Smart Grid Monitor,5,453,9,4.01,3,4,5,tasks_assigned,8,tasks_completed,5,tasks_on_time,1,bug_count,9,bugs_fixed_count,8,code_quality (1-10),8,rework_count,1
850,Company_N,1996-03-05,Female,26-30,Business Analyst,8,Business Analysis,Sinhala,Sinhala,University_E,2,5,5,2,2,64.45,2,23.52,1,10,6,1,8,Formal training,5,0.68,54,79,16,HR Management System,44,225,15,3.74,3,8,3,tasks_completed,6,project_delay (days),19,changing_relative_effort,146,sprint_velocity,33,team_velocity,50,stakeholder_satisfaction(1-5),1,milestone_completion_rate,5
851,Company_B,1989-02-19,Male,31-35,Business Analyst,15,Business Analysis,Sinhala,Muslim,University_D,3,3,3,1,5,50.79,2,14.34,3,5,10,1,15,None observed,5,0.48,39,82,6,Supply Chain Tracker,42,83,8,7.29,3,3,3,total_test_cases_executed,63,total_pass_test_cases,16,total_bugs_detected,9,defect_reopened_count,2,total_documents_created,7,document_quality (1-5),2,test_execution_time (hrs),8
852,Company_T,1979-03-03,Female,41-45,Project Manager,25,Project Management,Sinhala,Sinhala,University_K,1,4,2,3,3,33.53,1,13.95,5,9,3,4,32,Knowledge sharing,1,0.38,14,37,3,Insurance Claims Platform,52,285,4,8.38,3,4,0,tasks_assigned,13,tasks_completed,8,tasks_on_time,5,bug_count,13,bugs_fixed_count,9,code_quality (1-10),10,rework_count,0
853,Company_K,1982-06-20,Male,41-45,Software Engineer,22,Development,Tamil,Sinhala,University_Q,2,3,5,5,1,89.29,4,14.56,2,4,15,2,10,Online courses / certifications,6,0.52,44,84,14,Digital Wallet Platform,19,491,11,1.18,1,2,3,total_test_cases_executed,30,total_pass_test_cases,23,total_bugs_detected,9,defect_reopened_count,7,total_documents_created,12,document_quality (1-5),4,test_execution_time (hrs),5
854,Company_B,1994-12-10,Male,26-30,Software Engineer,10,Development,Tamil,Muslim,University_K,5,3,3,1,2,71.05,3,3.74,2,13,13,5,1,Online courses / certifications,5,0.45,37,83,6,Supply Chain Tracker,24,183,12,9.45,5,4,1,total_deployments,8,successful_deployments,1,deployment_time_efficiency,0.58,incident_count,7,system_downtime (hrs),28.7,automated_pipeline_stages,1,total_pipeline_stages,7
855,Company_A,1996-05-12,Female,26-30,Software Engineer,8,Development,Sinhala,Sinhala,University_K,5,1,2,3,2,43.08,1,12,4,11,16,3,12,Formal training,5,0.39,9,23,9,Customer Portal,36,100,5,3.22,3,3,2,total_deployments,11,successful_deployments,3,deployment_time_efficiency,0.74,incident_count,10,system_downtime (hrs),10,automated_pipeline_stages,3,total_pipeline_stages,6
856,Company_P,1982-11-05,Male,41-45,Business Analyst,22,Business Analysis,Sinhala,Tamil,University_F,3,2,5,4,5,91.62,4,3.35,1,1,17,3,39,Online courses / certifications,4,0.5,15,30,11,Telecom Billing System,10,469,2,5.39,0,5,2,total_deployments,11,successful_deployments,8,deployment_time_efficiency,0.9,incident_count,0,system_downtime (hrs),38.6,automated_pipeline_stages,5,total_pipeline_stages,10
857,Company_Q,1989-04-12,Male,31-35,Business Analyst,15,Business Analysis,Sinhala,Tamil,University_N,5,4,3,3,1,98.24,5,16.46,5,16,10,2,24,Self-learning,8,0.66,70,106,18,Smart Grid Monitor,8,350,3,8.6,5,5,0,total_deployments,12,successful_deployments,11,deployment_time_efficiency,0.82,incident_count,4,system_downtime (hrs),29.3,automated_pipeline_stages,5,total_pipeline_stages,5
858,Company_S,1981-02-08,Male,41-45,Software Engineer,23,Development,Tamil,Tamil,University_B,5,1,4,2,4,31.44,1,21.13,3,1,11,5,28,None observed,7,0.64,27,42,13,CRM Platform,46,236,13,4.89,2,2,0,tasks_completed,1,project_delay (days),14,changing_relative_effort,161,sprint_velocity,14,team_velocity,40,stakeholder_satisfaction(1-5),1,milestone_completion_rate,2
859,Company_H,1985-08-26,Female,36-40,Project Manager,19,Project Management,Tamil,Tamil,University_O,5,5,1,4,1,67.45,2,4.56,3,3,16,4,30,None observed,9,0.39,35,89,17,Learning Management System,50,99,15,1.45,1,9,1,tasks_assigned,20,tasks_completed,17,tasks_on_time,16,bug_count,16,bugs_fixed_count,3,code_quality (1-10),6,rework_count,1
860,Company_R,1986-11-30,Male,36-40,Business Analyst,18,Business Analysis,English,Tamil,University_H,5,5,3,4,5,52.05,2,9.17,4,6,15,3,22,On-the-job learning,4,0.8,36,45,19,E-Commerce Platform,38,438,4,4.42,1,8,0,total_deployments,1,successful_deployments,1,deployment_time_efficiency,0.96,incident_count,7,system_downtime (hrs),7.5,automated_pipeline_stages,1,total_pipeline_stages,9
861,Company_P,2000-06-14,Female,20-25,DevOps Engineer,4,DevOps,Sinhala,Muslim,University_S,4,1,1,1,5,99.07,5,3.65,3,22,20,3,25,On-the-job learning,10,0.53,55,104,11,Telecom Billing System,26,195,11,5.94,3,7,0,total_test_cases_executed,43,total_pass_test_cases,24,total_bugs_detected,15,defect_reopened_count,8,total_documents_created,10,document_quality (1-5),1,test_execution_time (hrs),5
862,Company_E,1997-02-19,Female,26-30,Business Analyst,7,Business Analysis,Tamil,Muslim,University_C,4,4,3,5,1,91.61,4,14.42,4,6,15,1,39,On-the-job learning,9,0.43,48,111,22,Marketing Management System,17,351,4,1.15,0,2,2,total_deployments,17,successful_deployments,11,deployment_time_efficiency,0.6,incident_count,3,system_downtime (hrs),11.5,automated_pipeline_stages,8,total_pipeline_stages,10
863,Company_T,1987-10-20,Male,36-40,DevOps Engineer,17,DevOps,Tamil,Sinhala,University_K,4,4,5,3,5,31.3,1,19.85,2,10,10,3,31,Research & innovation,8,0.4,46,114,3,Insurance Claims Platform,5,386,2,9.97,2,9,0,tasks_assigned,21,tasks_completed,2,tasks_on_time,2,bug_count,18,bugs_fixed_count,18,code_quality (1-10),9,rework_count,1
864,Company_J,1982-01-17,Male,41-45,Business Analyst,22,Business Analysis,Sinhala,Tamil,University_T,3,3,5,1,3,40.29,1,22.01,2,6,0,3,38,Formal training,9,0.63,76,120,1,Logistics Dashboard,43,165,2,5.43,5,4,0,tasks_assigned,19,tasks_completed,19,tasks_on_time,18,bug_count,20,bugs_fixed_count,13,code_quality (1-10),4,rework_count,2
865,Company_P,1979-07-04,Female,41-45,Business Analyst,25,Business Analysis,Tamil,Muslim,University_M,1,5,1,2,5,88.83,4,7.18,2,15,9,4,6,Research & innovation,1,0.5,11,22,11,Telecom Billing System,6,240,8,7.69,3,1,1,tasks_completed,12,project_delay (days),2,changing_relative_effort,144,sprint_velocity,43,team_velocity,56,stakeholder_satisfaction(1-5),4,milestone_completion_rate,4
866,Company_H,2003-07-01,Female,20-25,Software Engineer,1,Development,English,Tamil,University_H,5,1,4,1,4,77.04,3,9.14,3,11,14,3,32,On-the-job learning,7,0.85,70,82,17,Learning Management System,44,364,2,6.25,3,3,3,total_test_cases_executed,20,total_pass_test_cases,10,total_bugs_detected,4,defect_reopened_count,3,total_documents_created,7,document_quality (1-5),3,test_execution_time (hrs),8
867,Company_N,1990-05-12,Male,31-35,QA Engineer,14,QA,English,Sinhala,University_T,5,5,1,5,5,80.21,3,19.45,1,23,7,2,6,Online courses / certifications,7,0.4,21,52,16,HR Management System,11,322,2,7.26,3,10,3,total_test_cases_executed,90,total_pass_test_cases,75,total_bugs_detected,25,defect_reopened_count,3,total_documents_created,15,document_quality (1-5),2,test_execution_time (hrs),2
868,Company_K,1980-11-02,Female,41-45,Software Engineer,24,Development,Tamil,Tamil,University_J,3,2,2,1,2,99.18,5,8.81,2,18,0,1,8,On-the-job learning,7,0.43,16,37,14,Digital Wallet Platform,22,82,2,2.98,0,4,0,total_test_cases_executed,35,total_pass_test_cases,4,total_bugs_detected,16,defect_reopened_count,3,total_documents_created,2,document_quality (1-5),5,test_execution_time (hrs),10
869,Company_P,1985-08-15,Female,36-40,Software Engineer,19,Development,English,Muslim,University_N,1,1,3,1,2,83.6,3,6.97,4,22,7,1,18,Knowledge sharing,5,0.62,55,88,11,Telecom Billing System,33,101,6,6.95,4,7,4,tasks_completed,7,project_delay (days),2,changing_relative_effort,55,sprint_velocity,22,team_velocity,26,stakeholder_satisfaction(1-5),2,milestone_completion_rate,4
870,Company_N,1979-12-24,Male,41-45,Software Engineer,25,Development,English,Muslim,University_L,5,2,4,1,5,93.94,4,4.43,4,9,5,1,34,Research & innovation,6,0.74,86,116,16,HR Management System,19,361,3,7.37,3,9,2,total_test_cases_executed,21,total_pass_test_cases,5,total_bugs_detected,26,defect_reopened_count,20,total_documents_created,7,document_quality (1-5),5,test_execution_time (hrs),2
871,Company_Q,1984-12-21,Male,36-40,DevOps Engineer,20,DevOps,Sinhala,Muslim,University_C,1,4,4,5,4,80.46,3,11.84,4,14,3,4,26,Formal training,1,0.79,22,28,18,Smart Grid Monitor,24,165,8,1.34,2,0,0,tasks_assigned,13,tasks_completed,8,tasks_on_time,4,bug_count,16,bugs_fixed_count,12,code_quality (1-10),5,rework_count,2
872,Company_P,1980-11-25,Female,41-45,Project Manager,24,Project Management,Tamil,Sinhala,University_B,5,2,1,2,3,91.89,4,11.15,4,10,18,2,13,Self-learning,9,0.7,16,23,11,Telecom Billing System,45,296,7,6.17,2,9,1,tasks_assigned,30,tasks_completed,7,tasks_on_time,0,bug_count,14,bugs_fixed_count,8,code_quality (1-10),2,rework_count,0
873,Company_N,2001-12-04,Male,20-25,Business Analyst,3,Business Analysis,Tamil,Tamil,University_K,2,2,1,5,4,98.63,5,16.28,4,7,2,1,23,On-the-job learning,4,0.54,62,115,16,HR Management System,48,225,7,9.46,1,9,0,tasks_completed,16,project_delay (days),24,changing_relative_effort,56,sprint_velocity,23,team_velocity,66,stakeholder_satisfaction(1-5),2,milestone_completion_rate,2
874,Company_N,1989-09-14,Female,31-35,Software Engineer,15,Development,Tamil,Sinhala,University_P,1,4,2,5,4,96.09,5,23.89,3,14,17,2,11,Self-learning,7,0.83,30,36,16,HR Management System,21,309,9,7.46,1,3,5,tasks_completed,18,project_delay (days),26,changing_relative_effort,139,sprint_velocity,43,team_velocity,44,stakeholder_satisfaction(1-5),4,milestone_completion_rate,5
875,Company_I,1984-06-06,Male,36-40,Project Manager,20,Project Management,English,Sinhala,University_D,1,5,5,2,4,64.02,2,20.57,2,13,7,1,20,Formal training,5,0.64,34,53,12,Fleet Management System,45,101,9,8.85,2,7,4,tasks_completed,5,project_delay (days),3,changing_relative_effort,81,sprint_velocity,34,team_velocity,28,stakeholder_satisfaction(1-5),2,milestone_completion_rate,3
876,Company_F,1990-11-28,Female,31-35,Software Engineer,14,Development,Sinhala,Sinhala,University_J,3,5,4,4,5,71.15,3,23.74,1,19,19,2,35,Formal training,9,0.7,63,90,7,Payroll Automation,34,406,15,9.84,5,8,3,total_deployments,13,successful_deployments,11,deployment_time_efficiency,0.71,incident_count,2,system_downtime (hrs),17.4,automated_pipeline_stages,3,total_pipeline_stages,3
877,Company_O,1991-07-28,Male,31-35,Software Engineer,13,Development,Sinhala,Muslim,University_S,1,1,1,1,5,60.29,2,16.74,5,25,10,2,33,Online courses / certifications,9,0.78,62,80,20,Banking Mobile App,4,74,12,7.66,4,2,5,tasks_completed,7,project_delay (days),16,changing_relative_effort,127,sprint_velocity,52,team_velocity,44,stakeholder_satisfaction(1-5),4,milestone_completion_rate,4
878,Company_N,1997-06-06,Male,26-30,Software Engineer,7,Development,English,Tamil,University_F,5,5,3,1,2,90.14,4,12.02,3,20,8,5,27,Research & innovation,5,0.69,71,103,16,HR Management System,42,120,4,9.89,4,8,1,tasks_completed,5,project_delay (days),0,changing_relative_effort,155,sprint_velocity,23,team_velocity,68,stakeholder_satisfaction(1-5),1,milestone_completion_rate,4
879,Company_C,1981-11-20,Female,41-45,DevOps Engineer,23,DevOps,Sinhala,Tamil,University_T,4,5,1,5,3,97.3,5,2.29,4,21,8,2,27,Research & innovation,9,0.62,48,77,23,Delivery Service App,21,57,15,3.19,1,9,5,tasks_completed,3,project_delay (days),22,changing_relative_effort,196,sprint_velocity,56,team_velocity,34,stakeholder_satisfaction(1-5),4,milestone_completion_rate,5
880,Company_A,1981-01-21,Male,41-45,Software Engineer,23,Development,Tamil,Tamil,University_P,4,1,5,1,1,99.01,5,3.41,3,1,1,3,37,Knowledge sharing,10,0.81,70,86,9,Customer Portal,23,400,10,3.51,1,10,3,total_deployments,18,successful_deployments,13,deployment_time_efficiency,0.66,incident_count,1,system_downtime (hrs),3.6,automated_pipeline_stages,4,total_pipeline_stages,5
881,Company_A,1992-04-08,Female,31-35,Business Analyst,12,Business Analysis,English,Muslim,University_F,3,3,3,3,2,83.8,3,16.68,3,17,11,4,26,Formal training,7,0.96,48,50,9,Customer Portal,48,127,2,7.42,2,6,1,tasks_completed,15,project_delay (days),5,changing_relative_effort,79,sprint_velocity,36,team_velocity,31,stakeholder_satisfaction(1-5),4,milestone_completion_rate,5
882,Company_N,1982-09-04,Female,41-45,DevOps Engineer,22,DevOps,Sinhala,Tamil,University_R,5,3,2,4,4,90.53,4,23.02,1,24,10,2,28,Formal training,6,0.56,28,50,16,HR Management System,8,338,12,8.35,2,7,2,total_test_cases_executed,97,total_pass_test_cases,10,total_bugs_detected,2,defect_reopened_count,0,total_documents_created,8,document_quality (1-5),4,test_execution_time (hrs),10
883,Company_A,1996-07-20,Female,26-30,Business Analyst,8,Business Analysis,Sinhala,Tamil,University_N,5,1,3,5,2,28.08,1,1.47,5,24,7,2,2,Knowledge sharing,6,0.55,22,40,9,Customer Portal,6,430,10,7.29,4,2,5,total_deployments,9,successful_deployments,8,deployment_time_efficiency,0.4,incident_count,7,system_downtime (hrs),10.7,automated_pipeline_stages,3,total_pipeline_stages,4
884,Company_L,1984-03-17,Female,36-40,Business Analyst,20,Business Analysis,Tamil,Tamil,University_K,4,1,3,5,5,88.52,4,8.82,1,5,19,1,11,Formal training,2,0.43,19,44,21,Medi Care App,12,328,9,3.28,5,1,3,tasks_assigned,26,tasks_completed,23,tasks_on_time,5,bug_count,15,bugs_fixed_count,13,code_quality (1-10),8,rework_count,1
885,Company_D,1987-06-23,Female,36-40,DevOps Engineer,17,DevOps,Tamil,Tamil,University_D,3,3,1,5,1,47.27,1,12.11,3,17,10,2,1,Knowledge sharing,2,0.85,40,47,5,Hospital Information System,4,157,8,1.1,3,2,1,total_deployments,8,successful_deployments,5,deployment_time_efficiency,0.33,incident_count,10,system_downtime (hrs),25.4,automated_pipeline_stages,1,total_pipeline_stages,4
886,Company_R,1983-01-02,Female,41-45,Software Engineer,21,Development,English,Muslim,University_G,4,4,5,2,2,40.49,1,10.99,1,9,5,4,4,None observed,4,0.61,66,108,19,E-Commerce Platform,28,478,10,5.24,5,4,0,tasks_assigned,12,tasks_completed,4,tasks_on_time,0,bug_count,8,bugs_fixed_count,5,code_quality (1-10),4,rework_count,2
887,Company_L,1990-12-17,Female,31-35,Business Analyst,14,Business Analysis,Sinhala,Sinhala,University_C,5,1,1,2,3,60.92,2,16.97,1,18,17,5,34,Formal training,3,0.6,12,20,21,Medi Care App,4,350,4,3.66,0,5,0,tasks_assigned,15,tasks_completed,14,tasks_on_time,0,bug_count,20,bugs_fixed_count,19,code_quality (1-10),10,rework_count,3
888,Company_K,1990-11-01,Male,31-35,Software Engineer,14,Development,English,Tamil,University_I,2,2,1,4,4,80.12,3,13.9,4,21,17,1,5,Research & innovation,7,0.77,17,22,14,Digital Wallet Platform,51,79,13,8.66,2,7,3,tasks_assigned,10,tasks_completed,6,tasks_on_time,5,bug_count,6,bugs_fixed_count,4,code_quality (1-10),4,rework_count,0
889,Company_Q,2002-04-05,Male,20-25,QA Engineer,2,QA,English,Tamil,University_B,3,4,5,4,3,99.26,5,14.1,3,17,7,4,13,Online courses / certifications,10,0.71,48,68,18,Smart Grid Monitor,26,460,10,9.02,4,0,5,total_test_cases_executed,85,total_pass_test_cases,60,total_bugs_detected,3,defect_reopened_count,3,total_documents_created,2,document_quality (1-5),4,test_execution_time (hrs),9
890,Company_H,1994-09-10,Female,26-30,DevOps Engineer,10,DevOps,Sinhala,Tamil,University_A,5,4,2,2,1,24.42,1,20.02,4,17,20,4,18,None observed,10,0.65,24,37,17,Learning Management System,10,398,5,8.07,4,8,1,total_deployments,1,successful_deployments,1,deployment_time_efficiency,0.83,incident_count,7,system_downtime (hrs),19.8,automated_pipeline_stages,3,total_pipeline_stages,10
891,Company_A,1986-09-12,Male,36-40,QA Engineer,18,QA,Sinhala,Sinhala,University_T,1,1,2,2,4,72.56,3,6.38,2,18,14,5,34,Research & innovation,4,0.67,62,93,9,Customer Portal,16,189,9,4.89,5,1,1,total_test_cases_executed,95,total_pass_test_cases,64,total_bugs_detected,20,defect_reopened_count,18,total_documents_created,15,document_quality (1-5),3,test_execution_time (hrs),7
892,Company_E,1994-09-10,Female,26-30,Business Analyst,10,Business Analysis,Tamil,Muslim,University_C,3,4,2,5,1,20.75,1,17.99,2,17,4,1,5,Formal training,7,0.95,41,43,22,Marketing Management System,47,230,15,2.31,2,10,4,total_deployments,20,successful_deployments,16,deployment_time_efficiency,0.58,incident_count,10,system_downtime (hrs),5,automated_pipeline_stages,5,total_pipeline_stages,6
893,Company_N,1987-05-01,Male,36-40,DevOps Engineer,17,DevOps,Tamil,Tamil,University_R,4,1,1,4,4,95.43,5,4.3,5,13,9,1,3,On-the-job learning,5,0.7,78,112,16,HR Management System,41,474,4,7.69,1,6,5,total_deployments,11,successful_deployments,4,deployment_time_efficiency,0.76,incident_count,4,system_downtime (hrs),36.9,automated_pipeline_stages,6,total_pipeline_stages,10
894,Company_F,1989-08-20,Female,31-35,QA Engineer,15,QA,Tamil,Sinhala,University_M,4,5,1,4,3,39.48,1,20.56,2,2,11,3,3,Research & innovation,2,0.63,49,78,7,Payroll Automation,30,390,14,5.97,3,7,4,tasks_completed,10,project_delay (days),26,changing_relative_effort,105,sprint_velocity,29,team_velocity,63,stakeholder_satisfaction(1-5),1,milestone_completion_rate,4
895,Company_J,2000-04-16,Female,20-25,QA Engineer,4,QA,English,Tamil,University_A,4,3,4,2,4,92.3,4,23.78,3,12,8,2,0,Formal training,9,0.52,47,90,8,Microfinance Management System,49,414,10,3.89,0,3,1,tasks_assigned,18,tasks_completed,11,tasks_on_time,2,bug_count,17,bugs_fixed_count,10,code_quality (1-10),7,rework_count,0
896,Company_I,1981-05-29,Male,41-45,DevOps Engineer,23,DevOps,English,Sinhala,University_H,3,1,2,3,1,38.39,1,9.77,1,21,5,2,9,Research & innovation,1,0.74,60,81,12,Fleet Management System,19,187,9,5.39,2,6,4,total_deployments,11,successful_deployments,0,deployment_time_efficiency,0.71,incident_count,5,system_downtime (hrs),15.1,automated_pipeline_stages,6,total_pipeline_stages,9
897,Company_T,1986-06-24,Male,36-40,Business Analyst,18,Business Analysis,English,Muslim,University_H,4,1,3,2,4,36.9,1,14.66,5,1,14,3,7,Online courses / certifications,8,0.93,108,116,3,Insurance Claims Platform,44,125,9,7.09,0,6,2,tasks_completed,1,project_delay (days),14,changing_relative_effort,153,sprint_velocity,16,team_velocity,77,stakeholder_satisfaction(1-5),2,milestone_completion_rate,4
898,Company_H,1995-09-25,Female,26-30,Business Analyst,9,Business Analysis,Tamil,Sinhala,University_N,1,5,4,5,2,81.05,3,10.96,4,9,2,2,25,Self-learning,7,0.43,41,95,17,Learning Management System,4,305,9,5.39,4,9,5,total_deployments,10,successful_deployments,3,deployment_time_efficiency,0.46,incident_count,2,system_downtime (hrs),23.4,automated_pipeline_stages,4,total_pipeline_stages,8
899,Company_H,1992-04-19,Female,31-35,QA Engineer,12,QA,Sinhala,Muslim,University_K,1,3,2,2,4,72.23,3,13.1,2,5,15,1,29,None observed,8,1,25,25,17,Learning Management System,25,396,2,4.6,3,9,0,tasks_completed,14,project_delay (days),20,changing_relative_effort,168,sprint_velocity,11,team_velocity,78,stakeholder_satisfaction(1-5),4,milestone_completion_rate,5
900,Company_S,1982-04-10,Male,41-45,Business Analyst,22,Business Analysis,English,Tamil,University_F,2,5,5,2,4,81.14,3,5.24,3,9,15,3,12,Online courses / certifications,10,0.81,89,110,13,CRM Platform,13,107,2,8.65,1,0,3,total_test_cases_executed,20,total_pass_test_cases,5,total_bugs_detected,5,defect_reopened_count,3,total_documents_created,1,document_quality (1-5),4,test_execution_time (hrs),9
901,Company_A,1989-04-14,Female,31-35,Software Engineer,15,Development,English,Tamil,University_S,2,3,5,2,4,57.04,2,0.71,3,5,11,2,33,Self-learning,3,0.78,61,78,9,Customer Portal,48,432,13,1.23,0,2,3,tasks_completed,19,project_delay (days),17,changing_relative_effort,63,sprint_velocity,28,team_velocity,36,stakeholder_satisfaction(1-5),3,milestone_completion_rate,3
902,Company_K,1982-04-21,Male,41-45,QA Engineer,22,QA,English,Muslim,University_T,4,2,4,2,2,97.11,5,21.82,2,18,1,2,0,Online courses / certifications,5,0.77,70,91,14,Digital Wallet Platform,34,303,10,9.16,2,0,3,total_deployments,1,successful_deployments,1,deployment_time_efficiency,0.59,incident_count,7,system_downtime (hrs),22.5,automated_pipeline_stages,1,total_pipeline_stages,7
903,Company_E,1991-05-31,Female,31-35,Business Analyst,13,Business Analysis,Tamil,Muslim,University_G,4,2,1,1,4,95.37,5,10.42,5,10,7,4,25,None observed,1,0.43,13,30,22,Marketing Management System,8,380,10,9.47,0,5,3,tasks_assigned,28,tasks_completed,23,tasks_on_time,12,bug_count,17,bugs_fixed_count,16,code_quality (1-10),1,rework_count,1
904,Company_G,2000-01-31,Female,20-25,Business Analyst,4,Business Analysis,English,Muslim,University_I,5,4,1,5,3,78.38,3,16.19,5,2,5,4,39,Self-learning,8,0.66,59,90,4,Loan Origination System,9,345,11,1.77,4,8,5,total_test_cases_executed,43,total_pass_test_cases,35,total_bugs_detected,0,defect_reopened_count,0,total_documents_created,1,document_quality (1-5),5,test_execution_time (hrs),2
905,Company_P,1994-04-24,Female,26-30,Business Analyst,10,Business Analysis,Tamil,Muslim,University_Q,4,1,4,4,3,98.51,5,22.97,2,15,18,5,10,Knowledge sharing,5,0.67,56,83,11,Telecom Billing System,28,281,13,2.36,2,6,0,total_deployments,2,successful_deployments,1,deployment_time_efficiency,0.98,incident_count,1,system_downtime (hrs),1.7,automated_pipeline_stages,1,total_pipeline_stages,1
906,Company_I,1987-11-16,Male,36-40,DevOps Engineer,17,DevOps,English,Tamil,University_C,2,3,1,5,4,55.23,2,21.84,1,6,10,1,14,None observed,10,0.94,63,67,12,Fleet Management System,43,454,11,5.26,5,7,5,total_test_cases_executed,98,total_pass_test_cases,83,total_bugs_detected,21,defect_reopened_count,10,total_documents_created,11,document_quality (1-5),2,test_execution_time (hrs),6
907,Company_P,1984-12-14,Female,36-40,Software Engineer,20,Development,English,Sinhala,University_L,2,2,4,1,4,59.67,2,17.08,1,7,13,2,12,Research & innovation,7,0.76,25,33,11,Telecom Billing System,32,199,2,9.47,5,5,0,total_test_cases_executed,34,total_pass_test_cases,15,total_bugs_detected,14,defect_reopened_count,14,total_documents_created,13,document_quality (1-5),5,test_execution_time (hrs),8
908,Company_C,1980-03-07,Female,41-45,Project Manager,24,Project Management,English,Sinhala,University_Q,4,3,5,4,1,87.78,4,9.72,1,6,1,3,11,None observed,8,0.69,20,29,23,Delivery Service App,27,316,6,6.54,3,8,4,tasks_assigned,7,tasks_completed,3,tasks_on_time,2,bug_count,18,bugs_fixed_count,1,code_quality (1-10),6,rework_count,1
909,Company_F,2001-01-06,Female,20-25,Project Manager,3,Project Management,English,Muslim,University_P,3,5,5,4,5,39.2,1,1.14,2,15,6,2,36,Online courses / certifications,2,0.7,49,70,7,Payroll Automation,48,79,13,5.66,5,1,4,total_deployments,9,successful_deployments,6,deployment_time_efficiency,0.77,incident_count,8,system_downtime (hrs),29.3,automated_pipeline_stages,6,total_pipeline_stages,10
910,Company_M,1996-07-19,Female,26-30,QA Engineer,8,QA,Sinhala,Sinhala,University_F,5,1,4,1,2,66.01,2,18.89,4,25,10,4,0,Knowledge sharing,5,0.68,55,81,15,Inventory Management System,4,221,15,3.99,4,2,4,tasks_assigned,21,tasks_completed,16,tasks_on_time,3,bug_count,19,bugs_fixed_count,4,code_quality (1-10),10,rework_count,2
911,Company_Q,2003-03-21,Male,20-25,Business Analyst,1,Business Analysis,Sinhala,Muslim,University_E,1,4,4,2,5,90.58,4,5.62,2,18,0,4,27,Knowledge sharing,4,0.86,42,49,18,Smart Grid Monitor,7,464,6,4.1,1,9,1,total_test_cases_executed,64,total_pass_test_cases,57,total_bugs_detected,27,defect_reopened_count,26,total_documents_created,7,document_quality (1-5),4,test_execution_time (hrs),6
912,Company_I,2002-08-19,Male,20-25,DevOps Engineer,2,DevOps,Tamil,Muslim,University_F,3,1,3,1,2,63.5,2,13.61,4,2,1,1,4,On-the-job learning,9,0.97,36,37,12,Fleet Management System,48,282,7,6.97,0,9,1,tasks_assigned,13,tasks_completed,7,tasks_on_time,3,bug_count,16,bugs_fixed_count,0,code_quality (1-10),2,rework_count,2
913,Company_M,1990-09-19,Male,31-35,DevOps Engineer,14,DevOps,Tamil,Sinhala,University_R,5,3,2,3,3,90.61,4,20.46,3,1,18,5,17,None observed,5,0.96,69,72,15,Inventory Management System,25,364,6,5.67,2,3,0,tasks_completed,13,project_delay (days),1,changing_relative_effort,83,sprint_velocity,55,team_velocity,28,stakeholder_satisfaction(1-5),3,milestone_completion_rate,5
914,Company_F,1995-01-31,Female,26-30,DevOps Engineer,9,DevOps,Sinhala,Tamil,University_T,2,3,4,2,2,98.41,5,5.14,5,21,0,2,19,Online courses / certifications,7,0.55,28,51,7,Payroll Automation,38,407,2,5.42,1,8,3,tasks_completed,18,project_delay (days),24,changing_relative_effort,62,sprint_velocity,35,team_velocity,46,stakeholder_satisfaction(1-5),1,milestone_completion_rate,4
915,Company_A,1994-12-03,Male,26-30,DevOps Engineer,10,DevOps,Tamil,Muslim,University_G,1,2,3,1,5,93.99,4,1.16,1,15,6,2,4,On-the-job learning,1,0.83,97,117,9,Customer Portal,28,351,13,6.45,2,2,4,tasks_assigned,21,tasks_completed,6,tasks_on_time,5,bug_count,17,bugs_fixed_count,9,code_quality (1-10),5,rework_count,0
916,Company_O,1987-04-23,Male,36-40,DevOps Engineer,17,DevOps,English,Sinhala,University_C,1,4,1,1,3,88.09,4,5.69,5,13,10,2,13,On-the-job learning,4,0.46,19,41,20,Banking Mobile App,38,249,4,4.85,4,10,2,tasks_assigned,10,tasks_completed,8,tasks_on_time,2,bug_count,16,bugs_fixed_count,14,code_quality (1-10),8,rework_count,0
917,Company_S,1981-07-18,Male,41-45,Project Manager,23,Project Management,English,Muslim,University_M,1,2,2,2,1,95.7,5,23.84,5,24,19,6,17,Research & innovation,1,0.73,22,30,13,CRM Platform,16,382,4,8.73,3,7,5,total_test_cases_executed,14,total_pass_test_cases,0,total_bugs_detected,8,defect_reopened_count,5,total_documents_created,4,document_quality (1-5),2,test_execution_time (hrs),4
918,Company_P,1986-04-29,Male,36-40,Business Analyst,18,Business Analysis,Tamil,Muslim,University_I,5,5,5,5,5,88.19,4,16.4,5,16,17,2,37,Formal training,10,0.52,49,94,11,Telecom Billing System,42,421,14,7.3,1,9,3,total_deployments,15,successful_deployments,1,deployment_time_efficiency,0.51,incident_count,1,system_downtime (hrs),19.9,automated_pipeline_stages,2,total_pipeline_stages,7
919,Company_L,1990-08-03,Female,31-35,Project Manager,14,Project Management,English,Muslim,University_J,1,2,4,2,3,68.99,2,14.6,4,7,0,4,11,On-the-job learning,9,0.69,24,35,21,Medi Care App,38,358,7,4.17,3,7,0,tasks_completed,1,project_delay (days),21,changing_relative_effort,158,sprint_velocity,20,team_velocity,35,stakeholder_satisfaction(1-5),4,milestone_completion_rate,2
920,Company_S,1985-11-15,Female,36-40,Business Analyst,19,Business Analysis,English,Sinhala,University_L,1,2,3,5,3,72.94,3,2.8,4,16,11,3,23,Research & innovation,9,0.87,26,30,13,CRM Platform,13,328,5,3.23,3,8,4,tasks_assigned,6,tasks_completed,3,tasks_on_time,0,bug_count,1,bugs_fixed_count,0,code_quality (1-10),10,rework_count,2
921,Company_F,1987-07-05,Female,36-40,Project Manager,17,Project Management,Sinhala,Muslim,University_O,1,5,1,5,4,50.22,2,6.25,3,13,7,1,8,On-the-job learning,2,0.54,39,72,7,Payroll Automation,26,303,7,6.12,4,9,2,tasks_completed,12,project_delay (days),0,changing_relative_effort,137,sprint_velocity,30,team_velocity,77,stakeholder_satisfaction(1-5),4,milestone_completion_rate,4
922,Company_M,1999-04-27,Female,20-25,Business Analyst,5,Business Analysis,Tamil,Tamil,University_H,1,1,5,1,1,24.23,1,21.16,2,1,9,1,8,Self-learning,6,0.68,50,73,15,Inventory Management System,45,306,4,7.97,0,6,5,total_deployments,11,successful_deployments,1,deployment_time_efficiency,0.91,incident_count,9,system_downtime (hrs),30.2,automated_pipeline_stages,3,total_pipeline_stages,4
923,Company_B,1981-02-03,Female,41-45,DevOps Engineer,23,DevOps,Sinhala,Tamil,University_O,5,1,2,5,3,96.01,5,4.03,2,10,4,1,12,On-the-job learning,9,0.95,97,102,6,Supply Chain Tracker,51,195,6,1.09,5,2,4,total_test_cases_executed,35,total_pass_test_cases,27,total_bugs_detected,7,defect_reopened_count,4,total_documents_created,11,document_quality (1-5),4,test_execution_time (hrs),8
924,Company_L,1992-11-09,Male,31-35,DevOps Engineer,12,DevOps,Sinhala,Sinhala,University_Q,4,1,2,3,5,48.06,1,22.59,4,24,18,3,32,Self-learning,4,0.55,35,64,21,Medi Care App,30,54,3,5.98,4,1,0,total_deployments,7,successful_deployments,4,deployment_time_efficiency,0.82,incident_count,3,system_downtime (hrs),12.6,automated_pipeline_stages,6,total_pipeline_stages,9
925,Company_M,2001-04-04,Male,20-25,Project Manager,3,Project Management,English,Sinhala,University_T,5,2,5,1,3,21.43,1,17.15,5,24,17,5,17,Knowledge sharing,2,0.77,37,48,15,Inventory Management System,6,97,6,6.33,2,8,0,tasks_assigned,10,tasks_completed,10,tasks_on_time,8,bug_count,19,bugs_fixed_count,1,code_quality (1-10),6,rework_count,5
926,Company_O,2002-09-26,Female,20-25,Business Analyst,2,Business Analysis,Tamil,Tamil,University_P,4,5,5,5,3,73.87,3,15.97,2,16,4,1,31,On-the-job learning,7,0.97,101,104,20,Banking Mobile App,52,270,15,6.63,3,0,2,total_test_cases_executed,99,total_pass_test_cases,8,total_bugs_detected,29,defect_reopened_count,15,total_documents_created,2,document_quality (1-5),1,test_execution_time (hrs),7
927,Company_J,1995-05-04,Male,26-30,Software Engineer,9,Development,Sinhala,Muslim,University_T,1,5,1,5,5,39.65,1,11.22,3,24,16,5,12,Formal training,6,0.62,53,86,8,Microfinance Management System,8,181,10,5.27,3,5,0,total_test_cases_executed,73,total_pass_test_cases,58,total_bugs_detected,11,defect_reopened_count,11,total_documents_created,3,document_quality (1-5),2,test_execution_time (hrs),9
928,Company_K,1989-05-16,Female,31-35,Software Engineer,15,Development,Tamil,Sinhala,University_Q,5,4,3,5,5,83.99,3,18.5,5,13,19,1,34,On-the-job learning,10,0.51,50,99,14,Digital Wallet Platform,31,254,15,5.15,0,5,4,tasks_assigned,24,tasks_completed,9,tasks_on_time,6,bug_count,19,bugs_fixed_count,12,code_quality (1-10),5,rework_count,4
929,Company_G,1992-08-26,Female,31-35,QA Engineer,12,QA,Sinhala,Tamil,University_J,5,3,2,4,1,83.22,3,22.75,1,14,12,7,36,Formal training,3,0.53,47,88,4,Loan Origination System,23,160,15,1.28,3,5,4,tasks_assigned,29,tasks_completed,16,tasks_on_time,9,bug_count,9,bugs_fixed_count,8,code_quality (1-10),7,rework_count,4
930,Company_G,2001-03-19,Male,20-25,Business Analyst,3,Business Analysis,Tamil,Sinhala,University_L,4,5,2,3,1,81.45,3,6.03,5,21,16,3,13,None observed,1,0.68,28,41,4,Loan Origination System,17,209,10,8.76,1,6,3,total_deployments,18,successful_deployments,17,deployment_time_efficiency,0.94,incident_count,8,system_downtime (hrs),34.1,automated_pipeline_stages,4,total_pipeline_stages,7
931,Company_C,1996-04-30,Female,26-30,DevOps Engineer,8,DevOps,Tamil,Muslim,University_G,4,2,2,2,2,96.36,5,2.51,4,7,20,1,3,Self-learning,10,0.98,49,50,23,Delivery Service App,12,69,8,3.05,3,5,2,total_deployments,6,successful_deployments,4,deployment_time_efficiency,0.61,incident_count,6,system_downtime (hrs),1.8,automated_pipeline_stages,5,total_pipeline_stages,7
932,Company_R,1991-09-02,Male,31-35,Business Analyst,13,Business Analysis,English,Sinhala,University_G,5,1,2,2,5,67.93,2,23.39,4,8,4,2,15,Formal training,8,1,63,63,19,E-Commerce Platform,28,88,3,5.65,1,6,5,tasks_assigned,28,tasks_completed,1,tasks_on_time,1,bug_count,10,bugs_fixed_count,5,code_quality (1-10),7,rework_count,2
933,Company_J,1980-03-08,Male,41-45,DevOps Engineer,24,DevOps,Sinhala,Tamil,University_U,1,5,5,3,5,95.57,5,10.42,1,22,10,4,17,Research & innovation,5,0.72,23,32,8,Microfinance Management System,47,260,14,4.82,0,3,0,total_deployments,3,successful_deployments,0,deployment_time_efficiency,0.72,incident_count,6,system_downtime (hrs),30.9,automated_pipeline_stages,3,total_pipeline_stages,5
934,Company_D,1997-10-22,Female,26-30,QA Engineer,7,QA,Tamil,Tamil,University_E,3,3,4,3,2,90.94,4,19.87,5,13,3,1,15,Self-learning,2,0.46,46,101,5,Hospital Information System,20,65,14,7.45,4,1,3,total_test_cases_executed,97,total_pass_test_cases,46,total_bugs_detected,1,defect_reopened_count,0,total_documents_created,2,document_quality (1-5),2,test_execution_time (hrs),8
935,Company_A,2003-04-22,Female,20-25,QA Engineer,1,QA,English,Sinhala,University_D,5,4,2,1,5,60.97,2,1.47,4,1,19,2,26,Self-learning,2,0.91,50,55,9,Customer Portal,26,180,6,6.52,3,6,4,tasks_completed,11,project_delay (days),9,changing_relative_effort,85,sprint_velocity,15,team_velocity,67,stakeholder_satisfaction(1-5),4,milestone_completion_rate,3
936,Company_O,2001-06-21,Male,20-25,Business Analyst,3,Business Analysis,Sinhala,Sinhala,University_E,3,3,5,4,2,29.48,1,19.19,3,12,4,1,4,Knowledge sharing,7,0.72,68,95,20,Banking Mobile App,41,144,5,3.82,0,6,5,tasks_completed,7,project_delay (days),17,changing_relative_effort,108,sprint_velocity,20,team_velocity,47,stakeholder_satisfaction(1-5),2,milestone_completion_rate,4
937,Company_N,1999-06-20,Female,20-25,QA Engineer,5,QA,Sinhala,Tamil,University_H,5,4,4,4,3,33.36,1,18.69,3,20,6,3,38,Online courses / certifications,1,0.91,101,111,16,HR Management System,39,194,3,7.29,2,2,5,total_deployments,8,successful_deployments,5,deployment_time_efficiency,0.8,incident_count,2,system_downtime (hrs),37.8,automated_pipeline_stages,4,total_pipeline_stages,9
938,Company_L,1999-07-30,Male,20-25,Business Analyst,5,Business Analysis,Sinhala,Sinhala,University_A,4,4,5,2,5,93.55,4,14.53,2,7,19,1,27,Research & innovation,2,0.86,77,90,21,Medi Care App,37,493,9,9.64,5,8,4,tasks_completed,9,project_delay (days),2,changing_relative_effort,50,sprint_velocity,41,team_velocity,66,stakeholder_satisfaction(1-5),3,milestone_completion_rate,1
939,Company_B,1997-08-17,Male,26-30,QA Engineer,7,QA,Sinhala,Sinhala,University_P,1,5,3,4,5,88.25,4,7.39,3,22,20,5,30,Online courses / certifications,3,0.58,64,110,6,Supply Chain Tracker,35,419,12,5.35,2,8,5,total_test_cases_executed,73,total_pass_test_cases,58,total_bugs_detected,0,defect_reopened_count,0,total_documents_created,8,document_quality (1-5),3,test_execution_time (hrs),9
940,Company_I,1996-01-11,Male,26-30,QA Engineer,8,QA,Tamil,Sinhala,University_B,4,2,4,1,1,85.76,4,23.12,1,18,15,1,19,Self-learning,7,0.89,90,101,10,Government Tax Portal,50,481,5,5.94,1,9,5,tasks_assigned,16,tasks_completed,15,tasks_on_time,2,bug_count,13,bugs_fixed_count,4,code_quality (1-10),5,rework_count,5
941,Company_L,1979-11-19,Male,41-45,Software Engineer,25,Development,English,Muslim,University_Q,4,2,1,3,1,53.07,2,9.29,5,21,5,4,30,Online courses / certifications,1,0.62,36,58,21,Medi Care App,52,463,11,3.02,0,7,5,total_test_cases_executed,14,total_pass_test_cases,9,total_bugs_detected,30,defect_reopened_count,28,total_documents_created,15,document_quality (1-5),3,test_execution_time (hrs),3
942,Company_K,1987-04-21,Female,36-40,DevOps Engineer,17,DevOps,Sinhala,Sinhala,University_N,5,2,1,2,4,53.13,2,2.79,1,24,20,5,23,Formal training,7,0.93,52,56,14,Digital Wallet Platform,47,191,3,7.96,4,2,4,total_deployments,4,successful_deployments,3,deployment_time_efficiency,1,incident_count,4,system_downtime (hrs),23.9,automated_pipeline_stages,6,total_pipeline_stages,6
943,Company_G,1994-06-01,Female,26-30,Software Engineer,10,Development,Sinhala,Tamil,University_L,2,4,2,4,1,93.91,4,9.33,3,2,13,5,38,Online courses / certifications,8,0.54,45,83,4,Loan Origination System,49,438,2,9.99,3,4,0,tasks_completed,13,project_delay (days),7,changing_relative_effort,135,sprint_velocity,15,team_velocity,47,stakeholder_satisfaction(1-5),3,milestone_completion_rate,2
944,Company_I,1986-01-13,Male,36-40,Business Analyst,18,Business Analysis,Sinhala,Muslim,University_J,5,2,2,4,2,98.02,5,10.04,2,12,20,1,0,None observed,9,0.79,23,29,10,Government Tax Portal,12,126,10,9.49,5,6,1,tasks_completed,17,project_delay (days),7,changing_relative_effort,169,sprint_velocity,18,team_velocity,77,stakeholder_satisfaction(1-5),4,milestone_completion_rate,4
945,Company_M,1980-01-11,Female,41-45,Business Analyst,24,Business Analysis,Tamil,Sinhala,University_I,3,1,5,4,4,78.75,3,11.96,2,20,6,3,29,On-the-job learning,10,0.89,58,65,15,Inventory Management System,21,151,5,3.1,1,10,0,total_deployments,18,successful_deployments,16,deployment_time_efficiency,0.45,incident_count,4,system_downtime (hrs),17.6,automated_pipeline_stages,2,total_pipeline_stages,4
946,Company_B,2003-10-16,Male,20-25,Software Engineer,1,Development,Sinhala,Tamil,University_U,2,3,2,2,2,47.15,1,20.08,1,4,19,2,37,Knowledge sharing,8,0.72,21,29,6,Supply Chain Tracker,46,406,10,8.12,3,9,5,tasks_completed,6,project_delay (days),13,changing_relative_effort,124,sprint_velocity,11,team_velocity,40,stakeholder_satisfaction(1-5),2,milestone_completion_rate,2
947,Company_I,1982-09-01,Male,41-45,Software Engineer,22,Development,Tamil,Sinhala,University_T,2,3,2,2,3,53.16,2,6.58,3,10,17,2,7,Research & innovation,1,0.9,35,39,10,Government Tax Portal,5,171,4,1.85,4,5,4,tasks_completed,14,project_delay (days),30,changing_relative_effort,138,sprint_velocity,33,team_velocity,69,stakeholder_satisfaction(1-5),1,milestone_completion_rate,4
948,Company_Q,2003-12-07,Female,20-25,Software Engineer,1,Development,English,Sinhala,University_S,4,2,3,2,5,99.91,5,12.46,4,3,11,2,22,Online courses / certifications,7,0.57,40,70,18,Smart Grid Monitor,50,50,5,5.75,1,4,1,tasks_completed,16,project_delay (days),12,changing_relative_effort,93,sprint_velocity,19,team_velocity,26,stakeholder_satisfaction(1-5),2,milestone_completion_rate,3
949,Company_K,1999-05-16,Female,20-25,Software Engineer,5,Development,Sinhala,Tamil,University_G,3,3,3,5,4,95.82,5,3.88,1,6,1,5,4,Self-learning,7,0.67,68,102,14,Digital Wallet Platform,7,312,9,2.95,0,2,5,total_deployments,3,successful_deployments,0,deployment_time_efficiency,0.76,incident_count,7,system_downtime (hrs),45.1,automated_pipeline_stages,7,total_pipeline_stages,10
950,Company_I,1991-10-24,Female,31-35,Business Analyst,13,Business Analysis,Sinhala,Sinhala,University_B,2,4,4,1,1,63.5,2,7,1,25,8,4,18,Formal training,3,0.93,41,44,10,Government Tax Portal,42,55,6,5.94,3,6,5,total_test_cases_executed,12,total_pass_test_cases,11,total_bugs_detected,14,defect_reopened_count,3,total_documents_created,14,document_quality (1-5),4,test_execution_time (hrs),5
951,Company_P,1982-12-11,Male,41-45,Software Engineer,22,Development,Sinhala,Muslim,University_B,4,3,2,5,4,62.46,2,12.46,3,25,11,5,27,Self-learning,5,0.57,56,98,11,Telecom Billing System,49,386,12,4.29,4,1,0,tasks_completed,10,project_delay (days),11,changing_relative_effort,175,sprint_velocity,25,team_velocity,65,stakeholder_satisfaction(1-5),2,milestone_completion_rate,3
952,Company_K,2001-06-27,Female,20-25,Project Manager,3,Project Management,Sinhala,Muslim,University_G,1,2,3,3,1,67.24,2,13.11,5,24,20,3,12,On-the-job learning,7,1,45,45,14,Digital Wallet Platform,51,280,9,1.82,4,8,4,tasks_assigned,12,tasks_completed,8,tasks_on_time,4,bug_count,7,bugs_fixed_count,4,code_quality (1-10),4,rework_count,4
953,Company_G,2002-11-18,Male,20-25,Business Analyst,2,Business Analysis,Tamil,Muslim,University_N,2,1,1,2,2,78.3,3,7.33,5,12,7,1,38,On-the-job learning,6,0.78,86,110,2,ERP Integration Module,25,140,3,2.68,0,10,2,total_test_cases_executed,59,total_pass_test_cases,2,total_bugs_detected,26,defect_reopened_count,7,total_documents_created,9,document_quality (1-5),3,test_execution_time (hrs),1
954,Company_H,1989-06-01,Male,31-35,Software Engineer,15,Development,Sinhala,Muslim,University_J,2,4,4,5,2,86.58,4,13.11,4,5,5,1,35,None observed,8,0.96,50,52,17,Learning Management System,6,436,5,7.54,5,6,5,tasks_completed,11,project_delay (days),11,changing_relative_effort,191,sprint_velocity,60,team_velocity,46,stakeholder_satisfaction(1-5),4,milestone_completion_rate,4
955,Company_J,1990-01-30,Male,31-35,Software Engineer,14,Development,English,Sinhala,University_R,1,2,3,5,5,70.39,3,18.63,2,11,14,2,36,Formal training,2,0.78,66,85,8,Microfinance Management System,14,350,7,8.07,3,3,4,tasks_completed,1,project_delay (days),3,changing_relative_effort,57,sprint_velocity,14,team_velocity,31,stakeholder_satisfaction(1-5),4,milestone_completion_rate,4
956,Company_F,1995-06-14,Female,26-30,Software Engineer,9,Development,English,Muslim,University_N,1,4,5,1,2,46.46,1,9.11,5,21,4,4,26,Online courses / certifications,9,0.78,25,32,7,Payroll Automation,18,476,11,4.71,3,1,4,tasks_completed,14,project_delay (days),25,changing_relative_effort,176,sprint_velocity,14,team_velocity,50,stakeholder_satisfaction(1-5),1,milestone_completion_rate,1
957,Company_O,1990-03-28,Female,31-35,Project Manager,14,Project Management,Tamil,Sinhala,University_S,3,4,3,2,5,98.81,5,13.34,1,15,13,1,39,None observed,10,0.84,53,63,20,Banking Mobile App,40,496,15,7.95,2,0,5,total_test_cases_executed,16,total_pass_test_cases,6,total_bugs_detected,15,defect_reopened_count,2,total_documents_created,15,document_quality (1-5),5,test_execution_time (hrs),5
958,Company_E,1979-06-20,Male,41-45,QA Engineer,25,QA,Sinhala,Muslim,University_I,2,3,1,4,5,55.44,2,23.51,3,19,2,1,14,Self-learning,4,0.91,30,33,22,Marketing Management System,14,106,3,5.99,0,10,0,tasks_assigned,22,tasks_completed,3,tasks_on_time,0,bug_count,4,bugs_fixed_count,1,code_quality (1-10),9,rework_count,4
959,Company_T,1998-01-01,Female,26-30,Software Engineer,6,Development,Tamil,Muslim,University_L,1,2,5,2,1,85.23,4,9.8,2,24,20,4,21,Online courses / certifications,1,0.67,20,30,3,Insurance Claims Platform,44,105,11,7.87,4,0,2,total_test_cases_executed,55,total_pass_test_cases,1,total_bugs_detected,11,defect_reopened_count,2,total_documents_created,2,document_quality (1-5),1,test_execution_time (hrs),8
960,Company_I,1981-10-25,Female,41-45,Software Engineer,23,Development,Tamil,Tamil,University_Q,4,5,2,2,2,76.3,3,9.57,4,21,5,2,33,None observed,1,0.49,39,80,10,Government Tax Portal,24,184,6,6.09,2,0,3,tasks_assigned,5,tasks_completed,5,tasks_on_time,5,bug_count,10,bugs_fixed_count,8,code_quality (1-10),1,rework_count,1
961,Company_Q,1987-10-11,Female,36-40,DevOps Engineer,17,DevOps,Tamil,Sinhala,University_Q,1,1,1,1,4,38.8,1,6.11,1,18,16,2,20,Online courses / certifications,1,0.46,32,70,18,Smart Grid Monitor,45,276,8,2.61,1,10,5,total_deployments,18,successful_deployments,9,deployment_time_efficiency,0.62,incident_count,6,system_downtime (hrs),29,automated_pipeline_stages,6,total_pipeline_stages,7
962,Company_M,1984-08-15,Male,36-40,Software Engineer,20,Development,English,Sinhala,University_S,4,4,5,1,4,98.68,5,16.53,3,1,19,3,15,Self-learning,7,0.51,54,106,15,Inventory Management System,52,249,8,2.23,5,8,3,tasks_assigned,18,tasks_completed,1,tasks_on_time,0,bug_count,9,bugs_fixed_count,9,code_quality (1-10),6,rework_count,2
963,Company_B,2002-10-13,Male,20-25,Project Manager,2,Project Management,English,Sinhala,University_U,4,1,5,3,4,23.93,1,18.33,2,25,15,4,21,On-the-job learning,6,0.57,43,76,6,Supply Chain Tracker,49,125,7,2.33,1,3,2,tasks_completed,5,project_delay (days),10,changing_relative_effort,149,sprint_velocity,12,team_velocity,20,stakeholder_satisfaction(1-5),3,milestone_completion_rate,4
964,Company_K,1982-02-27,Female,41-45,Software Engineer,22,Development,Sinhala,Sinhala,University_N,2,3,1,5,2,85.38,4,9.79,2,6,13,1,20,Research & innovation,4,0.64,58,90,14,Digital Wallet Platform,25,363,15,6.61,2,10,1,total_test_cases_executed,41,total_pass_test_cases,9,total_bugs_detected,4,defect_reopened_count,0,total_documents_created,1,document_quality (1-5),3,test_execution_time (hrs),9
965,Company_O,1984-06-08,Male,36-40,Software Engineer,20,Development,Tamil,Tamil,University_G,3,1,5,5,2,39.37,1,20.49,5,10,0,2,13,Formal training,9,0.51,22,43,20,Banking Mobile App,52,126,3,9.35,3,8,1,total_deployments,8,successful_deployments,1,deployment_time_efficiency,0.45,incident_count,9,system_downtime (hrs),45.1,automated_pipeline_stages,2,total_pipeline_stages,10
966,Company_F,1980-08-11,Female,41-45,Project Manager,24,Project Management,English,Muslim,University_G,1,5,1,2,4,40.56,1,14.38,1,6,17,3,0,Self-learning,6,0.75,58,77,7,Payroll Automation,48,203,10,5.7,4,2,1,total_deployments,16,successful_deployments,4,deployment_time_efficiency,0.52,incident_count,4,system_downtime (hrs),35.9,automated_pipeline_stages,3,total_pipeline_stages,8
967,Company_C,1991-12-28,Female,31-35,Project Manager,13,Project Management,English,Tamil,University_O,5,1,5,4,1,88.81,4,23.81,3,14,8,3,18,On-the-job learning,7,0.48,16,33,23,Delivery Service App,28,243,13,1.4,1,8,4,total_test_cases_executed,73,total_pass_test_cases,38,total_bugs_detected,10,defect_reopened_count,8,total_documents_created,8,document_quality (1-5),1,test_execution_time (hrs),7
968,Company_P,1992-04-26,Female,31-35,Software Engineer,12,Development,Tamil,Sinhala,University_H,2,2,4,3,1,82.49,3,6.55,4,24,12,2,38,Online courses / certifications,4,0.83,19,23,11,Telecom Billing System,4,462,8,1.73,2,5,1,tasks_assigned,23,tasks_completed,20,tasks_on_time,12,bug_count,9,bugs_fixed_count,5,code_quality (1-10),7,rework_count,2
969,Company_I,1989-12-11,Female,31-35,Project Manager,15,Project Management,Tamil,Sinhala,University_J,2,4,1,1,4,91.85,4,11.32,1,8,0,4,21,Self-learning,1,0.52,27,52,10,Government Tax Portal,18,200,6,6.4,3,5,5,tasks_completed,18,project_delay (days),22,changing_relative_effort,141,sprint_velocity,45,team_velocity,65,stakeholder_satisfaction(1-5),3,milestone_completion_rate,1
970,Company_O,1980-06-18,Male,41-45,DevOps Engineer,24,DevOps,Sinhala,Sinhala,University_L,5,4,3,5,3,86.15,4,1.33,2,22,6,3,31,Formal training,5,0.97,28,29,20,Banking Mobile App,6,157,5,2.06,1,2,1,total_deployments,20,successful_deployments,10,deployment_time_efficiency,0.48,incident_count,0,system_downtime (hrs),44.6,automated_pipeline_stages,8,total_pipeline_stages,8
971,Company_G,1986-05-30,Male,36-40,QA Engineer,18,QA,English,Sinhala,University_R,1,4,4,3,4,74.51,3,17.77,1,21,15,2,32,Formal training,4,0.65,28,43,4,Loan Origination System,29,56,2,7.05,3,6,5,tasks_completed,5,project_delay (days),5,changing_relative_effort,190,sprint_velocity,19,team_velocity,27,stakeholder_satisfaction(1-5),4,milestone_completion_rate,2
972,Company_I,1979-08-14,Male,41-45,Business Analyst,25,Business Analysis,Sinhala,Tamil,University_R,4,3,1,1,4,75.74,3,20.69,3,1,11,5,15,Self-learning,1,0.72,53,74,10,Government Tax Portal,40,135,12,7.84,3,6,5,total_test_cases_executed,60,total_pass_test_cases,2,total_bugs_detected,28,defect_reopened_count,8,total_documents_created,9,document_quality (1-5),2,test_execution_time (hrs),3
973,Company_F,1987-11-29,Male,36-40,Software Engineer,17,Development,English,Muslim,University_I,1,2,4,5,3,98.02,5,9.25,3,20,4,1,31,On-the-job learning,8,0.96,78,81,7,Payroll Automation,33,335,12,1.8,5,0,2,tasks_completed,18,project_delay (days),22,changing_relative_effort,107,sprint_velocity,60,team_velocity,44,stakeholder_satisfaction(1-5),2,milestone_completion_rate,5
974,Company_H,1987-11-05,Male,36-40,Project Manager,17,Project Management,Sinhala,Muslim,University_L,1,5,4,4,2,61.61,2,12.52,5,24,1,2,5,On-the-job learning,7,0.68,77,114,17,Learning Management System,40,304,4,5.4,3,6,4,tasks_completed,16,project_delay (days),15,changing_relative_effort,174,sprint_velocity,33,team_velocity,56,stakeholder_satisfaction(1-5),2,milestone_completion_rate,4
975,Company_M,2002-04-29,Female,20-25,Project Manager,2,Project Management,Sinhala,Tamil,University_B,5,5,2,3,4,93.51,4,21.36,2,23,6,2,11,Online courses / certifications,3,0.77,50,65,15,Inventory Management System,11,236,15,1.25,0,1,0,tasks_completed,8,project_delay (days),19,changing_relative_effort,77,sprint_velocity,31,team_velocity,39,stakeholder_satisfaction(1-5),3,milestone_completion_rate,1
976,Company_G,1987-09-17,Female,36-40,Business Analyst,17,Business Analysis,Tamil,Muslim,University_H,1,5,1,4,5,80.25,3,15.99,3,21,2,3,29,On-the-job learning,4,0.64,62,97,4,Loan Origination System,37,388,2,4.43,4,9,3,tasks_completed,15,project_delay (days),21,changing_relative_effort,109,sprint_velocity,34,team_velocity,48,stakeholder_satisfaction(1-5),2,milestone_completion_rate,1
977,Company_F,1984-07-09,Male,36-40,DevOps Engineer,20,DevOps,Sinhala,Sinhala,University_S,5,2,5,1,3,61.95,2,12.63,5,4,14,2,31,Online courses / certifications,1,0.59,13,22,7,Payroll Automation,16,130,14,8.89,3,0,0,total_deployments,4,successful_deployments,2,deployment_time_efficiency,0.52,incident_count,9,system_downtime (hrs),4.6,automated_pipeline_stages,8,total_pipeline_stages,10
978,Company_C,1992-11-03,Male,31-35,DevOps Engineer,12,DevOps,Sinhala,Muslim,University_U,2,4,3,2,5,41.82,1,6.88,3,15,15,1,17,On-the-job learning,3,0.77,30,39,23,Delivery Service App,17,406,5,9.94,3,4,2,tasks_assigned,20,tasks_completed,2,tasks_on_time,0,bug_count,12,bugs_fixed_count,3,code_quality (1-10),2,rework_count,3
979,Company_H,2000-03-01,Male,20-25,DevOps Engineer,4,DevOps,Tamil,Sinhala,University_D,3,5,3,3,5,54.76,2,16.97,1,24,9,1,36,Knowledge sharing,4,0.75,46,61,17,Learning Management System,21,487,9,9.16,2,10,0,total_deployments,5,successful_deployments,2,deployment_time_efficiency,0.32,incident_count,5,system_downtime (hrs),11.6,automated_pipeline_stages,8,total_pipeline_stages,8
980,Company_G,2002-08-14,Female,20-25,Software Engineer,2,Development,Tamil,Sinhala,University_B,2,5,4,4,4,73.45,3,21.94,2,13,6,3,11,Online courses / certifications,7,0.97,39,40,4,Loan Origination System,17,151,13,5.8,3,9,1,total_deployments,6,successful_deployments,5,deployment_time_efficiency,0.73,incident_count,3,system_downtime (hrs),19.5,automated_pipeline_stages,7,total_pipeline_stages,9
981,Company_J,1994-10-29,Male,26-30,DevOps Engineer,10,DevOps,Sinhala,Tamil,University_U,4,4,4,4,2,32.91,1,10.89,4,4,5,8,22,Online courses / certifications,9,0.79,38,48,8,Microfinance Management System,38,281,12,6.23,1,3,2,total_deployments,13,successful_deployments,7,deployment_time_efficiency,0.5,incident_count,6,system_downtime (hrs),12.8,automated_pipeline_stages,7,total_pipeline_stages,10
982,Company_Q,1985-10-27,Male,36-40,Business Analyst,19,Business Analysis,Tamil,Sinhala,University_H,5,3,1,1,3,95.71,5,2.81,3,17,16,8,17,None observed,1,0.4,17,43,18,Smart Grid Monitor,38,106,12,8.86,2,1,3,total_deployments,10,successful_deployments,8,deployment_time_efficiency,0.48,incident_count,7,system_downtime (hrs),22.8,automated_pipeline_stages,8,total_pipeline_stages,8
983,Company_F,1980-12-12,Female,41-45,Business Analyst,24,Business Analysis,English,Sinhala,University_I,2,2,2,3,5,59.65,2,16.2,1,13,8,2,36,Research & innovation,3,0.83,29,35,7,Payroll Automation,50,256,15,5.75,2,6,3,tasks_assigned,6,tasks_completed,4,tasks_on_time,0,bug_count,20,bugs_fixed_count,17,code_quality (1-10),7,rework_count,0
984,Company_T,1995-03-24,Female,26-30,Software Engineer,9,Development,Tamil,Muslim,University_F,2,2,4,3,5,59.75,2,23.38,2,5,19,3,7,Knowledge sharing,1,0.9,78,87,3,Insurance Claims Platform,25,405,10,8.01,0,7,4,total_deployments,3,successful_deployments,0,deployment_time_efficiency,0.74,incident_count,6,system_downtime (hrs),40.6,automated_pipeline_stages,6,total_pipeline_stages,6
985,Company_G,1992-04-05,Female,31-35,QA Engineer,12,QA,English,Tamil,University_E,2,4,1,2,3,50.13,2,8.98,3,22,0,1,31,Research & innovation,6,0.66,44,67,4,Loan Origination System,48,397,2,8.81,2,9,1,total_test_cases_executed,71,total_pass_test_cases,23,total_bugs_detected,16,defect_reopened_count,1,total_documents_created,10,document_quality (1-5),1,test_execution_time (hrs),2
986,Company_G,2002-06-03,Male,20-25,DevOps Engineer,2,DevOps,English,Sinhala,University_G,4,1,4,5,4,90.72,4,10.24,3,18,5,3,4,Formal training,2,0.66,63,96,4,Loan Origination System,5,152,4,9.75,0,7,5,total_deployments,12,successful_deployments,6,deployment_time_efficiency,0.3,incident_count,5,system_downtime (hrs),7.4,automated_pipeline_stages,1,total_pipeline_stages,2
987,Company_E,1989-10-21,Male,31-35,Business Analyst,15,Business Analysis,English,Sinhala,University_G,2,1,2,2,5,97.01,5,23.89,3,18,15,2,25,Research & innovation,9,0.68,39,57,22,Marketing Management System,11,461,7,3.48,0,2,5,total_deployments,15,successful_deployments,6,deployment_time_efficiency,0.95,incident_count,0,system_downtime (hrs),5.6,automated_pipeline_stages,6,total_pipeline_stages,7
988,Company_B,1986-01-27,Female,36-40,Business Analyst,18,Business Analysis,Tamil,Tamil,University_R,2,2,2,3,4,75.78,3,18.67,5,18,11,1,14,Online courses / certifications,6,0.73,22,30,6,Supply Chain Tracker,37,197,13,5.03,4,5,3,tasks_assigned,29,tasks_completed,27,tasks_on_time,15,bug_count,19,bugs_fixed_count,14,code_quality (1-10),9,rework_count,4
989,Company_C,1984-02-12,Male,36-40,Business Analyst,20,Business Analysis,Sinhala,Tamil,University_G,3,1,1,5,3,98.18,5,7.75,3,13,2,4,11,Research & innovation,10,0.83,70,84,23,Delivery Service App,15,495,7,4.29,3,10,3,total_test_cases_executed,77,total_pass_test_cases,67,total_bugs_detected,21,defect_reopened_count,2,total_documents_created,6,document_quality (1-5),5,test_execution_time (hrs),6
990,Company_J,1997-03-07,Female,26-30,Business Analyst,7,Business Analysis,Sinhala,Muslim,University_K,4,1,5,1,2,73.91,3,23.63,2,4,14,7,21,Knowledge sharing,4,0.91,50,55,8,Microfinance Management System,49,482,7,7.63,4,9,1,total_deployments,9,successful_deployments,4,deployment_time_efficiency,0.59,incident_count,4,system_downtime (hrs),2,automated_pipeline_stages,6,total_pipeline_stages,6
991,Company_M,1984-02-25,Male,36-40,Software Engineer,20,Development,English,Sinhala,University_D,3,3,1,4,4,25.33,1,16.01,2,16,3,3,37,None observed,10,0.41,9,22,15,Inventory Management System,35,189,7,6.17,1,5,2,total_test_cases_executed,100,total_pass_test_cases,15,total_bugs_detected,4,defect_reopened_count,1,total_documents_created,9,document_quality (1-5),3,test_execution_time (hrs),9
992,Company_H,1997-11-03,Female,26-30,QA Engineer,7,QA,Sinhala,Tamil,University_M,1,2,5,3,3,64.54,2,18.55,1,16,20,2,4,Knowledge sharing,9,0.85,76,89,17,Learning Management System,16,397,11,4.07,3,10,3,total_deployments,4,successful_deployments,1,deployment_time_efficiency,0.53,incident_count,9,system_downtime (hrs),10.6,automated_pipeline_stages,1,total_pipeline_stages,3
993,Company_B,1981-03-07,Female,41-45,DevOps Engineer,23,DevOps,English,Sinhala,University_U,4,5,2,5,3,47.46,1,14.48,3,24,0,2,4,Research & innovation,6,0.85,83,98,6,Supply Chain Tracker,7,223,6,9.64,2,8,1,tasks_assigned,30,tasks_completed,10,tasks_on_time,5,bug_count,11,bugs_fixed_count,9,code_quality (1-10),10,rework_count,2
994,Company_D,1984-10-18,Male,36-40,Business Analyst,20,Business Analysis,Sinhala,Muslim,University_H,2,5,1,1,1,77.61,3,14.48,5,1,13,4,39,Self-learning,6,0.55,16,29,5,Hospital Information System,52,417,2,3.64,0,7,0,tasks_assigned,16,tasks_completed,11,tasks_on_time,10,bug_count,15,bugs_fixed_count,10,code_quality (1-10),8,rework_count,0
995,Company_J,1995-12-06,Female,26-30,QA Engineer,9,QA,Tamil,Sinhala,University_O,5,2,1,3,5,53.47,2,8.02,1,10,7,3,38,Research & innovation,5,0.73,44,60,8,Microfinance Management System,10,239,15,2.84,0,2,3,total_deployments,10,successful_deployments,0,deployment_time_efficiency,0.32,incident_count,3,system_downtime (hrs),32.9,automated_pipeline_stages,4,total_pipeline_stages,9
996,Company_N,1980-01-09,Female,41-45,DevOps Engineer,24,DevOps,English,Muslim,University_E,3,4,2,4,4,93.94,4,11.13,3,9,4,4,4,Self-learning,6,0.82,36,44,16,HR Management System,12,428,2,5.89,2,8,5,total_deployments,3,successful_deployments,1,deployment_time_efficiency,0.51,incident_count,6,system_downtime (hrs),20.9,automated_pipeline_stages,8,total_pipeline_stages,9
997,Company_C,1991-11-24,Female,31-35,Business Analyst,13,Business Analysis,Tamil,Tamil,University_T,2,2,3,4,5,71.72,3,15.74,5,21,1,4,22,Self-learning,8,0.77,56,73,23,Delivery Service App,23,248,10,5.01,0,4,2,total_deployments,13,successful_deployments,13,deployment_time_efficiency,0.73,incident_count,9,system_downtime (hrs),29.6,automated_pipeline_stages,6,total_pipeline_stages,7
998,Company_E,1979-04-18,Female,41-45,DevOps Engineer,25,DevOps,Sinhala,Muslim,University_U,1,3,4,1,2,95.54,5,11.08,1,16,7,3,19,Research & innovation,7,0.77,20,26,22,Marketing Management System,19,390,14,6.85,5,2,2,tasks_completed,13,project_delay (days),17,changing_relative_effort,175,sprint_velocity,18,team_velocity,31,stakeholder_satisfaction(1-5),5,milestone_completion_rate,2
999,Company_P,1990-09-12,Male,31-35,DevOps Engineer,14,DevOps,Tamil,Muslim,University_F,4,5,2,2,4,47.06,1,6.1,2,2,18,2,32,Research & innovation,10,0.98,46,47,11,Telecom Billing System,46,254,12,8.38,2,7,4,total_test_cases_executed,59,total_pass_test_cases,35,total_bugs_detected,21,defect_reopened_count,0,total_documents_created,1,document_quality (1-5),4,test_execution_time (hrs),4
1000,Company_R,2000-03-22,Male,20-25,Project Manager,4,Project Management,Sinhala,Sinhala,University_G,4,5,2,1,3,42.68,1,19.73,5,20,11,1,27,Research & innovation,3,0.8,71,89,19,E-Commerce Platform,6,81,6,2.36,5,8,3,total_deployments,15,successful_deployments,8,deployment_time_efficiency,0.62,incident_count,1,system_downtime (hrs),41.5,automated_pipeline_stages,3,total_pipeline_stages,3
,,,,,,,,,,,,,,,,,,,,,,,,,,,,,21,,,,,,,,,,,,,,,,,,,,,,